{"type":"FeatureCollection","features":[{"type":"Feature","geometry":{"type":"LineString","coordinates":[[15.379,48.502],[15.897494,48.431986]]},"properties":{"kind":"gas_pipeline","name":"INET_PL_784_Seg_0_Seg_0","diameter_mm":1200.0,"pressure_bar":90.0,"capacity_mcmd":74.85280572911996,"length_km":39.024356,"source":"SciGRID_gas IGGIELGNC-3","source_url":"https://github.com/Netizine/SciGRID_gas-IGGIELGNC-3"}},{"type":"Feature","geometry":{"type":"LineString","coordinates":[[5.78,51.69],[5.78,51.69]]},"properties":{"kind":"gas_pipeline","name":"INET_PL_1353_EE_3_Seg_0_Seg_0","diameter_mm":900.0,"pressure_bar":70.0,"capacity_mcmd":27.39699999999984,"length_km":17.113714,"source":"SciGRID_gas IGGIELGNC-3","source_url":"https://github.com/Netizine/SciGRID_gas-IGGIELGNC-3"}},{"type":"Feature","geometry":{"type":"LineString","coordinates":[[5.84259,50.72976],[5.739351,50.753777]]},"properties":{"kind":"gas_pipeline","name":"ST_1056_Seg_0_Seg_0","diameter_mm":900.0,"pressure_bar":70.0,"capacity_mcmd":19.988096701320938,"length_km":7.742268,"source":"SciGRID_gas IGGIELGNC-3","source_url":"https://github.com/Netizine/SciGRID_gas-IGGIELGNC-3"}},{"type":"Feature","geometry":{"type":"LineString","coordinates":[[5.84259,50.72976],[5.66976,50.74053]]},"properties":{"kind":"gas_pipeline","name":"PLL_824_Seg_0_Seg_0","diameter_mm":900.0,"pressure_bar":70.0,"capacity_mcmd":27.39699999999984,"length_km":12.225722,"source":"SciGRID_gas IGGIELGNC-3","source_url":"https://github.com/Netizine/SciGRID_gas-IGGIELGNC-3"}},{"type":"Feature","geometry":{"type":"LineString","coordinates":[[5.66976,50.74053],[5.26479,50.73176]]},"properties":{"kind":"gas_pipeline","name":"PLL_825_Seg_0_Seg_0","diameter_mm":900.0,"pressure_bar":70.0,"capacity_mcmd":27.39699999999984,"length_km":29.189261,"source":"SciGRID_gas IGGIELGNC-3","source_url":"https://github.com/Netizine/SciGRID_gas-IGGIELGNC-3"}},{"type":"Feature","geometry":{"type":"LineString","coordinates":[[5.26479,50.73176],[5.12648,50.58529]]},"properties":{"kind":"gas_pipeline","name":"PLL_753_Seg_0_Seg_0","diameter_mm":900.0,"pressure_bar":70.0,"capacity_mcmd":27.39699999999984,"length_km":18.987842,"source":"SciGRID_gas IGGIELGNC-3","source_url":"https://github.com/Netizine/SciGRID_gas-IGGIELGNC-3"}},{"type":"Feature","geometry":{"type":"LineString","coordinates":[[5.12648,50.58529],[4.7139,50.52014]]},"properties":{"kind":"gas_pipeline","name":"PLL_754_Seg_0_Seg_0","diameter_mm":900.0,"pressure_bar":70.0,"capacity_mcmd":27.39699999999984,"length_km":30.370733,"source":"SciGRID_gas IGGIELGNC-3","source_url":"https://github.com/Netizine/SciGRID_gas-IGGIELGNC-3"}},{"type":"Feature","geometry":{"type":"LineString","coordinates":[[6.72524,53.03943],[6.77359,53.19089]]},"properties":{"kind":"gas_pipeline","name":"PLS_5319_Seg_0_Seg_0","diameter_mm":900.0,"pressure_bar":70.0,"capacity_mcmd":27.39699999999984,"length_km":17.698188,"source":"SciGRID_gas IGGIELGNC-3","source_url":"https://github.com/Netizine/SciGRID_gas-IGGIELGNC-3"}},{"type":"Feature","geometry":{"type":"LineString","coordinates":[[6.77359,53.19089],[6.47664,53.29076]]},"properties":{"kind":"gas_pipeline","name":"PLM_2493_Seg_0_Seg_0","diameter_mm":900.0,"pressure_bar":70.0,"capacity_mcmd":27.39699999999984,"length_km":23.765514,"source":"SciGRID_gas IGGIELGNC-3","source_url":"https://github.com/Netizine/SciGRID_gas-IGGIELGNC-3"}},{"type":"Feature","geometry":{"type":"LineString","coordinates":[[6.47664,53.29076],[6.27938,53.28106]]},"properties":{"kind":"gas_pipeline","name":"PLM_2494_Seg_0_Seg_0","diameter_mm":900.0,"pressure_bar":70.0,"capacity_mcmd":27.39699999999984,"length_km":13.161231,"source":"SciGRID_gas IGGIELGNC-3","source_url":"https://github.com/Netizine/SciGRID_gas-IGGIELGNC-3"}},{"type":"Feature","geometry":{"type":"LineString","coordinates":[[6.45232,48.73981],[6.33118,48.70381]]},"properties":{"kind":"gas_pipeline","name":"PLL_589_Seg_0_Seg_0","diameter_mm":1200.0,"pressure_bar":67.5,"capacity_mcmd":56.939223947675806,"length_km":9.74952,"source":"SciGRID_gas IGGIELGNC-3","source_url":"https://github.com/Netizine/SciGRID_gas-IGGIELGNC-3"}},{"type":"Feature","geometry":{"type":"LineString","coordinates":[[6.5752,48.65422],[6.45232,48.73981]]},"properties":{"kind":"gas_pipeline","name":"PLL_316_Seg_0_Seg_0","diameter_mm":1200.0,"pressure_bar":67.5,"capacity_mcmd":56.939223947675806,"length_km":13.115593,"source":"SciGRID_gas IGGIELGNC-3","source_url":"https://github.com/Netizine/SciGRID_gas-IGGIELGNC-3"}},{"type":"Feature","geometry":{"type":"LineString","coordinates":[[6.92483,48.44777],[6.5752,48.65422]]},"properties":{"kind":"gas_pipeline","name":"PLL_315_Seg_0_Seg_0","diameter_mm":1200.0,"pressure_bar":67.5,"capacity_mcmd":56.939223947675806,"length_km":34.636238,"source":"SciGRID_gas IGGIELGNC-3","source_url":"https://github.com/Netizine/SciGRID_gas-IGGIELGNC-3"}},{"type":"Feature","geometry":{"type":"LineString","coordinates":[[7.19067,48.34696],[6.92483,48.44777]]},"properties":{"kind":"gas_pipeline","name":"PLL_314_Seg_0_Seg_0","diameter_mm":1200.0,"pressure_bar":67.5,"capacity_mcmd":56.939223947675806,"length_km":25.145299,"source":"SciGRID_gas IGGIELGNC-3","source_url":"https://github.com/Netizine/SciGRID_gas-IGGIELGNC-3"}},{"type":"Feature","geometry":{"type":"LineString","coordinates":[[7.19067,48.34696],[7.44275,48.17185]]},"properties":{"kind":"gas_pipeline","name":"PLS_6078_Seg_0_Seg_0","diameter_mm":1200.0,"pressure_bar":67.5,"capacity_mcmd":56.939223947675806,"length_km":27.581946,"source":"SciGRID_gas IGGIELGNC-3","source_url":"https://github.com/Netizine/SciGRID_gas-IGGIELGNC-3"}},{"type":"Feature","geometry":{"type":"LineString","coordinates":[[7.44275,48.17185],[7.43112,48.09092]]},"properties":{"kind":"gas_pipeline","name":"PLS_5636_Seg_0_Seg_0","diameter_mm":1200.0,"pressure_bar":67.5,"capacity_mcmd":56.939223947675806,"length_km":9.04314,"source":"SciGRID_gas IGGIELGNC-3","source_url":"https://github.com/Netizine/SciGRID_gas-IGGIELGNC-3"}},{"type":"Feature","geometry":{"type":"LineString","coordinates":[[7.53303,47.99838],[7.43112,48.09092]]},"properties":{"kind":"gas_pipeline","name":"PLS_6139_Seg_0_Seg_0","diameter_mm":1200.0,"pressure_bar":67.5,"capacity_mcmd":56.939223947675806,"length_km":12.782267,"source":"SciGRID_gas IGGIELGNC-3","source_url":"https://github.com/Netizine/SciGRID_gas-IGGIELGNC-3"}},{"type":"Feature","geometry":{"type":"LineString","coordinates":[[7.46909,47.85695],[7.53303,47.99838]]},"properties":{"kind":"gas_pipeline","name":"PLL_311_Seg_0_Seg_0","diameter_mm":1200.0,"pressure_bar":67.5,"capacity_mcmd":56.939223947675806,"length_km":16.437219,"source":"SciGRID_gas IGGIELGNC-3","source_url":"https://github.com/Netizine/SciGRID_gas-IGGIELGNC-3"}},{"type":"Feature","geometry":{"type":"LineString","coordinates":[[7.46909,47.85695],[7.43965,47.67993]]},"properties":{"kind":"gas_pipeline","name":"PLL_502_Seg_0_Seg_0","diameter_mm":1200.0,"pressure_bar":67.5,"capacity_mcmd":56.939223947675806,"length_km":20.036034,"source":"SciGRID_gas IGGIELGNC-3","source_url":"https://github.com/Netizine/SciGRID_gas-IGGIELGNC-3"}},{"type":"Feature","geometry":{"type":"LineString","coordinates":[[6.68837,52.90838],[6.72524,53.03943]]},"properties":{"kind":"gas_pipeline","name":"PLS_5318_Seg_0_Seg_0","diameter_mm":900.0,"pressure_bar":70.0,"capacity_mcmd":27.39699999999984,"length_km":14.842348,"source":"SciGRID_gas IGGIELGNC-3","source_url":"https://github.com/Netizine/SciGRID_gas-IGGIELGNC-3"}},{"type":"Feature","geometry":{"type":"LineString","coordinates":[[6.68837,52.90838],[6.56263,52.67874]]},"properties":{"kind":"gas_pipeline","name":"PLL_51_Seg_0_Seg_0","diameter_mm":900.0,"pressure_bar":70.0,"capacity_mcmd":27.39699999999984,"length_km":26.930902,"source":"SciGRID_gas IGGIELGNC-3","source_url":"https://github.com/Netizine/SciGRID_gas-IGGIELGNC-3"}},{"type":"Feature","geometry":{"type":"LineString","coordinates":[[16.02011,52.48643],[15.37351,52.77191]]},"properties":{"kind":"gas_pipeline","name":"PLM_1262_Seg_0_Seg_0","diameter_mm":900.0,"pressure_bar":70.0,"capacity_mcmd":13.6986,"length_km":58.653403,"source":"SciGRID_gas IGGIELGNC-3","source_url":"https://github.com/Netizine/SciGRID_gas-IGGIELGNC-3"}},{"type":"Feature","geometry":{"type":"LineString","coordinates":[[15.37351,52.77191],[15.34635,52.99753]]},"properties":{"kind":"gas_pipeline","name":"PLM_1263_Seg_0_Seg_0","diameter_mm":900.0,"pressure_bar":70.0,"capacity_mcmd":13.6986,"length_km":25.333914,"source":"SciGRID_gas IGGIELGNC-3","source_url":"https://github.com/Netizine/SciGRID_gas-IGGIELGNC-3"}},{"type":"Feature","geometry":{"type":"LineString","coordinates":[[15.34635,52.99753],[15.19754,53.27431]]},"properties":{"kind":"gas_pipeline","name":"PLM_1264_Seg_0_Seg_0","diameter_mm":900.0,"pressure_bar":70.0,"capacity_mcmd":13.6986,"length_km":33.083615,"source":"SciGRID_gas IGGIELGNC-3","source_url":"https://github.com/Netizine/SciGRID_gas-IGGIELGNC-3"}},{"type":"Feature","geometry":{"type":"LineString","coordinates":[[15.19754,53.27431],[15.05111,53.4343]]},"properties":{"kind":"gas_pipeline","name":"PLM_1265_Seg_0_Seg_0","diameter_mm":900.0,"pressure_bar":70.0,"capacity_mcmd":13.6986,"length_km":20.301164,"source":"SciGRID_gas IGGIELGNC-3","source_url":"https://github.com/Netizine/SciGRID_gas-IGGIELGNC-3"}},{"type":"Feature","geometry":{"type":"LineString","coordinates":[[15.05111,53.4343],[14.85962,53.54103]]},"properties":{"kind":"gas_pipeline","name":"PLM_1267_Seg_0_Seg_0","diameter_mm":900.0,"pressure_bar":70.0,"capacity_mcmd":13.6986,"length_km":17.364903,"source":"SciGRID_gas IGGIELGNC-3","source_url":"https://github.com/Netizine/SciGRID_gas-IGGIELGNC-3"}},{"type":"Feature","geometry":{"type":"LineString","coordinates":[[14.85962,53.54103],[14.76533,53.56164]]},"properties":{"kind":"gas_pipeline","name":"ST_3826_Seg_0_Seg_0","diameter_mm":900.0,"pressure_bar":70.0,"capacity_mcmd":13.6986,"length_km":6.639198,"source":"SciGRID_gas IGGIELGNC-3","source_url":"https://github.com/Netizine/SciGRID_gas-IGGIELGNC-3"}},{"type":"Feature","geometry":{"type":"LineString","coordinates":[[14.42764,48.52271],[14.33452,48.1384]]},"properties":{"kind":"gas_pipeline","name":"PLS_4835_Seg_0_Seg_0","diameter_mm":900.0,"pressure_bar":70.0,"capacity_mcmd":27.39699999999984,"length_km":44.58463,"source":"SciGRID_gas IGGIELGNC-3","source_url":"https://github.com/Netizine/SciGRID_gas-IGGIELGNC-3"}},{"type":"Feature","geometry":{"type":"LineString","coordinates":[[14.33452,48.1384],[14.02005,47.9831]]},"properties":{"kind":"gas_pipeline","name":"PLS_6292_Seg_0_Seg_0","diameter_mm":900.0,"pressure_bar":70.0,"capacity_mcmd":27.39699999999984,"length_km":29.233692,"source":"SciGRID_gas IGGIELGNC-3","source_url":"https://github.com/Netizine/SciGRID_gas-IGGIELGNC-3"}},{"type":"Feature","geometry":{"type":"LineString","coordinates":[[14.02005,47.9831],[13.90492,48.00413]]},"properties":{"kind":"gas_pipeline","name":"PLS_6002_Seg_0_Seg_0","diameter_mm":900.0,"pressure_bar":70.0,"capacity_mcmd":27.39699999999984,"length_km":8.883378,"source":"SciGRID_gas IGGIELGNC-3","source_url":"https://github.com/Netizine/SciGRID_gas-IGGIELGNC-3"}},{"type":"Feature","geometry":{"type":"LineString","coordinates":[[13.90492,48.00413],[13.46083,47.98876]]},"properties":{"kind":"gas_pipeline","name":"PLS_6003_Seg_0_Seg_0","diameter_mm":900.0,"pressure_bar":70.0,"capacity_mcmd":27.39699999999984,"length_km":33.478616,"source":"SciGRID_gas IGGIELGNC-3","source_url":"https://github.com/Netizine/SciGRID_gas-IGGIELGNC-3"}},{"type":"Feature","geometry":{"type":"LineString","coordinates":[[13.46083,47.98876],[13.15183,48.01612]]},"properties":{"kind":"gas_pipeline","name":"PLS_6004_Seg_0_Seg_0","diameter_mm":900.0,"pressure_bar":70.0,"capacity_mcmd":27.39699999999984,"length_km":24.429883,"source":"SciGRID_gas IGGIELGNC-3","source_url":"https://github.com/Netizine/SciGRID_gas-IGGIELGNC-3"}},{"type":"Feature","geometry":{"type":"LineString","coordinates":[[6.83902,53.4103],[6.8969,53.30282]]},"properties":{"kind":"gas_pipeline","name":"PLL_48_Seg_0_Seg_0","diameter_mm":900.0,"pressure_bar":70.0,"capacity_mcmd":27.39699999999984,"length_km":12.557294,"source":"SciGRID_gas IGGIELGNC-3","source_url":"https://github.com/Netizine/SciGRID_gas-IGGIELGNC-3"}},{"type":"Feature","geometry":{"type":"LineString","coordinates":[[6.8969,53.30282],[6.93055,53.17842]]},"properties":{"kind":"gas_pipeline","name":"PLL_49_Seg_0_Seg_0","diameter_mm":900.0,"pressure_bar":70.0,"capacity_mcmd":27.39699999999984,"length_km":15.02997,"source":"SciGRID_gas IGGIELGNC-3","source_url":"https://github.com/Netizine/SciGRID_gas-IGGIELGNC-3"}},{"type":"Feature","geometry":{"type":"LineString","coordinates":[[14.76533,53.56164],[14.67983,53.42067]]},"properties":{"kind":"gas_pipeline","name":"PLS_5672_Seg_0_Seg_0","diameter_mm":900.0,"pressure_bar":70.0,"capacity_mcmd":27.39699999999984,"length_km":17.836244,"source":"SciGRID_gas IGGIELGNC-3","source_url":"https://github.com/Netizine/SciGRID_gas-IGGIELGNC-3"}},{"type":"Feature","geometry":{"type":"LineString","coordinates":[[5.84567,50.90342],[5.83077,51.01792]]},"properties":{"kind":"gas_pipeline","name":"PLM_2388_Seg_0_Seg_0","diameter_mm":900.0,"pressure_bar":70.0,"capacity_mcmd":27.39699999999984,"length_km":12.778524,"source":"SciGRID_gas IGGIELGNC-3","source_url":"https://github.com/Netizine/SciGRID_gas-IGGIELGNC-3"}},{"type":"Feature","geometry":{"type":"LineString","coordinates":[[5.83077,51.01792],[5.9105,51.12631]]},"properties":{"kind":"gas_pipeline","name":"PLM_2389_Seg_0_Seg_0","diameter_mm":900.0,"pressure_bar":70.0,"capacity_mcmd":27.39699999999984,"length_km":13.281683,"source":"SciGRID_gas IGGIELGNC-3","source_url":"https://github.com/Netizine/SciGRID_gas-IGGIELGNC-3"}},{"type":"Feature","geometry":{"type":"LineString","coordinates":[[5.74989,51.88067],[6.10757,51.96397]]},"properties":{"kind":"gas_pipeline","name":"PLS_6179_Seg_0_Seg_0","diameter_mm":900.0,"pressure_bar":70.0,"capacity_mcmd":27.39699999999984,"length_km":27.393419,"source":"SciGRID_gas IGGIELGNC-3","source_url":"https://github.com/Netizine/SciGRID_gas-IGGIELGNC-3"}},{"type":"Feature","geometry":{"type":"LineString","coordinates":[[6.38615,52.47225],[6.56263,52.67874]]},"properties":{"kind":"gas_pipeline","name":"PLS_5173_Seg_0_Seg_0","diameter_mm":900.0,"pressure_bar":70.0,"capacity_mcmd":27.39699999999984,"length_km":28.517525,"source":"SciGRID_gas IGGIELGNC-3","source_url":"https://github.com/Netizine/SciGRID_gas-IGGIELGNC-3"}},{"type":"Feature","geometry":{"type":"LineString","coordinates":[[5.74989,51.88067],[5.78,51.69]]},"properties":{"kind":"gas_pipeline","name":"ST_944_Seg_0_Seg_0","diameter_mm":900.0,"pressure_bar":70.0,"capacity_mcmd":27.39699999999984,"length_km":21.309148,"source":"SciGRID_gas IGGIELGNC-3","source_url":"https://github.com/Netizine/SciGRID_gas-IGGIELGNC-3"}},{"type":"Feature","geometry":{"type":"LineString","coordinates":[[5.78,51.69],[5.74989,51.88067]]},"properties":{"kind":"gas_pipeline","name":"ST_3274_Seg_0_Seg_0","diameter_mm":900.0,"pressure_bar":70.0,"capacity_mcmd":27.39699999999984,"length_km":21.309148,"source":"SciGRID_gas IGGIELGNC-3","source_url":"https://github.com/Netizine/SciGRID_gas-IGGIELGNC-3"}},{"type":"Feature","geometry":{"type":"LineString","coordinates":[[6.62637,52.93928],[6.72524,53.03943]]},"properties":{"kind":"gas_pipeline","name":"PLM_2396_Seg_0_Seg_0","diameter_mm":900.0,"pressure_bar":70.0,"capacity_mcmd":27.39699999999984,"length_km":12.958244,"source":"SciGRID_gas IGGIELGNC-3","source_url":"https://github.com/Netizine/SciGRID_gas-IGGIELGNC-3"}},{"type":"Feature","geometry":{"type":"LineString","coordinates":[[6.42975,52.71829],[6.62637,52.93928]]},"properties":{"kind":"gas_pipeline","name":"PLM_2395_Seg_0_Seg_0","diameter_mm":900.0,"pressure_bar":70.0,"capacity_mcmd":27.39699999999984,"length_km":27.936194,"source":"SciGRID_gas IGGIELGNC-3","source_url":"https://github.com/Netizine/SciGRID_gas-IGGIELGNC-3"}},{"type":"Feature","geometry":{"type":"LineString","coordinates":[[6.38615,52.47225],[6.29839,52.16896]]},"properties":{"kind":"gas_pipeline","name":"PLL_54_Seg_0_Seg_0","diameter_mm":900.0,"pressure_bar":70.0,"capacity_mcmd":27.39699999999984,"length_km":34.415807,"source":"SciGRID_gas IGGIELGNC-3","source_url":"https://github.com/Netizine/SciGRID_gas-IGGIELGNC-3"}},{"type":"Feature","geometry":{"type":"LineString","coordinates":[[6.10757,51.96397],[6.29253,52.06864]]},"properties":{"kind":"gas_pipeline","name":"PLS_6180_Seg_0_Seg_0","diameter_mm":900.0,"pressure_bar":70.0,"capacity_mcmd":27.39699999999984,"length_km":18.095524,"source":"SciGRID_gas IGGIELGNC-3","source_url":"https://github.com/Netizine/SciGRID_gas-IGGIELGNC-3"}},{"type":"Feature","geometry":{"type":"LineString","coordinates":[[6.29253,52.06864],[6.29839,52.16896]]},"properties":{"kind":"gas_pipeline","name":"PLS_6180_Seg_0_Seg_1","diameter_mm":900.0,"pressure_bar":70.0,"capacity_mcmd":27.39699999999984,"length_km":12.029167,"source":"SciGRID_gas IGGIELGNC-3","source_url":"https://github.com/Netizine/SciGRID_gas-IGGIELGNC-3"}},{"type":"Feature","geometry":{"type":"LineString","coordinates":[[7.80099,48.74941],[7.14587,49.08824]]},"properties":{"kind":"gas_pipeline","name":"PLM_2475_Seg_0_Seg_0","diameter_mm":1100.0,"pressure_bar":80.0,"capacity_mcmd":60.2739726,"length_km":61.127373,"source":"SciGRID_gas IGGIELGNC-3","source_url":"https://github.com/Netizine/SciGRID_gas-IGGIELGNC-3"}},{"type":"Feature","geometry":{"type":"LineString","coordinates":[[9.2489,55.57256],[9.28077,55.92168]]},"properties":{"kind":"gas_pipeline","name":"ST_3797_Seg_0_Seg_0","diameter_mm":900.0,"pressure_bar":70.0,"capacity_mcmd":27.39699999999984,"length_km":45.414378,"source":"SciGRID_gas IGGIELGNC-3","source_url":"https://github.com/Netizine/SciGRID_gas-IGGIELGNC-3"}},{"type":"Feature","geometry":{"type":"LineString","coordinates":[[9.28077,55.92168],[9.44431,56.51619]]},"properties":{"kind":"gas_pipeline","name":"ST_3797_Seg_0_Seg_2","diameter_mm":900.0,"pressure_bar":70.0,"capacity_mcmd":27.39699999999984,"length_km":67.912211,"source":"SciGRID_gas IGGIELGNC-3","source_url":"https://github.com/Netizine/SciGRID_gas-IGGIELGNC-3"}},{"type":"Feature","geometry":{"type":"LineString","coordinates":[[14.73546,49.54825],[14.6309,49.15411]]},"properties":{"kind":"gas_pipeline","name":"PLS_5123_Seg_0_Seg_0","diameter_mm":900.0,"pressure_bar":70.0,"capacity_mcmd":27.39699999999984,"length_km":45.320251,"source":"SciGRID_gas IGGIELGNC-3","source_url":"https://github.com/Netizine/SciGRID_gas-IGGIELGNC-3"}},{"type":"Feature","geometry":{"type":"LineString","coordinates":[[14.72171,50.11028],[14.73546,49.54825]]},"properties":{"kind":"gas_pipeline","name":"PLS_5774_Seg_0_Seg_0","diameter_mm":900.0,"pressure_bar":70.0,"capacity_mcmd":27.39699999999984,"length_km":63.835713,"source":"SciGRID_gas IGGIELGNC-3","source_url":"https://github.com/Netizine/SciGRID_gas-IGGIELGNC-3"}},{"type":"Feature","geometry":{"type":"LineString","coordinates":[[14.66915,50.19823],[14.72171,50.11028]]},"properties":{"kind":"gas_pipeline","name":"PLS_4993_Seg_0_Seg_0","diameter_mm":900.0,"pressure_bar":70.0,"capacity_mcmd":27.39699999999984,"length_km":10.475288,"source":"SciGRID_gas IGGIELGNC-3","source_url":"https://github.com/Netizine/SciGRID_gas-IGGIELGNC-3"}},{"type":"Feature","geometry":{"type":"LineString","coordinates":[[14.37469,50.32082],[14.66915,50.19823]]},"properties":{"kind":"gas_pipeline","name":"PLL_350_Seg_0_Seg_0","diameter_mm":900.0,"pressure_bar":70.0,"capacity_mcmd":27.39699999999984,"length_km":24.989678,"source":"SciGRID_gas IGGIELGNC-3","source_url":"https://github.com/Netizine/SciGRID_gas-IGGIELGNC-3"}},{"type":"Feature","geometry":{"type":"LineString","coordinates":[[14.37469,50.32082],[14.30467,50.31067]]},"properties":{"kind":"gas_pipeline","name":"ST_1044_Seg_0_Seg_0","diameter_mm":900.0,"pressure_bar":70.0,"capacity_mcmd":27.39699999999984,"length_km":5.099812,"source":"SciGRID_gas IGGIELGNC-3","source_url":"https://github.com/Netizine/SciGRID_gas-IGGIELGNC-3"}},{"type":"Feature","geometry":{"type":"LineString","coordinates":[[5.06343,47.03009],[5.18968,47.36793]]},"properties":{"kind":"gas_pipeline","name":"PLL_447_Seg_0_Seg_0","diameter_mm":600.0,"pressure_bar":70.0,"capacity_mcmd":27.39699999999984,"length_km":39.165871,"source":"SciGRID_gas IGGIELGNC-3","source_url":"https://github.com/Netizine/SciGRID_gas-IGGIELGNC-3"}},{"type":"Feature","geometry":{"type":"LineString","coordinates":[[5.18968,47.36793],[5.17495,47.84579]]},"properties":{"kind":"gas_pipeline","name":"PLL_448_Seg_0_Seg_0","diameter_mm":600.0,"pressure_bar":70.0,"capacity_mcmd":27.39699999999984,"length_km":53.378265,"source":"SciGRID_gas IGGIELGNC-3","source_url":"https://github.com/Netizine/SciGRID_gas-IGGIELGNC-3"}},{"type":"Feature","geometry":{"type":"LineString","coordinates":[[5.3927,47.94583],[5.17495,47.84579]]},"properties":{"kind":"gas_pipeline","name":"PLL_597_Seg_0_Seg_0","diameter_mm":600.0,"pressure_bar":70.0,"capacity_mcmd":27.39699999999984,"length_km":19.727369,"source":"SciGRID_gas IGGIELGNC-3","source_url":"https://github.com/Netizine/SciGRID_gas-IGGIELGNC-3"}},{"type":"Feature","geometry":{"type":"LineString","coordinates":[[5.84678,48.23574],[5.3927,47.94583]]},"properties":{"kind":"gas_pipeline","name":"PLL_596_Seg_0_Seg_0","diameter_mm":600.0,"pressure_bar":70.0,"capacity_mcmd":27.39699999999984,"length_km":46.678493,"source":"SciGRID_gas IGGIELGNC-3","source_url":"https://github.com/Netizine/SciGRID_gas-IGGIELGNC-3"}},{"type":"Feature","geometry":{"type":"LineString","coordinates":[[5.96389,48.31756],[5.84678,48.23574]]},"properties":{"kind":"gas_pipeline","name":"PLL_594_Seg_0_Seg_0","diameter_mm":600.0,"pressure_bar":70.0,"capacity_mcmd":27.39699999999984,"length_km":12.569103,"source":"SciGRID_gas IGGIELGNC-3","source_url":"https://github.com/Netizine/SciGRID_gas-IGGIELGNC-3"}},{"type":"Feature","geometry":{"type":"LineString","coordinates":[[6.09127,48.41759],[5.96389,48.31756]]},"properties":{"kind":"gas_pipeline","name":"PLL_600_Seg_0_Seg_0","diameter_mm":600.0,"pressure_bar":70.0,"capacity_mcmd":27.39699999999984,"length_km":14.573804,"source":"SciGRID_gas IGGIELGNC-3","source_url":"https://github.com/Netizine/SciGRID_gas-IGGIELGNC-3"}},{"type":"Feature","geometry":{"type":"LineString","coordinates":[[15.43158,51.14083],[16.0819,51.17895]]},"properties":{"kind":"gas_pipeline","name":"PLS_5354_Seg_0_Seg_0","diameter_mm":900.0,"pressure_bar":70.0,"capacity_mcmd":27.39699999999984,"length_km":55.14969,"source":"SciGRID_gas IGGIELGNC-3","source_url":"https://github.com/Netizine/SciGRID_gas-IGGIELGNC-3"}},{"type":"Feature","geometry":{"type":"LineString","coordinates":[[15.43158,51.14083],[15.53527,51.00693]]},"properties":{"kind":"gas_pipeline","name":"PLS_6246_Seg_0_Seg_0","diameter_mm":900.0,"pressure_bar":70.0,"capacity_mcmd":27.39699999999984,"length_km":50.224553,"source":"SciGRID_gas IGGIELGNC-3","source_url":"https://github.com/Netizine/SciGRID_gas-IGGIELGNC-3"}},{"type":"Feature","geometry":{"type":"LineString","coordinates":[[5.66976,50.74053],[5.64582,50.6764]]},"properties":{"kind":"gas_pipeline","name":"PLS_5634_Seg_0_Seg_0","diameter_mm":900.0,"pressure_bar":70.0,"capacity_mcmd":27.39699999999984,"length_km":7.32978,"source":"SciGRID_gas IGGIELGNC-3","source_url":"https://github.com/Netizine/SciGRID_gas-IGGIELGNC-3"}},{"type":"Feature","geometry":{"type":"LineString","coordinates":[[5.64582,50.6764],[5.22121,50.56713]]},"properties":{"kind":"gas_pipeline","name":"PLS_4642_Seg_0_Seg_0","diameter_mm":900.0,"pressure_bar":70.0,"capacity_mcmd":27.39699999999984,"length_km":33.4297,"source":"SciGRID_gas IGGIELGNC-3","source_url":"https://github.com/Netizine/SciGRID_gas-IGGIELGNC-3"}},{"type":"Feature","geometry":{"type":"LineString","coordinates":[[5.22121,50.56713],[5.09865,50.71522]]},"properties":{"kind":"gas_pipeline","name":"PLS_4871_Seg_0_Seg_0","diameter_mm":900.0,"pressure_bar":70.0,"capacity_mcmd":27.39699999999984,"length_km":18.654413,"source":"SciGRID_gas IGGIELGNC-3","source_url":"https://github.com/Netizine/SciGRID_gas-IGGIELGNC-3"}},{"type":"Feature","geometry":{"type":"LineString","coordinates":[[5.09865,50.71522],[4.84061,50.87069]]},"properties":{"kind":"gas_pipeline","name":"PLS_5200_Seg_0_Seg_0","diameter_mm":900.0,"pressure_bar":70.0,"capacity_mcmd":27.39699999999984,"length_km":26.415623,"source":"SciGRID_gas IGGIELGNC-3","source_url":"https://github.com/Netizine/SciGRID_gas-IGGIELGNC-3"}},{"type":"Feature","geometry":{"type":"LineString","coordinates":[[5.74989,51.88067],[5.78,51.69]]},"properties":{"kind":"gas_pipeline","name":"PLL_57_Seg_0_Seg_0","diameter_mm":900.0,"pressure_bar":70.0,"capacity_mcmd":27.39699999999984,"length_km":24.51542,"source":"SciGRID_gas IGGIELGNC-3","source_url":"https://github.com/Netizine/SciGRID_gas-IGGIELGNC-3"}},{"type":"Feature","geometry":{"type":"LineString","coordinates":[[5.2572,51.56386],[5.78,51.69]]},"properties":{"kind":"gas_pipeline","name":"PLL_851_Seg_0_Seg_0","diameter_mm":900.0,"pressure_bar":70.0,"capacity_mcmd":27.39699999999984,"length_km":40.861522,"source":"SciGRID_gas IGGIELGNC-3","source_url":"https://github.com/Netizine/SciGRID_gas-IGGIELGNC-3"}},{"type":"Feature","geometry":{"type":"LineString","coordinates":[[6.8969,53.30282],[6.84908,53.22616]]},"properties":{"kind":"gas_pipeline","name":"PLS_6236_Seg_0_Seg_0","diameter_mm":900.0,"pressure_bar":70.0,"capacity_mcmd":27.39699999999984,"length_km":9.104015,"source":"SciGRID_gas IGGIELGNC-3","source_url":"https://github.com/Netizine/SciGRID_gas-IGGIELGNC-3"}},{"type":"Feature","geometry":{"type":"LineString","coordinates":[[5.03325,51.41228],[4.83045,51.3861]]},"properties":{"kind":"gas_pipeline","name":"ST_975_Seg_0_Seg_0","diameter_mm":900.0,"pressure_bar":70.0,"capacity_mcmd":27.39699999999984,"length_km":18.00863,"source":"SciGRID_gas IGGIELGNC-3","source_url":"https://github.com/Netizine/SciGRID_gas-IGGIELGNC-3"}},{"type":"Feature","geometry":{"type":"LineString","coordinates":[[11.70318,55.52336],[12.09347,55.67383]]},"properties":{"kind":"gas_pipeline","name":"PLM_2030_Seg_0_Seg_0","diameter_mm":900.0,"pressure_bar":70.0,"capacity_mcmd":13.6986,"length_km":29.980252,"source":"SciGRID_gas IGGIELGNC-3","source_url":"https://github.com/Netizine/SciGRID_gas-IGGIELGNC-3"}},{"type":"Feature","geometry":{"type":"LineString","coordinates":[[10.61366,55.27481],[11.56079,55.46083]]},"properties":{"kind":"gas_pipeline","name":"PLM_1340_Seg_0_Seg_0","diameter_mm":900.0,"pressure_bar":70.0,"capacity_mcmd":13.6986,"length_km":65.626511,"source":"SciGRID_gas IGGIELGNC-3","source_url":"https://github.com/Netizine/SciGRID_gas-IGGIELGNC-3"}},{"type":"Feature","geometry":{"type":"LineString","coordinates":[[11.56079,55.46083],[11.70318,55.52336]]},"properties":{"kind":"gas_pipeline","name":"PLM_1340_Seg_0_Seg_3","diameter_mm":900.0,"pressure_bar":70.0,"capacity_mcmd":13.6986,"length_km":11.352596,"source":"SciGRID_gas IGGIELGNC-3","source_url":"https://github.com/Netizine/SciGRID_gas-IGGIELGNC-3"}},{"type":"Feature","geometry":{"type":"LineString","coordinates":[[9.2489,55.57256],[9.58079,55.54185]]},"properties":{"kind":"gas_pipeline","name":"PLM_1338_Seg_0_Seg_0","diameter_mm":900.0,"pressure_bar":70.0,"capacity_mcmd":13.6986,"length_km":22.002513,"source":"SciGRID_gas IGGIELGNC-3","source_url":"https://github.com/Netizine/SciGRID_gas-IGGIELGNC-3"}},{"type":"Feature","geometry":{"type":"LineString","coordinates":[[9.58079,55.54185],[10.61366,55.27481]]},"properties":{"kind":"gas_pipeline","name":"PLM_1338_Seg_0_Seg_1","diameter_mm":900.0,"pressure_bar":70.0,"capacity_mcmd":13.6986,"length_km":73.151169,"source":"SciGRID_gas IGGIELGNC-3","source_url":"https://github.com/Netizine/SciGRID_gas-IGGIELGNC-3"}},{"type":"Feature","geometry":{"type":"LineString","coordinates":[[5.78,51.69],[5.23353,51.87367]]},"properties":{"kind":"gas_pipeline","name":"PLM_2166_Seg_0_Seg_0","diameter_mm":900.0,"pressure_bar":70.0,"capacity_mcmd":27.39699999999984,"length_km":53.367699,"source":"SciGRID_gas IGGIELGNC-3","source_url":"https://github.com/Netizine/SciGRID_gas-IGGIELGNC-3"}},{"type":"Feature","geometry":{"type":"LineString","coordinates":[[5.23353,51.87367],[4.88809,51.91873]]},"properties":{"kind":"gas_pipeline","name":"PLM_2167_Seg_0_Seg_0","diameter_mm":900.0,"pressure_bar":70.0,"capacity_mcmd":27.39699999999984,"length_km":25.295562,"source":"SciGRID_gas IGGIELGNC-3","source_url":"https://github.com/Netizine/SciGRID_gas-IGGIELGNC-3"}},{"type":"Feature","geometry":{"type":"LineString","coordinates":[[7.85795,47.37114],[8.24917,46.54206]]},"properties":{"kind":"gas_pipeline","name":"PLL_506_Seg_0_Seg_0","diameter_mm":1200.0,"pressure_bar":67.5,"capacity_mcmd":56.939223947675806,"length_km":99.740306,"source":"SciGRID_gas IGGIELGNC-3","source_url":"https://github.com/Netizine/SciGRID_gas-IGGIELGNC-3"}},{"type":"Feature","geometry":{"type":"LineString","coordinates":[[6.34817,52.43121],[6.38615,52.47225]]},"properties":{"kind":"gas_pipeline","name":"PLS_5322_Seg_0_Seg_0","diameter_mm":900.0,"pressure_bar":70.0,"capacity_mcmd":27.39699999999984,"length_km":5.240832,"source":"SciGRID_gas IGGIELGNC-3","source_url":"https://github.com/Netizine/SciGRID_gas-IGGIELGNC-3"}},{"type":"Feature","geometry":{"type":"LineString","coordinates":[[6.27628,52.28959],[6.34817,52.43121]]},"properties":{"kind":"gas_pipeline","name":"PLS_5321_Seg_0_Seg_0","diameter_mm":900.0,"pressure_bar":70.0,"capacity_mcmd":27.39699999999984,"length_km":16.527222,"source":"SciGRID_gas IGGIELGNC-3","source_url":"https://github.com/Netizine/SciGRID_gas-IGGIELGNC-3"}},{"type":"Feature","geometry":{"type":"LineString","coordinates":[[6.29839,52.16896],[6.27628,52.28959]]},"properties":{"kind":"gas_pipeline","name":"PLS_6181_Seg_0_Seg_0","diameter_mm":900.0,"pressure_bar":70.0,"capacity_mcmd":27.39699999999984,"length_km":13.503805,"source":"SciGRID_gas IGGIELGNC-3","source_url":"https://github.com/Netizine/SciGRID_gas-IGGIELGNC-3"}},{"type":"Feature","geometry":{"type":"LineString","coordinates":[[8.3073,55.66302],[9.2489,55.57256]]},"properties":{"kind":"gas_pipeline","name":"PLM_1440_Seg_0_Seg_0","diameter_mm":900.0,"pressure_bar":70.0,"capacity_mcmd":13.6986,"length_km":60.380739,"source":"SciGRID_gas IGGIELGNC-3","source_url":"https://github.com/Netizine/SciGRID_gas-IGGIELGNC-3"}},{"type":"Feature","geometry":{"type":"LineString","coordinates":[[8.18126,55.69908],[8.3073,55.66302]]},"properties":{"kind":"gas_pipeline","name":"PLM_1439_Seg_0_Seg_0","diameter_mm":900.0,"pressure_bar":70.0,"capacity_mcmd":34.83840798293615,"length_km":8.863575,"source":"SciGRID_gas IGGIELGNC-3","source_url":"https://github.com/Netizine/SciGRID_gas-IGGIELGNC-3"}},{"type":"Feature","geometry":{"type":"LineString","coordinates":[[6.15194,53.23456],[5.9614,53.10485]]},"properties":{"kind":"gas_pipeline","name":"PLM_2496_Seg_0_Seg_0","diameter_mm":900.0,"pressure_bar":70.0,"capacity_mcmd":27.39699999999984,"length_km":19.821522,"source":"SciGRID_gas IGGIELGNC-3","source_url":"https://github.com/Netizine/SciGRID_gas-IGGIELGNC-3"}},{"type":"Feature","geometry":{"type":"LineString","coordinates":[[5.76341,53.0835],[5.9614,53.10485]]},"properties":{"kind":"gas_pipeline","name":"PLM_1736_Seg_0_Seg_0","diameter_mm":900.0,"pressure_bar":70.0,"capacity_mcmd":27.39699999999984,"length_km":13.436006,"source":"SciGRID_gas IGGIELGNC-3","source_url":"https://github.com/Netizine/SciGRID_gas-IGGIELGNC-3"}},{"type":"Feature","geometry":{"type":"LineString","coordinates":[[7.85795,47.37114],[7.59266,47.42999]]},"properties":{"kind":"gas_pipeline","name":"ST_1005_Seg_0_Seg_0","diameter_mm":900.0,"pressure_bar":78.53718798513496,"capacity_mcmd":42.4657,"length_km":29.017486,"source":"SciGRID_gas IGGIELGNC-3","source_url":"https://github.com/Netizine/SciGRID_gas-IGGIELGNC-3"}},{"type":"Feature","geometry":{"type":"LineString","coordinates":[[7.43854,47.46597],[6.98279,47.5502]]},"properties":{"kind":"gas_pipeline","name":"PLM_2091_Seg_0_Seg_0","diameter_mm":900.0,"pressure_bar":78.53718798513496,"capacity_mcmd":42.4657,"length_km":35.559285,"source":"SciGRID_gas IGGIELGNC-3","source_url":"https://github.com/Netizine/SciGRID_gas-IGGIELGNC-3"}},{"type":"Feature","geometry":{"type":"LineString","coordinates":[[7.09658,47.67116],[6.98279,47.5502]]},"properties":{"kind":"gas_pipeline","name":"PLS_6332_Seg_0_Seg_0","diameter_mm":900.0,"pressure_bar":78.53718798513496,"capacity_mcmd":42.4657,"length_km":18.212346,"source":"SciGRID_gas IGGIELGNC-3","source_url":"https://github.com/Netizine/SciGRID_gas-IGGIELGNC-3"}},{"type":"Feature","geometry":{"type":"LineString","coordinates":[[7.09658,47.67116],[7.24664,47.78516]]},"properties":{"kind":"gas_pipeline","name":"PLL_78_Seg_0_Seg_0","diameter_mm":900.0,"pressure_bar":78.53718798513496,"capacity_mcmd":42.4657,"length_km":16.936326,"source":"SciGRID_gas IGGIELGNC-3","source_url":"https://github.com/Netizine/SciGRID_gas-IGGIELGNC-3"}},{"type":"Feature","geometry":{"type":"LineString","coordinates":[[7.24664,47.78516],[7.46909,47.85695]]},"properties":{"kind":"gas_pipeline","name":"PLL_78_Seg_0_Seg_1","diameter_mm":900.0,"pressure_bar":78.53718798513496,"capacity_mcmd":42.4657,"length_km":18.433063,"source":"SciGRID_gas IGGIELGNC-3","source_url":"https://github.com/Netizine/SciGRID_gas-IGGIELGNC-3"}},{"type":"Feature","geometry":{"type":"LineString","coordinates":[[6.29839,52.16896],[6.10757,51.96397]]},"properties":{"kind":"gas_pipeline","name":"PLL_55_Seg_0_Seg_0","diameter_mm":900.0,"pressure_bar":70.0,"capacity_mcmd":27.39699999999984,"length_km":26.274269,"source":"SciGRID_gas IGGIELGNC-3","source_url":"https://github.com/Netizine/SciGRID_gas-IGGIELGNC-3"}},{"type":"Feature","geometry":{"type":"LineString","coordinates":[[7.18757,53.2104],[6.93055,53.17842]]},"properties":{"kind":"gas_pipeline","name":"PLM_2061_Seg_0_Seg_0","diameter_mm":900.0,"pressure_bar":70.0,"capacity_mcmd":98.04020670753546,"length_km":18.86468,"source":"SciGRID_gas IGGIELGNC-3","source_url":"https://github.com/Netizine/SciGRID_gas-IGGIELGNC-3"}},{"type":"Feature","geometry":{"type":"LineString","coordinates":[[5.9105,51.12631],[6.02093,51.36492]]},"properties":{"kind":"gas_pipeline","name":"PLM_2164_Seg_0_Seg_0","diameter_mm":900.0,"pressure_bar":70.0,"capacity_mcmd":27.39699999999984,"length_km":30.668623,"source":"SciGRID_gas IGGIELGNC-3","source_url":"https://github.com/Netizine/SciGRID_gas-IGGIELGNC-3"}},{"type":"Feature","geometry":{"type":"LineString","coordinates":[[6.02093,51.36492],[6.06427,51.31603]]},"properties":{"kind":"gas_pipeline","name":"ST_3811_Seg_0_Seg_0","diameter_mm":900.0,"pressure_bar":70.0,"capacity_mcmd":27.39699999999984,"length_km":6.216185,"source":"SciGRID_gas IGGIELGNC-3","source_url":"https://github.com/Netizine/SciGRID_gas-IGGIELGNC-3"}},{"type":"Feature","geometry":{"type":"LineString","coordinates":[[6.46267,52.57127],[6.172879,52.619213]]},"properties":{"kind":"gas_pipeline","name":"ST_995_Seg_0_Seg_0","diameter_mm":900.0,"pressure_bar":70.0,"capacity_mcmd":27.39699999999984,"length_km":21.719729,"source":"SciGRID_gas IGGIELGNC-3","source_url":"https://github.com/Netizine/SciGRID_gas-IGGIELGNC-3"}},{"type":"Feature","geometry":{"type":"LineString","coordinates":[[6.46267,52.57127],[6.42975,52.71829]]},"properties":{"kind":"gas_pipeline","name":"PLM_2394_Seg_0_Seg_0","diameter_mm":900.0,"pressure_bar":70.0,"capacity_mcmd":27.39699999999984,"length_km":16.503244,"source":"SciGRID_gas IGGIELGNC-3","source_url":"https://github.com/Netizine/SciGRID_gas-IGGIELGNC-3"}},{"type":"Feature","geometry":{"type":"LineString","coordinates":[[6.56263,52.67874],[6.46267,52.57127]]},"properties":{"kind":"gas_pipeline","name":"PLL_52_Seg_0_Seg_0","diameter_mm":900.0,"pressure_bar":70.0,"capacity_mcmd":27.39699999999984,"length_km":13.727622,"source":"SciGRID_gas IGGIELGNC-3","source_url":"https://github.com/Netizine/SciGRID_gas-IGGIELGNC-3"}},{"type":"Feature","geometry":{"type":"LineString","coordinates":[[6.10757,51.96397],[5.74989,51.88067]]},"properties":{"kind":"gas_pipeline","name":"PLL_56_Seg_0_Seg_0","diameter_mm":900.0,"pressure_bar":70.0,"capacity_mcmd":27.39699999999984,"length_km":26.40031,"source":"SciGRID_gas IGGIELGNC-3","source_url":"https://github.com/Netizine/SciGRID_gas-IGGIELGNC-3"}},{"type":"Feature","geometry":{"type":"LineString","coordinates":[[5.20031,49.44302],[4.74383,49.71039]]},"properties":{"kind":"gas_pipeline","name":"PLL_684_Seg_0_Seg_0","diameter_mm":900.0,"pressure_bar":70.0,"capacity_mcmd":27.39699999999984,"length_km":44.668014,"source":"SciGRID_gas IGGIELGNC-3","source_url":"https://github.com/Netizine/SciGRID_gas-IGGIELGNC-3"}},{"type":"Feature","geometry":{"type":"LineString","coordinates":[[5.43224,49.29727],[5.20031,49.44302]]},"properties":{"kind":"gas_pipeline","name":"PLL_683_Seg_0_Seg_0","diameter_mm":900.0,"pressure_bar":70.0,"capacity_mcmd":27.39699999999984,"length_km":23.501513,"source":"SciGRID_gas IGGIELGNC-3","source_url":"https://github.com/Netizine/SciGRID_gas-IGGIELGNC-3"}},{"type":"Feature","geometry":{"type":"LineString","coordinates":[[5.76125,49.07541],[5.43224,49.29727]]},"properties":{"kind":"gas_pipeline","name":"PLL_682_Seg_0_Seg_0","diameter_mm":900.0,"pressure_bar":70.0,"capacity_mcmd":27.39699999999984,"length_km":34.466411,"source":"SciGRID_gas IGGIELGNC-3","source_url":"https://github.com/Netizine/SciGRID_gas-IGGIELGNC-3"}},{"type":"Feature","geometry":{"type":"LineString","coordinates":[[6.07759,48.83599],[5.76125,49.07541]]},"properties":{"kind":"gas_pipeline","name":"PLL_680_Seg_0_Seg_0","diameter_mm":900.0,"pressure_bar":70.0,"capacity_mcmd":27.39699999999984,"length_km":35.352825,"source":"SciGRID_gas IGGIELGNC-3","source_url":"https://github.com/Netizine/SciGRID_gas-IGGIELGNC-3"}},{"type":"Feature","geometry":{"type":"LineString","coordinates":[[6.33118,48.70381],[6.07759,48.83599]]},"properties":{"kind":"gas_pipeline","name":"PLL_678_Seg_0_Seg_0","diameter_mm":900.0,"pressure_bar":70.0,"capacity_mcmd":27.39699999999984,"length_km":24.737256,"source":"SciGRID_gas IGGIELGNC-3","source_url":"https://github.com/Netizine/SciGRID_gas-IGGIELGNC-3"}},{"type":"Feature","geometry":{"type":"LineString","coordinates":[[5.17495,47.84579],[3.99185,48.26104]]},"properties":{"kind":"gas_pipeline","name":"PLL_319_Seg_0_Seg_0","diameter_mm":600.0,"pressure_bar":70.0,"capacity_mcmd":27.39699999999984,"length_km":99.773159,"source":"SciGRID_gas IGGIELGNC-3","source_url":"https://github.com/Netizine/SciGRID_gas-IGGIELGNC-3"}},{"type":"Feature","geometry":{"type":"LineString","coordinates":[[16.20374,47.82401],[15.93628,47.282]]},"properties":{"kind":"gas_pipeline","name":"PLL_634_Seg_0_Seg_0","diameter_mm":900.0,"pressure_bar":70.0,"capacity_mcmd":38.08219,"length_km":64.023495,"source":"SciGRID_gas IGGIELGNC-3","source_url":"https://github.com/Netizine/SciGRID_gas-IGGIELGNC-3"}},{"type":"Feature","geometry":{"type":"LineString","coordinates":[[15.93628,47.282],[15.75975,47.10746]]},"properties":{"kind":"gas_pipeline","name":"PLL_634_Seg_0_Seg_3","diameter_mm":900.0,"pressure_bar":70.0,"capacity_mcmd":38.08219,"length_km":23.560944,"source":"SciGRID_gas IGGIELGNC-3","source_url":"https://github.com/Netizine/SciGRID_gas-IGGIELGNC-3"}},{"type":"Feature","geometry":{"type":"LineString","coordinates":[[15.75975,47.10746],[15.44747,46.8862]]},"properties":{"kind":"gas_pipeline","name":"PLL_634_Seg_0_Seg_4","diameter_mm":900.0,"pressure_bar":70.0,"capacity_mcmd":38.08219,"length_km":34.223968,"source":"SciGRID_gas IGGIELGNC-3","source_url":"https://github.com/Netizine/SciGRID_gas-IGGIELGNC-3"}},{"type":"Feature","geometry":{"type":"LineString","coordinates":[[16.30161,48.96738],[15.93103,48.98078]]},"properties":{"kind":"gas_pipeline","name":"PLL_346_Seg_0_Seg_0","diameter_mm":900.0,"pressure_bar":70.0,"capacity_mcmd":27.39699999999984,"length_km":28.890613,"source":"SciGRID_gas IGGIELGNC-3","source_url":"https://github.com/Netizine/SciGRID_gas-IGGIELGNC-3"}},{"type":"Feature","geometry":{"type":"LineString","coordinates":[[15.93103,48.98078],[14.6309,49.15411]]},"properties":{"kind":"gas_pipeline","name":"PLL_346_Seg_0_Seg_1","diameter_mm":900.0,"pressure_bar":70.0,"capacity_mcmd":27.39699999999984,"length_km":98.867034,"source":"SciGRID_gas IGGIELGNC-3","source_url":"https://github.com/Netizine/SciGRID_gas-IGGIELGNC-3"}},{"type":"Feature","geometry":{"type":"LineString","coordinates":[[12.63909,56.21742],[12.83699,55.89192]]},"properties":{"kind":"gas_pipeline","name":"PLM_1896_Seg_0_Seg_0","diameter_mm":900.0,"pressure_bar":70.0,"capacity_mcmd":27.39699999999984,"length_km":39.534176,"source":"SciGRID_gas IGGIELGNC-3","source_url":"https://github.com/Netizine/SciGRID_gas-IGGIELGNC-3"}},{"type":"Feature","geometry":{"type":"LineString","coordinates":[[12.83699,55.89192],[13.0777,55.60271]]},"properties":{"kind":"gas_pipeline","name":"PLM_1896_Seg_0_Seg_1","diameter_mm":900.0,"pressure_bar":70.0,"capacity_mcmd":27.39699999999984,"length_km":37.754944,"source":"SciGRID_gas IGGIELGNC-3","source_url":"https://github.com/Netizine/SciGRID_gas-IGGIELGNC-3"}},{"type":"Feature","geometry":{"type":"LineString","coordinates":[[5.9105,51.12631],[5.78,51.69]]},"properties":{"kind":"gas_pipeline","name":"PLL_752_Seg_0_Seg_0","diameter_mm":900.0,"pressure_bar":70.0,"capacity_mcmd":27.39699999999984,"length_km":69.771002,"source":"SciGRID_gas IGGIELGNC-3","source_url":"https://github.com/Netizine/SciGRID_gas-IGGIELGNC-3"}},{"type":"Feature","geometry":{"type":"LineString","coordinates":[[5.03325,51.41228],[5.06777,51.22647]]},"properties":{"kind":"gas_pipeline","name":"PLS_4472_Seg_0_Seg_0","diameter_mm":900.0,"pressure_bar":70.0,"capacity_mcmd":27.39699999999984,"length_km":20.884873,"source":"SciGRID_gas IGGIELGNC-3","source_url":"https://github.com/Netizine/SciGRID_gas-IGGIELGNC-3"}},{"type":"Feature","geometry":{"type":"LineString","coordinates":[[4.74886,51.24874],[5.06777,51.22647]]},"properties":{"kind":"gas_pipeline","name":"PLS_5201_Seg_0_Seg_0","diameter_mm":900.0,"pressure_bar":70.0,"capacity_mcmd":27.39699999999984,"length_km":23.154486,"source":"SciGRID_gas IGGIELGNC-3","source_url":"https://github.com/Netizine/SciGRID_gas-IGGIELGNC-3"}},{"type":"Feature","geometry":{"type":"LineString","coordinates":[[7.0213,49.03975],[6.83115,48.96688]]},"properties":{"kind":"gas_pipeline","name":"PLL_445_Seg_0_Seg_0","diameter_mm":900.0,"pressure_bar":70.0,"capacity_mcmd":27.39699999999984,"length_km":16.068925,"source":"SciGRID_gas IGGIELGNC-3","source_url":"https://github.com/Netizine/SciGRID_gas-IGGIELGNC-3"}},{"type":"Feature","geometry":{"type":"LineString","coordinates":[[6.83115,48.96688],[6.45232,48.73981]]},"properties":{"kind":"gas_pipeline","name":"PLL_445_Seg_0_Seg_1","diameter_mm":900.0,"pressure_bar":70.0,"capacity_mcmd":27.39699999999984,"length_km":38.123507,"source":"SciGRID_gas IGGIELGNC-3","source_url":"https://github.com/Netizine/SciGRID_gas-IGGIELGNC-3"}},{"type":"Feature","geometry":{"type":"LineString","coordinates":[[4.44098,49.76939],[5.11883,49.11045]]},"properties":{"kind":"gas_pipeline","name":"PLL_601_Seg_0_Seg_0","diameter_mm":900.0,"pressure_bar":70.0,"capacity_mcmd":27.39699999999984,"length_km":89.186243,"source":"SciGRID_gas IGGIELGNC-3","source_url":"https://github.com/Netizine/SciGRID_gas-IGGIELGNC-3"}},{"type":"Feature","geometry":{"type":"LineString","coordinates":[[5.11883,49.11045],[5.43411,48.72557]]},"properties":{"kind":"gas_pipeline","name":"PLL_603_Seg_0_Seg_0","diameter_mm":900.0,"pressure_bar":70.0,"capacity_mcmd":27.39699999999984,"length_km":49.508987,"source":"SciGRID_gas IGGIELGNC-3","source_url":"https://github.com/Netizine/SciGRID_gas-IGGIELGNC-3"}},{"type":"Feature","geometry":{"type":"LineString","coordinates":[[5.43411,48.72557],[5.99258,48.80668]]},"properties":{"kind":"gas_pipeline","name":"PLM_2461_Seg_0_Seg_0","diameter_mm":900.0,"pressure_bar":70.0,"capacity_mcmd":27.39699999999984,"length_km":42.350167,"source":"SciGRID_gas IGGIELGNC-3","source_url":"https://github.com/Netizine/SciGRID_gas-IGGIELGNC-3"}},{"type":"Feature","geometry":{"type":"LineString","coordinates":[[6.07759,48.83599],[5.99258,48.80668]]},"properties":{"kind":"gas_pipeline","name":"ST_1091_Seg_0_Seg_0","diameter_mm":900.0,"pressure_bar":70.0,"capacity_mcmd":27.39699999999984,"length_km":7.027639,"source":"SciGRID_gas IGGIELGNC-3","source_url":"https://github.com/Netizine/SciGRID_gas-IGGIELGNC-3"}},{"type":"Feature","geometry":{"type":"LineString","coordinates":[[15.44747,46.8862],[15.21158,47.0793]]},"properties":{"kind":"gas_pipeline","name":"PLS_4605_Seg_0_Seg_0","diameter_mm":1000.0,"pressure_bar":70.0,"capacity_mcmd":38.08219,"length_km":28.381815,"source":"SciGRID_gas IGGIELGNC-3","source_url":"https://github.com/Netizine/SciGRID_gas-IGGIELGNC-3"}},{"type":"Feature","geometry":{"type":"LineString","coordinates":[[15.21158,47.0793],[15.13861,47.3518]]},"properties":{"kind":"gas_pipeline","name":"PLS_4605_Seg_0_Seg_1","diameter_mm":1000.0,"pressure_bar":70.0,"capacity_mcmd":38.08219,"length_km":31.280082,"source":"SciGRID_gas IGGIELGNC-3","source_url":"https://github.com/Netizine/SciGRID_gas-IGGIELGNC-3"}},{"type":"Feature","geometry":{"type":"LineString","coordinates":[[15.13861,47.3518],[15.418,47.51246]]},"properties":{"kind":"gas_pipeline","name":"PLS_4836_Seg_0_Seg_0","diameter_mm":1000.0,"pressure_bar":70.0,"capacity_mcmd":38.08219,"length_km":28.20807,"source":"SciGRID_gas IGGIELGNC-3","source_url":"https://github.com/Netizine/SciGRID_gas-IGGIELGNC-3"}},{"type":"Feature","geometry":{"type":"LineString","coordinates":[[15.418,47.51246],[15.96146,47.7282]]},"properties":{"kind":"gas_pipeline","name":"PLS_4836_Seg_0_Seg_1","diameter_mm":1000.0,"pressure_bar":70.0,"capacity_mcmd":38.08219,"length_km":47.599618,"source":"SciGRID_gas IGGIELGNC-3","source_url":"https://github.com/Netizine/SciGRID_gas-IGGIELGNC-3"}},{"type":"Feature","geometry":{"type":"LineString","coordinates":[[15.96146,47.7282],[16.20374,47.82401]]},"properties":{"kind":"gas_pipeline","name":"PLS_4836_Seg_0_Seg_3","diameter_mm":1000.0,"pressure_bar":70.0,"capacity_mcmd":38.08219,"length_km":21.507127,"source":"SciGRID_gas IGGIELGNC-3","source_url":"https://github.com/Netizine/SciGRID_gas-IGGIELGNC-3"}},{"type":"Feature","geometry":{"type":"LineString","coordinates":[[13.8079,50.49941],[14.37469,50.32082]]},"properties":{"kind":"gas_pipeline","name":"PLL_349_Seg_0_Seg_0","diameter_mm":900.0,"pressure_bar":70.0,"capacity_mcmd":27.39699999999984,"length_km":44.945978,"source":"SciGRID_gas IGGIELGNC-3","source_url":"https://github.com/Netizine/SciGRID_gas-IGGIELGNC-3"}},{"type":"Feature","geometry":{"type":"LineString","coordinates":[[16.0727,53.93496],[15.05111,53.4343]]},"properties":{"kind":"gas_pipeline","name":"PLL_272_Seg_0_Seg_0","diameter_mm":900.0,"pressure_bar":70.0,"capacity_mcmd":13.6986,"length_km":90.041389,"source":"SciGRID_gas IGGIELGNC-3","source_url":"https://github.com/Netizine/SciGRID_gas-IGGIELGNC-3"}},{"type":"Feature","geometry":{"type":"LineString","coordinates":[[6.93055,53.17842],[7.06435,53.05043]]},"properties":{"kind":"gas_pipeline","name":"ST_7051_Seg_0_Seg_0","diameter_mm":900.0,"pressure_bar":70.0,"capacity_mcmd":27.39699999999984,"length_km":17.458815,"source":"SciGRID_gas IGGIELGNC-3","source_url":"https://github.com/Netizine/SciGRID_gas-IGGIELGNC-3"}},{"type":"Feature","geometry":{"type":"LineString","coordinates":[[6.84908,53.22616],[6.93055,53.17842]]},"properties":{"kind":"gas_pipeline","name":"PLS_6234_Seg_0_Seg_0","diameter_mm":900.0,"pressure_bar":70.0,"capacity_mcmd":27.39699999999984,"length_km":7.593448,"source":"SciGRID_gas IGGIELGNC-3","source_url":"https://github.com/Netizine/SciGRID_gas-IGGIELGNC-3"}},{"type":"Feature","geometry":{"type":"LineString","coordinates":[[6.77359,53.19089],[6.84908,53.22616]]},"properties":{"kind":"gas_pipeline","name":"PLS_6400_Seg_0_Seg_0","diameter_mm":900.0,"pressure_bar":70.0,"capacity_mcmd":27.39699999999984,"length_km":6.378072,"source":"SciGRID_gas IGGIELGNC-3","source_url":"https://github.com/Netizine/SciGRID_gas-IGGIELGNC-3"}},{"type":"Feature","geometry":{"type":"LineString","coordinates":[[7.76613,48.82955],[7.80099,48.74941]]},"properties":{"kind":"gas_pipeline","name":"PLS_6223_Seg_0_Seg_0","diameter_mm":900.0,"pressure_bar":78.53718798513496,"capacity_mcmd":42.4657,"length_km":9.272786,"source":"SciGRID_gas IGGIELGNC-3","source_url":"https://github.com/Netizine/SciGRID_gas-IGGIELGNC-3"}},{"type":"Feature","geometry":{"type":"LineString","coordinates":[[16.10671,49.19474],[15.68507,49.42868]]},"properties":{"kind":"gas_pipeline","name":"PLS_4995_Seg_0_Seg_0","diameter_mm":900.0,"pressure_bar":70.0,"capacity_mcmd":27.39699999999984,"length_km":41.867199,"source":"SciGRID_gas IGGIELGNC-3","source_url":"https://github.com/Netizine/SciGRID_gas-IGGIELGNC-3"}},{"type":"Feature","geometry":{"type":"LineString","coordinates":[[15.68507,49.42868],[15.60191,49.71442]]},"properties":{"kind":"gas_pipeline","name":"PLS_4996_Seg_0_Seg_0","diameter_mm":900.0,"pressure_bar":70.0,"capacity_mcmd":27.39699999999984,"length_km":37.508413,"source":"SciGRID_gas IGGIELGNC-3","source_url":"https://github.com/Netizine/SciGRID_gas-IGGIELGNC-3"}},{"type":"Feature","geometry":{"type":"LineString","coordinates":[[14.72171,50.11028],[15.60191,49.71442]]},"properties":{"kind":"gas_pipeline","name":"PLS_5357_Seg_0_Seg_0","diameter_mm":900.0,"pressure_bar":70.0,"capacity_mcmd":27.39699999999984,"length_km":81.973457,"source":"SciGRID_gas IGGIELGNC-3","source_url":"https://github.com/Netizine/SciGRID_gas-IGGIELGNC-3"}},{"type":"Feature","geometry":{"type":"LineString","coordinates":[[16.02011,52.48643],[15.5944,52.44416]]},"properties":{"kind":"gas_pipeline","name":"PLL_704_Seg_0_Seg_0","diameter_mm":1420.0,"pressure_bar":84.0,"capacity_mcmd":90.4109589,"length_km":30.60487,"source":"SciGRID_gas IGGIELGNC-3","source_url":"https://github.com/Netizine/SciGRID_gas-IGGIELGNC-3"}},{"type":"Feature","geometry":{"type":"LineString","coordinates":[[6.02093,51.36492],[5.78,51.69]]},"properties":{"kind":"gas_pipeline","name":"PLM_2165_Seg_0_Seg_0","diameter_mm":900.0,"pressure_bar":70.0,"capacity_mcmd":27.39699999999984,"length_km":55.42814,"source":"SciGRID_gas IGGIELGNC-3","source_url":"https://github.com/Netizine/SciGRID_gas-IGGIELGNC-3"}},{"type":"Feature","geometry":{"type":"LineString","coordinates":[[7.53303,47.99838],[7.58774,48.27313]]},"properties":{"kind":"gas_pipeline","name":"PLL_312_Seg_0_Seg_0","diameter_mm":900.0,"pressure_bar":70.0,"capacity_mcmd":27.39699999999984,"length_km":31.162585,"source":"SciGRID_gas IGGIELGNC-3","source_url":"https://github.com/Netizine/SciGRID_gas-IGGIELGNC-3"}},{"type":"Feature","geometry":{"type":"LineString","coordinates":[[7.75643,48.52908],[7.58774,48.27313]]},"properties":{"kind":"gas_pipeline","name":"PLS_6070_Seg_0_Seg_0","diameter_mm":900.0,"pressure_bar":70.0,"capacity_mcmd":27.39699999999984,"length_km":31.738134,"source":"SciGRID_gas IGGIELGNC-3","source_url":"https://github.com/Netizine/SciGRID_gas-IGGIELGNC-3"}},{"type":"Feature","geometry":{"type":"LineString","coordinates":[[7.80099,48.74941],[7.75643,48.52908]]},"properties":{"kind":"gas_pipeline","name":"PLS_6224_Seg_0_Seg_0","diameter_mm":900.0,"pressure_bar":70.0,"capacity_mcmd":27.39699999999984,"length_km":24.792513,"source":"SciGRID_gas IGGIELGNC-3","source_url":"https://github.com/Netizine/SciGRID_gas-IGGIELGNC-3"}},{"type":"Feature","geometry":{"type":"LineString","coordinates":[[16.2302,48.42915],[15.897494,48.431986]]},"properties":{"kind":"gas_pipeline","name":"ST_2953_Seg_0_Seg_0","diameter_mm":800.0,"pressure_bar":70.0,"capacity_mcmd":27.967875634476002,"length_km":24.557045,"source":"SciGRID_gas IGGIELGNC-3","source_url":"https://github.com/Netizine/SciGRID_gas-IGGIELGNC-3"}},{"type":"Feature","geometry":{"type":"LineString","coordinates":[[16.2302,48.42915],[15.379,48.502]]},"properties":{"kind":"gas_pipeline","name":"PLL_708_Seg_0_Seg_0","diameter_mm":800.0,"pressure_bar":70.0,"capacity_mcmd":27.967875634476002,"length_km":63.851848,"source":"SciGRID_gas IGGIELGNC-3","source_url":"https://github.com/Netizine/SciGRID_gas-IGGIELGNC-3"}},{"type":"Feature","geometry":{"type":"LineString","coordinates":[[15.379,48.502],[14.42764,48.52271]]},"properties":{"kind":"gas_pipeline","name":"PLL_708_Seg_0_Seg_3","diameter_mm":800.0,"pressure_bar":70.0,"capacity_mcmd":27.967875634476002,"length_km":70.344243,"source":"SciGRID_gas IGGIELGNC-3","source_url":"https://github.com/Netizine/SciGRID_gas-IGGIELGNC-3"}},{"type":"Feature","geometry":{"type":"LineString","coordinates":[[9.00524,47.47335],[8.58743,47.50528]]},"properties":{"kind":"gas_pipeline","name":"PLS_5298_Seg_0_Seg_0","diameter_mm":900.0,"pressure_bar":70.0,"capacity_mcmd":27.39699999999984,"length_km":31.762684,"source":"SciGRID_gas IGGIELGNC-3","source_url":"https://github.com/Netizine/SciGRID_gas-IGGIELGNC-3"}},{"type":"Feature","geometry":{"type":"LineString","coordinates":[[8.5465,47.4538],[8.58743,47.50528]]},"properties":{"kind":"gas_pipeline","name":"PLS_6132_Seg_0_Seg_0","diameter_mm":900.0,"pressure_bar":70.0,"capacity_mcmd":27.39699999999984,"length_km":6.500443,"source":"SciGRID_gas IGGIELGNC-3","source_url":"https://github.com/Netizine/SciGRID_gas-IGGIELGNC-3"}},{"type":"Feature","geometry":{"type":"LineString","coordinates":[[8.5465,47.4538],[8.31414,47.43922]]},"properties":{"kind":"gas_pipeline","name":"PLS_6279_Seg_0_Seg_0","diameter_mm":900.0,"pressure_bar":70.0,"capacity_mcmd":27.39699999999984,"length_km":17.570986,"source":"SciGRID_gas IGGIELGNC-3","source_url":"https://github.com/Netizine/SciGRID_gas-IGGIELGNC-3"}},{"type":"Feature","geometry":{"type":"LineString","coordinates":[[8.23855,47.42869],[8.31414,47.43922]]},"properties":{"kind":"gas_pipeline","name":"PLS_6473_Seg_0_Seg_0","diameter_mm":900.0,"pressure_bar":70.0,"capacity_mcmd":27.39699999999984,"length_km":5.806761,"source":"SciGRID_gas IGGIELGNC-3","source_url":"https://github.com/Netizine/SciGRID_gas-IGGIELGNC-3"}},{"type":"Feature","geometry":{"type":"LineString","coordinates":[[8.23855,47.42869],[7.98802,47.42002]]},"properties":{"kind":"gas_pipeline","name":"PLS_6414_Seg_0_Seg_0","diameter_mm":900.0,"pressure_bar":70.0,"capacity_mcmd":27.39699999999984,"length_km":19.315062,"source":"SciGRID_gas IGGIELGNC-3","source_url":"https://github.com/Netizine/SciGRID_gas-IGGIELGNC-3"}},{"type":"Feature","geometry":{"type":"LineString","coordinates":[[5.2572,51.56386],[5.489382,51.491169]]},"properties":{"kind":"gas_pipeline","name":"ST_3733_Seg_0_Seg_0","diameter_mm":900.0,"pressure_bar":70.0,"capacity_mcmd":27.39699999999984,"length_km":28.617756,"source":"SciGRID_gas IGGIELGNC-3","source_url":"https://github.com/Netizine/SciGRID_gas-IGGIELGNC-3"}},{"type":"Feature","geometry":{"type":"LineString","coordinates":[[5.23353,51.87367],[5.363,51.77566]]},"properties":{"kind":"gas_pipeline","name":"ST_3744_Seg_0_Seg_0","diameter_mm":900.0,"pressure_bar":70.0,"capacity_mcmd":27.39699999999984,"length_km":14.506368,"source":"SciGRID_gas IGGIELGNC-3","source_url":"https://github.com/Netizine/SciGRID_gas-IGGIELGNC-3"}},{"type":"Feature","geometry":{"type":"LineString","coordinates":[[5.363,51.77566],[5.5717,51.73301]]},"properties":{"kind":"gas_pipeline","name":"ST_3744_Seg_0_Seg_1","diameter_mm":900.0,"pressure_bar":70.0,"capacity_mcmd":27.39699999999984,"length_km":15.132863,"source":"SciGRID_gas IGGIELGNC-3","source_url":"https://github.com/Netizine/SciGRID_gas-IGGIELGNC-3"}},{"type":"Feature","geometry":{"type":"LineString","coordinates":[[5.5717,51.73301],[5.78,51.69]]},"properties":{"kind":"gas_pipeline","name":"ST_3744_Seg_0_Seg_2","diameter_mm":900.0,"pressure_bar":70.0,"capacity_mcmd":27.39699999999984,"length_km":15.132234,"source":"SciGRID_gas IGGIELGNC-3","source_url":"https://github.com/Netizine/SciGRID_gas-IGGIELGNC-3"}},{"type":"Feature","geometry":{"type":"LineString","coordinates":[[5.6525,50.96956],[5.4741,51.03805]]},"properties":{"kind":"gas_pipeline","name":"PLS_4718_Seg_0_Seg_0","diameter_mm":900.0,"pressure_bar":70.0,"capacity_mcmd":27.39699999999984,"length_km":14.655646,"source":"SciGRID_gas IGGIELGNC-3","source_url":"https://github.com/Netizine/SciGRID_gas-IGGIELGNC-3"}},{"type":"Feature","geometry":{"type":"LineString","coordinates":[[5.4741,51.03805],[5.229682,50.914228]]},"properties":{"kind":"gas_pipeline","name":"PLS_4712_Seg_0_Seg_0","diameter_mm":900.0,"pressure_bar":70.0,"capacity_mcmd":27.39699999999984,"length_km":21.994048,"source":"SciGRID_gas IGGIELGNC-3","source_url":"https://github.com/Netizine/SciGRID_gas-IGGIELGNC-3"}},{"type":"Feature","geometry":{"type":"LineString","coordinates":[[6.46267,52.57127],[6.38615,52.47225]]},"properties":{"kind":"gas_pipeline","name":"PLL_53_Seg_0_Seg_0","diameter_mm":900.0,"pressure_bar":70.0,"capacity_mcmd":27.39699999999984,"length_km":12.170766,"source":"SciGRID_gas IGGIELGNC-3","source_url":"https://github.com/Netizine/SciGRID_gas-IGGIELGNC-3"}},{"type":"Feature","geometry":{"type":"LineString","coordinates":[[6.38615,52.47225],[6.34817,52.43121]]},"properties":{"kind":"gas_pipeline","name":"ST_3441_Seg_0_Seg_0","diameter_mm":900.0,"pressure_bar":70.0,"capacity_mcmd":27.39699999999984,"length_km":5.240832,"source":"SciGRID_gas IGGIELGNC-3","source_url":"https://github.com/Netizine/SciGRID_gas-IGGIELGNC-3"}},{"type":"Feature","geometry":{"type":"LineString","coordinates":[[12.94076,49.77112],[13.8079,50.49941]]},"properties":{"kind":"gas_pipeline","name":"PLL_348_Seg_0_Seg_0","diameter_mm":1400.0,"pressure_bar":84.0,"capacity_mcmd":83.5616,"length_km":107.153878,"source":"SciGRID_gas IGGIELGNC-3","source_url":"https://github.com/Netizine/SciGRID_gas-IGGIELGNC-3"}},{"type":"Feature","geometry":{"type":"LineString","coordinates":[[12.94076,49.77112],[12.549857,49.663384]]},"properties":{"kind":"gas_pipeline","name":"ST_957_Seg_0_Seg_0","diameter_mm":1400.0,"pressure_bar":84.0,"capacity_mcmd":79.78523282758785,"length_km":30.559973,"source":"SciGRID_gas IGGIELGNC-3","source_url":"https://github.com/Netizine/SciGRID_gas-IGGIELGNC-3"}},{"type":"Feature","geometry":{"type":"LineString","coordinates":[[14.30467,50.31067],[14.66915,50.19823]]},"properties":{"kind":"gas_pipeline","name":"PLS_4992_Seg_0_Seg_0","diameter_mm":900.0,"pressure_bar":70.0,"capacity_mcmd":27.39699999999984,"length_km":43.296333,"source":"SciGRID_gas IGGIELGNC-3","source_url":"https://github.com/Netizine/SciGRID_gas-IGGIELGNC-3"}},{"type":"Feature","geometry":{"type":"LineString","coordinates":[[15.897494,48.431986],[15.897494,48.431986]]},"properties":{"kind":"gas_pipeline","name":"PLS_5136_Seg_0_Seg_0","diameter_mm":1200.0,"pressure_bar":90.0,"capacity_mcmd":74.85280572911996,"length_km":88.042306,"source":"SciGRID_gas IGGIELGNC-3","source_url":"https://github.com/Netizine/SciGRID_gas-IGGIELGNC-3"}},{"type":"Feature","geometry":{"type":"LineString","coordinates":[[6.27628,52.28959],[5.840257,52.190311]]},"properties":{"kind":"gas_pipeline","name":"PLS_6178_Seg_0_Seg_0","diameter_mm":900.0,"pressure_bar":70.0,"capacity_mcmd":27.39699999999984,"length_km":33.098877,"source":"SciGRID_gas IGGIELGNC-3","source_url":"https://github.com/Netizine/SciGRID_gas-IGGIELGNC-3"}},{"type":"Feature","geometry":{"type":"LineString","coordinates":[[14.77029,47.2763],[14.338405,47.161713]]},"properties":{"kind":"gas_pipeline","name":"PLS_5486_Seg_0_Seg_0","diameter_mm":900.0,"pressure_bar":70.0,"capacity_mcmd":38.08219,"length_km":46.946938,"source":"SciGRID_gas IGGIELGNC-3","source_url":"https://github.com/Netizine/SciGRID_gas-IGGIELGNC-3"}},{"type":"Feature","geometry":{"type":"LineString","coordinates":[[15.13861,47.3518],[14.77029,47.2763]]},"properties":{"kind":"gas_pipeline","name":"PLS_4599_Seg_0_Seg_0","diameter_mm":900.0,"pressure_bar":70.0,"capacity_mcmd":38.08219,"length_km":29.307159,"source":"SciGRID_gas IGGIELGNC-3","source_url":"https://github.com/Netizine/SciGRID_gas-IGGIELGNC-3"}},{"type":"Feature","geometry":{"type":"LineString","coordinates":[[5.99258,48.80668],[6.09305,49.24389]]},"properties":{"kind":"gas_pipeline","name":"PLM_2464_Seg_0_Seg_0","diameter_mm":900.0,"pressure_bar":70.0,"capacity_mcmd":27.39699999999984,"length_km":57.851714,"source":"SciGRID_gas IGGIELGNC-3","source_url":"https://github.com/Netizine/SciGRID_gas-IGGIELGNC-3"}},{"type":"Feature","geometry":{"type":"LineString","coordinates":[[6.59659,49.17107],[6.09305,49.24389]]},"properties":{"kind":"gas_pipeline","name":"PLS_6443_Seg_0_Seg_0","diameter_mm":900.0,"pressure_bar":70.0,"capacity_mcmd":27.39699999999984,"length_km":49.677804,"source":"SciGRID_gas IGGIELGNC-3","source_url":"https://github.com/Netizine/SciGRID_gas-IGGIELGNC-3"}},{"type":"Feature","geometry":{"type":"LineString","coordinates":[[6.59659,49.17107],[6.8876,49.08958]]},"properties":{"kind":"gas_pipeline","name":"PLS_5888_Seg_0_Seg_0","diameter_mm":900.0,"pressure_bar":70.0,"capacity_mcmd":27.39699999999984,"length_km":23.292486,"source":"SciGRID_gas IGGIELGNC-3","source_url":"https://github.com/Netizine/SciGRID_gas-IGGIELGNC-3"}},{"type":"Feature","geometry":{"type":"LineString","coordinates":[[6.8876,49.08958],[7.14587,49.08824]]},"properties":{"kind":"gas_pipeline","name":"PLS_6335_Seg_0_Seg_0","diameter_mm":900.0,"pressure_bar":70.0,"capacity_mcmd":27.39699999999984,"length_km":21.027383,"source":"SciGRID_gas IGGIELGNC-3","source_url":"https://github.com/Netizine/SciGRID_gas-IGGIELGNC-3"}},{"type":"Feature","geometry":{"type":"LineString","coordinates":[[15.897494,48.431986],[15.26852,48.2075]]},"properties":{"kind":"gas_pipeline","name":"PLS_6175_Seg_0_Seg_0","diameter_mm":1200.0,"pressure_bar":90.0,"capacity_mcmd":74.85280572911996,"length_km":52.844135,"source":"SciGRID_gas IGGIELGNC-3","source_url":"https://github.com/Netizine/SciGRID_gas-IGGIELGNC-3"}},{"type":"Feature","geometry":{"type":"LineString","coordinates":[[15.26852,48.2075],[14.43064,48.096]]},"properties":{"kind":"gas_pipeline","name":"PLS_6175_Seg_0_Seg_4","diameter_mm":1200.0,"pressure_bar":90.0,"capacity_mcmd":74.85280572911996,"length_km":65.439289,"source":"SciGRID_gas IGGIELGNC-3","source_url":"https://github.com/Netizine/SciGRID_gas-IGGIELGNC-3"}},{"type":"Feature","geometry":{"type":"LineString","coordinates":[[14.43064,48.096],[14.41263,47.9555]]},"properties":{"kind":"gas_pipeline","name":"ST_7079_Seg_0_Seg_0","diameter_mm":1200.0,"pressure_bar":90.0,"capacity_mcmd":74.85280572911996,"length_km":15.685115,"source":"SciGRID_gas IGGIELGNC-3","source_url":"https://github.com/Netizine/SciGRID_gas-IGGIELGNC-3"}},{"type":"Feature","geometry":{"type":"LineString","coordinates":[[14.33452,48.1384],[14.055695,48.23934]]},"properties":{"kind":"gas_pipeline","name":"PLS_5121_Seg_0_Seg_0","diameter_mm":800.0,"pressure_bar":70.0,"capacity_mcmd":27.967875634476002,"length_km":28.763718,"source":"SciGRID_gas IGGIELGNC-3","source_url":"https://github.com/Netizine/SciGRID_gas-IGGIELGNC-3"}},{"type":"Feature","geometry":{"type":"LineString","coordinates":[[6.93055,53.17842],[6.68837,52.90838]]},"properties":{"kind":"gas_pipeline","name":"PLL_50_Seg_0_Seg_0","diameter_mm":900.0,"pressure_bar":70.0,"capacity_mcmd":27.39699999999984,"length_km":36.332094,"source":"SciGRID_gas IGGIELGNC-3","source_url":"https://github.com/Netizine/SciGRID_gas-IGGIELGNC-3"}},{"type":"Feature","geometry":{"type":"LineString","coordinates":[[5.96389,48.31756],[6.24283,47.78393]]},"properties":{"kind":"gas_pipeline","name":"PLL_75_Seg_0_Seg_0","diameter_mm":900.0,"pressure_bar":70.0,"capacity_mcmd":27.39699999999984,"length_km":64.108904,"source":"SciGRID_gas IGGIELGNC-3","source_url":"https://github.com/Netizine/SciGRID_gas-IGGIELGNC-3"}},{"type":"Feature","geometry":{"type":"LineString","coordinates":[[6.24283,47.78393],[6.51245,47.58976]]},"properties":{"kind":"gas_pipeline","name":"PLL_76_Seg_0_Seg_0","diameter_mm":900.0,"pressure_bar":70.0,"capacity_mcmd":27.39699999999984,"length_km":29.84866,"source":"SciGRID_gas IGGIELGNC-3","source_url":"https://github.com/Netizine/SciGRID_gas-IGGIELGNC-3"}},{"type":"Feature","geometry":{"type":"LineString","coordinates":[[6.51245,47.58976],[7.09658,47.67116]]},"properties":{"kind":"gas_pipeline","name":"PLL_77_Seg_0_Seg_0","diameter_mm":900.0,"pressure_bar":70.0,"capacity_mcmd":27.39699999999984,"length_km":47.968792,"source":"SciGRID_gas IGGIELGNC-3","source_url":"https://github.com/Netizine/SciGRID_gas-IGGIELGNC-3"}},{"type":"Feature","geometry":{"type":"LineString","coordinates":[[7.58774,48.27313],[7.19067,48.34696]]},"properties":{"kind":"gas_pipeline","name":"PLL_313_Seg_0_Seg_0","diameter_mm":900.0,"pressure_bar":70.0,"capacity_mcmd":27.39699999999984,"length_km":31.732383,"source":"SciGRID_gas IGGIELGNC-3","source_url":"https://github.com/Netizine/SciGRID_gas-IGGIELGNC-3"}},{"type":"Feature","geometry":{"type":"LineString","coordinates":[[14.6309,49.15411],[13.40437,49.47575]]},"properties":{"kind":"gas_pipeline","name":"PLL_347_Seg_0_Seg_0","diameter_mm":900.0,"pressure_bar":70.0,"capacity_mcmd":27.39699999999984,"length_km":104.529665,"source":"SciGRID_gas IGGIELGNC-3","source_url":"https://github.com/Netizine/SciGRID_gas-IGGIELGNC-3"}},{"type":"Feature","geometry":{"type":"LineString","coordinates":[[13.40437,49.47575],[12.94076,49.77112]]},"properties":{"kind":"gas_pipeline","name":"PLL_347_Seg_0_Seg_5","diameter_mm":900.0,"pressure_bar":70.0,"capacity_mcmd":27.39699999999984,"length_km":62.62798,"source":"SciGRID_gas IGGIELGNC-3","source_url":"https://github.com/Netizine/SciGRID_gas-IGGIELGNC-3"}},{"type":"Feature","geometry":{"type":"LineString","coordinates":[[14.66915,50.19823],[14.89987,50.04827]]},"properties":{"kind":"gas_pipeline","name":"PLL_351_Seg_0_Seg_0","diameter_mm":900.0,"pressure_bar":70.0,"capacity_mcmd":27.39699999999984,"length_km":23.573799,"source":"SciGRID_gas IGGIELGNC-3","source_url":"https://github.com/Netizine/SciGRID_gas-IGGIELGNC-3"}},{"type":"Feature","geometry":{"type":"LineString","coordinates":[[14.89987,50.04827],[15.68507,49.42868]]},"properties":{"kind":"gas_pipeline","name":"PLL_351_Seg_0_Seg_1","diameter_mm":900.0,"pressure_bar":70.0,"capacity_mcmd":27.39699999999984,"length_km":91.779838,"source":"SciGRID_gas IGGIELGNC-3","source_url":"https://github.com/Netizine/SciGRID_gas-IGGIELGNC-3"}},{"type":"Feature","geometry":{"type":"LineString","coordinates":[[15.68507,49.42868],[15.97552,49.29526]]},"properties":{"kind":"gas_pipeline","name":"PLL_352_Seg_0_Seg_0","diameter_mm":900.0,"pressure_bar":70.0,"capacity_mcmd":27.39699999999984,"length_km":26.069862,"source":"SciGRID_gas IGGIELGNC-3","source_url":"https://github.com/Netizine/SciGRID_gas-IGGIELGNC-3"}},{"type":"Feature","geometry":{"type":"LineString","coordinates":[[15.97552,49.29526],[16.10671,49.19474]]},"properties":{"kind":"gas_pipeline","name":"PLL_352_Seg_0_Seg_1","diameter_mm":900.0,"pressure_bar":70.0,"capacity_mcmd":27.39699999999984,"length_km":14.688737,"source":"SciGRID_gas IGGIELGNC-3","source_url":"https://github.com/Netizine/SciGRID_gas-IGGIELGNC-3"}},{"type":"Feature","geometry":{"type":"LineString","coordinates":[[4.98148,46.92012],[5.06343,47.03009]]},"properties":{"kind":"gas_pipeline","name":"PLL_446_Seg_0_Seg_0","diameter_mm":900.0,"pressure_bar":70.0,"capacity_mcmd":27.39699999999984,"length_km":13.722342,"source":"SciGRID_gas IGGIELGNC-3","source_url":"https://github.com/Netizine/SciGRID_gas-IGGIELGNC-3"}},{"type":"Feature","geometry":{"type":"LineString","coordinates":[[7.43965,47.67993],[7.43246,47.51129]]},"properties":{"kind":"gas_pipeline","name":"PLL_503_Seg_0_Seg_0","diameter_mm":900.0,"pressure_bar":70.0,"capacity_mcmd":19.618598434835253,"length_km":18.768289,"source":"SciGRID_gas IGGIELGNC-3","source_url":"https://github.com/Netizine/SciGRID_gas-IGGIELGNC-3"}},{"type":"Feature","geometry":{"type":"LineString","coordinates":[[7.6285,47.51811],[7.85795,47.37114]]},"properties":{"kind":"gas_pipeline","name":"PLL_505_Seg_0_Seg_0","diameter_mm":900.0,"pressure_bar":70.0,"capacity_mcmd":2.0,"length_km":32.069878,"source":"SciGRID_gas IGGIELGNC-3","source_url":"https://github.com/Netizine/SciGRID_gas-IGGIELGNC-3"}},{"type":"Feature","geometry":{"type":"LineString","coordinates":[[6.33118,48.70381],[6.28256,48.5706]]},"properties":{"kind":"gas_pipeline","name":"PLL_598_Seg_0_Seg_0","diameter_mm":900.0,"pressure_bar":70.0,"capacity_mcmd":27.39699999999984,"length_km":15.241813,"source":"SciGRID_gas IGGIELGNC-3","source_url":"https://github.com/Netizine/SciGRID_gas-IGGIELGNC-3"}},{"type":"Feature","geometry":{"type":"LineString","coordinates":[[6.28256,48.5706],[6.09127,48.41759]]},"properties":{"kind":"gas_pipeline","name":"PLL_599_Seg_0_Seg_0","diameter_mm":900.0,"pressure_bar":70.0,"capacity_mcmd":27.39699999999984,"length_km":22.102812,"source":"SciGRID_gas IGGIELGNC-3","source_url":"https://github.com/Netizine/SciGRID_gas-IGGIELGNC-3"}},{"type":"Feature","geometry":{"type":"LineString","coordinates":[[5.43411,48.72557],[5.74178,48.47496]]},"properties":{"kind":"gas_pipeline","name":"PLL_604_Seg_0_Seg_0","diameter_mm":900.0,"pressure_bar":70.0,"capacity_mcmd":27.39699999999984,"length_km":36.38977,"source":"SciGRID_gas IGGIELGNC-3","source_url":"https://github.com/Netizine/SciGRID_gas-IGGIELGNC-3"}},{"type":"Feature","geometry":{"type":"LineString","coordinates":[[5.74178,48.47496],[5.96389,48.31756]]},"properties":{"kind":"gas_pipeline","name":"PLL_604_Seg_0_Seg_2","diameter_mm":900.0,"pressure_bar":70.0,"capacity_mcmd":27.39699999999984,"length_km":24.301063,"source":"SciGRID_gas IGGIELGNC-3","source_url":"https://github.com/Netizine/SciGRID_gas-IGGIELGNC-3"}},{"type":"Feature","geometry":{"type":"LineString","coordinates":[[5.26479,50.73176],[5.10895,50.7797]]},"properties":{"kind":"gas_pipeline","name":"PLL_826_Seg_0_Seg_0","diameter_mm":900.0,"pressure_bar":70.0,"capacity_mcmd":27.39699999999984,"length_km":12.19374,"source":"SciGRID_gas IGGIELGNC-3","source_url":"https://github.com/Netizine/SciGRID_gas-IGGIELGNC-3"}},{"type":"Feature","geometry":{"type":"LineString","coordinates":[[5.10895,50.7797],[4.84061,50.87069]]},"properties":{"kind":"gas_pipeline","name":"PLL_827_Seg_0_Seg_0","diameter_mm":900.0,"pressure_bar":70.0,"capacity_mcmd":27.39699999999984,"length_km":22.462387,"source":"SciGRID_gas IGGIELGNC-3","source_url":"https://github.com/Netizine/SciGRID_gas-IGGIELGNC-3"}},{"type":"Feature","geometry":{"type":"LineString","coordinates":[[4.66892,50.9906],[5.03325,51.41228]]},"properties":{"kind":"gas_pipeline","name":"PLL_849_Seg_0_Seg_0","diameter_mm":900.0,"pressure_bar":70.0,"capacity_mcmd":27.39699999999984,"length_km":54.055915,"source":"SciGRID_gas IGGIELGNC-3","source_url":"https://github.com/Netizine/SciGRID_gas-IGGIELGNC-3"}},{"type":"Feature","geometry":{"type":"LineString","coordinates":[[6.83902,53.4103],[6.93055,53.17842]]},"properties":{"kind":"gas_pipeline","name":"ST_951_Seg_0_Seg_0","diameter_mm":900.0,"pressure_bar":70.0,"capacity_mcmd":27.39699999999984,"length_km":27.395363,"source":"SciGRID_gas IGGIELGNC-3","source_url":"https://github.com/Netizine/SciGRID_gas-IGGIELGNC-3"}},{"type":"Feature","geometry":{"type":"LineString","coordinates":[[6.92483,48.44777],[6.79809,48.65301]]},"properties":{"kind":"gas_pipeline","name":"ST_1020_Seg_0_Seg_0","diameter_mm":900.0,"pressure_bar":70.0,"capacity_mcmd":27.39699999999984,"length_km":32.300234,"source":"SciGRID_gas IGGIELGNC-3","source_url":"https://github.com/Netizine/SciGRID_gas-IGGIELGNC-3"}},{"type":"Feature","geometry":{"type":"LineString","coordinates":[[7.43246,47.51129],[7.43854,47.46597]]},"properties":{"kind":"gas_pipeline","name":"ST_1041_Seg_0_Seg_0","diameter_mm":900.0,"pressure_bar":70.0,"capacity_mcmd":19.618598434835253,"length_km":5.061608,"source":"SciGRID_gas IGGIELGNC-3","source_url":"https://github.com/Netizine/SciGRID_gas-IGGIELGNC-3"}},{"type":"Feature","geometry":{"type":"LineString","coordinates":[[6.5752,48.65422],[6.79809,48.65301]]},"properties":{"kind":"gas_pipeline","name":"ST_1046_Seg_0_Seg_0","diameter_mm":900.0,"pressure_bar":70.0,"capacity_mcmd":27.39699999999984,"length_km":19.119988,"source":"SciGRID_gas IGGIELGNC-3","source_url":"https://github.com/Netizine/SciGRID_gas-IGGIELGNC-3"}},{"type":"Feature","geometry":{"type":"LineString","coordinates":[[7.0213,49.03975],[7.08927,49.02305]]},"properties":{"kind":"gas_pipeline","name":"ST_1050_Seg_0_Seg_0","diameter_mm":900.0,"pressure_bar":70.0,"capacity_mcmd":27.39699999999984,"length_km":5.293487,"source":"SciGRID_gas IGGIELGNC-3","source_url":"https://github.com/Netizine/SciGRID_gas-IGGIELGNC-3"}},{"type":"Feature","geometry":{"type":"LineString","coordinates":[[5.12648,50.58529],[5.22121,50.56713]]},"properties":{"kind":"gas_pipeline","name":"ST_1119_Seg_0_Seg_0","diameter_mm":900.0,"pressure_bar":70.0,"capacity_mcmd":27.39699999999984,"length_km":6.989642,"source":"SciGRID_gas IGGIELGNC-3","source_url":"https://github.com/Netizine/SciGRID_gas-IGGIELGNC-3"}},{"type":"Feature","geometry":{"type":"LineString","coordinates":[[4.79938,52.8508],[5.06728,52.78373]]},"properties":{"kind":"gas_pipeline","name":"PLM_1735_Seg_0_Seg_0","diameter_mm":900.0,"pressure_bar":70.0,"capacity_mcmd":27.39699999999984,"length_km":24.135673,"source":"SciGRID_gas IGGIELGNC-3","source_url":"https://github.com/Netizine/SciGRID_gas-IGGIELGNC-3"}},{"type":"Feature","geometry":{"type":"LineString","coordinates":[[5.06728,52.78373],[5.76341,53.0835]]},"properties":{"kind":"gas_pipeline","name":"PLM_1735_Seg_0_Seg_1","diameter_mm":900.0,"pressure_bar":70.0,"capacity_mcmd":27.39699999999984,"length_km":59.015284,"source":"SciGRID_gas IGGIELGNC-3","source_url":"https://github.com/Netizine/SciGRID_gas-IGGIELGNC-3"}},{"type":"Feature","geometry":{"type":"LineString","coordinates":[[5.739351,50.753777],[5.81363,50.64539]]},"properties":{"kind":"gas_pipeline","name":"PLM_1850_Seg_0_Seg_0","diameter_mm":900.0,"pressure_bar":70.0,"capacity_mcmd":19.988096701320938,"length_km":13.142636,"source":"SciGRID_gas IGGIELGNC-3","source_url":"https://github.com/Netizine/SciGRID_gas-IGGIELGNC-3"}},{"type":"Feature","geometry":{"type":"LineString","coordinates":[[5.81363,50.64539],[5.90379,50.17681]]},"properties":{"kind":"gas_pipeline","name":"PLM_1851_Seg_0_Seg_0","diameter_mm":900.0,"pressure_bar":70.0,"capacity_mcmd":27.39699999999984,"length_km":52.870055,"source":"SciGRID_gas IGGIELGNC-3","source_url":"https://github.com/Netizine/SciGRID_gas-IGGIELGNC-3"}},{"type":"Feature","geometry":{"type":"LineString","coordinates":[[6.09922,49.56037],[5.91481,49.55627]]},"properties":{"kind":"gas_pipeline","name":"PLM_1853_Seg_0_Seg_0","diameter_mm":900.0,"pressure_bar":70.0,"capacity_mcmd":4.293217953452737,"length_km":13.313336,"source":"SciGRID_gas IGGIELGNC-3","source_url":"https://github.com/Netizine/SciGRID_gas-IGGIELGNC-3"}},{"type":"Feature","geometry":{"type":"LineString","coordinates":[[5.26099,50.31299],[5.22121,50.56713]]},"properties":{"kind":"gas_pipeline","name":"PLM_1855_Seg_0_Seg_0","diameter_mm":900.0,"pressure_bar":70.0,"capacity_mcmd":27.39699999999984,"length_km":28.493013,"source":"SciGRID_gas IGGIELGNC-3","source_url":"https://github.com/Netizine/SciGRID_gas-IGGIELGNC-3"}},{"type":"Feature","geometry":{"type":"LineString","coordinates":[[15.39828,53.13567],[15.76865,53.21258]]},"properties":{"kind":"gas_pipeline","name":"PLM_2014_Seg_0_Seg_0","diameter_mm":900.0,"pressure_bar":70.0,"capacity_mcmd":27.39699999999984,"length_km":27.111953,"source":"SciGRID_gas IGGIELGNC-3","source_url":"https://github.com/Netizine/SciGRID_gas-IGGIELGNC-3"}},{"type":"Feature","geometry":{"type":"LineString","coordinates":[[15.76865,53.21258],[16.89136,52.93123]]},"properties":{"kind":"gas_pipeline","name":"PLM_2014_Seg_0_Seg_1","diameter_mm":900.0,"pressure_bar":70.0,"capacity_mcmd":27.39699999999984,"length_km":95.129461,"source":"SciGRID_gas IGGIELGNC-3","source_url":"https://github.com/Netizine/SciGRID_gas-IGGIELGNC-3"}},{"type":"Feature","geometry":{"type":"LineString","coordinates":[[12.549857,49.663384],[14.30467,50.31067]]},"properties":{"kind":"gas_pipeline","name":"PLM_2023_Seg_0_Seg_0","diameter_mm":900.0,"pressure_bar":70.0,"capacity_mcmd":79.78523282758785,"length_km":145.267614,"source":"SciGRID_gas IGGIELGNC-3","source_url":"https://github.com/Netizine/SciGRID_gas-IGGIELGNC-3"}},{"type":"Feature","geometry":{"type":"LineString","coordinates":[[6.98279,47.5502],[6.51245,47.58976]]},"properties":{"kind":"gas_pipeline","name":"PLM_2092_Seg_0_Seg_0","diameter_mm":900.0,"pressure_bar":70.0,"capacity_mcmd":27.39699999999984,"length_km":35.704079,"source":"SciGRID_gas IGGIELGNC-3","source_url":"https://github.com/Netizine/SciGRID_gas-IGGIELGNC-3"}},{"type":"Feature","geometry":{"type":"LineString","coordinates":[[6.51245,47.58976],[6.23948,47.69082]]},"properties":{"kind":"gas_pipeline","name":"PLM_2093_Seg_0_Seg_0","diameter_mm":900.0,"pressure_bar":70.0,"capacity_mcmd":27.39699999999984,"length_km":23.499387,"source":"SciGRID_gas IGGIELGNC-3","source_url":"https://github.com/Netizine/SciGRID_gas-IGGIELGNC-3"}},{"type":"Feature","geometry":{"type":"LineString","coordinates":[[6.23948,47.69082],[5.17495,47.84579]]},"properties":{"kind":"gas_pipeline","name":"PLM_2094_Seg_0_Seg_0","diameter_mm":900.0,"pressure_bar":70.0,"capacity_mcmd":27.39699999999984,"length_km":82.651178,"source":"SciGRID_gas IGGIELGNC-3","source_url":"https://github.com/Netizine/SciGRID_gas-IGGIELGNC-3"}},{"type":"Feature","geometry":{"type":"LineString","coordinates":[[5.17495,47.84579],[4.99125,47.33502]]},"properties":{"kind":"gas_pipeline","name":"PLM_2095_Seg_0_Seg_0","diameter_mm":900.0,"pressure_bar":70.0,"capacity_mcmd":27.39699999999984,"length_km":59.113443,"source":"SciGRID_gas IGGIELGNC-3","source_url":"https://github.com/Netizine/SciGRID_gas-IGGIELGNC-3"}},{"type":"Feature","geometry":{"type":"LineString","coordinates":[[15.53527,51.00693],[15.89697,51.0336]]},"properties":{"kind":"gas_pipeline","name":"PLM_2283_Seg_0_Seg_0","diameter_mm":900.0,"pressure_bar":70.0,"capacity_mcmd":27.39699999999984,"length_km":29.095553,"source":"SciGRID_gas IGGIELGNC-3","source_url":"https://github.com/Netizine/SciGRID_gas-IGGIELGNC-3"}},{"type":"Feature","geometry":{"type":"LineString","coordinates":[[15.89697,51.0336],[16.27348,51.15058]]},"properties":{"kind":"gas_pipeline","name":"PLM_2283_Seg_0_Seg_1","diameter_mm":900.0,"pressure_bar":70.0,"capacity_mcmd":27.39699999999984,"length_km":32.520425,"source":"SciGRID_gas IGGIELGNC-3","source_url":"https://github.com/Netizine/SciGRID_gas-IGGIELGNC-3"}},{"type":"Feature","geometry":{"type":"LineString","coordinates":[[4.54005,52.13164],[5.52057,52.24046]]},"properties":{"kind":"gas_pipeline","name":"PLM_2391_Seg_0_Seg_0","diameter_mm":900.0,"pressure_bar":70.0,"capacity_mcmd":27.39699999999984,"length_km":76.986802,"source":"SciGRID_gas IGGIELGNC-3","source_url":"https://github.com/Netizine/SciGRID_gas-IGGIELGNC-3"}},{"type":"Feature","geometry":{"type":"LineString","coordinates":[[5.52057,52.24046],[5.84356,52.39238]]},"properties":{"kind":"gas_pipeline","name":"PLM_2392_Seg_0_Seg_0","diameter_mm":900.0,"pressure_bar":70.0,"capacity_mcmd":27.39699999999984,"length_km":28.96919,"source":"SciGRID_gas IGGIELGNC-3","source_url":"https://github.com/Netizine/SciGRID_gas-IGGIELGNC-3"}},{"type":"Feature","geometry":{"type":"LineString","coordinates":[[5.84356,52.39238],[6.07198,52.46576]]},"properties":{"kind":"gas_pipeline","name":"PLM_2393_Seg_0_Seg_0","diameter_mm":900.0,"pressure_bar":70.0,"capacity_mcmd":27.39699999999984,"length_km":18.081772,"source":"SciGRID_gas IGGIELGNC-3","source_url":"https://github.com/Netizine/SciGRID_gas-IGGIELGNC-3"}},{"type":"Feature","geometry":{"type":"LineString","coordinates":[[6.07198,52.46576],[6.46267,52.57127]]},"properties":{"kind":"gas_pipeline","name":"PLM_2393_Seg_0_Seg_1","diameter_mm":900.0,"pressure_bar":70.0,"capacity_mcmd":27.39699999999984,"length_km":29.564613,"source":"SciGRID_gas IGGIELGNC-3","source_url":"https://github.com/Netizine/SciGRID_gas-IGGIELGNC-3"}},{"type":"Feature","geometry":{"type":"LineString","coordinates":[[6.72524,53.03943],[6.41908,53.11639]]},"properties":{"kind":"gas_pipeline","name":"PLM_2397_Seg_0_Seg_0","diameter_mm":900.0,"pressure_bar":70.0,"capacity_mcmd":27.39699999999984,"length_km":25.617888,"source":"SciGRID_gas IGGIELGNC-3","source_url":"https://github.com/Netizine/SciGRID_gas-IGGIELGNC-3"}},{"type":"Feature","geometry":{"type":"LineString","coordinates":[[6.41908,53.11639],[6.10078,53.05933]]},"properties":{"kind":"gas_pipeline","name":"PLM_2397_Seg_0_Seg_1","diameter_mm":900.0,"pressure_bar":70.0,"capacity_mcmd":27.39699999999984,"length_km":22.553358,"source":"SciGRID_gas IGGIELGNC-3","source_url":"https://github.com/Netizine/SciGRID_gas-IGGIELGNC-3"}},{"type":"Feature","geometry":{"type":"LineString","coordinates":[[6.10078,53.05933],[5.9614,53.10485]]},"properties":{"kind":"gas_pipeline","name":"PLM_2397_Seg_0_Seg_2","diameter_mm":900.0,"pressure_bar":70.0,"capacity_mcmd":27.39699999999984,"length_km":10.599765,"source":"SciGRID_gas IGGIELGNC-3","source_url":"https://github.com/Netizine/SciGRID_gas-IGGIELGNC-3"}},{"type":"Feature","geometry":{"type":"LineString","coordinates":[[4.02526,48.59666],[5.32712,48.66314]]},"properties":{"kind":"gas_pipeline","name":"PLM_2459_Seg_0_Seg_0","diameter_mm":900.0,"pressure_bar":70.0,"capacity_mcmd":27.39699999999984,"length_km":97.116912,"source":"SciGRID_gas IGGIELGNC-3","source_url":"https://github.com/Netizine/SciGRID_gas-IGGIELGNC-3"}},{"type":"Feature","geometry":{"type":"LineString","coordinates":[[5.32712,48.66314],[5.43411,48.72557]]},"properties":{"kind":"gas_pipeline","name":"PLM_2460_Seg_0_Seg_0","diameter_mm":900.0,"pressure_bar":70.0,"capacity_mcmd":27.39699999999984,"length_km":10.484495,"source":"SciGRID_gas IGGIELGNC-3","source_url":"https://github.com/Netizine/SciGRID_gas-IGGIELGNC-3"}},{"type":"Feature","geometry":{"type":"LineString","coordinates":[[6.09305,49.24389],[5.76125,49.07541]]},"properties":{"kind":"gas_pipeline","name":"PLM_2465_Seg_0_Seg_0","diameter_mm":900.0,"pressure_bar":70.0,"capacity_mcmd":27.39699999999984,"length_km":32.012394,"source":"SciGRID_gas IGGIELGNC-3","source_url":"https://github.com/Netizine/SciGRID_gas-IGGIELGNC-3"}},{"type":"Feature","geometry":{"type":"LineString","coordinates":[[7.14587,49.08824],[7.08927,49.02305]]},"properties":{"kind":"gas_pipeline","name":"PLM_2476_Seg_0_Seg_0","diameter_mm":900.0,"pressure_bar":70.0,"capacity_mcmd":27.39699999999984,"length_km":8.342616,"source":"SciGRID_gas IGGIELGNC-3","source_url":"https://github.com/Netizine/SciGRID_gas-IGGIELGNC-3"}},{"type":"Feature","geometry":{"type":"LineString","coordinates":[[7.08927,49.02305],[6.79809,48.65301]]},"properties":{"kind":"gas_pipeline","name":"PLM_2477_Seg_0_Seg_0","diameter_mm":900.0,"pressure_bar":70.0,"capacity_mcmd":27.39699999999984,"length_km":46.352358,"source":"SciGRID_gas IGGIELGNC-3","source_url":"https://github.com/Netizine/SciGRID_gas-IGGIELGNC-3"}},{"type":"Feature","geometry":{"type":"LineString","coordinates":[[6.93055,53.17842],[6.77359,53.19089]]},"properties":{"kind":"gas_pipeline","name":"PLM_2492_Seg_0_Seg_0","diameter_mm":900.0,"pressure_bar":70.0,"capacity_mcmd":27.39699999999984,"length_km":10.553422,"source":"SciGRID_gas IGGIELGNC-3","source_url":"https://github.com/Netizine/SciGRID_gas-IGGIELGNC-3"}},{"type":"Feature","geometry":{"type":"LineString","coordinates":[[6.27938,53.28106],[6.15194,53.23456]]},"properties":{"kind":"gas_pipeline","name":"PLM_2495_Seg_0_Seg_0","diameter_mm":900.0,"pressure_bar":70.0,"capacity_mcmd":27.39699999999984,"length_km":9.932681,"source":"SciGRID_gas IGGIELGNC-3","source_url":"https://github.com/Netizine/SciGRID_gas-IGGIELGNC-3"}},{"type":"Feature","geometry":{"type":"LineString","coordinates":[[5.3927,47.94583],[5.117551,48.078045]]},"properties":{"kind":"gas_pipeline","name":"ST_3742_Seg_0_Seg_0","diameter_mm":900.0,"pressure_bar":70.0,"capacity_mcmd":27.39699999999984,"length_km":51.647717,"source":"SciGRID_gas IGGIELGNC-3","source_url":"https://github.com/Netizine/SciGRID_gas-IGGIELGNC-3"}},{"type":"Feature","geometry":{"type":"LineString","coordinates":[[5.86534,53.36616],[6.15194,53.23456]]},"properties":{"kind":"gas_pipeline","name":"PLS_3920_Seg_0_Seg_0","diameter_mm":900.0,"pressure_bar":70.0,"capacity_mcmd":27.39699999999984,"length_km":27.699718,"source":"SciGRID_gas IGGIELGNC-3","source_url":"https://github.com/Netizine/SciGRID_gas-IGGIELGNC-3"}},{"type":"Feature","geometry":{"type":"LineString","coordinates":[[6.159476,50.417787],[5.90379,50.17681]]},"properties":{"kind":"gas_pipeline","name":"PLS_4120_Seg_0_Seg_0","diameter_mm":900.0,"pressure_bar":70.0,"capacity_mcmd":27.39699999999984,"length_km":32.56997,"source":"SciGRID_gas IGGIELGNC-3","source_url":"https://github.com/Netizine/SciGRID_gas-IGGIELGNC-3"}},{"type":"Feature","geometry":{"type":"LineString","coordinates":[[6.09127,48.41759],[6.207341,48.338547]]},"properties":{"kind":"gas_pipeline","name":"PLS_4344_Seg_0_Seg_0","diameter_mm":900.0,"pressure_bar":70.0,"capacity_mcmd":27.39699999999984,"length_km":25.268968,"source":"SciGRID_gas IGGIELGNC-3","source_url":"https://github.com/Netizine/SciGRID_gas-IGGIELGNC-3"}},{"type":"Feature","geometry":{"type":"LineString","coordinates":[[5.12678,51.19597],[5.06777,51.22647]]},"properties":{"kind":"gas_pipeline","name":"PLS_4463_Seg_0_Seg_0","diameter_mm":900.0,"pressure_bar":70.0,"capacity_mcmd":27.39699999999984,"length_km":5.330684,"source":"SciGRID_gas IGGIELGNC-3","source_url":"https://github.com/Netizine/SciGRID_gas-IGGIELGNC-3"}},{"type":"Feature","geometry":{"type":"LineString","coordinates":[[5.84678,48.23574],[5.12492,48.63445]]},"properties":{"kind":"gas_pipeline","name":"PLS_4650_Seg_0_Seg_0","diameter_mm":900.0,"pressure_bar":70.0,"capacity_mcmd":27.39699999999984,"length_km":76.205156,"source":"SciGRID_gas IGGIELGNC-3","source_url":"https://github.com/Netizine/SciGRID_gas-IGGIELGNC-3"}},{"type":"Feature","geometry":{"type":"LineString","coordinates":[[12.20574,47.53256],[12.22717,47.6481]]},"properties":{"kind":"gas_pipeline","name":"PLS_4833_Seg_0_Seg_0","diameter_mm":900.0,"pressure_bar":70.0,"capacity_mcmd":27.39699999999984,"length_km":12.952345,"source":"SciGRID_gas IGGIELGNC-3","source_url":"https://github.com/Netizine/SciGRID_gas-IGGIELGNC-3"}},{"type":"Feature","geometry":{"type":"LineString","coordinates":[[16.20374,47.82401],[15.5448,48.11427]]},"properties":{"kind":"gas_pipeline","name":"PLS_4837_Seg_0_Seg_0","diameter_mm":900.0,"pressure_bar":70.0,"capacity_mcmd":27.39699999999984,"length_km":67.182026,"source":"SciGRID_gas IGGIELGNC-3","source_url":"https://github.com/Netizine/SciGRID_gas-IGGIELGNC-3"}},{"type":"Feature","geometry":{"type":"LineString","coordinates":[[15.5448,48.11427],[15.897494,48.431986]]},"properties":{"kind":"gas_pipeline","name":"PLS_4837_Seg_0_Seg_3","diameter_mm":900.0,"pressure_bar":70.0,"capacity_mcmd":27.39699999999984,"length_km":45.037209,"source":"SciGRID_gas IGGIELGNC-3","source_url":"https://github.com/Netizine/SciGRID_gas-IGGIELGNC-3"}},{"type":"Feature","geometry":{"type":"LineString","coordinates":[[8.5465,47.4538],[8.70833,47.26702]]},"properties":{"kind":"gas_pipeline","name":"PLS_4951_Seg_0_Seg_0","diameter_mm":900.0,"pressure_bar":70.0,"capacity_mcmd":27.39699999999984,"length_km":24.240691,"source":"SciGRID_gas IGGIELGNC-3","source_url":"https://github.com/Netizine/SciGRID_gas-IGGIELGNC-3"}},{"type":"Feature","geometry":{"type":"LineString","coordinates":[[5.4741,51.03805],[5.12678,51.19597]]},"properties":{"kind":"gas_pipeline","name":"PLS_4965_Seg_0_Seg_0","diameter_mm":900.0,"pressure_bar":70.0,"capacity_mcmd":27.39699999999984,"length_km":33.295816,"source":"SciGRID_gas IGGIELGNC-3","source_url":"https://github.com/Netizine/SciGRID_gas-IGGIELGNC-3"}},{"type":"Feature","geometry":{"type":"LineString","coordinates":[[12.09347,55.67383],[12.088787,55.802751]]},"properties":{"kind":"gas_pipeline","name":"PLS_4978_Seg_0_Seg_0","diameter_mm":900.0,"pressure_bar":70.0,"capacity_mcmd":27.39699999999984,"length_km":34.419825,"source":"SciGRID_gas IGGIELGNC-3","source_url":"https://github.com/Netizine/SciGRID_gas-IGGIELGNC-3"}},{"type":"Feature","geometry":{"type":"LineString","coordinates":[[16.15602,51.54489],[15.58515,51.95832]]},"properties":{"kind":"gas_pipeline","name":"PLS_5117_Seg_0_Seg_0","diameter_mm":900.0,"pressure_bar":70.0,"capacity_mcmd":27.39699999999984,"length_km":65.285386,"source":"SciGRID_gas IGGIELGNC-3","source_url":"https://github.com/Netizine/SciGRID_gas-IGGIELGNC-3"}},{"type":"Feature","geometry":{"type":"LineString","coordinates":[[14.02005,47.9831],[14.18417,47.59174]]},"properties":{"kind":"gas_pipeline","name":"PLS_5122_Seg_0_Seg_0","diameter_mm":900.0,"pressure_bar":70.0,"capacity_mcmd":27.39699999999984,"length_km":46.777259,"source":"SciGRID_gas IGGIELGNC-3","source_url":"https://github.com/Netizine/SciGRID_gas-IGGIELGNC-3"}},{"type":"Feature","geometry":{"type":"LineString","coordinates":[[14.18417,47.59174],[14.20268,47.4514]]},"properties":{"kind":"gas_pipeline","name":"PLS_5122_Seg_0_Seg_3","diameter_mm":900.0,"pressure_bar":70.0,"capacity_mcmd":27.39699999999984,"length_km":17.580734,"source":"SciGRID_gas IGGIELGNC-3","source_url":"https://github.com/Netizine/SciGRID_gas-IGGIELGNC-3"}},{"type":"Feature","geometry":{"type":"LineString","coordinates":[[14.20268,47.4514],[14.77029,47.2763]]},"properties":{"kind":"gas_pipeline","name":"PLS_5122_Seg_0_Seg_4","diameter_mm":900.0,"pressure_bar":70.0,"capacity_mcmd":27.39699999999984,"length_km":47.758089,"source":"SciGRID_gas IGGIELGNC-3","source_url":"https://github.com/Netizine/SciGRID_gas-IGGIELGNC-3"}},{"type":"Feature","geometry":{"type":"LineString","coordinates":[[5.52057,52.24046],[5.059157,52.281929]]},"properties":{"kind":"gas_pipeline","name":"PLS_5177_Seg_0_Seg_0","diameter_mm":900.0,"pressure_bar":70.0,"capacity_mcmd":27.39699999999984,"length_km":32.222894,"source":"SciGRID_gas IGGIELGNC-3","source_url":"https://github.com/Netizine/SciGRID_gas-IGGIELGNC-3"}},{"type":"Feature","geometry":{"type":"LineString","coordinates":[[4.997533,50.1539],[5.26099,50.31299]]},"properties":{"kind":"gas_pipeline","name":"PLS_5181_Seg_0_Seg_0","diameter_mm":900.0,"pressure_bar":70.0,"capacity_mcmd":27.39699999999984,"length_km":27.492867,"source":"SciGRID_gas IGGIELGNC-3","source_url":"https://github.com/Netizine/SciGRID_gas-IGGIELGNC-3"}},{"type":"Feature","geometry":{"type":"LineString","coordinates":[[6.09305,49.24389],[5.77281,49.47807]]},"properties":{"kind":"gas_pipeline","name":"PLS_5311_Seg_0_Seg_0","diameter_mm":900.0,"pressure_bar":70.0,"capacity_mcmd":27.39699999999984,"length_km":39.184182,"source":"SciGRID_gas IGGIELGNC-3","source_url":"https://github.com/Netizine/SciGRID_gas-IGGIELGNC-3"}},{"type":"Feature","geometry":{"type":"LineString","coordinates":[[5.81363,50.64539],[5.64582,50.6764]]},"properties":{"kind":"gas_pipeline","name":"PLS_5333_Seg_0_Seg_0","diameter_mm":900.0,"pressure_bar":70.0,"capacity_mcmd":27.39699999999984,"length_km":13.392704,"source":"SciGRID_gas IGGIELGNC-3","source_url":"https://github.com/Netizine/SciGRID_gas-IGGIELGNC-3"}},{"type":"Feature","geometry":{"type":"LineString","coordinates":[[15.43158,51.14083],[15.53527,51.00693]]},"properties":{"kind":"gas_pipeline","name":"PLS_5351_Seg_0_Seg_0","diameter_mm":900.0,"pressure_bar":70.0,"capacity_mcmd":27.39699999999984,"length_km":16.567366,"source":"SciGRID_gas IGGIELGNC-3","source_url":"https://github.com/Netizine/SciGRID_gas-IGGIELGNC-3"}},{"type":"Feature","geometry":{"type":"LineString","coordinates":[[11.25463,47.21445],[10.7536,47.26709]]},"properties":{"kind":"gas_pipeline","name":"PLS_5481_Seg_0_Seg_0","diameter_mm":900.0,"pressure_bar":70.0,"capacity_mcmd":27.39699999999984,"length_km":41.747098,"source":"SciGRID_gas IGGIELGNC-3","source_url":"https://github.com/Netizine/SciGRID_gas-IGGIELGNC-3"}},{"type":"Feature","geometry":{"type":"LineString","coordinates":[[14.73546,49.54825],[14.048542,49.657311]]},"properties":{"kind":"gas_pipeline","name":"PLS_5488_Seg_0_Seg_0","diameter_mm":900.0,"pressure_bar":70.0,"capacity_mcmd":27.39699999999984,"length_km":51.688139,"source":"SciGRID_gas IGGIELGNC-3","source_url":"https://github.com/Netizine/SciGRID_gas-IGGIELGNC-3"}},{"type":"Feature","geometry":{"type":"LineString","coordinates":[[4.973132,48.699704],[5.12492,48.63445]]},"properties":{"kind":"gas_pipeline","name":"PLS_5532_Seg_0_Seg_1","diameter_mm":900.0,"pressure_bar":70.0,"capacity_mcmd":27.39699999999984,"length_km":23.353394,"source":"SciGRID_gas IGGIELGNC-3","source_url":"https://github.com/Netizine/SciGRID_gas-IGGIELGNC-3"}},{"type":"Feature","geometry":{"type":"LineString","coordinates":[[5.12492,48.63445],[5.32712,48.66314]]},"properties":{"kind":"gas_pipeline","name":"PLS_5548_Seg_0_Seg_0","diameter_mm":900.0,"pressure_bar":70.0,"capacity_mcmd":27.39699999999984,"length_km":17.635672,"source":"SciGRID_gas IGGIELGNC-3","source_url":"https://github.com/Netizine/SciGRID_gas-IGGIELGNC-3"}},{"type":"Feature","geometry":{"type":"LineString","coordinates":[[5.54442,46.846987],[5.31099,47.07786]]},"properties":{"kind":"gas_pipeline","name":"PLS_5596_Seg_0_Seg_0","diameter_mm":900.0,"pressure_bar":70.0,"capacity_mcmd":27.39699999999984,"length_km":35.591507,"source":"SciGRID_gas IGGIELGNC-3","source_url":"https://github.com/Netizine/SciGRID_gas-IGGIELGNC-3"}},{"type":"Feature","geometry":{"type":"LineString","coordinates":[[5.6525,50.96956],[5.66976,50.74053]]},"properties":{"kind":"gas_pipeline","name":"PLS_5633_Seg_0_Seg_0","diameter_mm":900.0,"pressure_bar":70.0,"capacity_mcmd":27.39699999999984,"length_km":25.559369,"source":"SciGRID_gas IGGIELGNC-3","source_url":"https://github.com/Netizine/SciGRID_gas-IGGIELGNC-3"}},{"type":"Feature","geometry":{"type":"LineString","coordinates":[[14.507586,50.021073],[14.72171,50.11028]]},"properties":{"kind":"gas_pipeline","name":"PLS_5654_Seg_0_Seg_0","diameter_mm":900.0,"pressure_bar":70.0,"capacity_mcmd":27.39699999999984,"length_km":20.073324,"source":"SciGRID_gas IGGIELGNC-3","source_url":"https://github.com/Netizine/SciGRID_gas-IGGIELGNC-3"}},{"type":"Feature","geometry":{"type":"LineString","coordinates":[[14.434969,50.068419],[14.30467,50.31067]]},"properties":{"kind":"gas_pipeline","name":"PLS_5655_Seg_0_Seg_0","diameter_mm":900.0,"pressure_bar":70.0,"capacity_mcmd":27.39699999999984,"length_km":38.077455,"source":"SciGRID_gas IGGIELGNC-3","source_url":"https://github.com/Netizine/SciGRID_gas-IGGIELGNC-3"}},{"type":"Feature","geometry":{"type":"LineString","coordinates":[[15.2687,52.7496],[15.37351,52.77191]]},"properties":{"kind":"gas_pipeline","name":"PLS_5673_Seg_0_Seg_0","diameter_mm":900.0,"pressure_bar":70.0,"capacity_mcmd":27.39699999999984,"length_km":11.206143,"source":"SciGRID_gas IGGIELGNC-3","source_url":"https://github.com/Netizine/SciGRID_gas-IGGIELGNC-3"}},{"type":"Feature","geometry":{"type":"LineString","coordinates":[[15.37351,52.77191],[15.34635,52.99753]]},"properties":{"kind":"gas_pipeline","name":"PLS_5674_Seg_0_Seg_0","diameter_mm":900.0,"pressure_bar":70.0,"capacity_mcmd":27.39699999999984,"length_km":25.854451,"source":"SciGRID_gas IGGIELGNC-3","source_url":"https://github.com/Netizine/SciGRID_gas-IGGIELGNC-3"}},{"type":"Feature","geometry":{"type":"LineString","coordinates":[[15.34635,52.99753],[15.39828,53.13567]]},"properties":{"kind":"gas_pipeline","name":"PLS_5675_Seg_0_Seg_0","diameter_mm":900.0,"pressure_bar":70.0,"capacity_mcmd":27.39699999999984,"length_km":15.901529,"source":"SciGRID_gas IGGIELGNC-3","source_url":"https://github.com/Netizine/SciGRID_gas-IGGIELGNC-3"}},{"type":"Feature","geometry":{"type":"LineString","coordinates":[[7.59266,47.42999],[7.6285,47.51811]]},"properties":{"kind":"gas_pipeline","name":"PLS_5744_Seg_0_Seg_0","diameter_mm":900.0,"pressure_bar":70.0,"capacity_mcmd":2.0,"length_km":10.165208,"source":"SciGRID_gas IGGIELGNC-3","source_url":"https://github.com/Netizine/SciGRID_gas-IGGIELGNC-3"}},{"type":"Feature","geometry":{"type":"LineString","coordinates":[[8.31414,47.43922],[8.21797,47.05671]]},"properties":{"kind":"gas_pipeline","name":"PLS_5747_Seg_0_Seg_0","diameter_mm":900.0,"pressure_bar":70.0,"capacity_mcmd":27.39699999999984,"length_km":45.860147,"source":"SciGRID_gas IGGIELGNC-3","source_url":"https://github.com/Netizine/SciGRID_gas-IGGIELGNC-3"}},{"type":"Feature","geometry":{"type":"LineString","coordinates":[[8.21797,47.05671],[7.92755,47.27667]]},"properties":{"kind":"gas_pipeline","name":"PLS_5747_Seg_0_Seg_2","diameter_mm":900.0,"pressure_bar":70.0,"capacity_mcmd":27.39699999999984,"length_km":38.552827,"source":"SciGRID_gas IGGIELGNC-3","source_url":"https://github.com/Netizine/SciGRID_gas-IGGIELGNC-3"}},{"type":"Feature","geometry":{"type":"LineString","coordinates":[[11.25463,47.21445],[11.99147,47.49413]]},"properties":{"kind":"gas_pipeline","name":"PLS_5770_Seg_0_Seg_0","diameter_mm":900.0,"pressure_bar":70.0,"capacity_mcmd":27.39699999999984,"length_km":64.361046,"source":"SciGRID_gas IGGIELGNC-3","source_url":"https://github.com/Netizine/SciGRID_gas-IGGIELGNC-3"}},{"type":"Feature","geometry":{"type":"LineString","coordinates":[[11.99147,47.49413],[12.20574,47.53256]]},"properties":{"kind":"gas_pipeline","name":"PLS_5770_Seg_0_Seg_3","diameter_mm":900.0,"pressure_bar":70.0,"capacity_mcmd":27.39699999999984,"length_km":17.235331,"source":"SciGRID_gas IGGIELGNC-3","source_url":"https://github.com/Netizine/SciGRID_gas-IGGIELGNC-3"}},{"type":"Feature","geometry":{"type":"LineString","coordinates":[[9.76448,47.22211],[9.5783,47.36242]]},"properties":{"kind":"gas_pipeline","name":"PLS_5772_Seg_0_Seg_0","diameter_mm":900.0,"pressure_bar":70.0,"capacity_mcmd":27.39699999999984,"length_km":21.705948,"source":"SciGRID_gas IGGIELGNC-3","source_url":"https://github.com/Netizine/SciGRID_gas-IGGIELGNC-3"}},{"type":"Feature","geometry":{"type":"LineString","coordinates":[[9.5783,47.36242],[9.59059,47.48454]]},"properties":{"kind":"gas_pipeline","name":"PLS_5772_Seg_0_Seg_1","diameter_mm":900.0,"pressure_bar":70.0,"capacity_mcmd":27.39699999999984,"length_km":13.616638,"source":"SciGRID_gas IGGIELGNC-3","source_url":"https://github.com/Netizine/SciGRID_gas-IGGIELGNC-3"}},{"type":"Feature","geometry":{"type":"LineString","coordinates":[[5.06245,47.32966],[5.06343,47.03009]]},"properties":{"kind":"gas_pipeline","name":"PLS_5859_Seg_0_Seg_0","diameter_mm":900.0,"pressure_bar":70.0,"capacity_mcmd":27.39699999999984,"length_km":45.982854,"source":"SciGRID_gas IGGIELGNC-3","source_url":"https://github.com/Netizine/SciGRID_gas-IGGIELGNC-3"}},{"type":"Feature","geometry":{"type":"LineString","coordinates":[[5.06343,47.03009],[5.31099,47.07786]]},"properties":{"kind":"gas_pipeline","name":"PLS_5860_Seg_0_Seg_0","diameter_mm":900.0,"pressure_bar":70.0,"capacity_mcmd":27.39699999999984,"length_km":22.943802,"source":"SciGRID_gas IGGIELGNC-3","source_url":"https://github.com/Netizine/SciGRID_gas-IGGIELGNC-3"}},{"type":"Feature","geometry":{"type":"LineString","coordinates":[[7.98802,47.42002],[7.92755,47.27667]]},"properties":{"kind":"gas_pipeline","name":"PLS_5963_Seg_0_Seg_0","diameter_mm":900.0,"pressure_bar":70.0,"capacity_mcmd":27.39699999999984,"length_km":16.701387,"source":"SciGRID_gas IGGIELGNC-3","source_url":"https://github.com/Netizine/SciGRID_gas-IGGIELGNC-3"}},{"type":"Feature","geometry":{"type":"LineString","coordinates":[[7.81818,47.26176],[7.92755,47.27667]]},"properties":{"kind":"gas_pipeline","name":"PLS_5964_Seg_0_Seg_0","diameter_mm":900.0,"pressure_bar":70.0,"capacity_mcmd":27.39699999999984,"length_km":8.419702,"source":"SciGRID_gas IGGIELGNC-3","source_url":"https://github.com/Netizine/SciGRID_gas-IGGIELGNC-3"}},{"type":"Feature","geometry":{"type":"LineString","coordinates":[[4.91553,50.47739],[5.22121,50.56713]]},"properties":{"kind":"gas_pipeline","name":"PLS_6017_Seg_0_Seg_0","diameter_mm":900.0,"pressure_bar":70.0,"capacity_mcmd":27.39699999999984,"length_km":24.860823,"source":"SciGRID_gas IGGIELGNC-3","source_url":"https://github.com/Netizine/SciGRID_gas-IGGIELGNC-3"}},{"type":"Feature","geometry":{"type":"LineString","coordinates":[[5.09865,50.71522],[5.10895,50.7797]]},"properties":{"kind":"gas_pipeline","name":"PLS_6018_Seg_0_Seg_0","diameter_mm":900.0,"pressure_bar":70.0,"capacity_mcmd":27.39699999999984,"length_km":7.208641,"source":"SciGRID_gas IGGIELGNC-3","source_url":"https://github.com/Netizine/SciGRID_gas-IGGIELGNC-3"}},{"type":"Feature","geometry":{"type":"LineString","coordinates":[[7.44275,48.17185],[7.49552,48.21232]]},"properties":{"kind":"gas_pipeline","name":"PLS_6069_Seg_0_Seg_0","diameter_mm":900.0,"pressure_bar":70.0,"capacity_mcmd":27.39699999999984,"length_km":28.216269,"source":"SciGRID_gas IGGIELGNC-3","source_url":"https://github.com/Netizine/SciGRID_gas-IGGIELGNC-3"}},{"type":"Feature","geometry":{"type":"LineString","coordinates":[[7.58774,48.27313],[7.49552,48.21232]]},"properties":{"kind":"gas_pipeline","name":"PLS_6071_Seg_0_Seg_0","diameter_mm":900.0,"pressure_bar":70.0,"capacity_mcmd":27.39699999999984,"length_km":9.613386,"source":"SciGRID_gas IGGIELGNC-3","source_url":"https://github.com/Netizine/SciGRID_gas-IGGIELGNC-3"}},{"type":"Feature","geometry":{"type":"LineString","coordinates":[[6.28256,48.5706],[6.24283,47.78393]]},"properties":{"kind":"gas_pipeline","name":"PLS_6075_Seg_0_Seg_0","diameter_mm":900.0,"pressure_bar":70.0,"capacity_mcmd":27.39699999999984,"length_km":110.956465,"source":"SciGRID_gas IGGIELGNC-3","source_url":"https://github.com/Netizine/SciGRID_gas-IGGIELGNC-3"}},{"type":"Feature","geometry":{"type":"LineString","coordinates":[[7.76613,48.82955],[7.287561,48.802504]]},"properties":{"kind":"gas_pipeline","name":"PLS_6076_Seg_0_Seg_0","diameter_mm":900.0,"pressure_bar":70.0,"capacity_mcmd":27.39699999999984,"length_km":36.353952,"source":"SciGRID_gas IGGIELGNC-3","source_url":"https://github.com/Netizine/SciGRID_gas-IGGIELGNC-3"}},{"type":"Feature","geometry":{"type":"LineString","coordinates":[[7.05,47.97],[7.19067,48.34696]]},"properties":{"kind":"gas_pipeline","name":"PLS_6077_Seg_0_Seg_0","diameter_mm":900.0,"pressure_bar":70.0,"capacity_mcmd":27.39699999999984,"length_km":49.417143,"source":"SciGRID_gas IGGIELGNC-3","source_url":"https://github.com/Netizine/SciGRID_gas-IGGIELGNC-3"}},{"type":"Feature","geometry":{"type":"LineString","coordinates":[[7.14579,46.95455],[6.739036,47.004802]]},"properties":{"kind":"gas_pipeline","name":"PLS_6079_Seg_0_Seg_0","diameter_mm":900.0,"pressure_bar":70.0,"capacity_mcmd":27.39699999999984,"length_km":35.774357,"source":"SciGRID_gas IGGIELGNC-3","source_url":"https://github.com/Netizine/SciGRID_gas-IGGIELGNC-3"}},{"type":"Feature","geometry":{"type":"LineString","coordinates":[[7.107404,47.324527],[7.59266,47.42999]]},"properties":{"kind":"gas_pipeline","name":"PLS_6080_Seg_0_Seg_0","diameter_mm":900.0,"pressure_bar":70.0,"capacity_mcmd":27.39699999999984,"length_km":40.813282,"source":"SciGRID_gas IGGIELGNC-3","source_url":"https://github.com/Netizine/SciGRID_gas-IGGIELGNC-3"}},{"type":"Feature","geometry":{"type":"LineString","coordinates":[[15.60191,49.71442],[16.046852,49.985636]]},"properties":{"kind":"gas_pipeline","name":"PLS_6091_Seg_0_Seg_0","diameter_mm":900.0,"pressure_bar":70.0,"capacity_mcmd":27.39699999999984,"length_km":46.680103,"source":"SciGRID_gas IGGIELGNC-3","source_url":"https://github.com/Netizine/SciGRID_gas-IGGIELGNC-3"}},{"type":"Feature","geometry":{"type":"LineString","coordinates":[[5.06245,47.32966],[5.18968,47.36793]]},"properties":{"kind":"gas_pipeline","name":"PLS_6124_Seg_0_Seg_0","diameter_mm":900.0,"pressure_bar":70.0,"capacity_mcmd":27.39699999999984,"length_km":10.490735,"source":"SciGRID_gas IGGIELGNC-3","source_url":"https://github.com/Netizine/SciGRID_gas-IGGIELGNC-3"}},{"type":"Feature","geometry":{"type":"LineString","coordinates":[[5.31099,47.07786],[5.18968,47.36793]]},"properties":{"kind":"gas_pipeline","name":"PLS_6126_Seg_0_Seg_0","diameter_mm":900.0,"pressure_bar":70.0,"capacity_mcmd":27.39699999999984,"length_km":34.092027,"source":"SciGRID_gas IGGIELGNC-3","source_url":"https://github.com/Netizine/SciGRID_gas-IGGIELGNC-3"}},{"type":"Feature","geometry":{"type":"LineString","coordinates":[[7.14579,46.95455],[7.44506,47.06687]]},"properties":{"kind":"gas_pipeline","name":"PLS_6130_Seg_0_Seg_0","diameter_mm":900.0,"pressure_bar":70.0,"capacity_mcmd":27.39699999999984,"length_km":26.182092,"source":"SciGRID_gas IGGIELGNC-3","source_url":"https://github.com/Netizine/SciGRID_gas-IGGIELGNC-3"}},{"type":"Feature","geometry":{"type":"LineString","coordinates":[[7.473648,46.979881],[7.44506,47.06687]]},"properties":{"kind":"gas_pipeline","name":"PLS_6136_Seg_0_Seg_1","diameter_mm":900.0,"pressure_bar":70.0,"capacity_mcmd":27.39699999999984,"length_km":20.275624,"source":"SciGRID_gas IGGIELGNC-3","source_url":"https://github.com/Netizine/SciGRID_gas-IGGIELGNC-3"}},{"type":"Feature","geometry":{"type":"LineString","coordinates":[[7.81818,47.26176],[7.44506,47.06687]]},"properties":{"kind":"gas_pipeline","name":"PLS_6137_Seg_0_Seg_0","diameter_mm":900.0,"pressure_bar":70.0,"capacity_mcmd":27.39699999999984,"length_km":36.472731,"source":"SciGRID_gas IGGIELGNC-3","source_url":"https://github.com/Netizine/SciGRID_gas-IGGIELGNC-3"}},{"type":"Feature","geometry":{"type":"LineString","coordinates":[[12.60836,47.49298],[12.20574,47.53256]]},"properties":{"kind":"gas_pipeline","name":"PLS_6166_Seg_0_Seg_0","diameter_mm":900.0,"pressure_bar":70.0,"capacity_mcmd":27.39699999999984,"length_km":33.724558,"source":"SciGRID_gas IGGIELGNC-3","source_url":"https://github.com/Netizine/SciGRID_gas-IGGIELGNC-3"}},{"type":"Feature","geometry":{"type":"LineString","coordinates":[[14.43064,48.096],[14.33452,48.1384]]},"properties":{"kind":"gas_pipeline","name":"PLS_6176_Seg_0_Seg_0","diameter_mm":900.0,"pressure_bar":70.0,"capacity_mcmd":27.39699999999984,"length_km":8.55503,"source":"SciGRID_gas IGGIELGNC-3","source_url":"https://github.com/Netizine/SciGRID_gas-IGGIELGNC-3"}},{"type":"Feature","geometry":{"type":"LineString","coordinates":[[6.037844,47.554767],[6.23948,47.69082]]},"properties":{"kind":"gas_pipeline","name":"PLS_6229_Seg_0_Seg_0","diameter_mm":900.0,"pressure_bar":70.0,"capacity_mcmd":27.39699999999984,"length_km":21.628683,"source":"SciGRID_gas IGGIELGNC-3","source_url":"https://github.com/Netizine/SciGRID_gas-IGGIELGNC-3"}},{"type":"Feature","geometry":{"type":"LineString","coordinates":[[6.23948,47.69082],[6.24283,47.78393]]},"properties":{"kind":"gas_pipeline","name":"PLS_6230_Seg_0_Seg_0","diameter_mm":900.0,"pressure_bar":70.0,"capacity_mcmd":27.39699999999984,"length_km":10.359641,"source":"SciGRID_gas IGGIELGNC-3","source_url":"https://github.com/Netizine/SciGRID_gas-IGGIELGNC-3"}},{"type":"Feature","geometry":{"type":"LineString","coordinates":[[7.59266,47.42999],[7.81818,47.26176]]},"properties":{"kind":"gas_pipeline","name":"PLS_6233_Seg_0_Seg_0","diameter_mm":900.0,"pressure_bar":70.0,"capacity_mcmd":27.39699999999984,"length_km":25.565138,"source":"SciGRID_gas IGGIELGNC-3","source_url":"https://github.com/Netizine/SciGRID_gas-IGGIELGNC-3"}},{"type":"Feature","geometry":{"type":"LineString","coordinates":[[9.00524,47.47335],[9.026426,46.936194]]},"properties":{"kind":"gas_pipeline","name":"PLS_6275_Seg_0_Seg_0","diameter_mm":900.0,"pressure_bar":70.0,"capacity_mcmd":27.39699999999984,"length_km":59.818663,"source":"SciGRID_gas IGGIELGNC-3","source_url":"https://github.com/Netizine/SciGRID_gas-IGGIELGNC-3"}},{"type":"Feature","geometry":{"type":"LineString","coordinates":[[6.51245,47.58976],[6.250549,47.282691]]},"properties":{"kind":"gas_pipeline","name":"PLS_6281_Seg_0_Seg_0","diameter_mm":900.0,"pressure_bar":70.0,"capacity_mcmd":27.39699999999984,"length_km":41.550688,"source":"SciGRID_gas IGGIELGNC-3","source_url":"https://github.com/Netizine/SciGRID_gas-IGGIELGNC-3"}},{"type":"Feature","geometry":{"type":"LineString","coordinates":[[5.11883,49.11045],[5.42079,49.12684]]},"properties":{"kind":"gas_pipeline","name":"PLS_6313_Seg_0_Seg_0","diameter_mm":900.0,"pressure_bar":70.0,"capacity_mcmd":27.39699999999984,"length_km":25.083429,"source":"SciGRID_gas IGGIELGNC-3","source_url":"https://github.com/Netizine/SciGRID_gas-IGGIELGNC-3"}},{"type":"Feature","geometry":{"type":"LineString","coordinates":[[5.42079,49.12684],[5.43224,49.29727]]},"properties":{"kind":"gas_pipeline","name":"PLS_6313_Seg_0_Seg_1","diameter_mm":900.0,"pressure_bar":70.0,"capacity_mcmd":27.39699999999984,"length_km":20.830228,"source":"SciGRID_gas IGGIELGNC-3","source_url":"https://github.com/Netizine/SciGRID_gas-IGGIELGNC-3"}},{"type":"Feature","geometry":{"type":"LineString","coordinates":[[5.43224,49.29727],[5.38428,49.41636]]},"properties":{"kind":"gas_pipeline","name":"PLS_6314_Seg_0_Seg_0","diameter_mm":900.0,"pressure_bar":70.0,"capacity_mcmd":27.39699999999984,"length_km":15.992284,"source":"SciGRID_gas IGGIELGNC-3","source_url":"https://github.com/Netizine/SciGRID_gas-IGGIELGNC-3"}},{"type":"Feature","geometry":{"type":"LineString","coordinates":[[5.38428,49.41636],[5.20031,49.44302]]},"properties":{"kind":"gas_pipeline","name":"PLS_6314_Seg_0_Seg_1","diameter_mm":900.0,"pressure_bar":70.0,"capacity_mcmd":27.39699999999984,"length_km":15.275142,"source":"SciGRID_gas IGGIELGNC-3","source_url":"https://github.com/Netizine/SciGRID_gas-IGGIELGNC-3"}},{"type":"Feature","geometry":{"type":"LineString","coordinates":[[5.20031,49.44302],[4.74383,49.71039]]},"properties":{"kind":"gas_pipeline","name":"PLS_6315_Seg_0_Seg_0","diameter_mm":900.0,"pressure_bar":70.0,"capacity_mcmd":27.39699999999984,"length_km":48.1102,"source":"SciGRID_gas IGGIELGNC-3","source_url":"https://github.com/Netizine/SciGRID_gas-IGGIELGNC-3"}},{"type":"Feature","geometry":{"type":"LineString","coordinates":[[7.44275,48.17185],[7.49552,48.21232]]},"properties":{"kind":"gas_pipeline","name":"PLS_6334_Seg_0_Seg_0","diameter_mm":900.0,"pressure_bar":70.0,"capacity_mcmd":27.39699999999984,"length_km":5.964385,"source":"SciGRID_gas IGGIELGNC-3","source_url":"https://github.com/Netizine/SciGRID_gas-IGGIELGNC-3"}},{"type":"Feature","geometry":{"type":"LineString","coordinates":[[5.06245,47.32966],[4.99125,47.33502]]},"properties":{"kind":"gas_pipeline","name":"PLS_6350_Seg_0_Seg_0","diameter_mm":900.0,"pressure_bar":70.0,"capacity_mcmd":27.39699999999984,"length_km":5.400452,"source":"SciGRID_gas IGGIELGNC-3","source_url":"https://github.com/Netizine/SciGRID_gas-IGGIELGNC-3"}},{"type":"Feature","geometry":{"type":"LineString","coordinates":[[7.09658,47.67116],[7.43112,48.09092]]},"properties":{"kind":"gas_pipeline","name":"PLS_6417_Seg_0_Seg_0","diameter_mm":900.0,"pressure_bar":70.0,"capacity_mcmd":27.39699999999984,"length_km":55.312538,"source":"SciGRID_gas IGGIELGNC-3","source_url":"https://github.com/Netizine/SciGRID_gas-IGGIELGNC-3"}},{"type":"Feature","geometry":{"type":"LineString","coordinates":[[15.39828,53.13567],[15.19754,53.27431]]},"properties":{"kind":"gas_pipeline","name":"PLS_6448_Seg_0_Seg_0","diameter_mm":900.0,"pressure_bar":70.0,"capacity_mcmd":27.39699999999984,"length_km":21.395588,"source":"SciGRID_gas IGGIELGNC-3","source_url":"https://github.com/Netizine/SciGRID_gas-IGGIELGNC-3"}},{"type":"Feature","geometry":{"type":"LineString","coordinates":[[8.3073,55.66302],[8.3073,55.66302]]},"properties":{"kind":"gas_pipeline","name":"ST_6588_Seg_0_Seg_0","diameter_mm":900.0,"pressure_bar":70.0,"capacity_mcmd":27.39699999999984,"length_km":12.659176,"source":"SciGRID_gas IGGIELGNC-3","source_url":"https://github.com/Netizine/SciGRID_gas-IGGIELGNC-3"}},{"type":"Feature","geometry":{"type":"LineString","coordinates":[[4.88124,53.4757],[5.42425,53.20412]]},"properties":{"kind":"gas_pipeline","name":"NSG_6609_Seg_0_Seg_0","diameter_mm":900.0,"pressure_bar":70.0,"capacity_mcmd":27.39699999999984,"length_km":47.042206,"source":"SciGRID_gas IGGIELGNC-3","source_url":"https://github.com/Netizine/SciGRID_gas-IGGIELGNC-3"}},{"type":"Feature","geometry":{"type":"LineString","coordinates":[[6.35496,54.4482],[7.0333,54.06894]]},"properties":{"kind":"gas_pipeline","name":"NSG_6650_Seg_0_Seg_0","diameter_mm":900.0,"pressure_bar":70.0,"capacity_mcmd":27.39699999999984,"length_km":61.008043,"source":"SciGRID_gas IGGIELGNC-3","source_url":"https://github.com/Netizine/SciGRID_gas-IGGIELGNC-3"}},{"type":"Feature","geometry":{"type":"LineString","coordinates":[[7.0333,54.06894],[7.25666,53.94168]]},"properties":{"kind":"gas_pipeline","name":"NSG_6650_Seg_3_Seg_0","diameter_mm":900.0,"pressure_bar":70.0,"capacity_mcmd":27.39699999999984,"length_km":20.336243,"source":"SciGRID_gas IGGIELGNC-3","source_url":"https://github.com/Netizine/SciGRID_gas-IGGIELGNC-3"}},{"type":"Feature","geometry":{"type":"LineString","coordinates":[[6.35496,54.4482],[7.0333,54.06894]]},"properties":{"kind":"gas_pipeline","name":"NSG_6734_Seg_0_Seg_0","diameter_mm":900.0,"pressure_bar":70.0,"capacity_mcmd":27.39699999999984,"length_km":61.008043,"source":"SciGRID_gas IGGIELGNC-3","source_url":"https://github.com/Netizine/SciGRID_gas-IGGIELGNC-3"}},{"type":"Feature","geometry":{"type":"LineString","coordinates":[[7.0333,54.06894],[7.25666,53.94168]]},"properties":{"kind":"gas_pipeline","name":"NSG_6734_Seg_3_Seg_0","diameter_mm":900.0,"pressure_bar":70.0,"capacity_mcmd":27.39699999999984,"length_km":20.336243,"source":"SciGRID_gas IGGIELGNC-3","source_url":"https://github.com/Netizine/SciGRID_gas-IGGIELGNC-3"}},{"type":"Feature","geometry":{"type":"LineString","coordinates":[[13.46083,47.98876],[13.485506,48.189439]]},"properties":{"kind":"gas_pipeline","name":"ST_7058_Seg_0_Seg_0","diameter_mm":900.0,"pressure_bar":70.0,"capacity_mcmd":27.39699999999984,"length_km":22.409098,"source":"SciGRID_gas IGGIELGNC-3","source_url":"https://github.com/Netizine/SciGRID_gas-IGGIELGNC-3"}},{"type":"Feature","geometry":{"type":"LineString","coordinates":[[6.62637,52.93928],[6.513396,52.954778]]},"properties":{"kind":"gas_pipeline","name":"ST_7068_Seg_0_Seg_0","diameter_mm":900.0,"pressure_bar":70.0,"capacity_mcmd":27.39699999999984,"length_km":20.341131,"source":"SciGRID_gas IGGIELGNC-3","source_url":"https://github.com/Netizine/SciGRID_gas-IGGIELGNC-3"}},{"type":"Feature","geometry":{"type":"LineString","coordinates":[[13.90492,48.00413],[13.96048,48.12953]]},"properties":{"kind":"gas_pipeline","name":"ST_7072_Seg_0_Seg_0","diameter_mm":900.0,"pressure_bar":70.0,"capacity_mcmd":27.39699999999984,"length_km":14.546761,"source":"SciGRID_gas IGGIELGNC-3","source_url":"https://github.com/Netizine/SciGRID_gas-IGGIELGNC-3"}},{"type":"Feature","geometry":{"type":"LineString","coordinates":[[12.86439,48.19555],[12.95932,48.07632]]},"properties":{"kind":"gas_pipeline","name":"ST_7076_Seg_0_Seg_0","diameter_mm":900.0,"pressure_bar":70.0,"capacity_mcmd":15.36057079247639,"length_km":15.017836,"source":"SciGRID_gas IGGIELGNC-3","source_url":"https://github.com/Netizine/SciGRID_gas-IGGIELGNC-3"}},{"type":"Feature","geometry":{"type":"LineString","coordinates":[[16.0727,53.93496],[15.881808,54.078486]]},"properties":{"kind":"gas_pipeline","name":"ST_7077_Seg_0_Seg_0","diameter_mm":900.0,"pressure_bar":70.0,"capacity_mcmd":27.39699999999984,"length_km":21.782596,"source":"SciGRID_gas IGGIELGNC-3","source_url":"https://github.com/Netizine/SciGRID_gas-IGGIELGNC-3"}},{"type":"Feature","geometry":{"type":"LineString","coordinates":[[17.84988,52.65273],[15.36643,52.49206]]},"properties":{"kind":"gas_pipeline","name":"INET_PL_273_EE_3_Seg_0_Seg_0_Seg_4","diameter_mm":1420.0,"pressure_bar":84.0,"capacity_mcmd":90.4109589,"length_km":168.823351,"source":"SciGRID_gas IGGIELGNC-3","source_url":"https://github.com/Netizine/SciGRID_gas-IGGIELGNC-3"}},{"type":"Feature","geometry":{"type":"LineString","coordinates":[[15.36643,52.49206],[14.68007,52.43824]]},"properties":{"kind":"gas_pipeline","name":"INET_PL_273_EE_3_Seg_0_Seg_0_Seg_13","diameter_mm":1420.0,"pressure_bar":84.0,"capacity_mcmd":90.4109589,"length_km":46.895414,"source":"SciGRID_gas IGGIELGNC-3","source_url":"https://github.com/Netizine/SciGRID_gas-IGGIELGNC-3"}},{"type":"Feature","geometry":{"type":"LineString","coordinates":[[14.42764,48.52271],[13.83789,48.5491]]},"properties":{"kind":"gas_pipeline","name":"PLL_709_Seg_0_Seg_0_Seg_0","diameter_mm":900.0,"pressure_bar":70.0,"capacity_mcmd":27.39699999999984,"length_km":44.303848,"source":"SciGRID_gas IGGIELGNC-3","source_url":"https://github.com/Netizine/SciGRID_gas-IGGIELGNC-3"}},{"type":"Feature","geometry":{"type":"LineString","coordinates":[[6.32509,49.54096],[6.36142,49.6477]]},"properties":{"kind":"gas_pipeline","name":"PLM_2481_Seg_3_Seg_0_Seg_0","diameter_mm":900.0,"pressure_bar":70.0,"capacity_mcmd":3.3782698650119896,"length_km":19.007027,"source":"SciGRID_gas IGGIELGNC-3","source_url":"https://github.com/Netizine/SciGRID_gas-IGGIELGNC-3"}},{"type":"Feature","geometry":{"type":"LineString","coordinates":[[6.10757,51.96397],[6.11577,51.90844]]},"properties":{"kind":"gas_pipeline","name":"ST_2611_Seg_0_Seg_0_Seg_0","diameter_mm":900.0,"pressure_bar":70.0,"capacity_mcmd":28.82086478588354,"length_km":6.202138,"source":"SciGRID_gas IGGIELGNC-3","source_url":"https://github.com/Netizine/SciGRID_gas-IGGIELGNC-3"}},{"type":"Feature","geometry":{"type":"LineString","coordinates":[[12.09347,55.67383],[12.35257,55.69347]]},"properties":{"kind":"gas_pipeline","name":"PLM_2031_Seg_0_Seg_0_Seg_0","diameter_mm":900.0,"pressure_bar":70.0,"capacity_mcmd":13.6986,"length_km":17.440616,"source":"SciGRID_gas IGGIELGNC-3","source_url":"https://github.com/Netizine/SciGRID_gas-IGGIELGNC-3"}},{"type":"Feature","geometry":{"type":"LineString","coordinates":[[12.35257,55.69347],[12.63055,55.6595]]},"properties":{"kind":"gas_pipeline","name":"PLM_2031_Seg_0_Seg_0_Seg_1","diameter_mm":900.0,"pressure_bar":70.0,"capacity_mcmd":7.7242732851055385,"length_km":17.839297,"source":"SciGRID_gas IGGIELGNC-3","source_url":"https://github.com/Netizine/SciGRID_gas-IGGIELGNC-3"}},{"type":"Feature","geometry":{"type":"LineString","coordinates":[[7.14587,49.08824],[7.0213,49.03975]]},"properties":{"kind":"gas_pipeline","name":"PLL_444_Seg_1_Seg_0_Seg_0","diameter_mm":900.0,"pressure_bar":70.0,"capacity_mcmd":27.39699999999984,"length_km":10.559887,"source":"SciGRID_gas IGGIELGNC-3","source_url":"https://github.com/Netizine/SciGRID_gas-IGGIELGNC-3"}},{"type":"Feature","geometry":{"type":"LineString","coordinates":[[6.42975,52.71829],[6.82606,52.67805]]},"properties":{"kind":"gas_pipeline","name":"PLM_2448_Seg_0_Seg_0_Seg_0","diameter_mm":900.0,"pressure_bar":70.0,"capacity_mcmd":6.334255996897481,"length_km":27.251954,"source":"SciGRID_gas IGGIELGNC-3","source_url":"https://github.com/Netizine/SciGRID_gas-IGGIELGNC-3"}},{"type":"Feature","geometry":{"type":"LineString","coordinates":[[6.29839,52.16896],[6.80335,51.99243]]},"properties":{"kind":"gas_pipeline","name":"ST_1012_Seg_0_Seg_0_Seg_0","diameter_mm":900.0,"pressure_bar":70.0,"capacity_mcmd":15.71247390341514,"length_km":41.70699,"source":"SciGRID_gas IGGIELGNC-3","source_url":"https://github.com/Netizine/SciGRID_gas-IGGIELGNC-3"}},{"type":"Feature","geometry":{"type":"LineString","coordinates":[[12.788782,48.219157],[13.04785,48.82142]]},"properties":{"kind":"gas_pipeline","name":"PLNG_2627_Seg_4_Seg_0_Seg_0","diameter_mm":900.0,"pressure_bar":70.0,"capacity_mcmd":27.39699999999984,"length_km":130.551804,"source":"SciGRID_gas IGGIELGNC-3","source_url":"https://github.com/Netizine/SciGRID_gas-IGGIELGNC-3"}},{"type":"Feature","geometry":{"type":"LineString","coordinates":[[13.04785,48.82142],[12.846168,48.934533]]},"properties":{"kind":"gas_pipeline","name":"PLNG_2627_Seg_4_Seg_0_Seg_7","diameter_mm":900.0,"pressure_bar":70.0,"capacity_mcmd":27.39699999999984,"length_km":19.389648,"source":"SciGRID_gas IGGIELGNC-3","source_url":"https://github.com/Netizine/SciGRID_gas-IGGIELGNC-3"}},{"type":"Feature","geometry":{"type":"LineString","coordinates":[[5.6525,50.96956],[5.74592,51.0019]]},"properties":{"kind":"gas_pipeline","name":"PLS_5309_Seg_0_Seg_0_Seg_0","diameter_mm":900.0,"pressure_bar":70.0,"capacity_mcmd":9.994048350660469,"length_km":7.465167,"source":"SciGRID_gas IGGIELGNC-3","source_url":"https://github.com/Netizine/SciGRID_gas-IGGIELGNC-3"}},{"type":"Feature","geometry":{"type":"LineString","coordinates":[[6.83902,53.4103],[6.8969,53.30282]]},"properties":{"kind":"gas_pipeline","name":"PLS_5892_Seg_1_Seg_0_Seg_0","diameter_mm":900.0,"pressure_bar":70.0,"capacity_mcmd":27.39699999999984,"length_km":12.557294,"source":"SciGRID_gas IGGIELGNC-3","source_url":"https://github.com/Netizine/SciGRID_gas-IGGIELGNC-3"}},{"type":"Feature","geometry":{"type":"LineString","coordinates":[[8.18126,55.69908],[8.3073,55.66302]]},"properties":{"kind":"gas_pipeline","name":"NSG_6610_Seg_13_Seg_0_Seg_0","diameter_mm":900.0,"pressure_bar":70.0,"capacity_mcmd":34.83840798293615,"length_km":8.863575,"source":"SciGRID_gas IGGIELGNC-3","source_url":"https://github.com/Netizine/SciGRID_gas-IGGIELGNC-3"}},{"type":"Feature","geometry":{"type":"LineString","coordinates":[[6.428327,51.600642],[6.510393,51.357503]]},"properties":{"kind":"gas_pipeline","name":"LKD_PS_0_Seg_0_Seg_0","diameter_mm":900.0,"pressure_bar":70.0,"capacity_mcmd":27.39699999999984,"length_km":27.650658,"source":"SciGRID_gas IGGIELGNC-3","source_url":"https://github.com/Netizine/SciGRID_gas-IGGIELGNC-3"}},{"type":"Feature","geometry":{"type":"LineString","coordinates":[[6.428327,51.600642],[6.812494,51.548819]]},"properties":{"kind":"gas_pipeline","name":"LKD_PS_1_Seg_0_Seg_0","diameter_mm":900.0,"pressure_bar":70.0,"capacity_mcmd":27.39699999999984,"length_km":27.175269,"source":"SciGRID_gas IGGIELGNC-3","source_url":"https://github.com/Netizine/SciGRID_gas-IGGIELGNC-3"}},{"type":"Feature","geometry":{"type":"LineString","coordinates":[[6.510393,51.357503],[6.623961,51.294797]]},"properties":{"kind":"gas_pipeline","name":"LKD_PS_3_Seg_0_Seg_0","diameter_mm":900.0,"pressure_bar":70.0,"capacity_mcmd":27.39699999999984,"length_km":10.73177,"source":"SciGRID_gas IGGIELGNC-3","source_url":"https://github.com/Netizine/SciGRID_gas-IGGIELGNC-3"}},{"type":"Feature","geometry":{"type":"LineString","coordinates":[[6.623961,51.294797],[6.541752,51.25372]]},"properties":{"kind":"gas_pipeline","name":"LKD_PS_4_Seg_0_Seg_0","diameter_mm":1000.0,"pressure_bar":100.0,"capacity_mcmd":58.487311262121594,"length_km":7.321172,"source":"SciGRID_gas IGGIELGNC-3","source_url":"https://github.com/Netizine/SciGRID_gas-IGGIELGNC-3"}},{"type":"Feature","geometry":{"type":"LineString","coordinates":[[6.541752,51.25372],[6.449577,51.248121]]},"properties":{"kind":"gas_pipeline","name":"LKD_PS_5_Seg_0_Seg_0","diameter_mm":900.0,"pressure_bar":70.0,"capacity_mcmd":27.39699999999984,"length_km":6.447369,"source":"SciGRID_gas IGGIELGNC-3","source_url":"https://github.com/Netizine/SciGRID_gas-IGGIELGNC-3"}},{"type":"Feature","geometry":{"type":"LineString","coordinates":[[6.541752,51.25372],[6.956925,51.021797]]},"properties":{"kind":"gas_pipeline","name":"LKD_PS_6_Seg_0_Seg_0","diameter_mm":900.0,"pressure_bar":70.0,"capacity_mcmd":27.39699999999984,"length_km":39.589195,"source":"SciGRID_gas IGGIELGNC-3","source_url":"https://github.com/Netizine/SciGRID_gas-IGGIELGNC-3"}},{"type":"Feature","geometry":{"type":"LineString","coordinates":[[6.623961,51.294797],[6.898994,51.181398]]},"properties":{"kind":"gas_pipeline","name":"LKD_PS_7_Seg_0_Seg_0","diameter_mm":900.0,"pressure_bar":70.0,"capacity_mcmd":27.39699999999984,"length_km":28.540948,"source":"SciGRID_gas IGGIELGNC-3","source_url":"https://github.com/Netizine/SciGRID_gas-IGGIELGNC-3"}},{"type":"Feature","geometry":{"type":"LineString","coordinates":[[6.812494,51.548819],[6.626949,51.432235]]},"properties":{"kind":"gas_pipeline","name":"LKD_PS_8_Seg_0_Seg_0","diameter_mm":1000.0,"pressure_bar":100.0,"capacity_mcmd":58.487311262121594,"length_km":18.256142,"source":"SciGRID_gas IGGIELGNC-3","source_url":"https://github.com/Netizine/SciGRID_gas-IGGIELGNC-3"}},{"type":"Feature","geometry":{"type":"LineString","coordinates":[[6.623961,51.294797],[6.626949,51.432235]]},"properties":{"kind":"gas_pipeline","name":"LKD_PS_9_Seg_0_Seg_0","diameter_mm":1000.0,"pressure_bar":100.0,"capacity_mcmd":58.487311262121594,"length_km":16.980408,"source":"SciGRID_gas IGGIELGNC-3","source_url":"https://github.com/Netizine/SciGRID_gas-IGGIELGNC-3"}},{"type":"Feature","geometry":{"type":"LineString","coordinates":[[6.812494,51.548819],[7.000275,51.692793]]},"properties":{"kind":"gas_pipeline","name":"LKD_PS_10_Seg_0_Seg_0","diameter_mm":1000.0,"pressure_bar":100.0,"capacity_mcmd":58.487311262121594,"length_km":22.226931,"source":"SciGRID_gas IGGIELGNC-3","source_url":"https://github.com/Netizine/SciGRID_gas-IGGIELGNC-3"}},{"type":"Feature","geometry":{"type":"LineString","coordinates":[[6.812494,51.548819],[6.951521,51.47767]]},"properties":{"kind":"gas_pipeline","name":"LKD_PS_11_Seg_0_Seg_0","diameter_mm":900.0,"pressure_bar":70.0,"capacity_mcmd":27.39699999999984,"length_km":12.459771,"source":"SciGRID_gas IGGIELGNC-3","source_url":"https://github.com/Netizine/SciGRID_gas-IGGIELGNC-3"}},{"type":"Feature","geometry":{"type":"LineString","coordinates":[[7.000275,51.692793],[7.293203,51.549406]]},"properties":{"kind":"gas_pipeline","name":"LKD_PS_12_Seg_0_Seg_0","diameter_mm":900.0,"pressure_bar":70.0,"capacity_mcmd":27.39699999999984,"length_km":25.777334,"source":"SciGRID_gas IGGIELGNC-3","source_url":"https://github.com/Netizine/SciGRID_gas-IGGIELGNC-3"}},{"type":"Feature","geometry":{"type":"LineString","coordinates":[[7.000275,51.692793],[7.01406,51.943899]]},"properties":{"kind":"gas_pipeline","name":"LKD_PS_13_Seg_0_Seg_0","diameter_mm":900.0,"pressure_bar":70.0,"capacity_mcmd":27.39699999999984,"length_km":27.946556,"source":"SciGRID_gas IGGIELGNC-3","source_url":"https://github.com/Netizine/SciGRID_gas-IGGIELGNC-3"}},{"type":"Feature","geometry":{"type":"LineString","coordinates":[[6.951521,51.47767],[7.000275,51.692793]]},"properties":{"kind":"gas_pipeline","name":"LKD_PS_14_Seg_0_Seg_0","diameter_mm":900.0,"pressure_bar":70.0,"capacity_mcmd":27.39699999999984,"length_km":24.164174,"source":"SciGRID_gas IGGIELGNC-3","source_url":"https://github.com/Netizine/SciGRID_gas-IGGIELGNC-3"}},{"type":"Feature","geometry":{"type":"LineString","coordinates":[[6.951521,51.47767],[6.837924,51.45992]]},"properties":{"kind":"gas_pipeline","name":"LKD_PS_15_Seg_0_Seg_0","diameter_mm":800.0,"pressure_bar":72.46119904241188,"capacity_mcmd":27.39726,"length_km":8.114926,"source":"SciGRID_gas IGGIELGNC-3","source_url":"https://github.com/Netizine/SciGRID_gas-IGGIELGNC-3"}},{"type":"Feature","geometry":{"type":"LineString","coordinates":[[6.837924,51.45992],[6.626949,51.432235]]},"properties":{"kind":"gas_pipeline","name":"LKD_PS_16_Seg_0_Seg_0","diameter_mm":900.0,"pressure_bar":70.0,"capacity_mcmd":27.39699999999984,"length_km":14.94631,"source":"SciGRID_gas IGGIELGNC-3","source_url":"https://github.com/Netizine/SciGRID_gas-IGGIELGNC-3"}},{"type":"Feature","geometry":{"type":"LineString","coordinates":[[6.837924,51.45992],[6.79571,51.392262]]},"properties":{"kind":"gas_pipeline","name":"LKD_PS_17_Seg_0_Seg_0","diameter_mm":800.0,"pressure_bar":72.46119904241188,"capacity_mcmd":27.39726,"length_km":8.075027,"source":"SciGRID_gas IGGIELGNC-3","source_url":"https://github.com/Netizine/SciGRID_gas-IGGIELGNC-3"}},{"type":"Feature","geometry":{"type":"LineString","coordinates":[[6.79571,51.392262],[6.898994,51.181398]]},"properties":{"kind":"gas_pipeline","name":"LKD_PS_18_Seg_0_Seg_0","diameter_mm":900.0,"pressure_bar":70.0,"capacity_mcmd":27.39699999999984,"length_km":24.537778,"source":"SciGRID_gas IGGIELGNC-3","source_url":"https://github.com/Netizine/SciGRID_gas-IGGIELGNC-3"}},{"type":"Feature","geometry":{"type":"LineString","coordinates":[[6.951521,51.47767],[6.967348,51.379843]]},"properties":{"kind":"gas_pipeline","name":"LKD_PS_19_Seg_0_Seg_0","diameter_mm":900.0,"pressure_bar":70.0,"capacity_mcmd":27.39699999999984,"length_km":10.936499,"source":"SciGRID_gas IGGIELGNC-3","source_url":"https://github.com/Netizine/SciGRID_gas-IGGIELGNC-3"}},{"type":"Feature","geometry":{"type":"LineString","coordinates":[[6.967348,51.379843],[7.15069,51.302947]]},"properties":{"kind":"gas_pipeline","name":"LKD_PS_20_Seg_0_Seg_0","diameter_mm":900.0,"pressure_bar":70.0,"capacity_mcmd":27.39699999999984,"length_km":15.344098,"source":"SciGRID_gas IGGIELGNC-3","source_url":"https://github.com/Netizine/SciGRID_gas-IGGIELGNC-3"}},{"type":"Feature","geometry":{"type":"LineString","coordinates":[[7.15069,51.302947],[6.898994,51.181398]]},"properties":{"kind":"gas_pipeline","name":"LKD_PS_20_Seg_0_Seg_1","diameter_mm":900.0,"pressure_bar":70.0,"capacity_mcmd":27.39699999999984,"length_km":22.135058,"source":"SciGRID_gas IGGIELGNC-3","source_url":"https://github.com/Netizine/SciGRID_gas-IGGIELGNC-3"}},{"type":"Feature","geometry":{"type":"LineString","coordinates":[[6.967348,51.379843],[6.898994,51.181398]]},"properties":{"kind":"gas_pipeline","name":"LKD_PS_21_Seg_0_Seg_0","diameter_mm":800.0,"pressure_bar":72.46119904241188,"capacity_mcmd":27.39726,"length_km":22.579512,"source":"SciGRID_gas IGGIELGNC-3","source_url":"https://github.com/Netizine/SciGRID_gas-IGGIELGNC-3"}},{"type":"Feature","geometry":{"type":"LineString","coordinates":[[6.898994,51.181398],[7.076187,51.088203]]},"properties":{"kind":"gas_pipeline","name":"LKD_PS_23_Seg_0_Seg_0","diameter_mm":900.0,"pressure_bar":70.0,"capacity_mcmd":27.39699999999984,"length_km":16.912134,"source":"SciGRID_gas IGGIELGNC-3","source_url":"https://github.com/Netizine/SciGRID_gas-IGGIELGNC-3"}},{"type":"Feature","geometry":{"type":"LineString","coordinates":[[6.837924,51.45992],[6.967348,51.379843]]},"properties":{"kind":"gas_pipeline","name":"LKD_PS_25_Seg_0_Seg_0","diameter_mm":900.0,"pressure_bar":70.0,"capacity_mcmd":27.39699999999984,"length_km":12.646203,"source":"SciGRID_gas IGGIELGNC-3","source_url":"https://github.com/Netizine/SciGRID_gas-IGGIELGNC-3"}},{"type":"Feature","geometry":{"type":"LineString","coordinates":[[6.898994,51.181398],[6.956925,51.021797]]},"properties":{"kind":"gas_pipeline","name":"LKD_PS_26_Seg_0_Seg_0","diameter_mm":900.0,"pressure_bar":70.0,"capacity_mcmd":27.39699999999984,"length_km":18.207675,"source":"SciGRID_gas IGGIELGNC-3","source_url":"https://github.com/Netizine/SciGRID_gas-IGGIELGNC-3"}},{"type":"Feature","geometry":{"type":"LineString","coordinates":[[6.956925,51.021797],[6.928419,50.804215]]},"properties":{"kind":"gas_pipeline","name":"LKD_PS_27_Seg_0_Seg_0","diameter_mm":900.0,"pressure_bar":70.0,"capacity_mcmd":27.39699999999984,"length_km":28.917973,"source":"SciGRID_gas IGGIELGNC-3","source_url":"https://github.com/Netizine/SciGRID_gas-IGGIELGNC-3"}},{"type":"Feature","geometry":{"type":"LineString","coordinates":[[6.928419,50.804215],[7.106203,50.698214]]},"properties":{"kind":"gas_pipeline","name":"LKD_PS_27_Seg_0_Seg_1","diameter_mm":900.0,"pressure_bar":70.0,"capacity_mcmd":27.39699999999984,"length_km":17.191534,"source":"SciGRID_gas IGGIELGNC-3","source_url":"https://github.com/Netizine/SciGRID_gas-IGGIELGNC-3"}},{"type":"Feature","geometry":{"type":"LineString","coordinates":[[6.956925,51.021797],[7.06625,51.03266]]},"properties":{"kind":"gas_pipeline","name":"LKD_PS_28_Seg_0_Seg_0","diameter_mm":900.0,"pressure_bar":70.0,"capacity_mcmd":34.54724672087061,"length_km":7.743027,"source":"SciGRID_gas IGGIELGNC-3","source_url":"https://github.com/Netizine/SciGRID_gas-IGGIELGNC-3"}},{"type":"Feature","geometry":{"type":"LineString","coordinates":[[7.076187,51.088203],[7.06625,51.03266]]},"properties":{"kind":"gas_pipeline","name":"LKD_PS_29_Seg_0_Seg_0","diameter_mm":900.0,"pressure_bar":70.0,"capacity_mcmd":27.39699999999984,"length_km":6.216972,"source":"SciGRID_gas IGGIELGNC-3","source_url":"https://github.com/Netizine/SciGRID_gas-IGGIELGNC-3"}},{"type":"Feature","geometry":{"type":"LineString","coordinates":[[7.06625,51.03266],[7.130128,50.845529]]},"properties":{"kind":"gas_pipeline","name":"LKD_PS_30_Seg_0_Seg_0","diameter_mm":900.0,"pressure_bar":70.0,"capacity_mcmd":27.39699999999984,"length_km":21.290641,"source":"SciGRID_gas IGGIELGNC-3","source_url":"https://github.com/Netizine/SciGRID_gas-IGGIELGNC-3"}},{"type":"Feature","geometry":{"type":"LineString","coordinates":[[6.956925,51.021797],[7.130128,50.845529]]},"properties":{"kind":"gas_pipeline","name":"LKD_PS_31_Seg_0_Seg_0","diameter_mm":900.0,"pressure_bar":70.0,"capacity_mcmd":27.39699999999984,"length_km":23.061186,"source":"SciGRID_gas IGGIELGNC-3","source_url":"https://github.com/Netizine/SciGRID_gas-IGGIELGNC-3"}},{"type":"Feature","geometry":{"type":"LineString","coordinates":[[7.130128,50.845529],[7.161533,50.736555]]},"properties":{"kind":"gas_pipeline","name":"LKD_PS_32_Seg_0_Seg_0","diameter_mm":900.0,"pressure_bar":70.0,"capacity_mcmd":27.39699999999984,"length_km":12.320662,"source":"SciGRID_gas IGGIELGNC-3","source_url":"https://github.com/Netizine/SciGRID_gas-IGGIELGNC-3"}},{"type":"Feature","geometry":{"type":"LineString","coordinates":[[7.161533,50.736555],[7.106203,50.698214]]},"properties":{"kind":"gas_pipeline","name":"LKD_PS_33_Seg_0_Seg_0","diameter_mm":900.0,"pressure_bar":70.0,"capacity_mcmd":27.39699999999984,"length_km":5.77675,"source":"SciGRID_gas IGGIELGNC-3","source_url":"https://github.com/Netizine/SciGRID_gas-IGGIELGNC-3"}},{"type":"Feature","geometry":{"type":"LineString","coordinates":[[7.106203,50.698214],[7.017596,50.450659]]},"properties":{"kind":"gas_pipeline","name":"LKD_PS_34_Seg_0_Seg_0","diameter_mm":900.0,"pressure_bar":70.0,"capacity_mcmd":27.39699999999984,"length_km":48.162697,"source":"SciGRID_gas IGGIELGNC-3","source_url":"https://github.com/Netizine/SciGRID_gas-IGGIELGNC-3"}},{"type":"Feature","geometry":{"type":"LineString","coordinates":[[7.106203,50.698214],[7.271726,50.645519]]},"properties":{"kind":"gas_pipeline","name":"LKD_PS_35_Seg_0_Seg_0","diameter_mm":900.0,"pressure_bar":70.0,"capacity_mcmd":27.39699999999984,"length_km":13.057634,"source":"SciGRID_gas IGGIELGNC-3","source_url":"https://github.com/Netizine/SciGRID_gas-IGGIELGNC-3"}},{"type":"Feature","geometry":{"type":"LineString","coordinates":[[7.271726,50.645519],[8.056946,50.403136]]},"properties":{"kind":"gas_pipeline","name":"LKD_PS_36_Seg_0_Seg_0","diameter_mm":900.0,"pressure_bar":70.0,"capacity_mcmd":27.39699999999984,"length_km":67.010104,"source":"SciGRID_gas IGGIELGNC-3","source_url":"https://github.com/Netizine/SciGRID_gas-IGGIELGNC-3"}},{"type":"Feature","geometry":{"type":"LineString","coordinates":[[8.056946,50.403136],[7.922593,50.364024]]},"properties":{"kind":"gas_pipeline","name":"LKD_PS_37_Seg_0_Seg_0","diameter_mm":900.0,"pressure_bar":70.0,"capacity_mcmd":27.39699999999984,"length_km":10.475114,"source":"SciGRID_gas IGGIELGNC-3","source_url":"https://github.com/Netizine/SciGRID_gas-IGGIELGNC-3"}},{"type":"Feature","geometry":{"type":"LineString","coordinates":[[8.056946,50.403136],[8.481329,50.098656]]},"properties":{"kind":"gas_pipeline","name":"LKD_PS_38_Seg_0_Seg_0","diameter_mm":900.0,"pressure_bar":70.0,"capacity_mcmd":27.39699999999984,"length_km":45.365446,"source":"SciGRID_gas IGGIELGNC-3","source_url":"https://github.com/Netizine/SciGRID_gas-IGGIELGNC-3"}},{"type":"Feature","geometry":{"type":"LineString","coordinates":[[8.481329,50.098656],[8.506818,50.535805]]},"properties":{"kind":"gas_pipeline","name":"LKD_PS_38_Seg_0_Seg_2","diameter_mm":900.0,"pressure_bar":70.0,"capacity_mcmd":27.39699999999984,"length_km":59.302139,"source":"SciGRID_gas IGGIELGNC-3","source_url":"https://github.com/Netizine/SciGRID_gas-IGGIELGNC-3"}},{"type":"Feature","geometry":{"type":"LineString","coordinates":[[8.056946,50.403136],[8.506818,50.535805]]},"properties":{"kind":"gas_pipeline","name":"LKD_PS_39_Seg_0_Seg_0","diameter_mm":900.0,"pressure_bar":70.0,"capacity_mcmd":27.39699999999984,"length_km":35.251461,"source":"SciGRID_gas IGGIELGNC-3","source_url":"https://github.com/Netizine/SciGRID_gas-IGGIELGNC-3"}},{"type":"Feature","geometry":{"type":"LineString","coordinates":[[8.506818,50.535805],[8.729035,50.543867]]},"properties":{"kind":"gas_pipeline","name":"LKD_PS_40_Seg_0_Seg_0","diameter_mm":900.0,"pressure_bar":70.0,"capacity_mcmd":27.39699999999984,"length_km":29.710129,"source":"SciGRID_gas IGGIELGNC-3","source_url":"https://github.com/Netizine/SciGRID_gas-IGGIELGNC-3"}},{"type":"Feature","geometry":{"type":"LineString","coordinates":[[8.506818,50.535805],[8.379559,50.596437]]},"properties":{"kind":"gas_pipeline","name":"LKD_PS_43_Seg_0_Seg_0","diameter_mm":900.0,"pressure_bar":70.0,"capacity_mcmd":27.39699999999984,"length_km":11.23931,"source":"SciGRID_gas IGGIELGNC-3","source_url":"https://github.com/Netizine/SciGRID_gas-IGGIELGNC-3"}},{"type":"Feature","geometry":{"type":"LineString","coordinates":[[8.379559,50.596437],[7.993758,50.829528]]},"properties":{"kind":"gas_pipeline","name":"LKD_PS_45_Seg_0_Seg_0","diameter_mm":900.0,"pressure_bar":70.0,"capacity_mcmd":27.39699999999984,"length_km":37.568645,"source":"SciGRID_gas IGGIELGNC-3","source_url":"https://github.com/Netizine/SciGRID_gas-IGGIELGNC-3"}},{"type":"Feature","geometry":{"type":"LineString","coordinates":[[7.993758,50.829528],[7.707015,50.710673]]},"properties":{"kind":"gas_pipeline","name":"LKD_PS_46_Seg_0_Seg_0","diameter_mm":900.0,"pressure_bar":70.0,"capacity_mcmd":27.39699999999984,"length_km":27.610236,"source":"SciGRID_gas IGGIELGNC-3","source_url":"https://github.com/Netizine/SciGRID_gas-IGGIELGNC-3"}},{"type":"Feature","geometry":{"type":"LineString","coordinates":[[7.993758,50.829528],[8.020302,50.921697]]},"properties":{"kind":"gas_pipeline","name":"LKD_PS_47_Seg_0_Seg_0","diameter_mm":900.0,"pressure_bar":70.0,"capacity_mcmd":27.39699999999984,"length_km":10.419848,"source":"SciGRID_gas IGGIELGNC-3","source_url":"https://github.com/Netizine/SciGRID_gas-IGGIELGNC-3"}},{"type":"Feature","geometry":{"type":"LineString","coordinates":[[8.020302,50.921697],[7.891542,51.092737]]},"properties":{"kind":"gas_pipeline","name":"LKD_PS_47_Seg_0_Seg_1","diameter_mm":900.0,"pressure_bar":70.0,"capacity_mcmd":27.39699999999984,"length_km":21.051162,"source":"SciGRID_gas IGGIELGNC-3","source_url":"https://github.com/Netizine/SciGRID_gas-IGGIELGNC-3"}},{"type":"Feature","geometry":{"type":"LineString","coordinates":[[7.891542,51.092737],[7.812569,51.245456]]},"properties":{"kind":"gas_pipeline","name":"LKD_PS_49_Seg_0_Seg_0","diameter_mm":900.0,"pressure_bar":70.0,"capacity_mcmd":27.39699999999984,"length_km":17.857538,"source":"SciGRID_gas IGGIELGNC-3","source_url":"https://github.com/Netizine/SciGRID_gas-IGGIELGNC-3"}},{"type":"Feature","geometry":{"type":"LineString","coordinates":[[7.812569,51.245456],[7.640443,51.679284]]},"properties":{"kind":"gas_pipeline","name":"LKD_PS_49_Seg_0_Seg_1","diameter_mm":900.0,"pressure_bar":70.0,"capacity_mcmd":27.39699999999984,"length_km":54.400554,"source":"SciGRID_gas IGGIELGNC-3","source_url":"https://github.com/Netizine/SciGRID_gas-IGGIELGNC-3"}},{"type":"Feature","geometry":{"type":"LineString","coordinates":[[7.01406,51.943899],[7.124878,52.058939]]},"properties":{"kind":"gas_pipeline","name":"LKD_PS_51_Seg_0_Seg_0","diameter_mm":900.0,"pressure_bar":70.0,"capacity_mcmd":27.39699999999984,"length_km":14.876854,"source":"SciGRID_gas IGGIELGNC-3","source_url":"https://github.com/Netizine/SciGRID_gas-IGGIELGNC-3"}},{"type":"Feature","geometry":{"type":"LineString","coordinates":[[7.076187,51.088203],[7.371067,51.237731]]},"properties":{"kind":"gas_pipeline","name":"LKD_PS_52_Seg_0_Seg_0","diameter_mm":900.0,"pressure_bar":70.0,"capacity_mcmd":27.39699999999984,"length_km":26.539581,"source":"SciGRID_gas IGGIELGNC-3","source_url":"https://github.com/Netizine/SciGRID_gas-IGGIELGNC-3"}},{"type":"Feature","geometry":{"type":"LineString","coordinates":[[7.371067,51.237731],[7.25988,51.399878]]},"properties":{"kind":"gas_pipeline","name":"LKD_PS_53_Seg_0_Seg_0","diameter_mm":900.0,"pressure_bar":70.0,"capacity_mcmd":27.39699999999984,"length_km":19.622072,"source":"SciGRID_gas IGGIELGNC-3","source_url":"https://github.com/Netizine/SciGRID_gas-IGGIELGNC-3"}},{"type":"Feature","geometry":{"type":"LineString","coordinates":[[7.25988,51.399878],[7.293203,51.549406]]},"properties":{"kind":"gas_pipeline","name":"LKD_PS_54_Seg_0_Seg_0","diameter_mm":900.0,"pressure_bar":70.0,"capacity_mcmd":27.39699999999984,"length_km":16.791438,"source":"SciGRID_gas IGGIELGNC-3","source_url":"https://github.com/Netizine/SciGRID_gas-IGGIELGNC-3"}},{"type":"Feature","geometry":{"type":"LineString","coordinates":[[6.951521,51.47767],[7.293203,51.549406]]},"properties":{"kind":"gas_pipeline","name":"LKD_PS_55_Seg_0_Seg_0","diameter_mm":800.0,"pressure_bar":72.46119904241188,"capacity_mcmd":27.39726,"length_km":24.961427,"source":"SciGRID_gas IGGIELGNC-3","source_url":"https://github.com/Netizine/SciGRID_gas-IGGIELGNC-3"}},{"type":"Feature","geometry":{"type":"LineString","coordinates":[[7.640443,51.679284],[7.48979,51.546936]]},"properties":{"kind":"gas_pipeline","name":"LKD_PS_56_Seg_0_Seg_0","diameter_mm":900.0,"pressure_bar":70.0,"capacity_mcmd":27.39699999999984,"length_km":18.027372,"source":"SciGRID_gas IGGIELGNC-3","source_url":"https://github.com/Netizine/SciGRID_gas-IGGIELGNC-3"}},{"type":"Feature","geometry":{"type":"LineString","coordinates":[[7.124878,52.058939],[7.200964,52.150065]]},"properties":{"kind":"gas_pipeline","name":"LKD_PS_57_Seg_0_Seg_0","diameter_mm":900.0,"pressure_bar":70.0,"capacity_mcmd":27.39699999999984,"length_km":11.391147,"source":"SciGRID_gas IGGIELGNC-3","source_url":"https://github.com/Netizine/SciGRID_gas-IGGIELGNC-3"}},{"type":"Feature","geometry":{"type":"LineString","coordinates":[[7.640443,51.679284],[7.97959,51.803864]]},"properties":{"kind":"gas_pipeline","name":"LKD_PS_58_Seg_0_Seg_0","diameter_mm":800.0,"pressure_bar":72.46119904241188,"capacity_mcmd":27.39726,"length_km":27.183023,"source":"SciGRID_gas IGGIELGNC-3","source_url":"https://github.com/Netizine/SciGRID_gas-IGGIELGNC-3"}},{"type":"Feature","geometry":{"type":"LineString","coordinates":[[7.97959,51.803864],[7.891542,51.092737]]},"properties":{"kind":"gas_pipeline","name":"LKD_PS_59_Seg_0_Seg_0","diameter_mm":900.0,"pressure_bar":70.0,"capacity_mcmd":27.39699999999984,"length_km":84.235176,"source":"SciGRID_gas IGGIELGNC-3","source_url":"https://github.com/Netizine/SciGRID_gas-IGGIELGNC-3"}},{"type":"Feature","geometry":{"type":"LineString","coordinates":[[7.97959,51.803864],[8.320557,51.894542]]},"properties":{"kind":"gas_pipeline","name":"LKD_PS_60_Seg_0_Seg_0","diameter_mm":900.0,"pressure_bar":70.0,"capacity_mcmd":27.39699999999984,"length_km":25.506812,"source":"SciGRID_gas IGGIELGNC-3","source_url":"https://github.com/Netizine/SciGRID_gas-IGGIELGNC-3"}},{"type":"Feature","geometry":{"type":"LineString","coordinates":[[8.320557,51.894542],[8.61882,52.07103]]},"properties":{"kind":"gas_pipeline","name":"LKD_PS_61_Seg_0_Seg_0","diameter_mm":900.0,"pressure_bar":70.0,"capacity_mcmd":27.39699999999984,"length_km":28.334884,"source":"SciGRID_gas IGGIELGNC-3","source_url":"https://github.com/Netizine/SciGRID_gas-IGGIELGNC-3"}},{"type":"Feature","geometry":{"type":"LineString","coordinates":[[8.61882,52.07103],[9.047913,52.248654]]},"properties":{"kind":"gas_pipeline","name":"LKD_PS_61_Seg_0_Seg_1","diameter_mm":900.0,"pressure_bar":70.0,"capacity_mcmd":27.39699999999984,"length_km":37.086575,"source":"SciGRID_gas IGGIELGNC-3","source_url":"https://github.com/Netizine/SciGRID_gas-IGGIELGNC-3"}},{"type":"Feature","geometry":{"type":"LineString","coordinates":[[9.047913,52.248654],[9.911803,52.368132]]},"properties":{"kind":"gas_pipeline","name":"LKD_PS_62_Seg_0_Seg_0","diameter_mm":900.0,"pressure_bar":70.0,"capacity_mcmd":27.39699999999984,"length_km":62.170648,"source":"SciGRID_gas IGGIELGNC-3","source_url":"https://github.com/Netizine/SciGRID_gas-IGGIELGNC-3"}},{"type":"Feature","geometry":{"type":"LineString","coordinates":[[9.047913,52.248654],[9.411113,52.08621]]},"properties":{"kind":"gas_pipeline","name":"LKD_PS_63_Seg_0_Seg_0","diameter_mm":900.0,"pressure_bar":70.0,"capacity_mcmd":27.39699999999984,"length_km":31.392061,"source":"SciGRID_gas IGGIELGNC-3","source_url":"https://github.com/Netizine/SciGRID_gas-IGGIELGNC-3"}},{"type":"Feature","geometry":{"type":"LineString","coordinates":[[8.320557,51.894542],[8.509537,52.050319]]},"properties":{"kind":"gas_pipeline","name":"LKD_PS_64_Seg_0_Seg_0","diameter_mm":900.0,"pressure_bar":70.0,"capacity_mcmd":27.39699999999984,"length_km":21.631238,"source":"SciGRID_gas IGGIELGNC-3","source_url":"https://github.com/Netizine/SciGRID_gas-IGGIELGNC-3"}},{"type":"Feature","geometry":{"type":"LineString","coordinates":[[8.509537,52.050319],[8.303407,52.496313]]},"properties":{"kind":"gas_pipeline","name":"LKD_PS_64_Seg_0_Seg_1","diameter_mm":900.0,"pressure_bar":70.0,"capacity_mcmd":27.39699999999984,"length_km":56.081953,"source":"SciGRID_gas IGGIELGNC-3","source_url":"https://github.com/Netizine/SciGRID_gas-IGGIELGNC-3"}},{"type":"Feature","geometry":{"type":"LineString","coordinates":[[7.640443,51.679284],[8.011674,52.317116]]},"properties":{"kind":"gas_pipeline","name":"LKD_PS_66_Seg_0_Seg_0","diameter_mm":900.0,"pressure_bar":70.0,"capacity_mcmd":27.39699999999984,"length_km":75.375607,"source":"SciGRID_gas IGGIELGNC-3","source_url":"https://github.com/Netizine/SciGRID_gas-IGGIELGNC-3"}},{"type":"Feature","geometry":{"type":"LineString","coordinates":[[7.640443,51.679284],[8.083304,52.218423]]},"properties":{"kind":"gas_pipeline","name":"LKD_PS_68_Seg_0_Seg_0","diameter_mm":900.0,"pressure_bar":70.0,"capacity_mcmd":27.39699999999984,"length_km":67.21602,"source":"SciGRID_gas IGGIELGNC-3","source_url":"https://github.com/Netizine/SciGRID_gas-IGGIELGNC-3"}},{"type":"Feature","geometry":{"type":"LineString","coordinates":[[8.083304,52.218423],[8.303407,52.496313]]},"properties":{"kind":"gas_pipeline","name":"LKD_PS_69_Seg_0_Seg_0","diameter_mm":600.0,"pressure_bar":90.0,"capacity_mcmd":21.112060384787497,"length_km":34.336087,"source":"SciGRID_gas IGGIELGNC-3","source_url":"https://github.com/Netizine/SciGRID_gas-IGGIELGNC-3"}},{"type":"Feature","geometry":{"type":"LineString","coordinates":[[8.083304,52.218423],[8.011674,52.317116]]},"properties":{"kind":"gas_pipeline","name":"LKD_PS_70_Seg_0_Seg_0","diameter_mm":900.0,"pressure_bar":70.0,"capacity_mcmd":27.39699999999984,"length_km":12.011721,"source":"SciGRID_gas IGGIELGNC-3","source_url":"https://github.com/Netizine/SciGRID_gas-IGGIELGNC-3"}},{"type":"Feature","geometry":{"type":"LineString","coordinates":[[7.293203,51.549406],[7.640443,51.679284]]},"properties":{"kind":"gas_pipeline","name":"LKD_PS_71_Seg_0_Seg_0","diameter_mm":800.0,"pressure_bar":72.46119904241188,"capacity_mcmd":27.39726,"length_km":27.998062,"source":"SciGRID_gas IGGIELGNC-3","source_url":"https://github.com/Netizine/SciGRID_gas-IGGIELGNC-3"}},{"type":"Feature","geometry":{"type":"LineString","coordinates":[[7.48979,51.546936],[7.43023,51.39235]]},"properties":{"kind":"gas_pipeline","name":"LKD_PS_72_Seg_0_Seg_0","diameter_mm":900.0,"pressure_bar":70.0,"capacity_mcmd":27.39699999999984,"length_km":17.682871,"source":"SciGRID_gas IGGIELGNC-3","source_url":"https://github.com/Netizine/SciGRID_gas-IGGIELGNC-3"}},{"type":"Feature","geometry":{"type":"LineString","coordinates":[[7.43023,51.39235],[7.371067,51.237731]]},"properties":{"kind":"gas_pipeline","name":"LKD_PS_72_Seg_0_Seg_1","diameter_mm":900.0,"pressure_bar":70.0,"capacity_mcmd":27.39699999999984,"length_km":17.683264,"source":"SciGRID_gas IGGIELGNC-3","source_url":"https://github.com/Netizine/SciGRID_gas-IGGIELGNC-3"}},{"type":"Feature","geometry":{"type":"LineString","coordinates":[[7.161533,50.736555],[7.271726,50.645519]]},"properties":{"kind":"gas_pipeline","name":"LKD_PS_73_Seg_0_Seg_0","diameter_mm":900.0,"pressure_bar":70.0,"capacity_mcmd":27.39699999999984,"length_km":16.723926,"source":"SciGRID_gas IGGIELGNC-3","source_url":"https://github.com/Netizine/SciGRID_gas-IGGIELGNC-3"}},{"type":"Feature","geometry":{"type":"LineString","coordinates":[[7.640443,51.679284],[7.588594,51.993288]]},"properties":{"kind":"gas_pipeline","name":"LKD_PS_74_Seg_0_Seg_0","diameter_mm":900.0,"pressure_bar":70.0,"capacity_mcmd":27.39699999999984,"length_km":35.107937,"source":"SciGRID_gas IGGIELGNC-3","source_url":"https://github.com/Netizine/SciGRID_gas-IGGIELGNC-3"}},{"type":"Feature","geometry":{"type":"LineString","coordinates":[[7.588594,51.993288],[7.200964,52.150065]]},"properties":{"kind":"gas_pipeline","name":"LKD_PS_74_Seg_0_Seg_2","diameter_mm":900.0,"pressure_bar":70.0,"capacity_mcmd":27.39699999999984,"length_km":98.054175,"source":"SciGRID_gas IGGIELGNC-3","source_url":"https://github.com/Netizine/SciGRID_gas-IGGIELGNC-3"}},{"type":"Feature","geometry":{"type":"LineString","coordinates":[[8.303407,52.496313],[8.756108,52.498469]]},"properties":{"kind":"gas_pipeline","name":"LKD_PS_75_Seg_0_Seg_0","diameter_mm":900.0,"pressure_bar":70.0,"capacity_mcmd":27.39699999999984,"length_km":30.656193,"source":"SciGRID_gas IGGIELGNC-3","source_url":"https://github.com/Netizine/SciGRID_gas-IGGIELGNC-3"}},{"type":"Feature","geometry":{"type":"LineString","coordinates":[[7.200964,52.150065],[7.124878,52.058939]]},"properties":{"kind":"gas_pipeline","name":"LKD_PS_76_Seg_0_Seg_0","diameter_mm":900.0,"pressure_bar":70.0,"capacity_mcmd":27.39699999999984,"length_km":26.329156,"source":"SciGRID_gas IGGIELGNC-3","source_url":"https://github.com/Netizine/SciGRID_gas-IGGIELGNC-3"}},{"type":"Feature","geometry":{"type":"LineString","coordinates":[[10.545235,48.699313],[10.656869,48.580883]]},"properties":{"kind":"gas_pipeline","name":"LKD_PS_78_Seg_0_Seg_0","diameter_mm":900.0,"pressure_bar":70.0,"capacity_mcmd":27.39699999999984,"length_km":15.705374,"source":"SciGRID_gas IGGIELGNC-3","source_url":"https://github.com/Netizine/SciGRID_gas-IGGIELGNC-3"}},{"type":"Feature","geometry":{"type":"LineString","coordinates":[[10.656869,48.580883],[10.187765,48.375408]]},"properties":{"kind":"gas_pipeline","name":"LKD_PS_79_Seg_0_Seg_0","diameter_mm":900.0,"pressure_bar":70.0,"capacity_mcmd":27.39699999999984,"length_km":44.684382,"source":"SciGRID_gas IGGIELGNC-3","source_url":"https://github.com/Netizine/SciGRID_gas-IGGIELGNC-3"}},{"type":"Feature","geometry":{"type":"LineString","coordinates":[[10.187765,48.375408],[10.06044,48.408302]]},"properties":{"kind":"gas_pipeline","name":"LKD_PS_80_Seg_0_Seg_0","diameter_mm":400.0,"pressure_bar":68.0,"capacity_mcmd":2.549933272444444,"length_km":10.993046,"source":"SciGRID_gas IGGIELGNC-3","source_url":"https://github.com/Netizine/SciGRID_gas-IGGIELGNC-3"}},{"type":"Feature","geometry":{"type":"LineString","coordinates":[[10.187765,48.375408],[10.09573,48.328492]]},"properties":{"kind":"gas_pipeline","name":"LKD_PS_81_Seg_0_Seg_0","diameter_mm":900.0,"pressure_bar":70.0,"capacity_mcmd":27.39699999999984,"length_km":8.574022,"source":"SciGRID_gas IGGIELGNC-3","source_url":"https://github.com/Netizine/SciGRID_gas-IGGIELGNC-3"}},{"type":"Feature","geometry":{"type":"LineString","coordinates":[[10.187765,48.375408],[10.470767,48.357894]]},"properties":{"kind":"gas_pipeline","name":"LKD_PS_82_Seg_0_Seg_0","diameter_mm":400.0,"pressure_bar":68.0,"capacity_mcmd":2.549933272444444,"length_km":21.872985,"source":"SciGRID_gas IGGIELGNC-3","source_url":"https://github.com/Netizine/SciGRID_gas-IGGIELGNC-3"}},{"type":"Feature","geometry":{"type":"LineString","coordinates":[[10.470767,48.357894],[10.871326,48.37222]]},"properties":{"kind":"gas_pipeline","name":"LKD_PS_82_Seg_0_Seg_1","diameter_mm":400.0,"pressure_bar":68.0,"capacity_mcmd":2.549933272444444,"length_km":29.643781,"source":"SciGRID_gas IGGIELGNC-3","source_url":"https://github.com/Netizine/SciGRID_gas-IGGIELGNC-3"}},{"type":"Feature","geometry":{"type":"LineString","coordinates":[[10.871326,48.37222],[10.920231,48.458767]]},"properties":{"kind":"gas_pipeline","name":"LKD_PS_82_Seg_0_Seg_2","diameter_mm":400.0,"pressure_bar":68.0,"capacity_mcmd":2.549933272444444,"length_km":13.294162,"source":"SciGRID_gas IGGIELGNC-3","source_url":"https://github.com/Netizine/SciGRID_gas-IGGIELGNC-3"}},{"type":"Feature","geometry":{"type":"LineString","coordinates":[[10.920231,48.458767],[10.982712,48.268099]]},"properties":{"kind":"gas_pipeline","name":"LKD_PS_83_Seg_0_Seg_0","diameter_mm":900.0,"pressure_bar":70.0,"capacity_mcmd":27.39699999999984,"length_km":21.717459,"source":"SciGRID_gas IGGIELGNC-3","source_url":"https://github.com/Netizine/SciGRID_gas-IGGIELGNC-3"}},{"type":"Feature","geometry":{"type":"LineString","coordinates":[[10.982712,48.268099],[10.897867,48.022027]]},"properties":{"kind":"gas_pipeline","name":"LKD_PS_84_Seg_0_Seg_0","diameter_mm":300.0,"pressure_bar":25.0,"capacity_mcmd":4.442477338165853,"length_km":38.856539,"source":"SciGRID_gas IGGIELGNC-3","source_url":"https://github.com/Netizine/SciGRID_gas-IGGIELGNC-3"}},{"type":"Feature","geometry":{"type":"LineString","coordinates":[[10.982712,48.268099],[11.274978,48.106166]]},"properties":{"kind":"gas_pipeline","name":"LKD_PS_85_Seg_0_Seg_0","diameter_mm":900.0,"pressure_bar":70.0,"capacity_mcmd":27.39699999999984,"length_km":28.826922,"source":"SciGRID_gas IGGIELGNC-3","source_url":"https://github.com/Netizine/SciGRID_gas-IGGIELGNC-3"}},{"type":"Feature","geometry":{"type":"LineString","coordinates":[[11.274978,48.106166],[11.433415,48.032723]]},"properties":{"kind":"gas_pipeline","name":"LKD_PS_85_Seg_0_Seg_1","diameter_mm":900.0,"pressure_bar":70.0,"capacity_mcmd":27.39699999999984,"length_km":16.193454,"source":"SciGRID_gas IGGIELGNC-3","source_url":"https://github.com/Netizine/SciGRID_gas-IGGIELGNC-3"}},{"type":"Feature","geometry":{"type":"LineString","coordinates":[[11.433415,48.032723],[11.781149,48.018141]]},"properties":{"kind":"gas_pipeline","name":"LKD_PS_85_Seg_0_Seg_2","diameter_mm":900.0,"pressure_bar":70.0,"capacity_mcmd":27.39699999999984,"length_km":29.221398,"source":"SciGRID_gas IGGIELGNC-3","source_url":"https://github.com/Netizine/SciGRID_gas-IGGIELGNC-3"}},{"type":"Feature","geometry":{"type":"LineString","coordinates":[[11.781149,48.018141],[11.745781,47.876549]]},"properties":{"kind":"gas_pipeline","name":"LKD_PS_86_Seg_0_Seg_0","diameter_mm":600.0,"pressure_bar":68.0,"capacity_mcmd":11.407561044000005,"length_km":16.290563,"source":"SciGRID_gas IGGIELGNC-3","source_url":"https://github.com/Netizine/SciGRID_gas-IGGIELGNC-3"}},{"type":"Feature","geometry":{"type":"LineString","coordinates":[[11.745781,47.876549],[11.549648,47.780064]]},"properties":{"kind":"gas_pipeline","name":"LKD_PS_86_Seg_0_Seg_1","diameter_mm":600.0,"pressure_bar":68.0,"capacity_mcmd":11.407561044000005,"length_km":20.024659,"source":"SciGRID_gas IGGIELGNC-3","source_url":"https://github.com/Netizine/SciGRID_gas-IGGIELGNC-3"}},{"type":"Feature","geometry":{"type":"LineString","coordinates":[[11.549648,47.780064],[11.174808,47.730578]]},"properties":{"kind":"gas_pipeline","name":"LKD_PS_86_Seg_0_Seg_2","diameter_mm":600.0,"pressure_bar":68.0,"capacity_mcmd":11.407561044000005,"length_km":30.519932,"source":"SciGRID_gas IGGIELGNC-3","source_url":"https://github.com/Netizine/SciGRID_gas-IGGIELGNC-3"}},{"type":"Feature","geometry":{"type":"LineString","coordinates":[[11.174808,47.730578],[10.906671,47.719675]]},"properties":{"kind":"gas_pipeline","name":"LKD_PS_86_Seg_0_Seg_4","diameter_mm":600.0,"pressure_bar":68.0,"capacity_mcmd":11.407561044000005,"length_km":20.294575,"source":"SciGRID_gas IGGIELGNC-3","source_url":"https://github.com/Netizine/SciGRID_gas-IGGIELGNC-3"}},{"type":"Feature","geometry":{"type":"LineString","coordinates":[[10.906671,47.719675],[10.334395,47.647739]]},"properties":{"kind":"gas_pipeline","name":"LKD_PS_87_Seg_0_Seg_0","diameter_mm":600.0,"pressure_bar":68.0,"capacity_mcmd":11.407561044000005,"length_km":46.625467,"source":"SciGRID_gas IGGIELGNC-3","source_url":"https://github.com/Netizine/SciGRID_gas-IGGIELGNC-3"}},{"type":"Feature","geometry":{"type":"LineString","coordinates":[[11.781149,48.018141],[12.059479,47.893174]]},"properties":{"kind":"gas_pipeline","name":"LKD_PS_90_Seg_0_Seg_0","diameter_mm":900.0,"pressure_bar":70.0,"capacity_mcmd":27.39699999999984,"length_km":25.969936,"source":"SciGRID_gas IGGIELGNC-3","source_url":"https://github.com/Netizine/SciGRID_gas-IGGIELGNC-3"}},{"type":"Feature","geometry":{"type":"LineString","coordinates":[[11.781149,48.018141],[11.804763,48.20864]]},"properties":{"kind":"gas_pipeline","name":"LKD_PS_92_Seg_0_Seg_0","diameter_mm":1000.0,"pressure_bar":100.0,"capacity_mcmd":61.367897297333286,"length_km":21.261616,"source":"SciGRID_gas IGGIELGNC-3","source_url":"https://github.com/Netizine/SciGRID_gas-IGGIELGNC-3"}},{"type":"Feature","geometry":{"type":"LineString","coordinates":[[11.804763,48.20864],[12.006833,48.11276]]},"properties":{"kind":"gas_pipeline","name":"LKD_PS_93_Seg_0_Seg_0","diameter_mm":1000.0,"pressure_bar":75.0,"capacity_mcmd":56.761550127111065,"length_km":19.018466,"source":"SciGRID_gas IGGIELGNC-3","source_url":"https://github.com/Netizine/SciGRID_gas-IGGIELGNC-3"}},{"type":"Feature","geometry":{"type":"LineString","coordinates":[[12.006833,48.11276],[12.37626,48.045615]]},"properties":{"kind":"gas_pipeline","name":"LKD_PS_93_Seg_0_Seg_1","diameter_mm":1000.0,"pressure_bar":75.0,"capacity_mcmd":56.761550127111065,"length_km":28.662328,"source":"SciGRID_gas IGGIELGNC-3","source_url":"https://github.com/Netizine/SciGRID_gas-IGGIELGNC-3"}},{"type":"Feature","geometry":{"type":"LineString","coordinates":[[12.37626,48.045615],[12.408215,47.915406]]},"properties":{"kind":"gas_pipeline","name":"LKD_PS_94_Seg_0_Seg_0","diameter_mm":300.0,"pressure_bar":25.0,"capacity_mcmd":4.442477338165853,"length_km":16.571079,"source":"SciGRID_gas IGGIELGNC-3","source_url":"https://github.com/Netizine/SciGRID_gas-IGGIELGNC-3"}},{"type":"Feature","geometry":{"type":"LineString","coordinates":[[12.37626,48.045615],[12.420098,48.092376]]},"properties":{"kind":"gas_pipeline","name":"LKD_PS_95_Seg_0_Seg_0","diameter_mm":1000.0,"pressure_bar":75.0,"capacity_mcmd":56.761550127111065,"length_km":8.602266,"source":"SciGRID_gas IGGIELGNC-3","source_url":"https://github.com/Netizine/SciGRID_gas-IGGIELGNC-3"}},{"type":"Feature","geometry":{"type":"LineString","coordinates":[[12.420098,48.092376],[12.740822,48.167435]]},"properties":{"kind":"gas_pipeline","name":"LKD_PS_96_Seg_0_Seg_0","diameter_mm":1000.0,"pressure_bar":75.0,"capacity_mcmd":56.761550127111065,"length_km":29.950374,"source":"SciGRID_gas IGGIELGNC-3","source_url":"https://github.com/Netizine/SciGRID_gas-IGGIELGNC-3"}},{"type":"Feature","geometry":{"type":"LineString","coordinates":[[12.37626,48.045615],[12.420098,48.092376]]},"properties":{"kind":"gas_pipeline","name":"LKD_PS_98_Seg_0_Seg_0","diameter_mm":300.0,"pressure_bar":25.0,"capacity_mcmd":4.442477338165853,"length_km":6.137564,"source":"SciGRID_gas IGGIELGNC-3","source_url":"https://github.com/Netizine/SciGRID_gas-IGGIELGNC-3"}},{"type":"Feature","geometry":{"type":"LineString","coordinates":[[12.420098,48.092376],[12.740822,48.167435]]},"properties":{"kind":"gas_pipeline","name":"LKD_PS_99_Seg_0_Seg_0","diameter_mm":900.0,"pressure_bar":70.0,"capacity_mcmd":27.39699999999984,"length_km":29.295429,"source":"SciGRID_gas IGGIELGNC-3","source_url":"https://github.com/Netizine/SciGRID_gas-IGGIELGNC-3"}},{"type":"Feature","geometry":{"type":"LineString","coordinates":[[11.804763,48.20864],[12.251441,48.130798]]},"properties":{"kind":"gas_pipeline","name":"LKD_PS_100_Seg_0_Seg_0","diameter_mm":600.0,"pressure_bar":68.0,"capacity_mcmd":11.407561044000005,"length_km":35.892826,"source":"SciGRID_gas IGGIELGNC-3","source_url":"https://github.com/Netizine/SciGRID_gas-IGGIELGNC-3"}},{"type":"Feature","geometry":{"type":"LineString","coordinates":[[12.251441,48.130798],[12.420098,48.092376]]},"properties":{"kind":"gas_pipeline","name":"LKD_PS_100_Seg_0_Seg_2","diameter_mm":600.0,"pressure_bar":68.0,"capacity_mcmd":11.407561044000005,"length_km":15.42789,"source":"SciGRID_gas IGGIELGNC-3","source_url":"https://github.com/Netizine/SciGRID_gas-IGGIELGNC-3"}},{"type":"Feature","geometry":{"type":"LineString","coordinates":[[10.656869,48.580883],[10.920231,48.458767]]},"properties":{"kind":"gas_pipeline","name":"LKD_PS_101_Seg_0_Seg_0","diameter_mm":900.0,"pressure_bar":70.0,"capacity_mcmd":27.39699999999984,"length_km":25.039944,"source":"SciGRID_gas IGGIELGNC-3","source_url":"https://github.com/Netizine/SciGRID_gas-IGGIELGNC-3"}},{"type":"Feature","geometry":{"type":"LineString","coordinates":[[10.920231,48.458767],[11.136445,48.405767]]},"properties":{"kind":"gas_pipeline","name":"LKD_PS_102_Seg_0_Seg_0","diameter_mm":1000.0,"pressure_bar":100.0,"capacity_mcmd":61.367897297333286,"length_km":17.726818,"source":"SciGRID_gas IGGIELGNC-3","source_url":"https://github.com/Netizine/SciGRID_gas-IGGIELGNC-3"}},{"type":"Feature","geometry":{"type":"LineString","coordinates":[[11.136445,48.405767],[11.438255,48.325766]]},"properties":{"kind":"gas_pipeline","name":"LKD_PS_102_Seg_0_Seg_1","diameter_mm":1000.0,"pressure_bar":100.0,"capacity_mcmd":61.367897297333286,"length_km":24.307013,"source":"SciGRID_gas IGGIELGNC-3","source_url":"https://github.com/Netizine/SciGRID_gas-IGGIELGNC-3"}},{"type":"Feature","geometry":{"type":"LineString","coordinates":[[11.438255,48.325766],[11.689167,48.238382]]},"properties":{"kind":"gas_pipeline","name":"LKD_PS_102_Seg_0_Seg_2","diameter_mm":1000.0,"pressure_bar":100.0,"capacity_mcmd":61.367897297333286,"length_km":21.717138,"source":"SciGRID_gas IGGIELGNC-3","source_url":"https://github.com/Netizine/SciGRID_gas-IGGIELGNC-3"}},{"type":"Feature","geometry":{"type":"LineString","coordinates":[[11.689167,48.238382],[11.804763,48.20864]]},"properties":{"kind":"gas_pipeline","name":"LKD_PS_102_Seg_0_Seg_3","diameter_mm":1000.0,"pressure_bar":100.0,"capacity_mcmd":61.367897297333286,"length_km":9.727405,"source":"SciGRID_gas IGGIELGNC-3","source_url":"https://github.com/Netizine/SciGRID_gas-IGGIELGNC-3"}},{"type":"Feature","geometry":{"type":"LineString","coordinates":[[10.656869,48.580883],[11.097931,48.661851]]},"properties":{"kind":"gas_pipeline","name":"LKD_PS_103_Seg_0_Seg_0","diameter_mm":400.0,"pressure_bar":68.0,"capacity_mcmd":2.549933272444444,"length_km":36.299743,"source":"SciGRID_gas IGGIELGNC-3","source_url":"https://github.com/Netizine/SciGRID_gas-IGGIELGNC-3"}},{"type":"Feature","geometry":{"type":"LineString","coordinates":[[11.097931,48.661851],[11.377012,48.711095]]},"properties":{"kind":"gas_pipeline","name":"LKD_PS_103_Seg_0_Seg_2","diameter_mm":400.0,"pressure_bar":68.0,"capacity_mcmd":2.549933272444444,"length_km":21.514087,"source":"SciGRID_gas IGGIELGNC-3","source_url":"https://github.com/Netizine/SciGRID_gas-IGGIELGNC-3"}},{"type":"Feature","geometry":{"type":"LineString","coordinates":[[11.377012,48.711095],[11.500486,48.734317]]},"properties":{"kind":"gas_pipeline","name":"LKD_PS_103_Seg_0_Seg_3","diameter_mm":400.0,"pressure_bar":68.0,"capacity_mcmd":2.549933272444444,"length_km":9.42136,"source":"SciGRID_gas IGGIELGNC-3","source_url":"https://github.com/Netizine/SciGRID_gas-IGGIELGNC-3"}},{"type":"Feature","geometry":{"type":"LineString","coordinates":[[11.500486,48.734317],[11.555788,48.755703]]},"properties":{"kind":"gas_pipeline","name":"LKD_PS_103_Seg_0_Seg_4","diameter_mm":400.0,"pressure_bar":68.0,"capacity_mcmd":2.549933272444444,"length_km":11.171442,"source":"SciGRID_gas IGGIELGNC-3","source_url":"https://github.com/Netizine/SciGRID_gas-IGGIELGNC-3"}},{"type":"Feature","geometry":{"type":"LineString","coordinates":[[10.920231,48.458767],[11.54142,48.709712]]},"properties":{"kind":"gas_pipeline","name":"LKD_PS_104_Seg_0_Seg_0","diameter_mm":400.0,"pressure_bar":68.0,"capacity_mcmd":2.549933272444444,"length_km":60.068513,"source":"SciGRID_gas IGGIELGNC-3","source_url":"https://github.com/Netizine/SciGRID_gas-IGGIELGNC-3"}},{"type":"Feature","geometry":{"type":"LineString","coordinates":[[11.54142,48.709712],[11.698895,48.750927]]},"properties":{"kind":"gas_pipeline","name":"LKD_PS_104_Seg_0_Seg_3","diameter_mm":400.0,"pressure_bar":68.0,"capacity_mcmd":2.549933272444444,"length_km":12.429845,"source":"SciGRID_gas IGGIELGNC-3","source_url":"https://github.com/Netizine/SciGRID_gas-IGGIELGNC-3"}},{"type":"Feature","geometry":{"type":"LineString","coordinates":[[11.651402,48.812255],[11.698895,48.750927]]},"properties":{"kind":"gas_pipeline","name":"LKD_PS_105_Seg_0_Seg_0","diameter_mm":900.0,"pressure_bar":70.0,"capacity_mcmd":27.39699999999984,"length_km":7.658298,"source":"SciGRID_gas IGGIELGNC-3","source_url":"https://github.com/Netizine/SciGRID_gas-IGGIELGNC-3"}},{"type":"Feature","geometry":{"type":"LineString","coordinates":[[11.698895,48.750927],[11.812319,48.401235]]},"properties":{"kind":"gas_pipeline","name":"LKD_PS_106_Seg_0_Seg_0","diameter_mm":900.0,"pressure_bar":70.0,"capacity_mcmd":27.39699999999984,"length_km":40.187312,"source":"SciGRID_gas IGGIELGNC-3","source_url":"https://github.com/Netizine/SciGRID_gas-IGGIELGNC-3"}},{"type":"Feature","geometry":{"type":"LineString","coordinates":[[11.812319,48.401235],[11.804763,48.20864]]},"properties":{"kind":"gas_pipeline","name":"LKD_PS_107_Seg_0_Seg_0","diameter_mm":700.0,"pressure_bar":68.0,"capacity_mcmd":15.471772919448938,"length_km":21.809889,"source":"SciGRID_gas IGGIELGNC-3","source_url":"https://github.com/Netizine/SciGRID_gas-IGGIELGNC-3"}},{"type":"Feature","geometry":{"type":"LineString","coordinates":[[11.812319,48.401235],[12.132926,48.576243]]},"properties":{"kind":"gas_pipeline","name":"LKD_PS_108_Seg_0_Seg_0","diameter_mm":600.0,"pressure_bar":68.0,"capacity_mcmd":11.407561044000005,"length_km":32.303147,"source":"SciGRID_gas IGGIELGNC-3","source_url":"https://github.com/Netizine/SciGRID_gas-IGGIELGNC-3"}},{"type":"Feature","geometry":{"type":"LineString","coordinates":[[11.698895,48.750927],[11.952563,48.852773]]},"properties":{"kind":"gas_pipeline","name":"LKD_PS_110_Seg_0_Seg_0","diameter_mm":300.0,"pressure_bar":25.0,"capacity_mcmd":4.442477338165853,"length_km":22.682408,"source":"SciGRID_gas IGGIELGNC-3","source_url":"https://github.com/Netizine/SciGRID_gas-IGGIELGNC-3"}},{"type":"Feature","geometry":{"type":"LineString","coordinates":[[11.952563,48.852773],[12.256113,49.211854]]},"properties":{"kind":"gas_pipeline","name":"LKD_PS_111_Seg_0_Seg_0","diameter_mm":300.0,"pressure_bar":25.0,"capacity_mcmd":4.442477338165853,"length_km":48.103072,"source":"SciGRID_gas IGGIELGNC-3","source_url":"https://github.com/Netizine/SciGRID_gas-IGGIELGNC-3"}},{"type":"Feature","geometry":{"type":"LineString","coordinates":[[11.804763,48.20864],[12.049265,48.17185]]},"properties":{"kind":"gas_pipeline","name":"LKD_PS_112_Seg_0_Seg_0","diameter_mm":1200.0,"pressure_bar":100.0,"capacity_mcmd":90.789101532,"length_km":18.6626,"source":"SciGRID_gas IGGIELGNC-3","source_url":"https://github.com/Netizine/SciGRID_gas-IGGIELGNC-3"}},{"type":"Feature","geometry":{"type":"LineString","coordinates":[[12.049265,48.17185],[12.478674,48.170053]]},"properties":{"kind":"gas_pipeline","name":"LKD_PS_112_Seg_0_Seg_1","diameter_mm":1200.0,"pressure_bar":100.0,"capacity_mcmd":90.789101532,"length_km":31.857582,"source":"SciGRID_gas IGGIELGNC-3","source_url":"https://github.com/Netizine/SciGRID_gas-IGGIELGNC-3"}},{"type":"Feature","geometry":{"type":"LineString","coordinates":[[12.478674,48.170053],[12.655816,48.173236]]},"properties":{"kind":"gas_pipeline","name":"LKD_PS_112_Seg_0_Seg_3","diameter_mm":1200.0,"pressure_bar":100.0,"capacity_mcmd":90.789101532,"length_km":13.145039,"source":"SciGRID_gas IGGIELGNC-3","source_url":"https://github.com/Netizine/SciGRID_gas-IGGIELGNC-3"}},{"type":"Feature","geometry":{"type":"LineString","coordinates":[[12.655816,48.173236],[12.740822,48.167435]]},"properties":{"kind":"gas_pipeline","name":"LKD_PS_112_Seg_0_Seg_4","diameter_mm":1200.0,"pressure_bar":100.0,"capacity_mcmd":90.789101532,"length_km":6.338774,"source":"SciGRID_gas IGGIELGNC-3","source_url":"https://github.com/Netizine/SciGRID_gas-IGGIELGNC-3"}},{"type":"Feature","geometry":{"type":"LineString","coordinates":[[11.804763,48.20864],[11.136445,48.405767]]},"properties":{"kind":"gas_pipeline","name":"LKD_PS_113_Seg_0_Seg_0","diameter_mm":1200.0,"pressure_bar":100.0,"capacity_mcmd":90.789101532,"length_km":54.98758,"source":"SciGRID_gas IGGIELGNC-3","source_url":"https://github.com/Netizine/SciGRID_gas-IGGIELGNC-3"}},{"type":"Feature","geometry":{"type":"LineString","coordinates":[[11.136445,48.405767],[10.545235,48.699313]]},"properties":{"kind":"gas_pipeline","name":"LKD_PS_114_Seg_0_Seg_0","diameter_mm":1200.0,"pressure_bar":100.0,"capacity_mcmd":90.789101532,"length_km":56.485216,"source":"SciGRID_gas IGGIELGNC-3","source_url":"https://github.com/Netizine/SciGRID_gas-IGGIELGNC-3"}},{"type":"Feature","geometry":{"type":"LineString","coordinates":[[11.136445,48.405767],[10.545235,48.699313]]},"properties":{"kind":"gas_pipeline","name":"LKD_PS_115_Seg_0_Seg_0","diameter_mm":1200.0,"pressure_bar":100.0,"capacity_mcmd":90.789101532,"length_km":55.592148,"source":"SciGRID_gas IGGIELGNC-3","source_url":"https://github.com/Netizine/SciGRID_gas-IGGIELGNC-3"}},{"type":"Feature","geometry":{"type":"LineString","coordinates":[[12.788782,48.219157],[12.740822,48.167435]]},"properties":{"kind":"gas_pipeline","name":"LKD_PS_116_Seg_0_Seg_0","diameter_mm":300.0,"pressure_bar":25.0,"capacity_mcmd":4.442477338165853,"length_km":6.763391,"source":"SciGRID_gas IGGIELGNC-3","source_url":"https://github.com/Netizine/SciGRID_gas-IGGIELGNC-3"}},{"type":"Feature","geometry":{"type":"LineString","coordinates":[[13.655607,54.151055],[11.576469,53.524752]]},"properties":{"kind":"gas_pipeline","name":"LKD_PS_118_Seg_0_Seg_0","diameter_mm":1400.0,"pressure_bar":100.0,"capacity_mcmd":153.25380481382516,"length_km":162.620793,"source":"SciGRID_gas IGGIELGNC-3","source_url":"https://github.com/Netizine/SciGRID_gas-IGGIELGNC-3"}},{"type":"Feature","geometry":{"type":"LineString","coordinates":[[11.576469,53.524752],[10.739833,53.343505]]},"properties":{"kind":"gas_pipeline","name":"LKD_PS_118_Seg_0_Seg_9","diameter_mm":1400.0,"pressure_bar":100.0,"capacity_mcmd":120.1986391,"length_km":62.189159,"source":"SciGRID_gas IGGIELGNC-3","source_url":"https://github.com/Netizine/SciGRID_gas-IGGIELGNC-3"}},{"type":"Feature","geometry":{"type":"LineString","coordinates":[[10.739833,53.343505],[8.347535,52.551799]]},"properties":{"kind":"gas_pipeline","name":"LKD_PS_118_Seg_0_Seg_12","diameter_mm":1400.0,"pressure_bar":100.0,"capacity_mcmd":120.1986391,"length_km":205.806372,"source":"SciGRID_gas IGGIELGNC-3","source_url":"https://github.com/Netizine/SciGRID_gas-IGGIELGNC-3"}},{"type":"Feature","geometry":{"type":"LineString","coordinates":[[13.655607,54.151055],[13.641025,53.84749]]},"properties":{"kind":"gas_pipeline","name":"LKD_PS_119_Seg_0_Seg_0","diameter_mm":1400.0,"pressure_bar":100.0,"capacity_mcmd":153.25380481382516,"length_km":45.851071,"source":"SciGRID_gas IGGIELGNC-3","source_url":"https://github.com/Netizine/SciGRID_gas-IGGIELGNC-3"}},{"type":"Feature","geometry":{"type":"LineString","coordinates":[[13.641025,53.84749],[13.587282,52.093499]]},"properties":{"kind":"gas_pipeline","name":"LKD_PS_119_Seg_0_Seg_2","diameter_mm":1400.0,"pressure_bar":100.0,"capacity_mcmd":120.1986391,"length_km":233.124871,"source":"SciGRID_gas IGGIELGNC-3","source_url":"https://github.com/Netizine/SciGRID_gas-IGGIELGNC-3"}},{"type":"Feature","geometry":{"type":"LineString","coordinates":[[13.587282,52.093499],[13.7549,51.999678]]},"properties":{"kind":"gas_pipeline","name":"LKD_PS_119_Seg_0_Seg_15","diameter_mm":1400.0,"pressure_bar":100.0,"capacity_mcmd":120.1986391,"length_km":19.033148,"source":"SciGRID_gas IGGIELGNC-3","source_url":"https://github.com/Netizine/SciGRID_gas-IGGIELGNC-3"}},{"type":"Feature","geometry":{"type":"LineString","coordinates":[[13.7549,51.999678],[13.39,50.635]]},"properties":{"kind":"gas_pipeline","name":"LKD_PS_119_Seg_0_Seg_16","diameter_mm":1400.0,"pressure_bar":100.0,"capacity_mcmd":8.357698884795287,"length_km":158.804376,"source":"SciGRID_gas IGGIELGNC-3","source_url":"https://github.com/Netizine/SciGRID_gas-IGGIELGNC-3"}},{"type":"Feature","geometry":{"type":"LineString","coordinates":[[14.543,52.427],[13.866978,52.536457]]},"properties":{"kind":"gas_pipeline","name":"LKD_PS_121_Seg_0_Seg_0","diameter_mm":1200.0,"pressure_bar":68.0,"capacity_mcmd":81.94943695986116,"length_km":50.377409,"source":"SciGRID_gas IGGIELGNC-3","source_url":"https://github.com/Netizine/SciGRID_gas-IGGIELGNC-3"}},{"type":"Feature","geometry":{"type":"LineString","coordinates":[[13.866978,52.536457],[13.277536,52.035381]]},"properties":{"kind":"gas_pipeline","name":"LKD_PS_123_Seg_0_Seg_0","diameter_mm":1200.0,"pressure_bar":68.0,"capacity_mcmd":90.789101532,"length_km":69.677666,"source":"SciGRID_gas IGGIELGNC-3","source_url":"https://github.com/Netizine/SciGRID_gas-IGGIELGNC-3"}},{"type":"Feature","geometry":{"type":"LineString","coordinates":[[13.277536,52.035381],[12.56855,51.81322]]},"properties":{"kind":"gas_pipeline","name":"LKD_PS_123_Seg_0_Seg_3","diameter_mm":1200.0,"pressure_bar":68.0,"capacity_mcmd":90.789101532,"length_km":55.063063,"source":"SciGRID_gas IGGIELGNC-3","source_url":"https://github.com/Netizine/SciGRID_gas-IGGIELGNC-3"}},{"type":"Feature","geometry":{"type":"LineString","coordinates":[[12.56855,51.81322],[12.214035,50.782075]]},"properties":{"kind":"gas_pipeline","name":"LKD_PS_123_Seg_0_Seg_6","diameter_mm":1200.0,"pressure_bar":68.0,"capacity_mcmd":90.789101532,"length_km":130.530595,"source":"SciGRID_gas IGGIELGNC-3","source_url":"https://github.com/Netizine/SciGRID_gas-IGGIELGNC-3"}},{"type":"Feature","geometry":{"type":"LineString","coordinates":[[13.39,50.635],[13.098885,50.721385]]},"properties":{"kind":"gas_pipeline","name":"LKD_PS_124_Seg_0_Seg_0","diameter_mm":800.0,"pressure_bar":100.0,"capacity_mcmd":8.357698884795287,"length_km":22.912145,"source":"SciGRID_gas IGGIELGNC-3","source_url":"https://github.com/Netizine/SciGRID_gas-IGGIELGNC-3"}},{"type":"Feature","geometry":{"type":"LineString","coordinates":[[13.098885,50.721385],[12.804854,50.794442]]},"properties":{"kind":"gas_pipeline","name":"LKD_PS_124_Seg_0_Seg_1","diameter_mm":800.0,"pressure_bar":100.0,"capacity_mcmd":34.701230630666686,"length_km":22.227764,"source":"SciGRID_gas IGGIELGNC-3","source_url":"https://github.com/Netizine/SciGRID_gas-IGGIELGNC-3"}},{"type":"Feature","geometry":{"type":"LineString","coordinates":[[12.804854,50.794442],[12.612611,50.781515]]},"properties":{"kind":"gas_pipeline","name":"LKD_PS_124_Seg_0_Seg_2","diameter_mm":800.0,"pressure_bar":100.0,"capacity_mcmd":34.701230630666686,"length_km":13.594509,"source":"SciGRID_gas IGGIELGNC-3","source_url":"https://github.com/Netizine/SciGRID_gas-IGGIELGNC-3"}},{"type":"Feature","geometry":{"type":"LineString","coordinates":[[12.612611,50.781515],[12.214035,50.782075]]},"properties":{"kind":"gas_pipeline","name":"LKD_PS_127_Seg_0_Seg_0","diameter_mm":800.0,"pressure_bar":100.0,"capacity_mcmd":34.701230630666686,"length_km":28.288989,"source":"SciGRID_gas IGGIELGNC-3","source_url":"https://github.com/Netizine/SciGRID_gas-IGGIELGNC-3"}},{"type":"Feature","geometry":{"type":"LineString","coordinates":[[12.214035,50.782075],[11.714321,50.824251]]},"properties":{"kind":"gas_pipeline","name":"LKD_PS_128_Seg_0_Seg_0","diameter_mm":900.0,"pressure_bar":70.0,"capacity_mcmd":27.39699999999984,"length_km":35.44835,"source":"SciGRID_gas IGGIELGNC-3","source_url":"https://github.com/Netizine/SciGRID_gas-IGGIELGNC-3"}},{"type":"Feature","geometry":{"type":"LineString","coordinates":[[11.714321,50.824251],[11.075456,50.872017]]},"properties":{"kind":"gas_pipeline","name":"LKD_PS_128_Seg_0_Seg_2","diameter_mm":900.0,"pressure_bar":70.0,"capacity_mcmd":27.39699999999984,"length_km":50.117563,"source":"SciGRID_gas IGGIELGNC-3","source_url":"https://github.com/Netizine/SciGRID_gas-IGGIELGNC-3"}},{"type":"Feature","geometry":{"type":"LineString","coordinates":[[11.075456,50.872017],[10.849538,50.944609]]},"properties":{"kind":"gas_pipeline","name":"LKD_PS_128_Seg_0_Seg_4","diameter_mm":900.0,"pressure_bar":70.0,"capacity_mcmd":27.39699999999984,"length_km":17.783963,"source":"SciGRID_gas IGGIELGNC-3","source_url":"https://github.com/Netizine/SciGRID_gas-IGGIELGNC-3"}},{"type":"Feature","geometry":{"type":"LineString","coordinates":[[10.849538,50.944609],[10.425933,50.900716]]},"properties":{"kind":"gas_pipeline","name":"LKD_PS_128_Seg_0_Seg_5","diameter_mm":900.0,"pressure_bar":70.0,"capacity_mcmd":27.39699999999984,"length_km":30.704772,"source":"SciGRID_gas IGGIELGNC-3","source_url":"https://github.com/Netizine/SciGRID_gas-IGGIELGNC-3"}},{"type":"Feature","geometry":{"type":"LineString","coordinates":[[10.425933,50.900716],[9.656208,50.684748]]},"properties":{"kind":"gas_pipeline","name":"LKD_PS_128_Seg_0_Seg_7","diameter_mm":900.0,"pressure_bar":70.0,"capacity_mcmd":27.39699999999984,"length_km":59.959648,"source":"SciGRID_gas IGGIELGNC-3","source_url":"https://github.com/Netizine/SciGRID_gas-IGGIELGNC-3"}},{"type":"Feature","geometry":{"type":"LineString","coordinates":[[7.324345,53.27081],[7.344144,53.200758]]},"properties":{"kind":"gas_pipeline","name":"LKD_PS_131_Seg_0_Seg_0","diameter_mm":900.0,"pressure_bar":70.0,"capacity_mcmd":27.39699999999984,"length_km":7.902572,"source":"SciGRID_gas IGGIELGNC-3","source_url":"https://github.com/Netizine/SciGRID_gas-IGGIELGNC-3"}},{"type":"Feature","geometry":{"type":"LineString","coordinates":[[7.344144,53.200758],[7.72424,52.93472]]},"properties":{"kind":"gas_pipeline","name":"LKD_PS_133_Seg_0_Seg_0","diameter_mm":900.0,"pressure_bar":100.0,"capacity_mcmd":48.03456396399997,"length_km":38.999784,"source":"SciGRID_gas IGGIELGNC-3","source_url":"https://github.com/Netizine/SciGRID_gas-IGGIELGNC-3"}},{"type":"Feature","geometry":{"type":"LineString","coordinates":[[7.72424,52.93472],[8.347535,52.551799]]},"properties":{"kind":"gas_pipeline","name":"LKD_PS_133_Seg_0_Seg_2","diameter_mm":900.0,"pressure_bar":100.0,"capacity_mcmd":48.03456396399997,"length_km":60.114558,"source":"SciGRID_gas IGGIELGNC-3","source_url":"https://github.com/Netizine/SciGRID_gas-IGGIELGNC-3"}},{"type":"Feature","geometry":{"type":"LineString","coordinates":[[8.347535,52.551799],[8.483277,52.202537]]},"properties":{"kind":"gas_pipeline","name":"LKD_PS_134_Seg_0_Seg_0","diameter_mm":1000.0,"pressure_bar":100.0,"capacity_mcmd":61.37956396400001,"length_km":40.173175,"source":"SciGRID_gas IGGIELGNC-3","source_url":"https://github.com/Netizine/SciGRID_gas-IGGIELGNC-3"}},{"type":"Feature","geometry":{"type":"LineString","coordinates":[[8.483277,52.202537],[9.01312,51.964789]]},"properties":{"kind":"gas_pipeline","name":"LKD_PS_135_Seg_0_Seg_0","diameter_mm":1000.0,"pressure_bar":100.0,"capacity_mcmd":61.37956396400001,"length_km":68.412347,"source":"SciGRID_gas IGGIELGNC-3","source_url":"https://github.com/Netizine/SciGRID_gas-IGGIELGNC-3"}},{"type":"Feature","geometry":{"type":"LineString","coordinates":[[8.483277,52.202537],[8.761779,51.869276]]},"properties":{"kind":"gas_pipeline","name":"LKD_PS_136_Seg_0_Seg_0","diameter_mm":1000.0,"pressure_bar":100.0,"capacity_mcmd":61.37956396400001,"length_km":43.433167,"source":"SciGRID_gas IGGIELGNC-3","source_url":"https://github.com/Netizine/SciGRID_gas-IGGIELGNC-3"}},{"type":"Feature","geometry":{"type":"LineString","coordinates":[[8.761779,51.869276],[9.127954,51.276049]]},"properties":{"kind":"gas_pipeline","name":"LKD_PS_136_Seg_0_Seg_2","diameter_mm":1000.0,"pressure_bar":100.0,"capacity_mcmd":61.37956396400001,"length_km":71.112658,"source":"SciGRID_gas IGGIELGNC-3","source_url":"https://github.com/Netizine/SciGRID_gas-IGGIELGNC-3"}},{"type":"Feature","geometry":{"type":"LineString","coordinates":[[9.127954,51.276049],[9.40058,51.0381]]},"properties":{"kind":"gas_pipeline","name":"LKD_PS_136_Seg_0_Seg_5","diameter_mm":1000.0,"pressure_bar":100.0,"capacity_mcmd":61.37956396400001,"length_km":33.207546,"source":"SciGRID_gas IGGIELGNC-3","source_url":"https://github.com/Netizine/SciGRID_gas-IGGIELGNC-3"}},{"type":"Feature","geometry":{"type":"LineString","coordinates":[[9.40058,51.0381],[9.636003,50.877491]]},"properties":{"kind":"gas_pipeline","name":"LKD_PS_136_Seg_0_Seg_7","diameter_mm":1000.0,"pressure_bar":100.0,"capacity_mcmd":61.37956396400001,"length_km":24.377363,"source":"SciGRID_gas IGGIELGNC-3","source_url":"https://github.com/Netizine/SciGRID_gas-IGGIELGNC-3"}},{"type":"Feature","geometry":{"type":"LineString","coordinates":[[9.636003,50.877491],[9.656208,50.684748]]},"properties":{"kind":"gas_pipeline","name":"LKD_PS_136_Seg_0_Seg_8","diameter_mm":1000.0,"pressure_bar":100.0,"capacity_mcmd":61.37956396400001,"length_km":21.492563,"source":"SciGRID_gas IGGIELGNC-3","source_url":"https://github.com/Netizine/SciGRID_gas-IGGIELGNC-3"}},{"type":"Feature","geometry":{"type":"LineString","coordinates":[[9.656208,50.684748],[9.424897,50.379228]]},"properties":{"kind":"gas_pipeline","name":"LKD_PS_138_Seg_0_Seg_0","diameter_mm":900.0,"pressure_bar":70.0,"capacity_mcmd":27.39699999999984,"length_km":42.989034,"source":"SciGRID_gas IGGIELGNC-3","source_url":"https://github.com/Netizine/SciGRID_gas-IGGIELGNC-3"}},{"type":"Feature","geometry":{"type":"LineString","coordinates":[[9.424897,50.379228],[9.13794,50.23184]]},"properties":{"kind":"gas_pipeline","name":"LKD_PS_139_Seg_0_Seg_0","diameter_mm":900.0,"pressure_bar":70.0,"capacity_mcmd":27.39699999999984,"length_km":26.160006,"source":"SciGRID_gas IGGIELGNC-3","source_url":"https://github.com/Netizine/SciGRID_gas-IGGIELGNC-3"}},{"type":"Feature","geometry":{"type":"LineString","coordinates":[[9.13794,50.23184],[8.770964,49.821352]]},"properties":{"kind":"gas_pipeline","name":"LKD_PS_139_Seg_0_Seg_1","diameter_mm":900.0,"pressure_bar":70.0,"capacity_mcmd":27.39699999999984,"length_km":55.927651,"source":"SciGRID_gas IGGIELGNC-3","source_url":"https://github.com/Netizine/SciGRID_gas-IGGIELGNC-3"}},{"type":"Feature","geometry":{"type":"LineString","coordinates":[[8.466271,49.813338],[8.770964,49.821352]]},"properties":{"kind":"gas_pipeline","name":"LKD_PS_141_Seg_0_Seg_0","diameter_mm":800.0,"pressure_bar":100.0,"capacity_mcmd":34.701230630666686,"length_km":21.885484,"source":"SciGRID_gas IGGIELGNC-3","source_url":"https://github.com/Netizine/SciGRID_gas-IGGIELGNC-3"}},{"type":"Feature","geometry":{"type":"LineString","coordinates":[[8.347535,52.551799],[8.66194,52.76943]]},"properties":{"kind":"gas_pipeline","name":"LKD_PS_142_Seg_0_Seg_0","diameter_mm":800.0,"pressure_bar":84.0,"capacity_mcmd":31.753168441724455,"length_km":32.185332,"source":"SciGRID_gas IGGIELGNC-3","source_url":"https://github.com/Netizine/SciGRID_gas-IGGIELGNC-3"}},{"type":"Feature","geometry":{"type":"LineString","coordinates":[[8.66194,52.76943],[9.482867,53.435469]]},"properties":{"kind":"gas_pipeline","name":"LKD_PS_142_Seg_0_Seg_2","diameter_mm":800.0,"pressure_bar":84.0,"capacity_mcmd":31.753168441724455,"length_km":112.889851,"source":"SciGRID_gas IGGIELGNC-3","source_url":"https://github.com/Netizine/SciGRID_gas-IGGIELGNC-3"}},{"type":"Feature","geometry":{"type":"LineString","coordinates":[[8.483277,52.202537],[8.475753,51.992636]]},"properties":{"kind":"gas_pipeline","name":"LKD_PS_143_Seg_0_Seg_0","diameter_mm":800.0,"pressure_bar":100.0,"capacity_mcmd":34.701230630666686,"length_km":25.197943,"source":"SciGRID_gas IGGIELGNC-3","source_url":"https://github.com/Netizine/SciGRID_gas-IGGIELGNC-3"}},{"type":"Feature","geometry":{"type":"LineString","coordinates":[[8.475753,51.992636],[8.403387,51.874408]]},"properties":{"kind":"gas_pipeline","name":"LKD_PS_143_Seg_0_Seg_1","diameter_mm":800.0,"pressure_bar":100.0,"capacity_mcmd":34.701230630666686,"length_km":14.055825,"source":"SciGRID_gas IGGIELGNC-3","source_url":"https://github.com/Netizine/SciGRID_gas-IGGIELGNC-3"}},{"type":"Feature","geometry":{"type":"LineString","coordinates":[[8.403387,51.874408],[8.26685,51.62125]]},"properties":{"kind":"gas_pipeline","name":"LKD_PS_143_Seg_0_Seg_2","diameter_mm":800.0,"pressure_bar":100.0,"capacity_mcmd":34.701230630666686,"length_km":29.725843,"source":"SciGRID_gas IGGIELGNC-3","source_url":"https://github.com/Netizine/SciGRID_gas-IGGIELGNC-3"}},{"type":"Feature","geometry":{"type":"LineString","coordinates":[[8.26685,51.62125],[7.360603,51.383081]]},"properties":{"kind":"gas_pipeline","name":"LKD_PS_143_Seg_0_Seg_3","diameter_mm":800.0,"pressure_bar":100.0,"capacity_mcmd":34.701230630666686,"length_km":68.885113,"source":"SciGRID_gas IGGIELGNC-3","source_url":"https://github.com/Netizine/SciGRID_gas-IGGIELGNC-3"}},{"type":"Feature","geometry":{"type":"LineString","coordinates":[[7.360603,51.383081],[7.107962,51.267779]]},"properties":{"kind":"gas_pipeline","name":"LKD_PS_143_Seg_0_Seg_6","diameter_mm":800.0,"pressure_bar":100.0,"capacity_mcmd":34.701230630666686,"length_km":21.745022,"source":"SciGRID_gas IGGIELGNC-3","source_url":"https://github.com/Netizine/SciGRID_gas-IGGIELGNC-3"}},{"type":"Feature","geometry":{"type":"LineString","coordinates":[[7.107962,51.267779],[6.851696,51.209341]]},"properties":{"kind":"gas_pipeline","name":"LKD_PS_143_Seg_0_Seg_7","diameter_mm":800.0,"pressure_bar":100.0,"capacity_mcmd":34.701230630666686,"length_km":18.992915,"source":"SciGRID_gas IGGIELGNC-3","source_url":"https://github.com/Netizine/SciGRID_gas-IGGIELGNC-3"}},{"type":"Feature","geometry":{"type":"LineString","coordinates":[[6.851696,51.209341],[6.956925,51.021797]]},"properties":{"kind":"gas_pipeline","name":"LKD_PS_143_Seg_0_Seg_8","diameter_mm":800.0,"pressure_bar":100.0,"capacity_mcmd":34.701230630666686,"length_km":22.923961,"source":"SciGRID_gas IGGIELGNC-3","source_url":"https://github.com/Netizine/SciGRID_gas-IGGIELGNC-3"}},{"type":"Feature","geometry":{"type":"LineString","coordinates":[[6.956925,51.021797],[6.7319,51.2212]]},"properties":{"kind":"gas_pipeline","name":"LKD_PS_144_Seg_0_Seg_0","diameter_mm":800.0,"pressure_bar":100.0,"capacity_mcmd":34.701230630666686,"length_km":31.189244,"source":"SciGRID_gas IGGIELGNC-3","source_url":"https://github.com/Netizine/SciGRID_gas-IGGIELGNC-3"}},{"type":"Feature","geometry":{"type":"LineString","coordinates":[[6.956925,51.021797],[6.777766,50.853041]]},"properties":{"kind":"gas_pipeline","name":"LKD_PS_145_Seg_0_Seg_0","diameter_mm":800.0,"pressure_bar":100.0,"capacity_mcmd":34.701230630666686,"length_km":23.38064,"source":"SciGRID_gas IGGIELGNC-3","source_url":"https://github.com/Netizine/SciGRID_gas-IGGIELGNC-3"}},{"type":"Feature","geometry":{"type":"LineString","coordinates":[[6.777766,50.853041],[6.392669,50.788562]]},"properties":{"kind":"gas_pipeline","name":"LKD_PS_146_Seg_0_Seg_0","diameter_mm":800.0,"pressure_bar":100.0,"capacity_mcmd":34.701230630666686,"length_km":28.017811,"source":"SciGRID_gas IGGIELGNC-3","source_url":"https://github.com/Netizine/SciGRID_gas-IGGIELGNC-3"}},{"type":"Feature","geometry":{"type":"LineString","coordinates":[[12.846168,48.934533],[12.710627,48.975265]]},"properties":{"kind":"gas_pipeline","name":"LKD_PS_150_Seg_0_Seg_0","diameter_mm":1000.0,"pressure_bar":68.0,"capacity_mcmd":61.37956396400001,"length_km":13.797059,"source":"SciGRID_gas IGGIELGNC-3","source_url":"https://github.com/Netizine/SciGRID_gas-IGGIELGNC-3"}},{"type":"Feature","geometry":{"type":"LineString","coordinates":[[12.710627,48.975265],[12.604223,49.033174]]},"properties":{"kind":"gas_pipeline","name":"LKD_PS_151_Seg_0_Seg_0","diameter_mm":1000.0,"pressure_bar":68.0,"capacity_mcmd":61.37956396400001,"length_km":11.825858,"source":"SciGRID_gas IGGIELGNC-3","source_url":"https://github.com/Netizine/SciGRID_gas-IGGIELGNC-3"}},{"type":"Feature","geometry":{"type":"LineString","coordinates":[[12.604223,49.033174],[12.455546,49.114122]]},"properties":{"kind":"gas_pipeline","name":"LKD_PS_152_Seg_0_Seg_0","diameter_mm":1000.0,"pressure_bar":68.0,"capacity_mcmd":61.37956396400001,"length_km":15.751068,"source":"SciGRID_gas IGGIELGNC-3","source_url":"https://github.com/Netizine/SciGRID_gas-IGGIELGNC-3"}},{"type":"Feature","geometry":{"type":"LineString","coordinates":[[12.455546,49.114122],[12.256113,49.211854]]},"properties":{"kind":"gas_pipeline","name":"LKD_PS_153_Seg_0_Seg_0","diameter_mm":1000.0,"pressure_bar":68.0,"capacity_mcmd":61.37956396400001,"length_km":19.90635,"source":"SciGRID_gas IGGIELGNC-3","source_url":"https://github.com/Netizine/SciGRID_gas-IGGIELGNC-3"}},{"type":"Feature","geometry":{"type":"LineString","coordinates":[[12.256113,49.211854],[12.093572,49.299596]]},"properties":{"kind":"gas_pipeline","name":"LKD_PS_154_Seg_0_Seg_0","diameter_mm":1000.0,"pressure_bar":68.0,"capacity_mcmd":61.37956396400001,"length_km":17.412737,"source":"SciGRID_gas IGGIELGNC-3","source_url":"https://github.com/Netizine/SciGRID_gas-IGGIELGNC-3"}},{"type":"Feature","geometry":{"type":"LineString","coordinates":[[12.093572,49.299596],[12.135993,49.554659]]},"properties":{"kind":"gas_pipeline","name":"LKD_PS_155_Seg_0_Seg_0","diameter_mm":1000.0,"pressure_bar":68.0,"capacity_mcmd":61.37956396400001,"length_km":29.456657,"source":"SciGRID_gas IGGIELGNC-3","source_url":"https://github.com/Netizine/SciGRID_gas-IGGIELGNC-3"}},{"type":"Feature","geometry":{"type":"LineString","coordinates":[[12.846168,48.934533],[12.710627,48.975265]]},"properties":{"kind":"gas_pipeline","name":"LKD_PS_156_Seg_0_Seg_0","diameter_mm":800.0,"pressure_bar":68.0,"capacity_mcmd":28.805106252782238,"length_km":11.595351,"source":"SciGRID_gas IGGIELGNC-3","source_url":"https://github.com/Netizine/SciGRID_gas-IGGIELGNC-3"}},{"type":"Feature","geometry":{"type":"LineString","coordinates":[[12.710627,48.975265],[12.604223,49.033174]]},"properties":{"kind":"gas_pipeline","name":"LKD_PS_157_Seg_0_Seg_0","diameter_mm":800.0,"pressure_bar":68.0,"capacity_mcmd":28.805106252782238,"length_km":11.914044,"source":"SciGRID_gas IGGIELGNC-3","source_url":"https://github.com/Netizine/SciGRID_gas-IGGIELGNC-3"}},{"type":"Feature","geometry":{"type":"LineString","coordinates":[[12.604223,49.033174],[12.455546,49.114122]]},"properties":{"kind":"gas_pipeline","name":"LKD_PS_158_Seg_0_Seg_0","diameter_mm":800.0,"pressure_bar":68.0,"capacity_mcmd":28.805106252782238,"length_km":15.083235,"source":"SciGRID_gas IGGIELGNC-3","source_url":"https://github.com/Netizine/SciGRID_gas-IGGIELGNC-3"}},{"type":"Feature","geometry":{"type":"LineString","coordinates":[[12.256113,49.211854],[12.093572,49.299596]]},"properties":{"kind":"gas_pipeline","name":"LKD_PS_159_Seg_0_Seg_0","diameter_mm":800.0,"pressure_bar":68.0,"capacity_mcmd":28.805106252782238,"length_km":16.138756,"source":"SciGRID_gas IGGIELGNC-3","source_url":"https://github.com/Netizine/SciGRID_gas-IGGIELGNC-3"}},{"type":"Feature","geometry":{"type":"LineString","coordinates":[[12.093572,49.299596],[12.135993,49.554659]]},"properties":{"kind":"gas_pipeline","name":"LKD_PS_160_Seg_0_Seg_0","diameter_mm":800.0,"pressure_bar":68.0,"capacity_mcmd":28.805106252782238,"length_km":29.640079,"source":"SciGRID_gas IGGIELGNC-3","source_url":"https://github.com/Netizine/SciGRID_gas-IGGIELGNC-3"}},{"type":"Feature","geometry":{"type":"LineString","coordinates":[[12.135993,49.554659],[11.693179,49.498771]]},"properties":{"kind":"gas_pipeline","name":"LKD_PS_162_Seg_0_Seg_0","diameter_mm":1100.0,"pressure_bar":80.0,"capacity_mcmd":76.084332748,"length_km":32.578121,"source":"SciGRID_gas IGGIELGNC-3","source_url":"https://github.com/Netizine/SciGRID_gas-IGGIELGNC-3"}},{"type":"Feature","geometry":{"type":"LineString","coordinates":[[11.693179,49.498771],[11.46392,49.43257]]},"properties":{"kind":"gas_pipeline","name":"LKD_PS_162_Seg_0_Seg_2","diameter_mm":1100.0,"pressure_bar":80.0,"capacity_mcmd":76.084332748,"length_km":18.135041,"source":"SciGRID_gas IGGIELGNC-3","source_url":"https://github.com/Netizine/SciGRID_gas-IGGIELGNC-3"}},{"type":"Feature","geometry":{"type":"LineString","coordinates":[[11.46392,49.43257],[11.165275,49.371161]]},"properties":{"kind":"gas_pipeline","name":"LKD_PS_162_Seg_0_Seg_3","diameter_mm":1100.0,"pressure_bar":80.0,"capacity_mcmd":76.084332748,"length_km":23.238739,"source":"SciGRID_gas IGGIELGNC-3","source_url":"https://github.com/Netizine/SciGRID_gas-IGGIELGNC-3"}},{"type":"Feature","geometry":{"type":"LineString","coordinates":[[11.165275,49.371161],[11.081736,49.36526]]},"properties":{"kind":"gas_pipeline","name":"LKD_PS_163_Seg_0_Seg_0","diameter_mm":1100.0,"pressure_bar":80.0,"capacity_mcmd":76.084332748,"length_km":6.086421,"source":"SciGRID_gas IGGIELGNC-3","source_url":"https://github.com/Netizine/SciGRID_gas-IGGIELGNC-3"}},{"type":"Feature","geometry":{"type":"LineString","coordinates":[[11.081736,49.36526],[10.71987,49.503317]]},"properties":{"kind":"gas_pipeline","name":"LKD_PS_163_Seg_0_Seg_1","diameter_mm":1100.0,"pressure_bar":80.0,"capacity_mcmd":76.084332748,"length_km":30.629281,"source":"SciGRID_gas IGGIELGNC-3","source_url":"https://github.com/Netizine/SciGRID_gas-IGGIELGNC-3"}},{"type":"Feature","geometry":{"type":"LineString","coordinates":[[10.71987,49.503317],[10.484354,49.573783]]},"properties":{"kind":"gas_pipeline","name":"LKD_PS_164_Seg_0_Seg_0","diameter_mm":1100.0,"pressure_bar":80.0,"capacity_mcmd":76.084332748,"length_km":20.348202,"source":"SciGRID_gas IGGIELGNC-3","source_url":"https://github.com/Netizine/SciGRID_gas-IGGIELGNC-3"}},{"type":"Feature","geometry":{"type":"LineString","coordinates":[[10.484354,49.573783],[9.767452,49.767193]]},"properties":{"kind":"gas_pipeline","name":"LKD_PS_165_Seg_0_Seg_0","diameter_mm":1100.0,"pressure_bar":80.0,"capacity_mcmd":76.084332748,"length_km":56.415154,"source":"SciGRID_gas IGGIELGNC-3","source_url":"https://github.com/Netizine/SciGRID_gas-IGGIELGNC-3"}},{"type":"Feature","geometry":{"type":"LineString","coordinates":[[9.767452,49.767193],[8.83275,49.68145]]},"properties":{"kind":"gas_pipeline","name":"LKD_PS_166_Seg_0_Seg_0","diameter_mm":1100.0,"pressure_bar":80.0,"capacity_mcmd":76.084332748,"length_km":68.493488,"source":"SciGRID_gas IGGIELGNC-3","source_url":"https://github.com/Netizine/SciGRID_gas-IGGIELGNC-3"}},{"type":"Feature","geometry":{"type":"LineString","coordinates":[[8.83275,49.68145],[8.478981,49.721242]]},"properties":{"kind":"gas_pipeline","name":"LKD_PS_166_Seg_0_Seg_3","diameter_mm":1100.0,"pressure_bar":80.0,"capacity_mcmd":76.084332748,"length_km":28.338077,"source":"SciGRID_gas IGGIELGNC-3","source_url":"https://github.com/Netizine/SciGRID_gas-IGGIELGNC-3"}},{"type":"Feature","geometry":{"type":"LineString","coordinates":[[11.165275,49.371161],[10.839941,49.485272]]},"properties":{"kind":"gas_pipeline","name":"LKD_PS_168_Seg_0_Seg_0","diameter_mm":1200.0,"pressure_bar":80.0,"capacity_mcmd":90.789101532,"length_km":26.952807,"source":"SciGRID_gas IGGIELGNC-3","source_url":"https://github.com/Netizine/SciGRID_gas-IGGIELGNC-3"}},{"type":"Feature","geometry":{"type":"LineString","coordinates":[[10.839941,49.485272],[10.71987,49.503317]]},"properties":{"kind":"gas_pipeline","name":"LKD_PS_168_Seg_0_Seg_1","diameter_mm":1200.0,"pressure_bar":80.0,"capacity_mcmd":90.789101532,"length_km":8.903877,"source":"SciGRID_gas IGGIELGNC-3","source_url":"https://github.com/Netizine/SciGRID_gas-IGGIELGNC-3"}},{"type":"Feature","geometry":{"type":"LineString","coordinates":[[10.71987,49.503317],[10.484354,49.573783]]},"properties":{"kind":"gas_pipeline","name":"LKD_PS_169_Seg_0_Seg_0","diameter_mm":1200.0,"pressure_bar":80.0,"capacity_mcmd":90.789101532,"length_km":19.926026,"source":"SciGRID_gas IGGIELGNC-3","source_url":"https://github.com/Netizine/SciGRID_gas-IGGIELGNC-3"}},{"type":"Feature","geometry":{"type":"LineString","coordinates":[[10.484354,49.573783],[9.86356,49.786412]]},"properties":{"kind":"gas_pipeline","name":"LKD_PS_170_Seg_0_Seg_0","diameter_mm":1200.0,"pressure_bar":80.0,"capacity_mcmd":90.789101532,"length_km":51.237192,"source":"SciGRID_gas IGGIELGNC-3","source_url":"https://github.com/Netizine/SciGRID_gas-IGGIELGNC-3"}},{"type":"Feature","geometry":{"type":"LineString","coordinates":[[9.86356,49.786412],[9.767452,49.767193]]},"properties":{"kind":"gas_pipeline","name":"LKD_PS_170_Seg_0_Seg_2","diameter_mm":1200.0,"pressure_bar":80.0,"capacity_mcmd":90.789101532,"length_km":7.226713,"source":"SciGRID_gas IGGIELGNC-3","source_url":"https://github.com/Netizine/SciGRID_gas-IGGIELGNC-3"}},{"type":"Feature","geometry":{"type":"LineString","coordinates":[[9.767452,49.767193],[8.534832,49.722546]]},"properties":{"kind":"gas_pipeline","name":"LKD_PS_171_Seg_0_Seg_0","diameter_mm":1100.0,"pressure_bar":80.0,"capacity_mcmd":76.084332748,"length_km":90.763884,"source":"SciGRID_gas IGGIELGNC-3","source_url":"https://github.com/Netizine/SciGRID_gas-IGGIELGNC-3"}},{"type":"Feature","geometry":{"type":"LineString","coordinates":[[8.534832,49.722546],[8.478981,49.721242]]},"properties":{"kind":"gas_pipeline","name":"LKD_PS_171_Seg_0_Seg_5","diameter_mm":1100.0,"pressure_bar":80.0,"capacity_mcmd":76.084332748,"length_km":4.018858,"source":"SciGRID_gas IGGIELGNC-3","source_url":"https://github.com/Netizine/SciGRID_gas-IGGIELGNC-3"}},{"type":"Feature","geometry":{"type":"LineString","coordinates":[[8.478981,49.721242],[8.224932,49.623996]]},"properties":{"kind":"gas_pipeline","name":"LKD_PS_172_Seg_0_Seg_0","diameter_mm":900.0,"pressure_bar":70.0,"capacity_mcmd":27.39699999999984,"length_km":21.973433,"source":"SciGRID_gas IGGIELGNC-3","source_url":"https://github.com/Netizine/SciGRID_gas-IGGIELGNC-3"}},{"type":"Feature","geometry":{"type":"LineString","coordinates":[[8.224932,49.623996],[8.478981,49.721242]]},"properties":{"kind":"gas_pipeline","name":"LKD_PS_173_Seg_0_Seg_0","diameter_mm":1000.0,"pressure_bar":80.0,"capacity_mcmd":61.37956396400001,"length_km":22.523143,"source":"SciGRID_gas IGGIELGNC-3","source_url":"https://github.com/Netizine/SciGRID_gas-IGGIELGNC-3"}},{"type":"Feature","geometry":{"type":"LineString","coordinates":[[8.224932,49.623996],[8.128455,49.436466]]},"properties":{"kind":"gas_pipeline","name":"LKD_PS_174_Seg_0_Seg_0","diameter_mm":1000.0,"pressure_bar":80.0,"capacity_mcmd":61.37956396400001,"length_km":28.446509,"source":"SciGRID_gas IGGIELGNC-3","source_url":"https://github.com/Netizine/SciGRID_gas-IGGIELGNC-3"}},{"type":"Feature","geometry":{"type":"LineString","coordinates":[[6.207367,50.760751],[6.611012,50.410391]]},"properties":{"kind":"gas_pipeline","name":"LKD_PS_176_Seg_0_Seg_0","diameter_mm":900.0,"pressure_bar":70.0,"capacity_mcmd":35.23429898274224,"length_km":49.175097,"source":"SciGRID_gas IGGIELGNC-3","source_url":"https://github.com/Netizine/SciGRID_gas-IGGIELGNC-3"}},{"type":"Feature","geometry":{"type":"LineString","coordinates":[[6.207367,50.760751],[6.611012,50.410391]]},"properties":{"kind":"gas_pipeline","name":"LKD_PS_178_Seg_0_Seg_0","diameter_mm":1000.0,"pressure_bar":68.0,"capacity_mcmd":35.23429898274224,"length_km":48.704394,"source":"SciGRID_gas IGGIELGNC-3","source_url":"https://github.com/Netizine/SciGRID_gas-IGGIELGNC-3"}},{"type":"Feature","geometry":{"type":"LineString","coordinates":[[6.611012,50.410391],[6.789284,50.250417]]},"properties":{"kind":"gas_pipeline","name":"LKD_PS_181_Seg_0_Seg_0","diameter_mm":900.0,"pressure_bar":70.0,"capacity_mcmd":27.39699999999984,"length_km":21.836894,"source":"SciGRID_gas IGGIELGNC-3","source_url":"https://github.com/Netizine/SciGRID_gas-IGGIELGNC-3"}},{"type":"Feature","geometry":{"type":"LineString","coordinates":[[6.789284,50.250417],[6.951183,50.128054]]},"properties":{"kind":"gas_pipeline","name":"LKD_PS_182_Seg_0_Seg_0","diameter_mm":900.0,"pressure_bar":70.0,"capacity_mcmd":27.39699999999984,"length_km":17.837515,"source":"SciGRID_gas IGGIELGNC-3","source_url":"https://github.com/Netizine/SciGRID_gas-IGGIELGNC-3"}},{"type":"Feature","geometry":{"type":"LineString","coordinates":[[6.951183,50.128054],[7.19279,49.959259]]},"properties":{"kind":"gas_pipeline","name":"LKD_PS_183_Seg_0_Seg_0","diameter_mm":900.0,"pressure_bar":70.0,"capacity_mcmd":27.39699999999984,"length_km":25.502105,"source":"SciGRID_gas IGGIELGNC-3","source_url":"https://github.com/Netizine/SciGRID_gas-IGGIELGNC-3"}},{"type":"Feature","geometry":{"type":"LineString","coordinates":[[7.19279,49.959259],[7.315278,49.870153]]},"properties":{"kind":"gas_pipeline","name":"LKD_PS_184_Seg_0_Seg_0","diameter_mm":950.0,"pressure_bar":68.0,"capacity_mcmd":48.80510625278217,"length_km":13.236294,"source":"SciGRID_gas IGGIELGNC-3","source_url":"https://github.com/Netizine/SciGRID_gas-IGGIELGNC-3"}},{"type":"Feature","geometry":{"type":"LineString","coordinates":[[7.315278,49.870153],[7.376451,49.749549]]},"properties":{"kind":"gas_pipeline","name":"LKD_PS_185_Seg_0_Seg_0","diameter_mm":950.0,"pressure_bar":68.0,"capacity_mcmd":48.80510625278217,"length_km":14.115114,"source":"SciGRID_gas IGGIELGNC-3","source_url":"https://github.com/Netizine/SciGRID_gas-IGGIELGNC-3"}},{"type":"Feature","geometry":{"type":"LineString","coordinates":[[7.376451,49.749549],[7.531062,49.630411]]},"properties":{"kind":"gas_pipeline","name":"LKD_PS_186_Seg_0_Seg_0","diameter_mm":900.0,"pressure_bar":70.0,"capacity_mcmd":27.39699999999984,"length_km":17.302632,"source":"SciGRID_gas IGGIELGNC-3","source_url":"https://github.com/Netizine/SciGRID_gas-IGGIELGNC-3"}},{"type":"Feature","geometry":{"type":"LineString","coordinates":[[7.531062,49.630411],[7.55516,49.523751]]},"properties":{"kind":"gas_pipeline","name":"LKD_PS_187_Seg_0_Seg_0","diameter_mm":900.0,"pressure_bar":70.0,"capacity_mcmd":27.39699999999984,"length_km":11.99041,"source":"SciGRID_gas IGGIELGNC-3","source_url":"https://github.com/Netizine/SciGRID_gas-IGGIELGNC-3"}},{"type":"Feature","geometry":{"type":"LineString","coordinates":[[7.55516,49.523751],[7.643662,49.404181]]},"properties":{"kind":"gas_pipeline","name":"LKD_PS_188_Seg_0_Seg_0","diameter_mm":950.0,"pressure_bar":68.0,"capacity_mcmd":48.80510625278217,"length_km":14.758611,"source":"SciGRID_gas IGGIELGNC-3","source_url":"https://github.com/Netizine/SciGRID_gas-IGGIELGNC-3"}},{"type":"Feature","geometry":{"type":"LineString","coordinates":[[7.643662,49.404181],[7.697399,49.297184]]},"properties":{"kind":"gas_pipeline","name":"LKD_PS_189_Seg_0_Seg_0","diameter_mm":950.0,"pressure_bar":68.0,"capacity_mcmd":48.80510625278217,"length_km":12.522009,"source":"SciGRID_gas IGGIELGNC-3","source_url":"https://github.com/Netizine/SciGRID_gas-IGGIELGNC-3"}},{"type":"Feature","geometry":{"type":"LineString","coordinates":[[7.697399,49.297184],[7.83243,49.20805]]},"properties":{"kind":"gas_pipeline","name":"LKD_PS_190_Seg_0_Seg_0","diameter_mm":950.0,"pressure_bar":68.0,"capacity_mcmd":48.80510625278217,"length_km":13.942911,"source":"SciGRID_gas IGGIELGNC-3","source_url":"https://github.com/Netizine/SciGRID_gas-IGGIELGNC-3"}},{"type":"Feature","geometry":{"type":"LineString","coordinates":[[7.83243,49.20805],[8.055782,49.106691]]},"properties":{"kind":"gas_pipeline","name":"LKD_PS_191_Seg_0_Seg_0","diameter_mm":950.0,"pressure_bar":68.0,"capacity_mcmd":48.80510625278217,"length_km":19.775659,"source":"SciGRID_gas IGGIELGNC-3","source_url":"https://github.com/Netizine/SciGRID_gas-IGGIELGNC-3"}},{"type":"Feature","geometry":{"type":"LineString","coordinates":[[8.055782,49.106691],[8.180301,49.019947]]},"properties":{"kind":"gas_pipeline","name":"LKD_PS_192_Seg_0_Seg_0","diameter_mm":950.0,"pressure_bar":68.0,"capacity_mcmd":48.80510625278217,"length_km":13.245741,"source":"SciGRID_gas IGGIELGNC-3","source_url":"https://github.com/Netizine/SciGRID_gas-IGGIELGNC-3"}},{"type":"Feature","geometry":{"type":"LineString","coordinates":[[8.180301,49.019947],[8.225166,48.923732]]},"properties":{"kind":"gas_pipeline","name":"LKD_PS_193_Seg_0_Seg_0","diameter_mm":950.0,"pressure_bar":68.0,"capacity_mcmd":48.80510625278217,"length_km":11.192104,"source":"SciGRID_gas IGGIELGNC-3","source_url":"https://github.com/Netizine/SciGRID_gas-IGGIELGNC-3"}},{"type":"Feature","geometry":{"type":"LineString","coordinates":[[8.225166,48.923732],[7.833856,48.523994]]},"properties":{"kind":"gas_pipeline","name":"LKD_PS_194_Seg_0_Seg_0","diameter_mm":950.0,"pressure_bar":68.0,"capacity_mcmd":48.80510625278217,"length_km":53.670075,"source":"SciGRID_gas IGGIELGNC-3","source_url":"https://github.com/Netizine/SciGRID_gas-IGGIELGNC-3"}},{"type":"Feature","geometry":{"type":"LineString","coordinates":[[7.833856,48.523994],[7.637349,47.849604]]},"properties":{"kind":"gas_pipeline","name":"LKD_PS_195_Seg_0_Seg_0","diameter_mm":950.0,"pressure_bar":68.0,"capacity_mcmd":48.80510625278217,"length_km":77.357218,"source":"SciGRID_gas IGGIELGNC-3","source_url":"https://github.com/Netizine/SciGRID_gas-IGGIELGNC-3"}},{"type":"Feature","geometry":{"type":"LineString","coordinates":[[7.637349,47.849604],[7.742255,47.668831]]},"properties":{"kind":"gas_pipeline","name":"LKD_PS_196_Seg_0_Seg_0","diameter_mm":950.0,"pressure_bar":68.0,"capacity_mcmd":48.80510625278217,"length_km":22.818151,"source":"SciGRID_gas IGGIELGNC-3","source_url":"https://github.com/Netizine/SciGRID_gas-IGGIELGNC-3"}},{"type":"Feature","geometry":{"type":"LineString","coordinates":[[7.742255,47.668831],[7.827246,47.616503]]},"properties":{"kind":"gas_pipeline","name":"LKD_PS_196_Seg_0_Seg_1","diameter_mm":950.0,"pressure_bar":68.0,"capacity_mcmd":27.96749974185707,"length_km":8.628206,"source":"SciGRID_gas IGGIELGNC-3","source_url":"https://github.com/Netizine/SciGRID_gas-IGGIELGNC-3"}},{"type":"Feature","geometry":{"type":"LineString","coordinates":[[6.611012,50.410391],[6.789284,50.250417]]},"properties":{"kind":"gas_pipeline","name":"LKD_PS_198_Seg_0_Seg_0","diameter_mm":1000.0,"pressure_bar":68.0,"capacity_mcmd":61.37956396400001,"length_km":22.707821,"source":"SciGRID_gas IGGIELGNC-3","source_url":"https://github.com/Netizine/SciGRID_gas-IGGIELGNC-3"}},{"type":"Feature","geometry":{"type":"LineString","coordinates":[[6.789284,50.250417],[6.951183,50.128054]]},"properties":{"kind":"gas_pipeline","name":"LKD_PS_199_Seg_0_Seg_0","diameter_mm":1000.0,"pressure_bar":68.0,"capacity_mcmd":61.37956396400001,"length_km":19.60103,"source":"SciGRID_gas IGGIELGNC-3","source_url":"https://github.com/Netizine/SciGRID_gas-IGGIELGNC-3"}},{"type":"Feature","geometry":{"type":"LineString","coordinates":[[6.951183,50.128054],[7.19279,49.959259]]},"properties":{"kind":"gas_pipeline","name":"LKD_PS_200_Seg_0_Seg_0","diameter_mm":1000.0,"pressure_bar":68.0,"capacity_mcmd":61.37956396400001,"length_km":28.199514,"source":"SciGRID_gas IGGIELGNC-3","source_url":"https://github.com/Netizine/SciGRID_gas-IGGIELGNC-3"}},{"type":"Feature","geometry":{"type":"LineString","coordinates":[[7.19279,49.959259],[7.315278,49.870153]]},"properties":{"kind":"gas_pipeline","name":"LKD_PS_201_Seg_0_Seg_0","diameter_mm":1000.0,"pressure_bar":68.0,"capacity_mcmd":61.37956396400001,"length_km":16.042712,"source":"SciGRID_gas IGGIELGNC-3","source_url":"https://github.com/Netizine/SciGRID_gas-IGGIELGNC-3"}},{"type":"Feature","geometry":{"type":"LineString","coordinates":[[7.315278,49.870153],[7.376451,49.749549]]},"properties":{"kind":"gas_pipeline","name":"LKD_PS_202_Seg_0_Seg_0","diameter_mm":1000.0,"pressure_bar":68.0,"capacity_mcmd":61.37956396400001,"length_km":16.045305,"source":"SciGRID_gas IGGIELGNC-3","source_url":"https://github.com/Netizine/SciGRID_gas-IGGIELGNC-3"}},{"type":"Feature","geometry":{"type":"LineString","coordinates":[[7.376451,49.749549],[7.531062,49.630411]]},"properties":{"kind":"gas_pipeline","name":"LKD_PS_203_Seg_0_Seg_0","diameter_mm":1000.0,"pressure_bar":68.0,"capacity_mcmd":61.37956396400001,"length_km":20.166426,"source":"SciGRID_gas IGGIELGNC-3","source_url":"https://github.com/Netizine/SciGRID_gas-IGGIELGNC-3"}},{"type":"Feature","geometry":{"type":"LineString","coordinates":[[7.531062,49.630411],[7.55516,49.523751]]},"properties":{"kind":"gas_pipeline","name":"LKD_PS_204_Seg_0_Seg_0","diameter_mm":1000.0,"pressure_bar":68.0,"capacity_mcmd":61.37956396400001,"length_km":16.175953,"source":"SciGRID_gas IGGIELGNC-3","source_url":"https://github.com/Netizine/SciGRID_gas-IGGIELGNC-3"}},{"type":"Feature","geometry":{"type":"LineString","coordinates":[[7.55516,49.523751],[7.643662,49.404181]]},"properties":{"kind":"gas_pipeline","name":"LKD_PS_205_Seg_0_Seg_0","diameter_mm":1000.0,"pressure_bar":68.0,"capacity_mcmd":61.37956396400001,"length_km":18.378349,"source":"SciGRID_gas IGGIELGNC-3","source_url":"https://github.com/Netizine/SciGRID_gas-IGGIELGNC-3"}},{"type":"Feature","geometry":{"type":"LineString","coordinates":[[7.643662,49.404181],[7.697399,49.297184]]},"properties":{"kind":"gas_pipeline","name":"LKD_PS_206_Seg_0_Seg_0","diameter_mm":1000.0,"pressure_bar":68.0,"capacity_mcmd":61.37956396400001,"length_km":18.048929,"source":"SciGRID_gas IGGIELGNC-3","source_url":"https://github.com/Netizine/SciGRID_gas-IGGIELGNC-3"}},{"type":"Feature","geometry":{"type":"LineString","coordinates":[[7.697399,49.297184],[7.83243,49.20805]]},"properties":{"kind":"gas_pipeline","name":"LKD_PS_207_Seg_0_Seg_0","diameter_mm":1000.0,"pressure_bar":68.0,"capacity_mcmd":61.37956396400001,"length_km":16.575453,"source":"SciGRID_gas IGGIELGNC-3","source_url":"https://github.com/Netizine/SciGRID_gas-IGGIELGNC-3"}},{"type":"Feature","geometry":{"type":"LineString","coordinates":[[7.83243,49.20805],[8.055782,49.106691]]},"properties":{"kind":"gas_pipeline","name":"LKD_PS_208_Seg_0_Seg_0","diameter_mm":1000.0,"pressure_bar":68.0,"capacity_mcmd":61.37956396400001,"length_km":23.239653,"source":"SciGRID_gas IGGIELGNC-3","source_url":"https://github.com/Netizine/SciGRID_gas-IGGIELGNC-3"}},{"type":"Feature","geometry":{"type":"LineString","coordinates":[[8.055782,49.106691],[8.180301,49.019947]]},"properties":{"kind":"gas_pipeline","name":"LKD_PS_209_Seg_0_Seg_0","diameter_mm":1000.0,"pressure_bar":68.0,"capacity_mcmd":61.37956396400001,"length_km":17.436849,"source":"SciGRID_gas IGGIELGNC-3","source_url":"https://github.com/Netizine/SciGRID_gas-IGGIELGNC-3"}},{"type":"Feature","geometry":{"type":"LineString","coordinates":[[8.180301,49.019947],[8.225166,48.923732]]},"properties":{"kind":"gas_pipeline","name":"LKD_PS_210_Seg_0_Seg_0","diameter_mm":1000.0,"pressure_bar":68.0,"capacity_mcmd":61.37956396400001,"length_km":15.727619,"source":"SciGRID_gas IGGIELGNC-3","source_url":"https://github.com/Netizine/SciGRID_gas-IGGIELGNC-3"}},{"type":"Feature","geometry":{"type":"LineString","coordinates":[[8.225166,48.923732],[8.078997,48.74406]]},"properties":{"kind":"gas_pipeline","name":"LKD_PS_211_Seg_0_Seg_0","diameter_mm":1000.0,"pressure_bar":68.0,"capacity_mcmd":61.37956396400001,"length_km":24.000743,"source":"SciGRID_gas IGGIELGNC-3","source_url":"https://github.com/Netizine/SciGRID_gas-IGGIELGNC-3"}},{"type":"Feature","geometry":{"type":"LineString","coordinates":[[8.078997,48.74406],[7.833856,48.523994]]},"properties":{"kind":"gas_pipeline","name":"LKD_PS_211_Seg_0_Seg_1","diameter_mm":1000.0,"pressure_bar":68.0,"capacity_mcmd":61.37956396400001,"length_km":31.38914,"source":"SciGRID_gas IGGIELGNC-3","source_url":"https://github.com/Netizine/SciGRID_gas-IGGIELGNC-3"}},{"type":"Feature","geometry":{"type":"LineString","coordinates":[[7.833856,48.523994],[7.637349,47.849604]]},"properties":{"kind":"gas_pipeline","name":"LKD_PS_212_Seg_0_Seg_0","diameter_mm":1000.0,"pressure_bar":68.0,"capacity_mcmd":61.37956396400001,"length_km":77.464599,"source":"SciGRID_gas IGGIELGNC-3","source_url":"https://github.com/Netizine/SciGRID_gas-IGGIELGNC-3"}},{"type":"Feature","geometry":{"type":"LineString","coordinates":[[7.637349,47.849604],[7.827246,47.616503]]},"properties":{"kind":"gas_pipeline","name":"LKD_PS_213_Seg_0_Seg_0","diameter_mm":1000.0,"pressure_bar":68.0,"capacity_mcmd":27.96749974185707,"length_km":30.610654,"source":"SciGRID_gas IGGIELGNC-3","source_url":"https://github.com/Netizine/SciGRID_gas-IGGIELGNC-3"}},{"type":"Feature","geometry":{"type":"LineString","coordinates":[[8.224932,49.623996],[8.085055,49.561198]]},"properties":{"kind":"gas_pipeline","name":"LKD_PS_215_Seg_0_Seg_0","diameter_mm":1000.0,"pressure_bar":80.0,"capacity_mcmd":61.37956396400001,"length_km":12.267991,"source":"SciGRID_gas IGGIELGNC-3","source_url":"https://github.com/Netizine/SciGRID_gas-IGGIELGNC-3"}},{"type":"Feature","geometry":{"type":"LineString","coordinates":[[8.224932,49.623996],[8.085055,49.561198]]},"properties":{"kind":"gas_pipeline","name":"LKD_PS_216_Seg_0_Seg_0","diameter_mm":1100.0,"pressure_bar":80.0,"capacity_mcmd":76.084332748,"length_km":13.320365,"source":"SciGRID_gas IGGIELGNC-3","source_url":"https://github.com/Netizine/SciGRID_gas-IGGIELGNC-3"}},{"type":"Feature","geometry":{"type":"LineString","coordinates":[[8.085055,49.561198],[7.890747,49.507522]]},"properties":{"kind":"gas_pipeline","name":"LKD_PS_217_Seg_0_Seg_0","diameter_mm":1000.0,"pressure_bar":80.0,"capacity_mcmd":61.37956396400001,"length_km":15.244331,"source":"SciGRID_gas IGGIELGNC-3","source_url":"https://github.com/Netizine/SciGRID_gas-IGGIELGNC-3"}},{"type":"Feature","geometry":{"type":"LineString","coordinates":[[7.890747,49.507522],[7.643662,49.404181]]},"properties":{"kind":"gas_pipeline","name":"LKD_PS_218_Seg_0_Seg_0","diameter_mm":1000.0,"pressure_bar":80.0,"capacity_mcmd":61.37956396400001,"length_km":21.243451,"source":"SciGRID_gas IGGIELGNC-3","source_url":"https://github.com/Netizine/SciGRID_gas-IGGIELGNC-3"}},{"type":"Feature","geometry":{"type":"LineString","coordinates":[[7.643662,49.404181],[7.468072,49.25495]]},"properties":{"kind":"gas_pipeline","name":"LKD_PS_219_Seg_0_Seg_0","diameter_mm":900.0,"pressure_bar":80.0,"capacity_mcmd":44.34948622782221,"length_km":20.917366,"source":"SciGRID_gas IGGIELGNC-3","source_url":"https://github.com/Netizine/SciGRID_gas-IGGIELGNC-3"}},{"type":"Feature","geometry":{"type":"LineString","coordinates":[[8.085055,49.561198],[7.890747,49.507522]]},"properties":{"kind":"gas_pipeline","name":"LKD_PS_221_Seg_0_Seg_0","diameter_mm":1100.0,"pressure_bar":80.0,"capacity_mcmd":76.084332748,"length_km":17.797279,"source":"SciGRID_gas IGGIELGNC-3","source_url":"https://github.com/Netizine/SciGRID_gas-IGGIELGNC-3"}},{"type":"Feature","geometry":{"type":"LineString","coordinates":[[7.890747,49.507522],[7.643662,49.404181]]},"properties":{"kind":"gas_pipeline","name":"LKD_PS_222_Seg_0_Seg_0","diameter_mm":1100.0,"pressure_bar":80.0,"capacity_mcmd":76.084332748,"length_km":22.422832,"source":"SciGRID_gas IGGIELGNC-3","source_url":"https://github.com/Netizine/SciGRID_gas-IGGIELGNC-3"}},{"type":"Feature","geometry":{"type":"LineString","coordinates":[[7.643662,49.404181],[7.468072,49.25495]]},"properties":{"kind":"gas_pipeline","name":"LKD_PS_223_Seg_0_Seg_0","diameter_mm":900.0,"pressure_bar":80.0,"capacity_mcmd":44.34948622782221,"length_km":22.411831,"source":"SciGRID_gas IGGIELGNC-3","source_url":"https://github.com/Netizine/SciGRID_gas-IGGIELGNC-3"}},{"type":"Feature","geometry":{"type":"LineString","coordinates":[[8.770964,49.821352],[8.4355,49.57269]]},"properties":{"kind":"gas_pipeline","name":"LKD_PS_225_Seg_0_Seg_0","diameter_mm":800.0,"pressure_bar":100.0,"capacity_mcmd":34.701230630666686,"length_km":38.024316,"source":"SciGRID_gas IGGIELGNC-3","source_url":"https://github.com/Netizine/SciGRID_gas-IGGIELGNC-3"}},{"type":"Feature","geometry":{"type":"LineString","coordinates":[[8.4355,49.57269],[8.373377,49.406316]]},"properties":{"kind":"gas_pipeline","name":"LKD_PS_226_Seg_0_Seg_0","diameter_mm":800.0,"pressure_bar":100.0,"capacity_mcmd":34.701230630666686,"length_km":19.114416,"source":"SciGRID_gas IGGIELGNC-3","source_url":"https://github.com/Netizine/SciGRID_gas-IGGIELGNC-3"}},{"type":"Feature","geometry":{"type":"LineString","coordinates":[[8.373377,49.406316],[8.359095,49.267476]]},"properties":{"kind":"gas_pipeline","name":"LKD_PS_226_Seg_0_Seg_1","diameter_mm":800.0,"pressure_bar":100.0,"capacity_mcmd":34.701230630666686,"length_km":15.521553,"source":"SciGRID_gas IGGIELGNC-3","source_url":"https://github.com/Netizine/SciGRID_gas-IGGIELGNC-3"}},{"type":"Feature","geometry":{"type":"LineString","coordinates":[[8.359095,49.267476],[8.316901,49.0319]]},"properties":{"kind":"gas_pipeline","name":"LKD_PS_227_Seg_0_Seg_0","diameter_mm":400.0,"pressure_bar":100.0,"capacity_mcmd":2.549933272444444,"length_km":26.643157,"source":"SciGRID_gas IGGIELGNC-3","source_url":"https://github.com/Netizine/SciGRID_gas-IGGIELGNC-3"}},{"type":"Feature","geometry":{"type":"LineString","coordinates":[[7.428634,53.644992],[7.66699,53.57851]]},"properties":{"kind":"gas_pipeline","name":"LKD_PS_228_Seg_0_Seg_0","diameter_mm":1200.0,"pressure_bar":70.0,"capacity_mcmd":64.14313954636046,"length_km":17.380126,"source":"SciGRID_gas IGGIELGNC-3","source_url":"https://github.com/Netizine/SciGRID_gas-IGGIELGNC-3"}},{"type":"Feature","geometry":{"type":"LineString","coordinates":[[7.66699,53.57851],[7.904586,53.51155]]},"properties":{"kind":"gas_pipeline","name":"LKD_PS_228_Seg_0_Seg_1","diameter_mm":1200.0,"pressure_bar":70.0,"capacity_mcmd":90.789101532,"length_km":17.379873,"source":"SciGRID_gas IGGIELGNC-3","source_url":"https://github.com/Netizine/SciGRID_gas-IGGIELGNC-3"}},{"type":"Feature","geometry":{"type":"LineString","coordinates":[[8.200765,53.074696],[8.56341,52.990835]]},"properties":{"kind":"gas_pipeline","name":"LKD_PS_229_Seg_0_Seg_0","diameter_mm":1200.0,"pressure_bar":70.0,"capacity_mcmd":90.789101532,"length_km":26.009613,"source":"SciGRID_gas IGGIELGNC-3","source_url":"https://github.com/Netizine/SciGRID_gas-IGGIELGNC-3"}},{"type":"Feature","geometry":{"type":"LineString","coordinates":[[8.56341,52.990835],[9.335639,52.963817]]},"properties":{"kind":"gas_pipeline","name":"LKD_PS_229_Seg_0_Seg_1","diameter_mm":1200.0,"pressure_bar":70.0,"capacity_mcmd":90.789101532,"length_km":51.80697,"source":"SciGRID_gas IGGIELGNC-3","source_url":"https://github.com/Netizine/SciGRID_gas-IGGIELGNC-3"}},{"type":"Feature","geometry":{"type":"LineString","coordinates":[[9.335639,52.963817],[10.566759,53.004111]]},"properties":{"kind":"gas_pipeline","name":"LKD_PS_229_Seg_0_Seg_3","diameter_mm":1200.0,"pressure_bar":70.0,"capacity_mcmd":90.789101532,"length_km":89.372948,"source":"SciGRID_gas IGGIELGNC-3","source_url":"https://github.com/Netizine/SciGRID_gas-IGGIELGNC-3"}},{"type":"Feature","geometry":{"type":"LineString","coordinates":[[10.566759,53.004111],[11.031503,52.824593]]},"properties":{"kind":"gas_pipeline","name":"LKD_PS_229_Seg_0_Seg_8","diameter_mm":1200.0,"pressure_bar":70.0,"capacity_mcmd":90.789101532,"length_km":47.751459,"source":"SciGRID_gas IGGIELGNC-3","source_url":"https://github.com/Netizine/SciGRID_gas-IGGIELGNC-3"}},{"type":"Feature","geometry":{"type":"LineString","coordinates":[[7.485275,53.26013],[8.334259,52.808309]]},"properties":{"kind":"gas_pipeline","name":"LKD_PS_231_Seg_0_Seg_0","diameter_mm":900.0,"pressure_bar":70.0,"capacity_mcmd":27.39699999999984,"length_km":110.830207,"source":"SciGRID_gas IGGIELGNC-3","source_url":"https://github.com/Netizine/SciGRID_gas-IGGIELGNC-3"}},{"type":"Feature","geometry":{"type":"LineString","coordinates":[[8.334259,52.808309],[8.807959,52.676187]]},"properties":{"kind":"gas_pipeline","name":"LKD_PS_232_Seg_0_Seg_0","diameter_mm":900.0,"pressure_bar":70.0,"capacity_mcmd":27.39699999999984,"length_km":39.696107,"source":"SciGRID_gas IGGIELGNC-3","source_url":"https://github.com/Netizine/SciGRID_gas-IGGIELGNC-3"}},{"type":"Feature","geometry":{"type":"LineString","coordinates":[[8.334259,52.808309],[8.248557,52.814603]]},"properties":{"kind":"gas_pipeline","name":"LKD_PS_233_Seg_0_Seg_0","diameter_mm":900.0,"pressure_bar":70.0,"capacity_mcmd":27.39699999999984,"length_km":5.915876,"source":"SciGRID_gas IGGIELGNC-3","source_url":"https://github.com/Netizine/SciGRID_gas-IGGIELGNC-3"}},{"type":"Feature","geometry":{"type":"LineString","coordinates":[[8.248557,52.814603],[7.485275,53.26013]]},"properties":{"kind":"gas_pipeline","name":"LKD_PS_234_Seg_0_Seg_0","diameter_mm":900.0,"pressure_bar":70.0,"capacity_mcmd":27.39699999999984,"length_km":93.43869,"source":"SciGRID_gas IGGIELGNC-3","source_url":"https://github.com/Netizine/SciGRID_gas-IGGIELGNC-3"}},{"type":"Feature","geometry":{"type":"LineString","coordinates":[[9.28109,54.803874],[9.28849,54.64867]]},"properties":{"kind":"gas_pipeline","name":"LKD_PS_237_Seg_0_Seg_0","diameter_mm":500.0,"pressure_bar":84.0,"capacity_mcmd":10.249178106091062,"length_km":17.269858,"source":"SciGRID_gas IGGIELGNC-3","source_url":"https://github.com/Netizine/SciGRID_gas-IGGIELGNC-3"}},{"type":"Feature","geometry":{"type":"LineString","coordinates":[[9.28849,54.64867],[9.369836,54.153612]]},"properties":{"kind":"gas_pipeline","name":"LKD_PS_237_Seg_0_Seg_1","diameter_mm":500.0,"pressure_bar":84.0,"capacity_mcmd":3.852038590666667,"length_km":57.756524,"source":"SciGRID_gas IGGIELGNC-3","source_url":"https://github.com/Netizine/SciGRID_gas-IGGIELGNC-3"}},{"type":"Feature","geometry":{"type":"LineString","coordinates":[[9.369836,54.153612],[9.54164,54.04497]]},"properties":{"kind":"gas_pipeline","name":"LKD_PS_238_Seg_0_Seg_0","diameter_mm":700.0,"pressure_bar":84.0,"capacity_mcmd":18.419835108391155,"length_km":16.48011,"source":"SciGRID_gas IGGIELGNC-3","source_url":"https://github.com/Netizine/SciGRID_gas-IGGIELGNC-3"}},{"type":"Feature","geometry":{"type":"LineString","coordinates":[[9.54164,54.04497],[9.712548,53.936078]]},"properties":{"kind":"gas_pipeline","name":"LKD_PS_238_Seg_0_Seg_1","diameter_mm":700.0,"pressure_bar":84.0,"capacity_mcmd":18.419835108391155,"length_km":16.480676,"source":"SciGRID_gas IGGIELGNC-3","source_url":"https://github.com/Netizine/SciGRID_gas-IGGIELGNC-3"}},{"type":"Feature","geometry":{"type":"LineString","coordinates":[[9.871254,54.088678],[9.712548,53.936078]]},"properties":{"kind":"gas_pipeline","name":"LKD_PS_239_Seg_0_Seg_0","diameter_mm":1000.0,"pressure_bar":84.0,"capacity_mcmd":61.37956396400001,"length_km":21.543537,"source":"SciGRID_gas IGGIELGNC-3","source_url":"https://github.com/Netizine/SciGRID_gas-IGGIELGNC-3"}},{"type":"Feature","geometry":{"type":"LineString","coordinates":[[9.712548,53.936078],[9.664175,53.666164]]},"properties":{"kind":"gas_pipeline","name":"LKD_PS_240_Seg_0_Seg_0","diameter_mm":1000.0,"pressure_bar":84.0,"capacity_mcmd":61.37956396400001,"length_km":30.914379,"source":"SciGRID_gas IGGIELGNC-3","source_url":"https://github.com/Netizine/SciGRID_gas-IGGIELGNC-3"}},{"type":"Feature","geometry":{"type":"LineString","coordinates":[[9.664175,53.666164],[9.756946,53.753046]]},"properties":{"kind":"gas_pipeline","name":"LKD_PS_241_Seg_0_Seg_0","diameter_mm":700.0,"pressure_bar":84.0,"capacity_mcmd":18.419835108391155,"length_km":17.466929,"source":"SciGRID_gas IGGIELGNC-3","source_url":"https://github.com/Netizine/SciGRID_gas-IGGIELGNC-3"}},{"type":"Feature","geometry":{"type":"LineString","coordinates":[[9.664175,53.666164],[9.447571,53.53543]]},"properties":{"kind":"gas_pipeline","name":"LKD_PS_242_Seg_0_Seg_0","diameter_mm":1000.0,"pressure_bar":84.0,"capacity_mcmd":61.37956396400001,"length_km":20.432091,"source":"SciGRID_gas IGGIELGNC-3","source_url":"https://github.com/Netizine/SciGRID_gas-IGGIELGNC-3"}},{"type":"Feature","geometry":{"type":"LineString","coordinates":[[9.463833,53.657411],[9.447571,53.53543]]},"properties":{"kind":"gas_pipeline","name":"LKD_PS_244_Seg_0_Seg_0","diameter_mm":700.0,"pressure_bar":70.0,"capacity_mcmd":15.840280693066717,"length_km":17.614584,"source":"SciGRID_gas IGGIELGNC-3","source_url":"https://github.com/Netizine/SciGRID_gas-IGGIELGNC-3"}},{"type":"Feature","geometry":{"type":"LineString","coordinates":[[9.447571,53.53543],[9.603748,53.342175]]},"properties":{"kind":"gas_pipeline","name":"LKD_PS_245_Seg_0_Seg_0","diameter_mm":900.0,"pressure_bar":70.0,"capacity_mcmd":27.39699999999984,"length_km":24.423232,"source":"SciGRID_gas IGGIELGNC-3","source_url":"https://github.com/Netizine/SciGRID_gas-IGGIELGNC-3"}},{"type":"Feature","geometry":{"type":"LineString","coordinates":[[9.603748,53.342175],[10.05526,53.383131]]},"properties":{"kind":"gas_pipeline","name":"LKD_PS_246_Seg_0_Seg_0","diameter_mm":700.0,"pressure_bar":70.0,"capacity_mcmd":15.840280693066717,"length_km":31.639775,"source":"SciGRID_gas IGGIELGNC-3","source_url":"https://github.com/Netizine/SciGRID_gas-IGGIELGNC-3"}},{"type":"Feature","geometry":{"type":"LineString","coordinates":[[10.05526,53.383131],[10.242541,53.584832]]},"properties":{"kind":"gas_pipeline","name":"LKD_PS_248_Seg_0_Seg_0","diameter_mm":500.0,"pressure_bar":70.0,"capacity_mcmd":3.852038590666667,"length_km":28.555415,"source":"SciGRID_gas IGGIELGNC-3","source_url":"https://github.com/Netizine/SciGRID_gas-IGGIELGNC-3"}},{"type":"Feature","geometry":{"type":"LineString","coordinates":[[10.242541,53.584832],[10.475106,53.78447]]},"properties":{"kind":"gas_pipeline","name":"LKD_PS_249_Seg_0_Seg_0","diameter_mm":350.0,"pressure_bar":70.0,"capacity_mcmd":7.939496003833579,"length_km":27.561317,"source":"SciGRID_gas IGGIELGNC-3","source_url":"https://github.com/Netizine/SciGRID_gas-IGGIELGNC-3"}},{"type":"Feature","geometry":{"type":"LineString","coordinates":[[10.475106,53.78447],[10.598827,53.641747]]},"properties":{"kind":"gas_pipeline","name":"LKD_PS_250_Seg_0_Seg_0","diameter_mm":350.0,"pressure_bar":70.0,"capacity_mcmd":7.939496003833579,"length_km":22.617486,"source":"SciGRID_gas IGGIELGNC-3","source_url":"https://github.com/Netizine/SciGRID_gas-IGGIELGNC-3"}},{"type":"Feature","geometry":{"type":"LineString","coordinates":[[10.475106,53.78447],[10.786935,54.212347]]},"properties":{"kind":"gas_pipeline","name":"LKD_PS_251_Seg_0_Seg_0","diameter_mm":350.0,"pressure_bar":70.0,"capacity_mcmd":7.939496003833579,"length_km":53.901467,"source":"SciGRID_gas IGGIELGNC-3","source_url":"https://github.com/Netizine/SciGRID_gas-IGGIELGNC-3"}},{"type":"Feature","geometry":{"type":"LineString","coordinates":[[10.475106,53.78447],[10.729664,53.872481]]},"properties":{"kind":"gas_pipeline","name":"LKD_PS_252_Seg_0_Seg_0","diameter_mm":500.0,"pressure_bar":70.0,"capacity_mcmd":3.852038590666667,"length_km":36.356458,"source":"SciGRID_gas IGGIELGNC-3","source_url":"https://github.com/Netizine/SciGRID_gas-IGGIELGNC-3"}},{"type":"Feature","geometry":{"type":"LineString","coordinates":[[9.603748,53.342175],[9.359299,53.216222]]},"properties":{"kind":"gas_pipeline","name":"LKD_PS_253_Seg_0_Seg_0","diameter_mm":1000.0,"pressure_bar":70.0,"capacity_mcmd":61.37956396400001,"length_km":21.460969,"source":"SciGRID_gas IGGIELGNC-3","source_url":"https://github.com/Netizine/SciGRID_gas-IGGIELGNC-3"}},{"type":"Feature","geometry":{"type":"LineString","coordinates":[[9.359299,53.216222],[9.007212,53.040937]]},"properties":{"kind":"gas_pipeline","name":"LKD_PS_255_Seg_0_Seg_0","diameter_mm":1000.0,"pressure_bar":70.0,"capacity_mcmd":61.37956396400001,"length_km":30.533587,"source":"SciGRID_gas IGGIELGNC-3","source_url":"https://github.com/Netizine/SciGRID_gas-IGGIELGNC-3"}},{"type":"Feature","geometry":{"type":"LineString","coordinates":[[9.007212,53.040937],[10.705556,52.963948]]},"properties":{"kind":"gas_pipeline","name":"LKD_PS_256_Seg_0_Seg_0","diameter_mm":1200.0,"pressure_bar":84.0,"capacity_mcmd":90.789101532,"length_km":121.311389,"source":"SciGRID_gas IGGIELGNC-3","source_url":"https://github.com/Netizine/SciGRID_gas-IGGIELGNC-3"}},{"type":"Feature","geometry":{"type":"LineString","coordinates":[[10.05526,53.383131],[10.378769,53.1685]]},"properties":{"kind":"gas_pipeline","name":"LKD_PS_257_Seg_0_Seg_0","diameter_mm":350.0,"pressure_bar":70.0,"capacity_mcmd":7.939496003833579,"length_km":35.490427,"source":"SciGRID_gas IGGIELGNC-3","source_url":"https://github.com/Netizine/SciGRID_gas-IGGIELGNC-3"}},{"type":"Feature","geometry":{"type":"LineString","coordinates":[[10.378769,53.1685],[10.705556,52.963948]]},"properties":{"kind":"gas_pipeline","name":"LKD_PS_257_Seg_0_Seg_2","diameter_mm":350.0,"pressure_bar":70.0,"capacity_mcmd":7.939496003833579,"length_km":35.089445,"source":"SciGRID_gas IGGIELGNC-3","source_url":"https://github.com/Netizine/SciGRID_gas-IGGIELGNC-3"}},{"type":"Feature","geometry":{"type":"LineString","coordinates":[[10.705556,52.963948],[11.004502,53.025759]]},"properties":{"kind":"gas_pipeline","name":"LKD_PS_258_Seg_0_Seg_0","diameter_mm":350.0,"pressure_bar":70.0,"capacity_mcmd":7.939496003833579,"length_km":23.201255,"source":"SciGRID_gas IGGIELGNC-3","source_url":"https://github.com/Netizine/SciGRID_gas-IGGIELGNC-3"}},{"type":"Feature","geometry":{"type":"LineString","coordinates":[[10.705556,52.963948],[10.985528,52.817002]]},"properties":{"kind":"gas_pipeline","name":"LKD_PS_259_Seg_0_Seg_0","diameter_mm":1200.0,"pressure_bar":84.0,"capacity_mcmd":90.789101532,"length_km":31.447651,"source":"SciGRID_gas IGGIELGNC-3","source_url":"https://github.com/Netizine/SciGRID_gas-IGGIELGNC-3"}},{"type":"Feature","geometry":{"type":"LineString","coordinates":[[10.985528,52.817002],[13.368296,52.723668]]},"properties":{"kind":"gas_pipeline","name":"LKD_PS_259_Seg_0_Seg_2","diameter_mm":1200.0,"pressure_bar":84.0,"capacity_mcmd":90.789101532,"length_km":191.388594,"source":"SciGRID_gas IGGIELGNC-3","source_url":"https://github.com/Netizine/SciGRID_gas-IGGIELGNC-3"}},{"type":"Feature","geometry":{"type":"LineString","coordinates":[[9.007212,53.040937],[8.499221,53.034081]]},"properties":{"kind":"gas_pipeline","name":"LKD_PS_260_Seg_0_Seg_0","diameter_mm":900.0,"pressure_bar":70.0,"capacity_mcmd":27.39699999999984,"length_km":34.857702,"source":"SciGRID_gas IGGIELGNC-3","source_url":"https://github.com/Netizine/SciGRID_gas-IGGIELGNC-3"}},{"type":"Feature","geometry":{"type":"LineString","coordinates":[[8.499221,53.034081],[8.714443,53.164232]]},"properties":{"kind":"gas_pipeline","name":"LKD_PS_261_Seg_0_Seg_0","diameter_mm":500.0,"pressure_bar":70.0,"capacity_mcmd":3.852038590666667,"length_km":20.400482,"source":"SciGRID_gas IGGIELGNC-3","source_url":"https://github.com/Netizine/SciGRID_gas-IGGIELGNC-3"}},{"type":"Feature","geometry":{"type":"LineString","coordinates":[[8.499221,53.034081],[8.200765,53.074696]]},"properties":{"kind":"gas_pipeline","name":"LKD_PS_262_Seg_0_Seg_0","diameter_mm":1200.0,"pressure_bar":84.0,"capacity_mcmd":90.789101532,"length_km":20.666031,"source":"SciGRID_gas IGGIELGNC-3","source_url":"https://github.com/Netizine/SciGRID_gas-IGGIELGNC-3"}},{"type":"Feature","geometry":{"type":"LineString","coordinates":[[8.200765,53.074696],[7.584639,53.169788]]},"properties":{"kind":"gas_pipeline","name":"LKD_PS_263_Seg_0_Seg_0","diameter_mm":900.0,"pressure_bar":70.0,"capacity_mcmd":27.39699999999984,"length_km":42.776923,"source":"SciGRID_gas IGGIELGNC-3","source_url":"https://github.com/Netizine/SciGRID_gas-IGGIELGNC-3"}},{"type":"Feature","geometry":{"type":"LineString","coordinates":[[7.584639,53.169788],[7.420882,53.387757]]},"properties":{"kind":"gas_pipeline","name":"LKD_PS_264_Seg_0_Seg_0","diameter_mm":1000.0,"pressure_bar":84.0,"capacity_mcmd":49.641098036717075,"length_km":28.20624,"source":"SciGRID_gas IGGIELGNC-3","source_url":"https://github.com/Netizine/SciGRID_gas-IGGIELGNC-3"}},{"type":"Feature","geometry":{"type":"LineString","coordinates":[[7.420882,53.387757],[7.093251,53.412719]]},"properties":{"kind":"gas_pipeline","name":"LKD_PS_264_Seg_0_Seg_1","diameter_mm":1000.0,"pressure_bar":84.0,"capacity_mcmd":49.641098036717075,"length_km":22.247855,"source":"SciGRID_gas IGGIELGNC-3","source_url":"https://github.com/Netizine/SciGRID_gas-IGGIELGNC-3"}},{"type":"Feature","geometry":{"type":"LineString","coordinates":[[7.584639,53.169788],[7.344144,53.200758]]},"properties":{"kind":"gas_pipeline","name":"LKD_PS_265_Seg_0_Seg_0","diameter_mm":700.0,"pressure_bar":70.0,"capacity_mcmd":15.840280693066717,"length_km":16.657481,"source":"SciGRID_gas IGGIELGNC-3","source_url":"https://github.com/Netizine/SciGRID_gas-IGGIELGNC-3"}},{"type":"Feature","geometry":{"type":"LineString","coordinates":[[7.344144,53.200758],[7.266157,52.558254]]},"properties":{"kind":"gas_pipeline","name":"LKD_PS_266_Seg_0_Seg_0","diameter_mm":900.0,"pressure_bar":70.0,"capacity_mcmd":27.39699999999984,"length_km":73.139252,"source":"SciGRID_gas IGGIELGNC-3","source_url":"https://github.com/Netizine/SciGRID_gas-IGGIELGNC-3"}},{"type":"Feature","geometry":{"type":"LineString","coordinates":[[7.266157,52.558254],[7.317079,52.440895]]},"properties":{"kind":"gas_pipeline","name":"LKD_PS_267_Seg_0_Seg_0","diameter_mm":900.0,"pressure_bar":70.0,"capacity_mcmd":27.39699999999984,"length_km":13.669599,"source":"SciGRID_gas IGGIELGNC-3","source_url":"https://github.com/Netizine/SciGRID_gas-IGGIELGNC-3"}},{"type":"Feature","geometry":{"type":"LineString","coordinates":[[7.266157,52.558254],[6.86959,52.50606]]},"properties":{"kind":"gas_pipeline","name":"LKD_PS_268_Seg_0_Seg_0","diameter_mm":700.0,"pressure_bar":70.0,"capacity_mcmd":15.840280693066717,"length_km":29.270378,"source":"SciGRID_gas IGGIELGNC-3","source_url":"https://github.com/Netizine/SciGRID_gas-IGGIELGNC-3"}},{"type":"Feature","geometry":{"type":"LineString","coordinates":[[9.007212,53.040937],[9.290891,52.929865]]},"properties":{"kind":"gas_pipeline","name":"LKD_PS_270_Seg_0_Seg_0","diameter_mm":700.0,"pressure_bar":70.0,"capacity_mcmd":15.840280693066717,"length_km":24.780578,"source":"SciGRID_gas IGGIELGNC-3","source_url":"https://github.com/Netizine/SciGRID_gas-IGGIELGNC-3"}},{"type":"Feature","geometry":{"type":"LineString","coordinates":[[9.290891,52.929865],[9.245955,52.785016]]},"properties":{"kind":"gas_pipeline","name":"LKD_PS_271_Seg_0_Seg_0","diameter_mm":900.0,"pressure_bar":70.0,"capacity_mcmd":27.39699999999984,"length_km":17.197853,"source":"SciGRID_gas IGGIELGNC-3","source_url":"https://github.com/Netizine/SciGRID_gas-IGGIELGNC-3"}},{"type":"Feature","geometry":{"type":"LineString","coordinates":[[9.245955,52.785016],[9.263047,52.680351]]},"properties":{"kind":"gas_pipeline","name":"LKD_PS_272_Seg_0_Seg_0","diameter_mm":900.0,"pressure_bar":70.0,"capacity_mcmd":27.39699999999984,"length_km":11.69865,"source":"SciGRID_gas IGGIELGNC-3","source_url":"https://github.com/Netizine/SciGRID_gas-IGGIELGNC-3"}},{"type":"Feature","geometry":{"type":"LineString","coordinates":[[9.263047,52.680351],[8.890641,52.656803]]},"properties":{"kind":"gas_pipeline","name":"LKD_PS_273_Seg_0_Seg_0","diameter_mm":900.0,"pressure_bar":70.0,"capacity_mcmd":27.39699999999984,"length_km":26.478237,"source":"SciGRID_gas IGGIELGNC-3","source_url":"https://github.com/Netizine/SciGRID_gas-IGGIELGNC-3"}},{"type":"Feature","geometry":{"type":"LineString","coordinates":[[8.890641,52.656803],[9.130456,52.600633]]},"properties":{"kind":"gas_pipeline","name":"LKD_PS_274_Seg_0_Seg_0","diameter_mm":500.0,"pressure_bar":84.0,"capacity_mcmd":3.852038590666667,"length_km":18.434612,"source":"SciGRID_gas IGGIELGNC-3","source_url":"https://github.com/Netizine/SciGRID_gas-IGGIELGNC-3"}},{"type":"Feature","geometry":{"type":"LineString","coordinates":[[9.263047,52.680351],[9.865478,52.518056]]},"properties":{"kind":"gas_pipeline","name":"LKD_PS_275_Seg_0_Seg_0","diameter_mm":700.0,"pressure_bar":70.0,"capacity_mcmd":15.840280693066717,"length_km":47.100594,"source":"SciGRID_gas IGGIELGNC-3","source_url":"https://github.com/Netizine/SciGRID_gas-IGGIELGNC-3"}},{"type":"Feature","geometry":{"type":"LineString","coordinates":[[9.290891,52.929865],[9.369985,52.931642]]},"properties":{"kind":"gas_pipeline","name":"LKD_PS_276_Seg_0_Seg_0","diameter_mm":900.0,"pressure_bar":70.0,"capacity_mcmd":27.39699999999984,"length_km":5.306705,"source":"SciGRID_gas IGGIELGNC-3","source_url":"https://github.com/Netizine/SciGRID_gas-IGGIELGNC-3"}},{"type":"Feature","geometry":{"type":"LineString","coordinates":[[9.369985,52.931642],[9.245955,52.785016]]},"properties":{"kind":"gas_pipeline","name":"LKD_PS_277_Seg_0_Seg_0","diameter_mm":700.0,"pressure_bar":84.0,"capacity_mcmd":18.419835108391155,"length_km":23.45975,"source":"SciGRID_gas IGGIELGNC-3","source_url":"https://github.com/Netizine/SciGRID_gas-IGGIELGNC-3"}},{"type":"Feature","geometry":{"type":"LineString","coordinates":[[9.369985,52.931642],[9.865478,52.518056]]},"properties":{"kind":"gas_pipeline","name":"LKD_PS_279_Seg_0_Seg_0","diameter_mm":1000.0,"pressure_bar":84.0,"capacity_mcmd":61.37956396400001,"length_km":65.030301,"source":"SciGRID_gas IGGIELGNC-3","source_url":"https://github.com/Netizine/SciGRID_gas-IGGIELGNC-3"}},{"type":"Feature","geometry":{"type":"LineString","coordinates":[[9.369985,52.931642],[9.699324,52.919334]]},"properties":{"kind":"gas_pipeline","name":"LKD_PS_280_Seg_0_Seg_0","diameter_mm":350.0,"pressure_bar":70.0,"capacity_mcmd":7.939496003833579,"length_km":25.791383,"source":"SciGRID_gas IGGIELGNC-3","source_url":"https://github.com/Netizine/SciGRID_gas-IGGIELGNC-3"}},{"type":"Feature","geometry":{"type":"LineString","coordinates":[[9.865478,52.518056],[10.186525,52.694735]]},"properties":{"kind":"gas_pipeline","name":"LKD_PS_285_Seg_0_Seg_0","diameter_mm":500.0,"pressure_bar":70.0,"capacity_mcmd":3.852038590666667,"length_km":30.034933,"source":"SciGRID_gas IGGIELGNC-3","source_url":"https://github.com/Netizine/SciGRID_gas-IGGIELGNC-3"}},{"type":"Feature","geometry":{"type":"LineString","coordinates":[[10.186525,52.694735],[10.106537,53.022223]]},"properties":{"kind":"gas_pipeline","name":"LKD_PS_286_Seg_0_Seg_1","diameter_mm":700.0,"pressure_bar":70.0,"capacity_mcmd":15.840280693066717,"length_km":44.298131,"source":"SciGRID_gas IGGIELGNC-3","source_url":"https://github.com/Netizine/SciGRID_gas-IGGIELGNC-3"}},{"type":"Feature","geometry":{"type":"LineString","coordinates":[[9.865478,52.518056],[10.079837,52.384528]]},"properties":{"kind":"gas_pipeline","name":"LKD_PS_287_Seg_0_Seg_0","diameter_mm":500.0,"pressure_bar":70.0,"capacity_mcmd":3.852038590666667,"length_km":21.19098,"source":"SciGRID_gas IGGIELGNC-3","source_url":"https://github.com/Netizine/SciGRID_gas-IGGIELGNC-3"}},{"type":"Feature","geometry":{"type":"LineString","coordinates":[[10.079837,52.384528],[10.444147,52.385988]]},"properties":{"kind":"gas_pipeline","name":"LKD_PS_287_Seg_0_Seg_1","diameter_mm":500.0,"pressure_bar":70.0,"capacity_mcmd":3.852038590666667,"length_km":24.93337,"source":"SciGRID_gas IGGIELGNC-3","source_url":"https://github.com/Netizine/SciGRID_gas-IGGIELGNC-3"}},{"type":"Feature","geometry":{"type":"LineString","coordinates":[[10.444147,52.385988],[10.776077,52.495082]]},"properties":{"kind":"gas_pipeline","name":"LKD_PS_288_Seg_0_Seg_0","diameter_mm":350.0,"pressure_bar":70.0,"capacity_mcmd":7.939496003833579,"length_km":27.873322,"source":"SciGRID_gas IGGIELGNC-3","source_url":"https://github.com/Netizine/SciGRID_gas-IGGIELGNC-3"}},{"type":"Feature","geometry":{"type":"LineString","coordinates":[[9.865478,52.518056],[9.911803,52.368132]]},"properties":{"kind":"gas_pipeline","name":"LKD_PS_289_Seg_0_Seg_0","diameter_mm":350.0,"pressure_bar":70.0,"capacity_mcmd":7.939496003833579,"length_km":16.969223,"source":"SciGRID_gas IGGIELGNC-3","source_url":"https://github.com/Netizine/SciGRID_gas-IGGIELGNC-3"}},{"type":"Feature","geometry":{"type":"LineString","coordinates":[[8.890641,52.656803],[8.807959,52.676187]]},"properties":{"kind":"gas_pipeline","name":"LKD_PS_290_Seg_0_Seg_0","diameter_mm":500.0,"pressure_bar":85.0,"capacity_mcmd":3.852038590666667,"length_km":5.979613,"source":"SciGRID_gas IGGIELGNC-3","source_url":"https://github.com/Netizine/SciGRID_gas-IGGIELGNC-3"}},{"type":"Feature","geometry":{"type":"LineString","coordinates":[[8.499221,53.034081],[8.679691,53.230136]]},"properties":{"kind":"gas_pipeline","name":"LKD_PS_291_Seg_0_Seg_0","diameter_mm":500.0,"pressure_bar":70.0,"capacity_mcmd":3.852038590666667,"length_km":26.438079,"source":"SciGRID_gas IGGIELGNC-3","source_url":"https://github.com/Netizine/SciGRID_gas-IGGIELGNC-3"}},{"type":"Feature","geometry":{"type":"LineString","coordinates":[[7.584639,53.169788],[7.485275,53.26013]]},"properties":{"kind":"gas_pipeline","name":"LKD_PS_293_Seg_0_Seg_0","diameter_mm":1000.0,"pressure_bar":84.0,"capacity_mcmd":61.37956396400001,"length_km":14.186822,"source":"SciGRID_gas IGGIELGNC-3","source_url":"https://github.com/Netizine/SciGRID_gas-IGGIELGNC-3"}},{"type":"Feature","geometry":{"type":"LineString","coordinates":[[9.007212,53.040937],[8.499221,53.034081]]},"properties":{"kind":"gas_pipeline","name":"LKD_PS_294_Seg_0_Seg_0","diameter_mm":700.0,"pressure_bar":70.0,"capacity_mcmd":15.840280693066717,"length_km":34.396206,"source":"SciGRID_gas IGGIELGNC-3","source_url":"https://github.com/Netizine/SciGRID_gas-IGGIELGNC-3"}},{"type":"Feature","geometry":{"type":"LineString","coordinates":[[8.499221,53.034081],[8.200765,53.074696]]},"properties":{"kind":"gas_pipeline","name":"LKD_PS_295_Seg_0_Seg_0","diameter_mm":900.0,"pressure_bar":70.0,"capacity_mcmd":27.39699999999984,"length_km":20.745201,"source":"SciGRID_gas IGGIELGNC-3","source_url":"https://github.com/Netizine/SciGRID_gas-IGGIELGNC-3"}},{"type":"Feature","geometry":{"type":"LineString","coordinates":[[8.200765,53.074696],[7.832023,53.148544]]},"properties":{"kind":"gas_pipeline","name":"LKD_PS_295_Seg_0_Seg_1","diameter_mm":900.0,"pressure_bar":70.0,"capacity_mcmd":27.39699999999984,"length_km":27.122229,"source":"SciGRID_gas IGGIELGNC-3","source_url":"https://github.com/Netizine/SciGRID_gas-IGGIELGNC-3"}},{"type":"Feature","geometry":{"type":"LineString","coordinates":[[7.832023,53.148544],[7.317079,52.440895]]},"properties":{"kind":"gas_pipeline","name":"LKD_PS_296_Seg_0_Seg_0","diameter_mm":1000.0,"pressure_bar":40.0,"capacity_mcmd":61.37956396400001,"length_km":87.966526,"source":"SciGRID_gas IGGIELGNC-3","source_url":"https://github.com/Netizine/SciGRID_gas-IGGIELGNC-3"}},{"type":"Feature","geometry":{"type":"LineString","coordinates":[[7.317079,52.440895],[7.129816,52.137442]]},"properties":{"kind":"gas_pipeline","name":"LKD_PS_297_Seg_0_Seg_0","diameter_mm":1000.0,"pressure_bar":70.0,"capacity_mcmd":27.6507869420122,"length_km":40.557371,"source":"SciGRID_gas IGGIELGNC-3","source_url":"https://github.com/Netizine/SciGRID_gas-IGGIELGNC-3"}},{"type":"Feature","geometry":{"type":"LineString","coordinates":[[7.832023,53.148544],[7.584639,53.169788]]},"properties":{"kind":"gas_pipeline","name":"LKD_PS_298_Seg_0_Seg_0","diameter_mm":900.0,"pressure_bar":70.0,"capacity_mcmd":27.39699999999984,"length_km":17.046214,"source":"SciGRID_gas IGGIELGNC-3","source_url":"https://github.com/Netizine/SciGRID_gas-IGGIELGNC-3"}},{"type":"Feature","geometry":{"type":"LineString","coordinates":[[7.584639,53.169788],[7.344144,53.200758]]},"properties":{"kind":"gas_pipeline","name":"LKD_PS_299_Seg_0_Seg_0","diameter_mm":1000.0,"pressure_bar":70.0,"capacity_mcmd":61.37956396400001,"length_km":16.959593,"source":"SciGRID_gas IGGIELGNC-3","source_url":"https://github.com/Netizine/SciGRID_gas-IGGIELGNC-3"}},{"type":"Feature","geometry":{"type":"LineString","coordinates":[[8.499221,53.034081],[8.3642,52.95562]]},"properties":{"kind":"gas_pipeline","name":"LKD_PS_300_Seg_0_Seg_0","diameter_mm":900.0,"pressure_bar":70.0,"capacity_mcmd":27.39699999999984,"length_km":13.847696,"source":"SciGRID_gas IGGIELGNC-3","source_url":"https://github.com/Netizine/SciGRID_gas-IGGIELGNC-3"}},{"type":"Feature","geometry":{"type":"LineString","coordinates":[[8.3642,52.95562],[8.248557,52.814603]]},"properties":{"kind":"gas_pipeline","name":"LKD_PS_300_Seg_0_Seg_1","diameter_mm":900.0,"pressure_bar":70.0,"capacity_mcmd":27.39699999999984,"length_km":19.143679,"source":"SciGRID_gas IGGIELGNC-3","source_url":"https://github.com/Netizine/SciGRID_gas-IGGIELGNC-3"}},{"type":"Feature","geometry":{"type":"LineString","coordinates":[[8.248557,52.814603],[8.406804,52.461193]]},"properties":{"kind":"gas_pipeline","name":"LKD_PS_301_Seg_0_Seg_0","diameter_mm":700.0,"pressure_bar":70.0,"capacity_mcmd":15.840280693066717,"length_km":45.589948,"source":"SciGRID_gas IGGIELGNC-3","source_url":"https://github.com/Netizine/SciGRID_gas-IGGIELGNC-3"}},{"type":"Feature","geometry":{"type":"LineString","coordinates":[[8.406804,52.461193],[8.586115,52.244188]]},"properties":{"kind":"gas_pipeline","name":"LKD_PS_302_Seg_0_Seg_0","diameter_mm":700.0,"pressure_bar":70.0,"capacity_mcmd":15.840280693066717,"length_km":29.288071,"source":"SciGRID_gas IGGIELGNC-3","source_url":"https://github.com/Netizine/SciGRID_gas-IGGIELGNC-3"}},{"type":"Feature","geometry":{"type":"LineString","coordinates":[[8.406804,52.461193],[8.422934,52.614224]]},"properties":{"kind":"gas_pipeline","name":"LKD_PS_304_Seg_0_Seg_0","diameter_mm":350.0,"pressure_bar":70.0,"capacity_mcmd":7.939496003833579,"length_km":18.798547,"source":"SciGRID_gas IGGIELGNC-3","source_url":"https://github.com/Netizine/SciGRID_gas-IGGIELGNC-3"}},{"type":"Feature","geometry":{"type":"LineString","coordinates":[[8.422934,52.614224],[8.256075,52.702479]]},"properties":{"kind":"gas_pipeline","name":"LKD_PS_304_Seg_0_Seg_1","diameter_mm":350.0,"pressure_bar":70.0,"capacity_mcmd":7.939496003833579,"length_km":23.366718,"source":"SciGRID_gas IGGIELGNC-3","source_url":"https://github.com/Netizine/SciGRID_gas-IGGIELGNC-3"}},{"type":"Feature","geometry":{"type":"LineString","coordinates":[[10.545235,48.699313],[10.63448,49.10556]]},"properties":{"kind":"gas_pipeline","name":"LKD_PS_305_Seg_0_Seg_0","diameter_mm":1000.0,"pressure_bar":100.0,"capacity_mcmd":61.367897297333286,"length_km":45.936526,"source":"SciGRID_gas IGGIELGNC-3","source_url":"https://github.com/Netizine/SciGRID_gas-IGGIELGNC-3"}},{"type":"Feature","geometry":{"type":"LineString","coordinates":[[10.63448,49.10556],[10.71987,49.503317]]},"properties":{"kind":"gas_pipeline","name":"LKD_PS_305_Seg_0_Seg_2","diameter_mm":1000.0,"pressure_bar":100.0,"capacity_mcmd":61.367897297333286,"length_km":44.982144,"source":"SciGRID_gas IGGIELGNC-3","source_url":"https://github.com/Netizine/SciGRID_gas-IGGIELGNC-3"}},{"type":"Feature","geometry":{"type":"LineString","coordinates":[[11.651402,48.812255],[11.741713,48.894176]]},"properties":{"kind":"gas_pipeline","name":"LKD_PS_306_Seg_0_Seg_0","diameter_mm":900.0,"pressure_bar":70.0,"capacity_mcmd":27.39699999999984,"length_km":11.256894,"source":"SciGRID_gas IGGIELGNC-3","source_url":"https://github.com/Netizine/SciGRID_gas-IGGIELGNC-3"}},{"type":"Feature","geometry":{"type":"LineString","coordinates":[[11.741713,48.894176],[12.093572,49.299596]]},"properties":{"kind":"gas_pipeline","name":"LKD_PS_307_Seg_0_Seg_0","diameter_mm":900.0,"pressure_bar":70.0,"capacity_mcmd":27.39699999999984,"length_km":53.401999,"source":"SciGRID_gas IGGIELGNC-3","source_url":"https://github.com/Netizine/SciGRID_gas-IGGIELGNC-3"}},{"type":"Feature","geometry":{"type":"LineString","coordinates":[[11.741713,48.894176],[12.360186,48.125529]]},"properties":{"kind":"gas_pipeline","name":"LKD_PS_308_Seg_0_Seg_0","diameter_mm":800.0,"pressure_bar":100.0,"capacity_mcmd":34.701230630666686,"length_km":100.739141,"source":"SciGRID_gas IGGIELGNC-3","source_url":"https://github.com/Netizine/SciGRID_gas-IGGIELGNC-3"}},{"type":"Feature","geometry":{"type":"LineString","coordinates":[[9.424897,50.379228],[9.753482,50.053085]]},"properties":{"kind":"gas_pipeline","name":"LKD_PS_309_Seg_0_Seg_0","diameter_mm":1000.0,"pressure_bar":80.0,"capacity_mcmd":61.37956396400001,"length_km":44.630477,"source":"SciGRID_gas IGGIELGNC-3","source_url":"https://github.com/Netizine/SciGRID_gas-IGGIELGNC-3"}},{"type":"Feature","geometry":{"type":"LineString","coordinates":[[9.753482,50.053085],[9.767452,49.767193]]},"properties":{"kind":"gas_pipeline","name":"LKD_PS_309_Seg_0_Seg_3","diameter_mm":1000.0,"pressure_bar":80.0,"capacity_mcmd":61.37956396400001,"length_km":31.81546,"source":"SciGRID_gas IGGIELGNC-3","source_url":"https://github.com/Netizine/SciGRID_gas-IGGIELGNC-3"}},{"type":"Feature","geometry":{"type":"LineString","coordinates":[[9.424897,50.379228],[9.753482,50.053085]]},"properties":{"kind":"gas_pipeline","name":"LKD_PS_310_Seg_0_Seg_0","diameter_mm":1000.0,"pressure_bar":80.0,"capacity_mcmd":61.37956396400001,"length_km":46.64981,"source":"SciGRID_gas IGGIELGNC-3","source_url":"https://github.com/Netizine/SciGRID_gas-IGGIELGNC-3"}},{"type":"Feature","geometry":{"type":"LineString","coordinates":[[9.753482,50.053085],[9.767452,49.767193]]},"properties":{"kind":"gas_pipeline","name":"LKD_PS_310_Seg_0_Seg_2","diameter_mm":1000.0,"pressure_bar":80.0,"capacity_mcmd":61.37956396400001,"length_km":32.663818,"source":"SciGRID_gas IGGIELGNC-3","source_url":"https://github.com/Netizine/SciGRID_gas-IGGIELGNC-3"}},{"type":"Feature","geometry":{"type":"LineString","coordinates":[[9.311253,50.551258],[9.656208,50.684748]]},"properties":{"kind":"gas_pipeline","name":"LKD_PS_311_Seg_0_Seg_0","diameter_mm":800.0,"pressure_bar":80.0,"capacity_mcmd":31.016152894488897,"length_km":30.230951,"source":"SciGRID_gas IGGIELGNC-3","source_url":"https://github.com/Netizine/SciGRID_gas-IGGIELGNC-3"}},{"type":"Feature","geometry":{"type":"LineString","coordinates":[[9.656208,50.684748],[9.82305,50.79345]]},"properties":{"kind":"gas_pipeline","name":"LKD_PS_312_Seg_0_Seg_0","diameter_mm":800.0,"pressure_bar":80.0,"capacity_mcmd":31.016152894488897,"length_km":16.855849,"source":"SciGRID_gas IGGIELGNC-3","source_url":"https://github.com/Netizine/SciGRID_gas-IGGIELGNC-3"}},{"type":"Feature","geometry":{"type":"LineString","coordinates":[[9.82305,50.79345],[9.990669,50.901903]]},"properties":{"kind":"gas_pipeline","name":"LKD_PS_312_Seg_0_Seg_1","diameter_mm":800.0,"pressure_bar":80.0,"capacity_mcmd":31.016152894488897,"length_km":16.85506,"source":"SciGRID_gas IGGIELGNC-3","source_url":"https://github.com/Netizine/SciGRID_gas-IGGIELGNC-3"}},{"type":"Feature","geometry":{"type":"LineString","coordinates":[[9.311253,50.551258],[9.424897,50.379228]]},"properties":{"kind":"gas_pipeline","name":"LKD_PS_313_Seg_0_Seg_0","diameter_mm":900.0,"pressure_bar":70.0,"capacity_mcmd":27.39699999999984,"length_km":21.163656,"source":"SciGRID_gas IGGIELGNC-3","source_url":"https://github.com/Netizine/SciGRID_gas-IGGIELGNC-3"}},{"type":"Feature","geometry":{"type":"LineString","coordinates":[[9.311253,50.551258],[8.975239,50.396881]]},"properties":{"kind":"gas_pipeline","name":"LKD_PS_314_Seg_0_Seg_0","diameter_mm":900.0,"pressure_bar":70.0,"capacity_mcmd":27.39699999999984,"length_km":31.946543,"source":"SciGRID_gas IGGIELGNC-3","source_url":"https://github.com/Netizine/SciGRID_gas-IGGIELGNC-3"}},{"type":"Feature","geometry":{"type":"LineString","coordinates":[[8.975239,50.396881],[8.594678,50.352974]]},"properties":{"kind":"gas_pipeline","name":"LKD_PS_314_Seg_0_Seg_2","diameter_mm":900.0,"pressure_bar":70.0,"capacity_mcmd":27.39699999999984,"length_km":27.434421,"source":"SciGRID_gas IGGIELGNC-3","source_url":"https://github.com/Netizine/SciGRID_gas-IGGIELGNC-3"}},{"type":"Feature","geometry":{"type":"LineString","coordinates":[[8.594678,50.352974],[7.922593,50.364024]]},"properties":{"kind":"gas_pipeline","name":"LKD_PS_314_Seg_0_Seg_3","diameter_mm":900.0,"pressure_bar":70.0,"capacity_mcmd":27.39699999999984,"length_km":48.308677,"source":"SciGRID_gas IGGIELGNC-3","source_url":"https://github.com/Netizine/SciGRID_gas-IGGIELGNC-3"}},{"type":"Feature","geometry":{"type":"LineString","coordinates":[[7.922593,50.364024],[8.329127,50.075709]]},"properties":{"kind":"gas_pipeline","name":"LKD_PS_315_Seg_0_Seg_0","diameter_mm":900.0,"pressure_bar":80.0,"capacity_mcmd":44.34948622782221,"length_km":46.465434,"source":"SciGRID_gas IGGIELGNC-3","source_url":"https://github.com/Netizine/SciGRID_gas-IGGIELGNC-3"}},{"type":"Feature","geometry":{"type":"LineString","coordinates":[[8.329127,50.075709],[8.40433,49.8985]]},"properties":{"kind":"gas_pipeline","name":"LKD_PS_315_Seg_0_Seg_2","diameter_mm":900.0,"pressure_bar":80.0,"capacity_mcmd":44.34948622782221,"length_km":20.431496,"source":"SciGRID_gas IGGIELGNC-3","source_url":"https://github.com/Netizine/SciGRID_gas-IGGIELGNC-3"}},{"type":"Feature","geometry":{"type":"LineString","coordinates":[[8.40433,49.8985],[8.478981,49.721242]]},"properties":{"kind":"gas_pipeline","name":"LKD_PS_315_Seg_0_Seg_3","diameter_mm":900.0,"pressure_bar":80.0,"capacity_mcmd":44.34948622782221,"length_km":20.431545,"source":"SciGRID_gas IGGIELGNC-3","source_url":"https://github.com/Netizine/SciGRID_gas-IGGIELGNC-3"}},{"type":"Feature","geometry":{"type":"LineString","coordinates":[[7.922593,50.364024],[7.886714,50.25111]]},"properties":{"kind":"gas_pipeline","name":"LKD_PS_316_Seg_0_Seg_0","diameter_mm":900.0,"pressure_bar":80.0,"capacity_mcmd":44.34948622782221,"length_km":14.4315,"source":"SciGRID_gas IGGIELGNC-3","source_url":"https://github.com/Netizine/SciGRID_gas-IGGIELGNC-3"}},{"type":"Feature","geometry":{"type":"LineString","coordinates":[[7.886714,50.25111],[8.08838,50.15157]]},"properties":{"kind":"gas_pipeline","name":"LKD_PS_316_Seg_0_Seg_1","diameter_mm":900.0,"pressure_bar":80.0,"capacity_mcmd":44.34948622782221,"length_km":18.131162,"source":"SciGRID_gas IGGIELGNC-3","source_url":"https://github.com/Netizine/SciGRID_gas-IGGIELGNC-3"}},{"type":"Feature","geometry":{"type":"LineString","coordinates":[[8.08838,50.15157],[8.289212,50.051692]]},"properties":{"kind":"gas_pipeline","name":"LKD_PS_316_Seg_0_Seg_2","diameter_mm":900.0,"pressure_bar":80.0,"capacity_mcmd":44.34948622782221,"length_km":18.130796,"source":"SciGRID_gas IGGIELGNC-3","source_url":"https://github.com/Netizine/SciGRID_gas-IGGIELGNC-3"}},{"type":"Feature","geometry":{"type":"LineString","coordinates":[[8.289212,50.051692],[8.431599,49.733582]]},"properties":{"kind":"gas_pipeline","name":"LKD_PS_316_Seg_0_Seg_3","diameter_mm":900.0,"pressure_bar":80.0,"capacity_mcmd":44.34948622782221,"length_km":36.824977,"source":"SciGRID_gas IGGIELGNC-3","source_url":"https://github.com/Netizine/SciGRID_gas-IGGIELGNC-3"}},{"type":"Feature","geometry":{"type":"LineString","coordinates":[[8.431599,49.733582],[8.478981,49.721242]]},"properties":{"kind":"gas_pipeline","name":"LKD_PS_316_Seg_0_Seg_5","diameter_mm":900.0,"pressure_bar":80.0,"capacity_mcmd":44.34948622782221,"length_km":3.672952,"source":"SciGRID_gas IGGIELGNC-3","source_url":"https://github.com/Netizine/SciGRID_gas-IGGIELGNC-3"}},{"type":"Feature","geometry":{"type":"LineString","coordinates":[[6.90044,52.589913],[7.129816,52.137442]]},"properties":{"kind":"gas_pipeline","name":"LKD_PS_318_Seg_0_Seg_0","diameter_mm":900.0,"pressure_bar":70.0,"capacity_mcmd":27.6507869420122,"length_km":57.736482,"source":"SciGRID_gas IGGIELGNC-3","source_url":"https://github.com/Netizine/SciGRID_gas-IGGIELGNC-3"}},{"type":"Feature","geometry":{"type":"LineString","coordinates":[[7.129816,52.137442],[7.124878,52.058939]]},"properties":{"kind":"gas_pipeline","name":"LKD_PS_319_Seg_0_Seg_0","diameter_mm":700.0,"pressure_bar":68.0,"capacity_mcmd":27.6507869420122,"length_km":17.040001,"source":"SciGRID_gas IGGIELGNC-3","source_url":"https://github.com/Netizine/SciGRID_gas-IGGIELGNC-3"}},{"type":"Feature","geometry":{"type":"LineString","coordinates":[[7.129816,52.137442],[7.280094,52.114454]]},"properties":{"kind":"gas_pipeline","name":"LKD_PS_320_Seg_0_Seg_0","diameter_mm":700.0,"pressure_bar":70.0,"capacity_mcmd":27.6507869420122,"length_km":10.5758,"source":"SciGRID_gas IGGIELGNC-3","source_url":"https://github.com/Netizine/SciGRID_gas-IGGIELGNC-3"}},{"type":"Feature","geometry":{"type":"LineString","coordinates":[[7.280094,52.114454],[7.124878,52.058939]]},"properties":{"kind":"gas_pipeline","name":"LKD_PS_322_Seg_0_Seg_0","diameter_mm":225.0,"pressure_bar":68.0,"capacity_mcmd":5.101796667621784,"length_km":12.474033,"source":"SciGRID_gas IGGIELGNC-3","source_url":"https://github.com/Netizine/SciGRID_gas-IGGIELGNC-3"}},{"type":"Feature","geometry":{"type":"LineString","coordinates":[[7.129816,52.137442],[7.124878,52.058939]]},"properties":{"kind":"gas_pipeline","name":"LKD_PS_323_Seg_0_Seg_0","diameter_mm":700.0,"pressure_bar":68.0,"capacity_mcmd":27.6507869420122,"length_km":8.738392,"source":"SciGRID_gas IGGIELGNC-3","source_url":"https://github.com/Netizine/SciGRID_gas-IGGIELGNC-3"}},{"type":"Feature","geometry":{"type":"LineString","coordinates":[[7.280094,52.114454],[7.775604,51.936816]]},"properties":{"kind":"gas_pipeline","name":"LKD_PS_324_Seg_0_Seg_0","diameter_mm":900.0,"pressure_bar":70.0,"capacity_mcmd":27.39699999999984,"length_km":43.870498,"source":"SciGRID_gas IGGIELGNC-3","source_url":"https://github.com/Netizine/SciGRID_gas-IGGIELGNC-3"}},{"type":"Feature","geometry":{"type":"LineString","coordinates":[[7.775604,51.936816],[7.964439,51.887647]]},"properties":{"kind":"gas_pipeline","name":"LKD_PS_325_Seg_0_Seg_0","diameter_mm":700.0,"pressure_bar":68.0,"capacity_mcmd":18.939750163999996,"length_km":14.063702,"source":"SciGRID_gas IGGIELGNC-3","source_url":"https://github.com/Netizine/SciGRID_gas-IGGIELGNC-3"}},{"type":"Feature","geometry":{"type":"LineString","coordinates":[[7.964439,51.887647],[8.343085,51.662601]]},"properties":{"kind":"gas_pipeline","name":"LKD_PS_327_Seg_0_Seg_0","diameter_mm":500.0,"pressure_bar":68.0,"capacity_mcmd":3.852038590666667,"length_km":38.738765,"source":"SciGRID_gas IGGIELGNC-3","source_url":"https://github.com/Netizine/SciGRID_gas-IGGIELGNC-3"}},{"type":"Feature","geometry":{"type":"LineString","coordinates":[[8.343085,51.662601],[8.352079,51.518493]]},"properties":{"kind":"gas_pipeline","name":"LKD_PS_331_Seg_0_Seg_0","diameter_mm":500.0,"pressure_bar":70.0,"capacity_mcmd":3.852038590666667,"length_km":16.041154,"source":"SciGRID_gas IGGIELGNC-3","source_url":"https://github.com/Netizine/SciGRID_gas-IGGIELGNC-3"}},{"type":"Feature","geometry":{"type":"LineString","coordinates":[[8.352079,51.518493],[7.936546,51.506422]]},"properties":{"kind":"gas_pipeline","name":"LKD_PS_332_Seg_0_Seg_0","diameter_mm":900.0,"pressure_bar":70.0,"capacity_mcmd":27.39699999999984,"length_km":28.796773,"source":"SciGRID_gas IGGIELGNC-3","source_url":"https://github.com/Netizine/SciGRID_gas-IGGIELGNC-3"}},{"type":"Feature","geometry":{"type":"LineString","coordinates":[[7.936546,51.506422],[7.9288,51.6736]]},"properties":{"kind":"gas_pipeline","name":"LKD_PS_335_Seg_0_Seg_0","diameter_mm":225.0,"pressure_bar":68.0,"capacity_mcmd":5.101796667621784,"length_km":20.060666,"source":"SciGRID_gas IGGIELGNC-3","source_url":"https://github.com/Netizine/SciGRID_gas-IGGIELGNC-3"}},{"type":"Feature","geometry":{"type":"LineString","coordinates":[[7.936546,51.506422],[8.019448,51.440276]]},"properties":{"kind":"gas_pipeline","name":"LKD_PS_336_Seg_0_Seg_0","diameter_mm":350.0,"pressure_bar":68.0,"capacity_mcmd":7.804038363819572,"length_km":13.968592,"source":"SciGRID_gas IGGIELGNC-3","source_url":"https://github.com/Netizine/SciGRID_gas-IGGIELGNC-3"}},{"type":"Feature","geometry":{"type":"LineString","coordinates":[[8.019448,51.440276],[8.075587,51.38441]]},"properties":{"kind":"gas_pipeline","name":"LKD_PS_337_Seg_0_Seg_0","diameter_mm":225.0,"pressure_bar":68.0,"capacity_mcmd":5.101796667621784,"length_km":10.37142,"source":"SciGRID_gas IGGIELGNC-3","source_url":"https://github.com/Netizine/SciGRID_gas-IGGIELGNC-3"}},{"type":"Feature","geometry":{"type":"LineString","coordinates":[[8.075587,51.38441],[8.208955,51.383993]]},"properties":{"kind":"gas_pipeline","name":"LKD_PS_338_Seg_0_Seg_0","diameter_mm":350.0,"pressure_bar":68.0,"capacity_mcmd":7.804038363819572,"length_km":11.103982,"source":"SciGRID_gas IGGIELGNC-3","source_url":"https://github.com/Netizine/SciGRID_gas-IGGIELGNC-3"}},{"type":"Feature","geometry":{"type":"LineString","coordinates":[[8.019448,51.440276],[8.352079,51.518493]]},"properties":{"kind":"gas_pipeline","name":"LKD_PS_340_Seg_0_Seg_0","diameter_mm":700.0,"pressure_bar":68.0,"capacity_mcmd":18.939750163999996,"length_km":25.10006,"source":"SciGRID_gas IGGIELGNC-3","source_url":"https://github.com/Netizine/SciGRID_gas-IGGIELGNC-3"}},{"type":"Feature","geometry":{"type":"LineString","coordinates":[[8.075587,51.38441],[8.019448,51.440276]]},"properties":{"kind":"gas_pipeline","name":"LKD_PS_341_Seg_0_Seg_0","diameter_mm":225.0,"pressure_bar":68.0,"capacity_mcmd":5.101796667621784,"length_km":10.734543,"source":"SciGRID_gas IGGIELGNC-3","source_url":"https://github.com/Netizine/SciGRID_gas-IGGIELGNC-3"}},{"type":"Feature","geometry":{"type":"LineString","coordinates":[[8.019448,51.440276],[8.208955,51.383993]]},"properties":{"kind":"gas_pipeline","name":"LKD_PS_342_Seg_0_Seg_0","diameter_mm":900.0,"pressure_bar":70.0,"capacity_mcmd":27.39699999999984,"length_km":16.130861,"source":"SciGRID_gas IGGIELGNC-3","source_url":"https://github.com/Netizine/SciGRID_gas-IGGIELGNC-3"}},{"type":"Feature","geometry":{"type":"LineString","coordinates":[[8.208955,51.383993],[8.296524,51.410862]]},"properties":{"kind":"gas_pipeline","name":"LKD_PS_344_Seg_0_Seg_0","diameter_mm":225.0,"pressure_bar":68.0,"capacity_mcmd":5.101796667621784,"length_km":6.772234,"source":"SciGRID_gas IGGIELGNC-3","source_url":"https://github.com/Netizine/SciGRID_gas-IGGIELGNC-3"}},{"type":"Feature","geometry":{"type":"LineString","coordinates":[[8.296524,51.410862],[8.352079,51.518493]]},"properties":{"kind":"gas_pipeline","name":"LKD_PS_345_Seg_0_Seg_0","diameter_mm":500.0,"pressure_bar":70.0,"capacity_mcmd":3.852038590666667,"length_km":13.445525,"source":"SciGRID_gas IGGIELGNC-3","source_url":"https://github.com/Netizine/SciGRID_gas-IGGIELGNC-3"}},{"type":"Feature","geometry":{"type":"LineString","coordinates":[[8.296524,51.410862],[8.532104,51.382782]]},"properties":{"kind":"gas_pipeline","name":"LKD_PS_346_Seg_0_Seg_0","diameter_mm":225.0,"pressure_bar":68.0,"capacity_mcmd":5.101796667621784,"length_km":18.794221,"source":"SciGRID_gas IGGIELGNC-3","source_url":"https://github.com/Netizine/SciGRID_gas-IGGIELGNC-3"}},{"type":"Feature","geometry":{"type":"LineString","coordinates":[[7.936546,51.506422],[7.683914,51.486151]]},"properties":{"kind":"gas_pipeline","name":"LKD_PS_347_Seg_0_Seg_0","diameter_mm":900.0,"pressure_bar":70.0,"capacity_mcmd":27.39699999999984,"length_km":17.638914,"source":"SciGRID_gas IGGIELGNC-3","source_url":"https://github.com/Netizine/SciGRID_gas-IGGIELGNC-3"}},{"type":"Feature","geometry":{"type":"LineString","coordinates":[[7.683914,51.486151],[7.293203,51.549406]]},"properties":{"kind":"gas_pipeline","name":"LKD_PS_348_Seg_0_Seg_0","diameter_mm":500.0,"pressure_bar":70.0,"capacity_mcmd":3.852038590666667,"length_km":38.700249,"source":"SciGRID_gas IGGIELGNC-3","source_url":"https://github.com/Netizine/SciGRID_gas-IGGIELGNC-3"}},{"type":"Feature","geometry":{"type":"LineString","coordinates":[[7.683914,51.486151],[7.775604,51.936816]]},"properties":{"kind":"gas_pipeline","name":"LKD_PS_349_Seg_0_Seg_0","diameter_mm":900.0,"pressure_bar":70.0,"capacity_mcmd":27.39699999999984,"length_km":51.286922,"source":"SciGRID_gas IGGIELGNC-3","source_url":"https://github.com/Netizine/SciGRID_gas-IGGIELGNC-3"}},{"type":"Feature","geometry":{"type":"LineString","coordinates":[[7.293203,51.549406],[7.25988,51.399878]]},"properties":{"kind":"gas_pipeline","name":"LKD_PS_350_Seg_0_Seg_0","diameter_mm":500.0,"pressure_bar":70.0,"capacity_mcmd":3.852038590666667,"length_km":23.908577,"source":"SciGRID_gas IGGIELGNC-3","source_url":"https://github.com/Netizine/SciGRID_gas-IGGIELGNC-3"}},{"type":"Feature","geometry":{"type":"LineString","coordinates":[[7.293203,51.549406],[7.345152,51.70747]]},"properties":{"kind":"gas_pipeline","name":"LKD_PS_351_Seg_0_Seg_0","diameter_mm":350.0,"pressure_bar":70.0,"capacity_mcmd":7.939496003833579,"length_km":18.594337,"source":"SciGRID_gas IGGIELGNC-3","source_url":"https://github.com/Netizine/SciGRID_gas-IGGIELGNC-3"}},{"type":"Feature","geometry":{"type":"LineString","coordinates":[[7.345152,51.70747],[7.257755,51.728041]]},"properties":{"kind":"gas_pipeline","name":"LKD_PS_352_Seg_0_Seg_0","diameter_mm":350.0,"pressure_bar":70.0,"capacity_mcmd":7.939496003833579,"length_km":6.442607,"source":"SciGRID_gas IGGIELGNC-3","source_url":"https://github.com/Netizine/SciGRID_gas-IGGIELGNC-3"}},{"type":"Feature","geometry":{"type":"LineString","coordinates":[[7.257755,51.728041],[7.117512,51.590682]]},"properties":{"kind":"gas_pipeline","name":"LKD_PS_353_Seg_0_Seg_0","diameter_mm":225.0,"pressure_bar":68.0,"capacity_mcmd":5.101796667621784,"length_km":18.085052,"source":"SciGRID_gas IGGIELGNC-3","source_url":"https://github.com/Netizine/SciGRID_gas-IGGIELGNC-3"}},{"type":"Feature","geometry":{"type":"LineString","coordinates":[[7.345152,51.70747],[7.124878,52.058939]]},"properties":{"kind":"gas_pipeline","name":"LKD_PS_354_Seg_0_Seg_0","diameter_mm":700.0,"pressure_bar":84.0,"capacity_mcmd":18.939750163999996,"length_km":46.093654,"source":"SciGRID_gas IGGIELGNC-3","source_url":"https://github.com/Netizine/SciGRID_gas-IGGIELGNC-3"}},{"type":"Feature","geometry":{"type":"LineString","coordinates":[[7.257755,51.728041],[6.895099,51.810868]]},"properties":{"kind":"gas_pipeline","name":"LKD_PS_355_Seg_0_Seg_0","diameter_mm":350.0,"pressure_bar":70.0,"capacity_mcmd":7.939496003833579,"length_km":27.341048,"source":"SciGRID_gas IGGIELGNC-3","source_url":"https://github.com/Netizine/SciGRID_gas-IGGIELGNC-3"}},{"type":"Feature","geometry":{"type":"LineString","coordinates":[[6.895099,51.810868],[7.124878,52.058939]]},"properties":{"kind":"gas_pipeline","name":"LKD_PS_356_Seg_0_Seg_0","diameter_mm":1000.0,"pressure_bar":84.0,"capacity_mcmd":61.37956396400001,"length_km":32.085702,"source":"SciGRID_gas IGGIELGNC-3","source_url":"https://github.com/Netizine/SciGRID_gas-IGGIELGNC-3"}},{"type":"Feature","geometry":{"type":"LineString","coordinates":[[6.895099,51.810868],[6.865763,51.766101]]},"properties":{"kind":"gas_pipeline","name":"LKD_PS_357_Seg_0_Seg_0","diameter_mm":1000.0,"pressure_bar":84.0,"capacity_mcmd":61.37956396400001,"length_km":5.372955,"source":"SciGRID_gas IGGIELGNC-3","source_url":"https://github.com/Netizine/SciGRID_gas-IGGIELGNC-3"}},{"type":"Feature","geometry":{"type":"LineString","coordinates":[[6.865763,51.766101],[6.89613,51.611737]]},"properties":{"kind":"gas_pipeline","name":"LKD_PS_358_Seg_0_Seg_0","diameter_mm":900.0,"pressure_bar":70.0,"capacity_mcmd":27.39699999999984,"length_km":17.297094,"source":"SciGRID_gas IGGIELGNC-3","source_url":"https://github.com/Netizine/SciGRID_gas-IGGIELGNC-3"}},{"type":"Feature","geometry":{"type":"LineString","coordinates":[[6.89613,51.611737],[6.706151,51.569554]]},"properties":{"kind":"gas_pipeline","name":"LKD_PS_358_Seg_0_Seg_1","diameter_mm":900.0,"pressure_bar":70.0,"capacity_mcmd":27.39699999999984,"length_km":13.941638,"source":"SciGRID_gas IGGIELGNC-3","source_url":"https://github.com/Netizine/SciGRID_gas-IGGIELGNC-3"}},{"type":"Feature","geometry":{"type":"LineString","coordinates":[[6.706151,51.569554],[6.598468,51.556648]]},"properties":{"kind":"gas_pipeline","name":"LKD_PS_359_Seg_0_Seg_0","diameter_mm":500.0,"pressure_bar":68.0,"capacity_mcmd":3.852038590666667,"length_km":7.582999,"source":"SciGRID_gas IGGIELGNC-3","source_url":"https://github.com/Netizine/SciGRID_gas-IGGIELGNC-3"}},{"type":"Feature","geometry":{"type":"LineString","coordinates":[[6.598468,51.556648],[6.131469,51.603189]]},"properties":{"kind":"gas_pipeline","name":"LKD_PS_361_Seg_0_Seg_0","diameter_mm":500.0,"pressure_bar":68.0,"capacity_mcmd":3.852038590666667,"length_km":37.270629,"source":"SciGRID_gas IGGIELGNC-3","source_url":"https://github.com/Netizine/SciGRID_gas-IGGIELGNC-3"}},{"type":"Feature","geometry":{"type":"LineString","coordinates":[[6.131469,51.603189],[6.33524,51.478378]]},"properties":{"kind":"gas_pipeline","name":"LKD_PS_363_Seg_0_Seg_0","diameter_mm":225.0,"pressure_bar":68.0,"capacity_mcmd":5.101796667621784,"length_km":21.138433,"source":"SciGRID_gas IGGIELGNC-3","source_url":"https://github.com/Netizine/SciGRID_gas-IGGIELGNC-3"}},{"type":"Feature","geometry":{"type":"LineString","coordinates":[[6.706151,51.569554],[6.837924,51.45992]]},"properties":{"kind":"gas_pipeline","name":"LKD_PS_364_Seg_0_Seg_0","diameter_mm":500.0,"pressure_bar":68.0,"capacity_mcmd":3.852038590666667,"length_km":17.847561,"source":"SciGRID_gas IGGIELGNC-3","source_url":"https://github.com/Netizine/SciGRID_gas-IGGIELGNC-3"}},{"type":"Feature","geometry":{"type":"LineString","coordinates":[[6.598468,51.556648],[6.837924,51.45992]]},"properties":{"kind":"gas_pipeline","name":"LKD_PS_365_Seg_0_Seg_0","diameter_mm":700.0,"pressure_bar":68.0,"capacity_mcmd":18.939750163999996,"length_km":22.276509,"source":"SciGRID_gas IGGIELGNC-3","source_url":"https://github.com/Netizine/SciGRID_gas-IGGIELGNC-3"}},{"type":"Feature","geometry":{"type":"LineString","coordinates":[[6.837924,51.45992],[6.882478,51.35175]]},"properties":{"kind":"gas_pipeline","name":"LKD_PS_366_Seg_0_Seg_0","diameter_mm":500.0,"pressure_bar":68.0,"capacity_mcmd":3.852038590666667,"length_km":12.422528,"source":"SciGRID_gas IGGIELGNC-3","source_url":"https://github.com/Netizine/SciGRID_gas-IGGIELGNC-3"}},{"type":"Feature","geometry":{"type":"LineString","coordinates":[[6.882478,51.35175],[7.15069,51.302947]]},"properties":{"kind":"gas_pipeline","name":"LKD_PS_367_Seg_0_Seg_0","diameter_mm":700.0,"pressure_bar":68.0,"capacity_mcmd":18.939750163999996,"length_km":21.074235,"source":"SciGRID_gas IGGIELGNC-3","source_url":"https://github.com/Netizine/SciGRID_gas-IGGIELGNC-3"}},{"type":"Feature","geometry":{"type":"LineString","coordinates":[[7.15069,51.302947],[7.232627,51.167479]]},"properties":{"kind":"gas_pipeline","name":"LKD_PS_368_Seg_0_Seg_0","diameter_mm":500.0,"pressure_bar":68.0,"capacity_mcmd":3.852038590666667,"length_km":23.203165,"source":"SciGRID_gas IGGIELGNC-3","source_url":"https://github.com/Netizine/SciGRID_gas-IGGIELGNC-3"}},{"type":"Feature","geometry":{"type":"LineString","coordinates":[[7.15069,51.302947],[6.882478,51.35175]]},"properties":{"kind":"gas_pipeline","name":"LKD_PS_369_Seg_0_Seg_0","diameter_mm":700.0,"pressure_bar":68.0,"capacity_mcmd":18.939750163999996,"length_km":22.964932,"source":"SciGRID_gas IGGIELGNC-3","source_url":"https://github.com/Netizine/SciGRID_gas-IGGIELGNC-3"}},{"type":"Feature","geometry":{"type":"LineString","coordinates":[[6.882478,51.35175],[6.64973,51.14165]]},"properties":{"kind":"gas_pipeline","name":"LKD_PS_370_Seg_0_Seg_0","diameter_mm":500.0,"pressure_bar":68.0,"capacity_mcmd":3.852038590666667,"length_km":34.998598,"source":"SciGRID_gas IGGIELGNC-3","source_url":"https://github.com/Netizine/SciGRID_gas-IGGIELGNC-3"}},{"type":"Feature","geometry":{"type":"LineString","coordinates":[[6.64973,51.14165],[6.310867,50.971491]]},"properties":{"kind":"gas_pipeline","name":"LKD_PS_370_Seg_0_Seg_2","diameter_mm":500.0,"pressure_bar":68.0,"capacity_mcmd":3.852038590666667,"length_km":31.404332,"source":"SciGRID_gas IGGIELGNC-3","source_url":"https://github.com/Netizine/SciGRID_gas-IGGIELGNC-3"}},{"type":"Feature","geometry":{"type":"LineString","coordinates":[[6.310867,50.971491],[6.172867,51.033549]]},"properties":{"kind":"gas_pipeline","name":"LKD_PS_371_Seg_0_Seg_0","diameter_mm":225.0,"pressure_bar":68.0,"capacity_mcmd":5.101796667621784,"length_km":19.632079,"source":"SciGRID_gas IGGIELGNC-3","source_url":"https://github.com/Netizine/SciGRID_gas-IGGIELGNC-3"}},{"type":"Feature","geometry":{"type":"LineString","coordinates":[[6.310867,50.971491],[6.332856,50.853764]]},"properties":{"kind":"gas_pipeline","name":"LKD_PS_372_Seg_0_Seg_0","diameter_mm":500.0,"pressure_bar":68.0,"capacity_mcmd":3.852038590666667,"length_km":14.973453,"source":"SciGRID_gas IGGIELGNC-3","source_url":"https://github.com/Netizine/SciGRID_gas-IGGIELGNC-3"}},{"type":"Feature","geometry":{"type":"LineString","coordinates":[[6.332856,50.853764],[6.411823,50.872031]]},"properties":{"kind":"gas_pipeline","name":"LKD_PS_373_Seg_0_Seg_0","diameter_mm":500.0,"pressure_bar":68.0,"capacity_mcmd":3.852038590666667,"length_km":5.904547,"source":"SciGRID_gas IGGIELGNC-3","source_url":"https://github.com/Netizine/SciGRID_gas-IGGIELGNC-3"}},{"type":"Feature","geometry":{"type":"LineString","coordinates":[[6.411823,50.872031],[6.777766,50.853041]]},"properties":{"kind":"gas_pipeline","name":"LKD_PS_374_Seg_0_Seg_0","diameter_mm":500.0,"pressure_bar":68.0,"capacity_mcmd":3.852038590666667,"length_km":34.73163,"source":"SciGRID_gas IGGIELGNC-3","source_url":"https://github.com/Netizine/SciGRID_gas-IGGIELGNC-3"}},{"type":"Feature","geometry":{"type":"LineString","coordinates":[[6.332856,50.853764],[6.207367,50.760751]]},"properties":{"kind":"gas_pipeline","name":"LKD_PS_376_Seg_0_Seg_0","diameter_mm":500.0,"pressure_bar":68.0,"capacity_mcmd":35.23429898274224,"length_km":20.653229,"source":"SciGRID_gas IGGIELGNC-3","source_url":"https://github.com/Netizine/SciGRID_gas-IGGIELGNC-3"}},{"type":"Feature","geometry":{"type":"LineString","coordinates":[[6.865763,51.766101],[6.649207,51.777819]]},"properties":{"kind":"gas_pipeline","name":"LKD_PS_382_Seg_0_Seg_0","diameter_mm":500.0,"pressure_bar":70.0,"capacity_mcmd":3.852038590666667,"length_km":15.95162,"source":"SciGRID_gas IGGIELGNC-3","source_url":"https://github.com/Netizine/SciGRID_gas-IGGIELGNC-3"}},{"type":"Feature","geometry":{"type":"LineString","coordinates":[[6.649207,51.777819],[6.429127,51.749823]]},"properties":{"kind":"gas_pipeline","name":"LKD_PS_383_Seg_0_Seg_0","diameter_mm":350.0,"pressure_bar":68.0,"capacity_mcmd":7.804038363819572,"length_km":15.490066,"source":"SciGRID_gas IGGIELGNC-3","source_url":"https://github.com/Netizine/SciGRID_gas-IGGIELGNC-3"}},{"type":"Feature","geometry":{"type":"LineString","coordinates":[[6.649207,51.777819],[6.629241,51.642849]]},"properties":{"kind":"gas_pipeline","name":"LKD_PS_384_Seg_0_Seg_0","diameter_mm":225.0,"pressure_bar":68.0,"capacity_mcmd":5.101796667621784,"length_km":15.075627,"source":"SciGRID_gas IGGIELGNC-3","source_url":"https://github.com/Netizine/SciGRID_gas-IGGIELGNC-3"}},{"type":"Feature","geometry":{"type":"LineString","coordinates":[[6.629241,51.642849],[6.706151,51.569554]]},"properties":{"kind":"gas_pipeline","name":"LKD_PS_385_Seg_0_Seg_0","diameter_mm":225.0,"pressure_bar":68.0,"capacity_mcmd":5.101796667621784,"length_km":9.731016,"source":"SciGRID_gas IGGIELGNC-3","source_url":"https://github.com/Netizine/SciGRID_gas-IGGIELGNC-3"}},{"type":"Feature","geometry":{"type":"LineString","coordinates":[[6.629241,51.642849],[6.501416,51.703948]]},"properties":{"kind":"gas_pipeline","name":"LKD_PS_386_Seg_0_Seg_0","diameter_mm":225.0,"pressure_bar":68.0,"capacity_mcmd":5.101796667621784,"length_km":12.620683,"source":"SciGRID_gas IGGIELGNC-3","source_url":"https://github.com/Netizine/SciGRID_gas-IGGIELGNC-3"}},{"type":"Feature","geometry":{"type":"LineString","coordinates":[[6.429127,51.749823],[6.123468,51.802895]]},"properties":{"kind":"gas_pipeline","name":"LKD_PS_387_Seg_0_Seg_1","diameter_mm":350.0,"pressure_bar":70.0,"capacity_mcmd":27.39699999999984,"length_km":21.848493,"source":"SciGRID_gas IGGIELGNC-3","source_url":"https://github.com/Netizine/SciGRID_gas-IGGIELGNC-3"}},{"type":"Feature","geometry":{"type":"LineString","coordinates":[[6.501416,51.703948],[6.123468,51.802895]]},"properties":{"kind":"gas_pipeline","name":"LKD_PS_388_Seg_0_Seg_0","diameter_mm":225.0,"pressure_bar":70.0,"capacity_mcmd":27.39699999999984,"length_km":28.677191,"source":"SciGRID_gas IGGIELGNC-3","source_url":"https://github.com/Netizine/SciGRID_gas-IGGIELGNC-3"}},{"type":"Feature","geometry":{"type":"LineString","coordinates":[[6.123468,51.802895],[6.403012,51.551716]]},"properties":{"kind":"gas_pipeline","name":"LKD_PS_389_Seg_0_Seg_0","diameter_mm":1000.0,"pressure_bar":84.19259695906572,"capacity_mcmd":61.37956396400001,"length_km":36.84107,"source":"SciGRID_gas IGGIELGNC-3","source_url":"https://github.com/Netizine/SciGRID_gas-IGGIELGNC-3"}},{"type":"Feature","geometry":{"type":"LineString","coordinates":[[6.123468,51.802895],[6.237681,51.673525]]},"properties":{"kind":"gas_pipeline","name":"LKD_PS_390_Seg_0_Seg_0","diameter_mm":900.0,"pressure_bar":70.0,"capacity_mcmd":27.39699999999984,"length_km":17.553306,"source":"SciGRID_gas IGGIELGNC-3","source_url":"https://github.com/Netizine/SciGRID_gas-IGGIELGNC-3"}},{"type":"Feature","geometry":{"type":"LineString","coordinates":[[6.237681,51.673525],[6.403012,51.551716]]},"properties":{"kind":"gas_pipeline","name":"LKD_PS_390_Seg_0_Seg_1","diameter_mm":900.0,"pressure_bar":70.0,"capacity_mcmd":27.39699999999984,"length_km":18.582324,"source":"SciGRID_gas IGGIELGNC-3","source_url":"https://github.com/Netizine/SciGRID_gas-IGGIELGNC-3"}},{"type":"Feature","geometry":{"type":"LineString","coordinates":[[6.403012,51.551716],[6.33524,51.478378]]},"properties":{"kind":"gas_pipeline","name":"LKD_PS_391_Seg_0_Seg_0","diameter_mm":900.0,"pressure_bar":70.0,"capacity_mcmd":27.39699999999984,"length_km":11.451692,"source":"SciGRID_gas IGGIELGNC-3","source_url":"https://github.com/Netizine/SciGRID_gas-IGGIELGNC-3"}},{"type":"Feature","geometry":{"type":"LineString","coordinates":[[6.403012,51.551716],[6.33524,51.478378]]},"properties":{"kind":"gas_pipeline","name":"LKD_PS_392_Seg_0_Seg_0","diameter_mm":1000.0,"pressure_bar":84.1852272016545,"capacity_mcmd":61.36789729733334,"length_km":12.940381,"source":"SciGRID_gas IGGIELGNC-3","source_url":"https://github.com/Netizine/SciGRID_gas-IGGIELGNC-3"}},{"type":"Feature","geometry":{"type":"LineString","coordinates":[[6.33524,51.478378],[6.626949,51.432235]]},"properties":{"kind":"gas_pipeline","name":"LKD_PS_394_Seg_0_Seg_0","diameter_mm":350.0,"pressure_bar":70.0,"capacity_mcmd":27.39699999999984,"length_km":21.861349,"source":"SciGRID_gas IGGIELGNC-3","source_url":"https://github.com/Netizine/SciGRID_gas-IGGIELGNC-3"}},{"type":"Feature","geometry":{"type":"LineString","coordinates":[[6.403012,51.551716],[6.967348,51.379843]]},"properties":{"kind":"gas_pipeline","name":"LKD_PS_395_Seg_0_Seg_0","diameter_mm":700.0,"pressure_bar":70.0,"capacity_mcmd":18.939750163999996,"length_km":44.948757,"source":"SciGRID_gas IGGIELGNC-3","source_url":"https://github.com/Netizine/SciGRID_gas-IGGIELGNC-3"}},{"type":"Feature","geometry":{"type":"LineString","coordinates":[[6.33524,51.478378],[6.510393,51.357503]]},"properties":{"kind":"gas_pipeline","name":"LKD_PS_396_Seg_0_Seg_0","diameter_mm":900.0,"pressure_bar":70.0,"capacity_mcmd":27.39699999999984,"length_km":20.786424,"source":"SciGRID_gas IGGIELGNC-3","source_url":"https://github.com/Netizine/SciGRID_gas-IGGIELGNC-3"}},{"type":"Feature","geometry":{"type":"LineString","coordinates":[[6.33524,51.478378],[6.510393,51.357503]]},"properties":{"kind":"gas_pipeline","name":"LKD_PS_397_Seg_0_Seg_0","diameter_mm":1000.0,"pressure_bar":84.1852272016545,"capacity_mcmd":61.36789729733334,"length_km":20.643775,"source":"SciGRID_gas IGGIELGNC-3","source_url":"https://github.com/Netizine/SciGRID_gas-IGGIELGNC-3"}},{"type":"Feature","geometry":{"type":"LineString","coordinates":[[6.510393,51.357503],[6.623961,51.294797]]},"properties":{"kind":"gas_pipeline","name":"LKD_PS_398_Seg_0_Seg_0","diameter_mm":700.0,"pressure_bar":69.83609099250816,"capacity_mcmd":18.939750164000003,"length_km":10.533628,"source":"SciGRID_gas IGGIELGNC-3","source_url":"https://github.com/Netizine/SciGRID_gas-IGGIELGNC-3"}},{"type":"Feature","geometry":{"type":"LineString","coordinates":[[6.623961,51.294797],[6.703313,51.442513]]},"properties":{"kind":"gas_pipeline","name":"LKD_PS_399_Seg_0_Seg_0","diameter_mm":500.0,"pressure_bar":55.15275667780462,"capacity_mcmd":3.852038590666667,"length_km":17.731765,"source":"SciGRID_gas IGGIELGNC-3","source_url":"https://github.com/Netizine/SciGRID_gas-IGGIELGNC-3"}},{"type":"Feature","geometry":{"type":"LineString","coordinates":[[6.623961,51.294797],[7.126491,51.005229]]},"properties":{"kind":"gas_pipeline","name":"LKD_PS_400_Seg_0_Seg_0","diameter_mm":700.0,"pressure_bar":69.83609099250816,"capacity_mcmd":18.939750164000003,"length_km":63.639186,"source":"SciGRID_gas IGGIELGNC-3","source_url":"https://github.com/Netizine/SciGRID_gas-IGGIELGNC-3"}},{"type":"Feature","geometry":{"type":"LineString","coordinates":[[7.126491,51.005229],[7.284367,50.956302]]},"properties":{"kind":"gas_pipeline","name":"LKD_PS_401_Seg_0_Seg_0","diameter_mm":1000.0,"pressure_bar":84.1852272016545,"capacity_mcmd":61.36789729733334,"length_km":14.220229,"source":"SciGRID_gas IGGIELGNC-3","source_url":"https://github.com/Netizine/SciGRID_gas-IGGIELGNC-3"}},{"type":"Feature","geometry":{"type":"LineString","coordinates":[[7.284367,50.956302],[7.488253,50.931533]]},"properties":{"kind":"gas_pipeline","name":"LKD_PS_402_Seg_0_Seg_0","diameter_mm":350.0,"pressure_bar":70.0,"capacity_mcmd":27.39699999999984,"length_km":15.970645,"source":"SciGRID_gas IGGIELGNC-3","source_url":"https://github.com/Netizine/SciGRID_gas-IGGIELGNC-3"}},{"type":"Feature","geometry":{"type":"LineString","coordinates":[[7.284367,50.956302],[7.488253,50.931533]]},"properties":{"kind":"gas_pipeline","name":"LKD_PS_404_Seg_0_Seg_0","diameter_mm":350.0,"pressure_bar":70.0,"capacity_mcmd":27.39699999999984,"length_km":15.728847,"source":"SciGRID_gas IGGIELGNC-3","source_url":"https://github.com/Netizine/SciGRID_gas-IGGIELGNC-3"}},{"type":"Feature","geometry":{"type":"LineString","coordinates":[[7.126491,51.005229],[7.284367,50.956302]]},"properties":{"kind":"gas_pipeline","name":"LKD_PS_405_Seg_0_Seg_0","diameter_mm":225.0,"pressure_bar":70.0,"capacity_mcmd":27.39699999999984,"length_km":16.002338,"source":"SciGRID_gas IGGIELGNC-3","source_url":"https://github.com/Netizine/SciGRID_gas-IGGIELGNC-3"}},{"type":"Feature","geometry":{"type":"LineString","coordinates":[[7.126491,51.005229],[7.008495,50.957285]]},"properties":{"kind":"gas_pipeline","name":"LKD_PS_406_Seg_0_Seg_0","diameter_mm":900.0,"pressure_bar":70.0,"capacity_mcmd":27.39699999999984,"length_km":9.834393,"source":"SciGRID_gas IGGIELGNC-3","source_url":"https://github.com/Netizine/SciGRID_gas-IGGIELGNC-3"}},{"type":"Feature","geometry":{"type":"LineString","coordinates":[[7.008495,50.957285],[6.945082,50.914963]]},"properties":{"kind":"gas_pipeline","name":"LKD_PS_407_Seg_0_Seg_0","diameter_mm":350.0,"pressure_bar":70.0,"capacity_mcmd":27.39699999999984,"length_km":6.474411,"source":"SciGRID_gas IGGIELGNC-3","source_url":"https://github.com/Netizine/SciGRID_gas-IGGIELGNC-3"}},{"type":"Feature","geometry":{"type":"LineString","coordinates":[[6.945082,50.914963],[6.777766,50.853041]]},"properties":{"kind":"gas_pipeline","name":"LKD_PS_408_Seg_0_Seg_0","diameter_mm":900.0,"pressure_bar":70.0,"capacity_mcmd":27.39699999999984,"length_km":13.612323,"source":"SciGRID_gas IGGIELGNC-3","source_url":"https://github.com/Netizine/SciGRID_gas-IGGIELGNC-3"}},{"type":"Feature","geometry":{"type":"LineString","coordinates":[[6.777766,50.853041],[6.557448,50.793103]]},"properties":{"kind":"gas_pipeline","name":"LKD_PS_409_Seg_0_Seg_0","diameter_mm":350.0,"pressure_bar":70.0,"capacity_mcmd":27.39699999999984,"length_km":17.46318,"source":"SciGRID_gas IGGIELGNC-3","source_url":"https://github.com/Netizine/SciGRID_gas-IGGIELGNC-3"}},{"type":"Feature","geometry":{"type":"LineString","coordinates":[[6.557448,50.793103],[6.6536,50.7055]]},"properties":{"kind":"gas_pipeline","name":"LKD_PS_410_Seg_0_Seg_0","diameter_mm":225.0,"pressure_bar":70.0,"capacity_mcmd":27.39699999999984,"length_km":18.894187,"source":"SciGRID_gas IGGIELGNC-3","source_url":"https://github.com/Netizine/SciGRID_gas-IGGIELGNC-3"}},{"type":"Feature","geometry":{"type":"LineString","coordinates":[[6.510393,51.357503],[6.449577,51.248121]]},"properties":{"kind":"gas_pipeline","name":"LKD_PS_412_Seg_0_Seg_0","diameter_mm":1000.0,"pressure_bar":84.1852272016545,"capacity_mcmd":61.36789729733334,"length_km":12.880647,"source":"SciGRID_gas IGGIELGNC-3","source_url":"https://github.com/Netizine/SciGRID_gas-IGGIELGNC-3"}},{"type":"Feature","geometry":{"type":"LineString","coordinates":[[6.449577,51.248121],[6.524754,51.171604]]},"properties":{"kind":"gas_pipeline","name":"LKD_PS_413_Seg_0_Seg_0","diameter_mm":350.0,"pressure_bar":70.0,"capacity_mcmd":27.39699999999984,"length_km":12.038604,"source":"SciGRID_gas IGGIELGNC-3","source_url":"https://github.com/Netizine/SciGRID_gas-IGGIELGNC-3"}},{"type":"Feature","geometry":{"type":"LineString","coordinates":[[6.623961,51.294797],[6.541752,51.25372]]},"properties":{"kind":"gas_pipeline","name":"LKD_PS_414_Seg_0_Seg_0","diameter_mm":500.0,"pressure_bar":55.15275667780462,"capacity_mcmd":3.852038590666667,"length_km":8.339264,"source":"SciGRID_gas IGGIELGNC-3","source_url":"https://github.com/Netizine/SciGRID_gas-IGGIELGNC-3"}},{"type":"Feature","geometry":{"type":"LineString","coordinates":[[6.449577,51.248121],[6.541752,51.25372]]},"properties":{"kind":"gas_pipeline","name":"LKD_PS_415_Seg_0_Seg_0","diameter_mm":1000.0,"pressure_bar":84.1852272016545,"capacity_mcmd":61.36789729733334,"length_km":6.447369,"source":"SciGRID_gas IGGIELGNC-3","source_url":"https://github.com/Netizine/SciGRID_gas-IGGIELGNC-3"}},{"type":"Feature","geometry":{"type":"LineString","coordinates":[[6.541752,51.25372],[6.606521,51.178007]]},"properties":{"kind":"gas_pipeline","name":"LKD_PS_416_Seg_0_Seg_0","diameter_mm":1000.0,"pressure_bar":84.1852272016545,"capacity_mcmd":61.36789729733334,"length_km":10.921623,"source":"SciGRID_gas IGGIELGNC-3","source_url":"https://github.com/Netizine/SciGRID_gas-IGGIELGNC-3"}},{"type":"Feature","geometry":{"type":"LineString","coordinates":[[6.524754,51.171604],[6.606521,51.178007]]},"properties":{"kind":"gas_pipeline","name":"LKD_PS_417_Seg_0_Seg_0","diameter_mm":350.0,"pressure_bar":70.0,"capacity_mcmd":27.39699999999984,"length_km":5.74634,"source":"SciGRID_gas IGGIELGNC-3","source_url":"https://github.com/Netizine/SciGRID_gas-IGGIELGNC-3"}},{"type":"Feature","geometry":{"type":"LineString","coordinates":[[6.524754,51.171604],[6.443994,51.14985]]},"properties":{"kind":"gas_pipeline","name":"LKD_PS_418_Seg_0_Seg_0","diameter_mm":350.0,"pressure_bar":70.0,"capacity_mcmd":27.39699999999984,"length_km":12.700644,"source":"SciGRID_gas IGGIELGNC-3","source_url":"https://github.com/Netizine/SciGRID_gas-IGGIELGNC-3"}},{"type":"Feature","geometry":{"type":"LineString","coordinates":[[6.606521,51.178007],[6.748368,51.097609]]},"properties":{"kind":"gas_pipeline","name":"LKD_PS_419_Seg_0_Seg_0","diameter_mm":1000.0,"pressure_bar":100.0,"capacity_mcmd":58.487311262121594,"length_km":15.376096,"source":"SciGRID_gas IGGIELGNC-3","source_url":"https://github.com/Netizine/SciGRID_gas-IGGIELGNC-3"}},{"type":"Feature","geometry":{"type":"LineString","coordinates":[[6.606521,51.178007],[6.748368,51.097609]]},"properties":{"kind":"gas_pipeline","name":"LKD_PS_420_Seg_0_Seg_0","diameter_mm":1000.0,"pressure_bar":84.1852272016545,"capacity_mcmd":61.36789729733334,"length_km":13.340696,"source":"SciGRID_gas IGGIELGNC-3","source_url":"https://github.com/Netizine/SciGRID_gas-IGGIELGNC-3"}},{"type":"Feature","geometry":{"type":"LineString","coordinates":[[6.748368,51.097609],[6.899096,51.06119]]},"properties":{"kind":"gas_pipeline","name":"LKD_PS_423_Seg_0_Seg_0","diameter_mm":1000.0,"pressure_bar":100.0,"capacity_mcmd":58.487311262121594,"length_km":14.714075,"source":"SciGRID_gas IGGIELGNC-3","source_url":"https://github.com/Netizine/SciGRID_gas-IGGIELGNC-3"}},{"type":"Feature","geometry":{"type":"LineString","coordinates":[[6.748368,51.097609],[6.899096,51.06119]]},"properties":{"kind":"gas_pipeline","name":"LKD_PS_424_Seg_0_Seg_0","diameter_mm":900.0,"pressure_bar":70.0,"capacity_mcmd":27.39699999999984,"length_km":11.284897,"source":"SciGRID_gas IGGIELGNC-3","source_url":"https://github.com/Netizine/SciGRID_gas-IGGIELGNC-3"}},{"type":"Feature","geometry":{"type":"LineString","coordinates":[[6.899096,51.06119],[7.126491,51.005229]]},"properties":{"kind":"gas_pipeline","name":"LKD_PS_426_Seg_0_Seg_0","diameter_mm":1000.0,"pressure_bar":84.1852272016545,"capacity_mcmd":61.36789729733334,"length_km":19.086646,"source":"SciGRID_gas IGGIELGNC-3","source_url":"https://github.com/Netizine/SciGRID_gas-IGGIELGNC-3"}},{"type":"Feature","geometry":{"type":"LineString","coordinates":[[6.899096,51.06119],[7.008495,50.957285]]},"properties":{"kind":"gas_pipeline","name":"LKD_PS_427_Seg_0_Seg_0","diameter_mm":500.0,"pressure_bar":55.15275667780462,"capacity_mcmd":3.852038590666667,"length_km":14.914501,"source":"SciGRID_gas IGGIELGNC-3","source_url":"https://github.com/Netizine/SciGRID_gas-IGGIELGNC-3"}},{"type":"Feature","geometry":{"type":"LineString","coordinates":[[6.748368,51.097609],[6.777766,50.853041]]},"properties":{"kind":"gas_pipeline","name":"LKD_PS_428_Seg_0_Seg_0","diameter_mm":900.0,"pressure_bar":70.0,"capacity_mcmd":27.39699999999984,"length_km":27.590406,"source":"SciGRID_gas IGGIELGNC-3","source_url":"https://github.com/Netizine/SciGRID_gas-IGGIELGNC-3"}},{"type":"Feature","geometry":{"type":"LineString","coordinates":[[10.018552,49.171201],[10.484354,49.573783]]},"properties":{"kind":"gas_pipeline","name":"LKD_PS_429_Seg_0_Seg_0","diameter_mm":350.0,"pressure_bar":68.0,"capacity_mcmd":7.804038363819572,"length_km":56.999602,"source":"SciGRID_gas IGGIELGNC-3","source_url":"https://github.com/Netizine/SciGRID_gas-IGGIELGNC-3"}},{"type":"Feature","geometry":{"type":"LineString","coordinates":[[12.256113,49.211854],[12.455546,49.114122]]},"properties":{"kind":"gas_pipeline","name":"LKD_PS_430_Seg_0_Seg_0","diameter_mm":800.0,"pressure_bar":68.0,"capacity_mcmd":28.805106252782238,"length_km":18.93386,"source":"SciGRID_gas IGGIELGNC-3","source_url":"https://github.com/Netizine/SciGRID_gas-IGGIELGNC-3"}},{"type":"Feature","geometry":{"type":"LineString","coordinates":[[12.360186,48.125529],[12.420098,48.092376]]},"properties":{"kind":"gas_pipeline","name":"LKD_PS_431_Seg_0_Seg_0","diameter_mm":800.0,"pressure_bar":100.0,"capacity_mcmd":34.701230630666686,"length_km":5.779092,"source":"SciGRID_gas IGGIELGNC-3","source_url":"https://github.com/Netizine/SciGRID_gas-IGGIELGNC-3"}},{"type":"Feature","geometry":{"type":"LineString","coordinates":[[12.360186,48.125529],[12.408215,47.915406]]},"properties":{"kind":"gas_pipeline","name":"LKD_PS_432_Seg_0_Seg_0","diameter_mm":800.0,"pressure_bar":100.0,"capacity_mcmd":34.701230630666686,"length_km":25.219954,"source":"SciGRID_gas IGGIELGNC-3","source_url":"https://github.com/Netizine/SciGRID_gas-IGGIELGNC-3"}},{"type":"Feature","geometry":{"type":"LineString","coordinates":[[9.311253,50.551258],[8.753682,50.813316]]},"properties":{"kind":"gas_pipeline","name":"LKD_PS_434_Seg_0_Seg_0","diameter_mm":800.0,"pressure_bar":80.0,"capacity_mcmd":31.016152894488897,"length_km":55.586943,"source":"SciGRID_gas IGGIELGNC-3","source_url":"https://github.com/Netizine/SciGRID_gas-IGGIELGNC-3"}},{"type":"Feature","geometry":{"type":"LineString","coordinates":[[8.753682,50.813316],[7.640443,51.679284]]},"properties":{"kind":"gas_pipeline","name":"LKD_PS_434_Seg_0_Seg_2","diameter_mm":800.0,"pressure_bar":80.0,"capacity_mcmd":31.016152894488897,"length_km":131.494466,"source":"SciGRID_gas IGGIELGNC-3","source_url":"https://github.com/Netizine/SciGRID_gas-IGGIELGNC-3"}},{"type":"Feature","geometry":{"type":"LineString","coordinates":[[7.640443,51.679284],[7.167653,51.887307]]},"properties":{"kind":"gas_pipeline","name":"LKD_PS_435_Seg_0_Seg_0","diameter_mm":800.0,"pressure_bar":67.0,"capacity_mcmd":28.62085236597335,"length_km":42.106807,"source":"SciGRID_gas IGGIELGNC-3","source_url":"https://github.com/Netizine/SciGRID_gas-IGGIELGNC-3"}},{"type":"Feature","geometry":{"type":"LineString","coordinates":[[6.934247,51.937961],[7.167653,51.887307]]},"properties":{"kind":"gas_pipeline","name":"LKD_PS_436_Seg_0_Seg_0","diameter_mm":350.0,"pressure_bar":67.0,"capacity_mcmd":7.736309543812569,"length_km":16.976989,"source":"SciGRID_gas IGGIELGNC-3","source_url":"https://github.com/Netizine/SciGRID_gas-IGGIELGNC-3"}},{"type":"Feature","geometry":{"type":"LineString","coordinates":[[7.922593,50.364024],[7.767704,50.478529]]},"properties":{"kind":"gas_pipeline","name":"LKD_PS_437_Seg_0_Seg_0","diameter_mm":800.0,"pressure_bar":100.0,"capacity_mcmd":34.701230630666686,"length_km":23.991582,"source":"SciGRID_gas IGGIELGNC-3","source_url":"https://github.com/Netizine/SciGRID_gas-IGGIELGNC-3"}},{"type":"Feature","geometry":{"type":"LineString","coordinates":[[7.767704,50.478529],[7.517873,50.55325]]},"properties":{"kind":"gas_pipeline","name":"LKD_PS_437_Seg_0_Seg_1","diameter_mm":800.0,"pressure_bar":100.0,"capacity_mcmd":34.701230630666686,"length_km":19.526851,"source":"SciGRID_gas IGGIELGNC-3","source_url":"https://github.com/Netizine/SciGRID_gas-IGGIELGNC-3"}},{"type":"Feature","geometry":{"type":"LineString","coordinates":[[7.517873,50.55325],[7.098327,50.86828]]},"properties":{"kind":"gas_pipeline","name":"LKD_PS_437_Seg_0_Seg_2","diameter_mm":800.0,"pressure_bar":100.0,"capacity_mcmd":34.701230630666686,"length_km":47.361176,"source":"SciGRID_gas IGGIELGNC-3","source_url":"https://github.com/Netizine/SciGRID_gas-IGGIELGNC-3"}},{"type":"Feature","geometry":{"type":"LineString","coordinates":[[7.098327,50.86828],[7.230615,51.045824]]},"properties":{"kind":"gas_pipeline","name":"LKD_PS_437_Seg_0_Seg_4","diameter_mm":800.0,"pressure_bar":100.0,"capacity_mcmd":34.701230630666686,"length_km":23.348624,"source":"SciGRID_gas IGGIELGNC-3","source_url":"https://github.com/Netizine/SciGRID_gas-IGGIELGNC-3"}},{"type":"Feature","geometry":{"type":"LineString","coordinates":[[7.230615,51.045824],[7.640443,51.679284]]},"properties":{"kind":"gas_pipeline","name":"LKD_PS_437_Seg_0_Seg_5","diameter_mm":800.0,"pressure_bar":100.0,"capacity_mcmd":34.701230630666686,"length_km":84.412352,"source":"SciGRID_gas IGGIELGNC-3","source_url":"https://github.com/Netizine/SciGRID_gas-IGGIELGNC-3"}},{"type":"Feature","geometry":{"type":"LineString","coordinates":[[9.28109,54.803874],[9.28849,54.64867]]},"properties":{"kind":"gas_pipeline","name":"LKD_PS_439_Seg_0_Seg_0","diameter_mm":500.0,"pressure_bar":84.0,"capacity_mcmd":10.249178106091062,"length_km":17.77146,"source":"SciGRID_gas IGGIELGNC-3","source_url":"https://github.com/Netizine/SciGRID_gas-IGGIELGNC-3"}},{"type":"Feature","geometry":{"type":"LineString","coordinates":[[9.28849,54.64867],[9.369836,54.153612]]},"properties":{"kind":"gas_pipeline","name":"LKD_PS_439_Seg_0_Seg_1","diameter_mm":500.0,"pressure_bar":84.0,"capacity_mcmd":3.852038590666667,"length_km":59.721144,"source":"SciGRID_gas IGGIELGNC-3","source_url":"https://github.com/Netizine/SciGRID_gas-IGGIELGNC-3"}},{"type":"Feature","geometry":{"type":"LineString","coordinates":[[7.904586,53.51155],[7.98642,53.37857]]},"properties":{"kind":"gas_pipeline","name":"LKD_PS_440_Seg_0_Seg_0","diameter_mm":1000.0,"pressure_bar":84.0,"capacity_mcmd":61.37956396400001,"length_km":15.753553,"source":"SciGRID_gas IGGIELGNC-3","source_url":"https://github.com/Netizine/SciGRID_gas-IGGIELGNC-3"}},{"type":"Feature","geometry":{"type":"LineString","coordinates":[[7.98642,53.37857],[8.09294,53.24533]]},"properties":{"kind":"gas_pipeline","name":"LKD_PS_440_Seg_0_Seg_1","diameter_mm":1000.0,"pressure_bar":84.0,"capacity_mcmd":61.37956396400001,"length_km":16.424052,"source":"SciGRID_gas IGGIELGNC-3","source_url":"https://github.com/Netizine/SciGRID_gas-IGGIELGNC-3"}},{"type":"Feature","geometry":{"type":"LineString","coordinates":[[8.09294,53.24533],[8.200765,53.074696]]},"properties":{"kind":"gas_pipeline","name":"LKD_PS_440_Seg_0_Seg_2","diameter_mm":1000.0,"pressure_bar":84.0,"capacity_mcmd":61.37956396400001,"length_km":20.575124,"source":"SciGRID_gas IGGIELGNC-3","source_url":"https://github.com/Netizine/SciGRID_gas-IGGIELGNC-3"}},{"type":"Feature","geometry":{"type":"LineString","coordinates":[[7.904586,53.51155],[7.326647,53.476068]]},"properties":{"kind":"gas_pipeline","name":"LKD_PS_441_Seg_0_Seg_0","diameter_mm":1000.0,"pressure_bar":84.0,"capacity_mcmd":61.37956396400001,"length_km":38.446204,"source":"SciGRID_gas IGGIELGNC-3","source_url":"https://github.com/Netizine/SciGRID_gas-IGGIELGNC-3"}},{"type":"Feature","geometry":{"type":"LineString","coordinates":[[7.326647,53.476068],[7.275472,53.472621]]},"properties":{"kind":"gas_pipeline","name":"LKD_PS_441_Seg_0_Seg_2","diameter_mm":1000.0,"pressure_bar":84.0,"capacity_mcmd":61.37956396400001,"length_km":3.409517,"source":"SciGRID_gas IGGIELGNC-3","source_url":"https://github.com/Netizine/SciGRID_gas-IGGIELGNC-3"}},{"type":"Feature","geometry":{"type":"LineString","coordinates":[[7.093251,53.412719],[7.275472,53.472621]]},"properties":{"kind":"gas_pipeline","name":"LKD_PS_444_Seg_0_Seg_0","diameter_mm":1000.0,"pressure_bar":84.0,"capacity_mcmd":61.37956396400001,"length_km":13.789018,"source":"SciGRID_gas IGGIELGNC-3","source_url":"https://github.com/Netizine/SciGRID_gas-IGGIELGNC-3"}},{"type":"Feature","geometry":{"type":"LineString","coordinates":[[7.640443,51.679284],[8.253166,52.402359]]},"properties":{"kind":"gas_pipeline","name":"LKD_PS_447_Seg_0_Seg_0","diameter_mm":800.0,"pressure_bar":80.0,"capacity_mcmd":31.016152894488897,"length_km":96.768696,"source":"SciGRID_gas IGGIELGNC-3","source_url":"https://github.com/Netizine/SciGRID_gas-IGGIELGNC-3"}},{"type":"Feature","geometry":{"type":"LineString","coordinates":[[7.640443,51.679284],[8.253166,52.402359]]},"properties":{"kind":"gas_pipeline","name":"LKD_PS_448_Seg_0_Seg_0","diameter_mm":800.0,"pressure_bar":80.0,"capacity_mcmd":31.016152894488897,"length_km":98.108642,"source":"SciGRID_gas IGGIELGNC-3","source_url":"https://github.com/Netizine/SciGRID_gas-IGGIELGNC-3"}},{"type":"Feature","geometry":{"type":"LineString","coordinates":[[8.253166,52.402359],[9.636881,52.368473]]},"properties":{"kind":"gas_pipeline","name":"LKD_PS_449_Seg_0_Seg_0","diameter_mm":400.0,"pressure_bar":25.0,"capacity_mcmd":2.549933272444444,"length_km":100.993861,"source":"SciGRID_gas IGGIELGNC-3","source_url":"https://github.com/Netizine/SciGRID_gas-IGGIELGNC-3"}},{"type":"Feature","geometry":{"type":"LineString","coordinates":[[9.636881,52.368473],[9.911803,52.368132]]},"properties":{"kind":"gas_pipeline","name":"LKD_PS_449_Seg_0_Seg_6","diameter_mm":400.0,"pressure_bar":25.0,"capacity_mcmd":2.549933272444444,"length_km":18.729517,"source":"SciGRID_gas IGGIELGNC-3","source_url":"https://github.com/Netizine/SciGRID_gas-IGGIELGNC-3"}},{"type":"Feature","geometry":{"type":"LineString","coordinates":[[8.253166,52.402359],[8.200765,53.074696]]},"properties":{"kind":"gas_pipeline","name":"LKD_PS_450_Seg_0_Seg_0","diameter_mm":1000.0,"pressure_bar":84.0,"capacity_mcmd":61.37956396400001,"length_km":76.0546,"source":"SciGRID_gas IGGIELGNC-3","source_url":"https://github.com/Netizine/SciGRID_gas-IGGIELGNC-3"}},{"type":"Feature","geometry":{"type":"LineString","coordinates":[[12.420098,48.092376],[12.740822,48.167435]]},"properties":{"kind":"gas_pipeline","name":"LKD_PS_451_Seg_0_Seg_0","diameter_mm":800.0,"pressure_bar":100.0,"capacity_mcmd":34.701230630666686,"length_km":37.893287,"source":"SciGRID_gas IGGIELGNC-3","source_url":"https://github.com/Netizine/SciGRID_gas-IGGIELGNC-3"}},{"type":"Feature","geometry":{"type":"LineString","coordinates":[[6.606521,51.178007],[6.541752,51.25372]]},"properties":{"kind":"gas_pipeline","name":"LKD_PS_453_Seg_0_Seg_0","diameter_mm":1000.0,"pressure_bar":84.1852272016545,"capacity_mcmd":61.36789729733334,"length_km":13.080666,"source":"SciGRID_gas IGGIELGNC-3","source_url":"https://github.com/Netizine/SciGRID_gas-IGGIELGNC-3"}},{"type":"Feature","geometry":{"type":"LineString","coordinates":[[6.541752,51.25372],[6.449577,51.248121]]},"properties":{"kind":"gas_pipeline","name":"LKD_PS_454_Seg_0_Seg_0","diameter_mm":1000.0,"pressure_bar":84.1852272016545,"capacity_mcmd":61.36789729733334,"length_km":9.256797,"source":"SciGRID_gas IGGIELGNC-3","source_url":"https://github.com/Netizine/SciGRID_gas-IGGIELGNC-3"}},{"type":"Feature","geometry":{"type":"LineString","coordinates":[[6.449577,51.248121],[6.510393,51.357503]]},"properties":{"kind":"gas_pipeline","name":"LKD_PS_455_Seg_0_Seg_0","diameter_mm":1000.0,"pressure_bar":84.1852272016545,"capacity_mcmd":61.36789729733334,"length_km":13.168783,"source":"SciGRID_gas IGGIELGNC-3","source_url":"https://github.com/Netizine/SciGRID_gas-IGGIELGNC-3"}},{"type":"Feature","geometry":{"type":"LineString","coordinates":[[6.934247,51.937961],[7.266417,52.475518]]},"properties":{"kind":"gas_pipeline","name":"LKD_PS_457_Seg_0_Seg_0","diameter_mm":350.0,"pressure_bar":67.0,"capacity_mcmd":7.736309543812569,"length_km":119.286494,"source":"SciGRID_gas IGGIELGNC-3","source_url":"https://github.com/Netizine/SciGRID_gas-IGGIELGNC-3"}},{"type":"Feature","geometry":{"type":"LineString","coordinates":[[7.266417,52.475518],[7.346966,52.536251]]},"properties":{"kind":"gas_pipeline","name":"LKD_PS_457_Seg_0_Seg_5","diameter_mm":350.0,"pressure_bar":67.0,"capacity_mcmd":7.736309543812569,"length_km":8.68184,"source":"SciGRID_gas IGGIELGNC-3","source_url":"https://github.com/Netizine/SciGRID_gas-IGGIELGNC-3"}},{"type":"Feature","geometry":{"type":"LineString","coordinates":[[14.452442,51.157171],[14.915376,51.136773]]},"properties":{"kind":"gas_pipeline","name":"LKD_PS_463_Seg_0_Seg_0","diameter_mm":900.0,"pressure_bar":70.0,"capacity_mcmd":27.39699999999984,"length_km":34.093261,"source":"SciGRID_gas IGGIELGNC-3","source_url":"https://github.com/Netizine/SciGRID_gas-IGGIELGNC-3"}},{"type":"Feature","geometry":{"type":"LineString","coordinates":[[14.915376,51.136773],[14.82901,51.247342]]},"properties":{"kind":"gas_pipeline","name":"LKD_PS_465_Seg_0_Seg_0","diameter_mm":900.0,"pressure_bar":70.0,"capacity_mcmd":27.39699999999984,"length_km":13.733013,"source":"SciGRID_gas IGGIELGNC-3","source_url":"https://github.com/Netizine/SciGRID_gas-IGGIELGNC-3"}},{"type":"Feature","geometry":{"type":"LineString","coordinates":[[14.82901,51.247342],[14.742041,51.32702]]},"properties":{"kind":"gas_pipeline","name":"LKD_PS_468_Seg_0_Seg_0","diameter_mm":900.0,"pressure_bar":70.0,"capacity_mcmd":27.39699999999984,"length_km":10.914096,"source":"SciGRID_gas IGGIELGNC-3","source_url":"https://github.com/Netizine/SciGRID_gas-IGGIELGNC-3"}},{"type":"Feature","geometry":{"type":"LineString","coordinates":[[14.82901,51.247342],[14.673969,51.348382]]},"properties":{"kind":"gas_pipeline","name":"LKD_PS_469_Seg_0_Seg_0","diameter_mm":900.0,"pressure_bar":70.0,"capacity_mcmd":27.39699999999984,"length_km":15.946526,"source":"SciGRID_gas IGGIELGNC-3","source_url":"https://github.com/Netizine/SciGRID_gas-IGGIELGNC-3"}},{"type":"Feature","geometry":{"type":"LineString","coordinates":[[14.742041,51.32702],[14.673969,51.348382]]},"properties":{"kind":"gas_pipeline","name":"LKD_PS_470_Seg_0_Seg_0","diameter_mm":600.0,"pressure_bar":63.0,"capacity_mcmd":11.407561044000005,"length_km":5.293468,"source":"SciGRID_gas IGGIELGNC-3","source_url":"https://github.com/Netizine/SciGRID_gas-IGGIELGNC-3"}},{"type":"Feature","geometry":{"type":"LineString","coordinates":[[14.673969,51.348382],[14.50612,51.408113]]},"properties":{"kind":"gas_pipeline","name":"LKD_PS_473_Seg_0_Seg_0","diameter_mm":900.0,"pressure_bar":70.0,"capacity_mcmd":27.39699999999984,"length_km":13.678349,"source":"SciGRID_gas IGGIELGNC-3","source_url":"https://github.com/Netizine/SciGRID_gas-IGGIELGNC-3"}},{"type":"Feature","geometry":{"type":"LineString","coordinates":[[14.673969,51.348382],[14.50612,51.408113]]},"properties":{"kind":"gas_pipeline","name":"LKD_PS_474_Seg_0_Seg_0","diameter_mm":600.0,"pressure_bar":63.0,"capacity_mcmd":11.407561044000005,"length_km":13.686174,"source":"SciGRID_gas IGGIELGNC-3","source_url":"https://github.com/Netizine/SciGRID_gas-IGGIELGNC-3"}},{"type":"Feature","geometry":{"type":"LineString","coordinates":[[14.50612,51.408113],[14.342434,51.513552]]},"properties":{"kind":"gas_pipeline","name":"LKD_PS_479_Seg_0_Seg_0","diameter_mm":600.0,"pressure_bar":63.0,"capacity_mcmd":11.407561044000005,"length_km":16.316395,"source":"SciGRID_gas IGGIELGNC-3","source_url":"https://github.com/Netizine/SciGRID_gas-IGGIELGNC-3"}},{"type":"Feature","geometry":{"type":"LineString","coordinates":[[14.50612,51.408113],[14.342434,51.513552]]},"properties":{"kind":"gas_pipeline","name":"LKD_PS_480_Seg_0_Seg_0","diameter_mm":800.0,"pressure_bar":85.0,"capacity_mcmd":31.937422328533344,"length_km":16.475789,"source":"SciGRID_gas IGGIELGNC-3","source_url":"https://github.com/Netizine/SciGRID_gas-IGGIELGNC-3"}},{"type":"Feature","geometry":{"type":"LineString","coordinates":[[14.342434,51.513552],[14.569879,51.748057]]},"properties":{"kind":"gas_pipeline","name":"LKD_PS_490_Seg_0_Seg_0","diameter_mm":600.0,"pressure_bar":25.0,"capacity_mcmd":11.407561044000005,"length_km":39.765193,"source":"SciGRID_gas IGGIELGNC-3","source_url":"https://github.com/Netizine/SciGRID_gas-IGGIELGNC-3"}},{"type":"Feature","geometry":{"type":"LineString","coordinates":[[14.569879,51.748057],[14.274451,52.212412]]},"properties":{"kind":"gas_pipeline","name":"LKD_PS_490_Seg_0_Seg_2","diameter_mm":600.0,"pressure_bar":25.0,"capacity_mcmd":11.407561044000005,"length_km":73.588752,"source":"SciGRID_gas IGGIELGNC-3","source_url":"https://github.com/Netizine/SciGRID_gas-IGGIELGNC-3"}},{"type":"Feature","geometry":{"type":"LineString","coordinates":[[14.452442,51.157171],[14.508512,51.289588]]},"properties":{"kind":"gas_pipeline","name":"LKD_PS_498_Seg_0_Seg_0","diameter_mm":900.0,"pressure_bar":70.0,"capacity_mcmd":27.39699999999984,"length_km":16.799882,"source":"SciGRID_gas IGGIELGNC-3","source_url":"https://github.com/Netizine/SciGRID_gas-IGGIELGNC-3"}},{"type":"Feature","geometry":{"type":"LineString","coordinates":[[14.508512,51.289588],[14.50612,51.408113]]},"properties":{"kind":"gas_pipeline","name":"LKD_PS_498_Seg_0_Seg_1","diameter_mm":900.0,"pressure_bar":70.0,"capacity_mcmd":27.39699999999984,"length_km":15.099166,"source":"SciGRID_gas IGGIELGNC-3","source_url":"https://github.com/Netizine/SciGRID_gas-IGGIELGNC-3"}},{"type":"Feature","geometry":{"type":"LineString","coordinates":[[14.452442,51.157171],[13.878857,50.996766]]},"properties":{"kind":"gas_pipeline","name":"LKD_PS_500_Seg_0_Seg_0","diameter_mm":750.0,"pressure_bar":63.0,"capacity_mcmd":21.217170152071134,"length_km":46.398657,"source":"SciGRID_gas IGGIELGNC-3","source_url":"https://github.com/Netizine/SciGRID_gas-IGGIELGNC-3"}},{"type":"Feature","geometry":{"type":"LineString","coordinates":[[13.878857,50.996766],[13.714454,50.982527]]},"properties":{"kind":"gas_pipeline","name":"LKD_PS_502_Seg_0_Seg_1","diameter_mm":750.0,"pressure_bar":63.0,"capacity_mcmd":21.217170152071134,"length_km":12.189205,"source":"SciGRID_gas IGGIELGNC-3","source_url":"https://github.com/Netizine/SciGRID_gas-IGGIELGNC-3"}},{"type":"Feature","geometry":{"type":"LineString","coordinates":[[13.714454,50.982527],[13.372196,50.940448]]},"properties":{"kind":"gas_pipeline","name":"LKD_PS_505_Seg_0_Seg_0","diameter_mm":900.0,"pressure_bar":70.0,"capacity_mcmd":27.39699999999984,"length_km":27.742884,"source":"SciGRID_gas IGGIELGNC-3","source_url":"https://github.com/Netizine/SciGRID_gas-IGGIELGNC-3"}},{"type":"Feature","geometry":{"type":"LineString","coordinates":[[13.714454,50.982527],[13.564967,51.01551]]},"properties":{"kind":"gas_pipeline","name":"LKD_PS_508_Seg_0_Seg_0","diameter_mm":600.0,"pressure_bar":63.0,"capacity_mcmd":11.407561044000005,"length_km":14.722603,"source":"SciGRID_gas IGGIELGNC-3","source_url":"https://github.com/Netizine/SciGRID_gas-IGGIELGNC-3"}},{"type":"Feature","geometry":{"type":"LineString","coordinates":[[13.564967,51.01551],[13.583373,51.098074]]},"properties":{"kind":"gas_pipeline","name":"LKD_PS_510_Seg_0_Seg_0","diameter_mm":900.0,"pressure_bar":70.0,"capacity_mcmd":27.39699999999984,"length_km":9.768074,"source":"SciGRID_gas IGGIELGNC-3","source_url":"https://github.com/Netizine/SciGRID_gas-IGGIELGNC-3"}},{"type":"Feature","geometry":{"type":"LineString","coordinates":[[13.583373,51.098074],[13.633745,51.209434]]},"properties":{"kind":"gas_pipeline","name":"LKD_PS_513_Seg_0_Seg_0","diameter_mm":500.0,"pressure_bar":25.0,"capacity_mcmd":3.875371924000021,"length_km":15.032201,"source":"SciGRID_gas IGGIELGNC-3","source_url":"https://github.com/Netizine/SciGRID_gas-IGGIELGNC-3"}},{"type":"Feature","geometry":{"type":"LineString","coordinates":[[13.633745,51.209434],[14.016687,51.260045]]},"properties":{"kind":"gas_pipeline","name":"LKD_PS_516_Seg_0_Seg_0","diameter_mm":500.0,"pressure_bar":63.0,"capacity_mcmd":3.875371924000021,"length_km":30.827589,"source":"SciGRID_gas IGGIELGNC-3","source_url":"https://github.com/Netizine/SciGRID_gas-IGGIELGNC-3"}},{"type":"Feature","geometry":{"type":"LineString","coordinates":[[14.016687,51.260045],[14.342434,51.513552]]},"properties":{"kind":"gas_pipeline","name":"LKD_PS_516_Seg_0_Seg_2","diameter_mm":500.0,"pressure_bar":63.0,"capacity_mcmd":3.875371924000021,"length_km":38.486459,"source":"SciGRID_gas IGGIELGNC-3","source_url":"https://github.com/Netizine/SciGRID_gas-IGGIELGNC-3"}},{"type":"Feature","geometry":{"type":"LineString","coordinates":[[14.342434,51.513552],[14.213377,51.448207]]},"properties":{"kind":"gas_pipeline","name":"LKD_PS_519_Seg_0_Seg_0","diameter_mm":800.0,"pressure_bar":84.0,"capacity_mcmd":31.753168441724455,"length_km":13.027621,"source":"SciGRID_gas IGGIELGNC-3","source_url":"https://github.com/Netizine/SciGRID_gas-IGGIELGNC-3"}},{"type":"Feature","geometry":{"type":"LineString","coordinates":[[14.213377,51.448207],[13.875031,51.446938]]},"properties":{"kind":"gas_pipeline","name":"LKD_PS_521_Seg_0_Seg_0","diameter_mm":800.0,"pressure_bar":84.0,"capacity_mcmd":31.753168441724455,"length_km":23.602567,"source":"SciGRID_gas IGGIELGNC-3","source_url":"https://github.com/Netizine/SciGRID_gas-IGGIELGNC-3"}},{"type":"Feature","geometry":{"type":"LineString","coordinates":[[14.342434,51.513552],[14.213377,51.448207]]},"properties":{"kind":"gas_pipeline","name":"LKD_PS_524_Seg_0_Seg_0","diameter_mm":800.0,"pressure_bar":84.0,"capacity_mcmd":31.753168441724455,"length_km":11.521754,"source":"SciGRID_gas IGGIELGNC-3","source_url":"https://github.com/Netizine/SciGRID_gas-IGGIELGNC-3"}},{"type":"Feature","geometry":{"type":"LineString","coordinates":[[14.213377,51.448207],[13.875031,51.446938]]},"properties":{"kind":"gas_pipeline","name":"LKD_PS_528_Seg_0_Seg_0","diameter_mm":800.0,"pressure_bar":84.0,"capacity_mcmd":31.753168441724455,"length_km":23.468748,"source":"SciGRID_gas IGGIELGNC-3","source_url":"https://github.com/Netizine/SciGRID_gas-IGGIELGNC-3"}},{"type":"Feature","geometry":{"type":"LineString","coordinates":[[13.633745,51.209434],[13.668603,51.306168]]},"properties":{"kind":"gas_pipeline","name":"LKD_PS_533_Seg_0_Seg_0","diameter_mm":500.0,"pressure_bar":25.0,"capacity_mcmd":3.875371924000021,"length_km":11.159982,"source":"SciGRID_gas IGGIELGNC-3","source_url":"https://github.com/Netizine/SciGRID_gas-IGGIELGNC-3"}},{"type":"Feature","geometry":{"type":"LineString","coordinates":[[13.668603,51.306168],[13.71939,51.440133]]},"properties":{"kind":"gas_pipeline","name":"LKD_PS_534_Seg_0_Seg_0","diameter_mm":500.0,"pressure_bar":25.0,"capacity_mcmd":3.875371924000021,"length_km":16.70484,"source":"SciGRID_gas IGGIELGNC-3","source_url":"https://github.com/Netizine/SciGRID_gas-IGGIELGNC-3"}},{"type":"Feature","geometry":{"type":"LineString","coordinates":[[13.668603,51.306168],[13.573869,51.301191]]},"properties":{"kind":"gas_pipeline","name":"LKD_PS_535_Seg_0_Seg_0","diameter_mm":600.0,"pressure_bar":63.0,"capacity_mcmd":11.407561044000005,"length_km":6.69708,"source":"SciGRID_gas IGGIELGNC-3","source_url":"https://github.com/Netizine/SciGRID_gas-IGGIELGNC-3"}},{"type":"Feature","geometry":{"type":"LineString","coordinates":[[13.573869,51.301191],[13.552317,51.201486]]},"properties":{"kind":"gas_pipeline","name":"LKD_PS_540_Seg_0_Seg_0","diameter_mm":900.0,"pressure_bar":70.0,"capacity_mcmd":27.39699999999984,"length_km":11.462171,"source":"SciGRID_gas IGGIELGNC-3","source_url":"https://github.com/Netizine/SciGRID_gas-IGGIELGNC-3"}},{"type":"Feature","geometry":{"type":"LineString","coordinates":[[13.573869,51.301191],[13.417378,51.205423]]},"properties":{"kind":"gas_pipeline","name":"LKD_PS_541_Seg_0_Seg_0","diameter_mm":600.0,"pressure_bar":63.0,"capacity_mcmd":11.407561044000005,"length_km":17.017213,"source":"SciGRID_gas IGGIELGNC-3","source_url":"https://github.com/Netizine/SciGRID_gas-IGGIELGNC-3"}},{"type":"Feature","geometry":{"type":"LineString","coordinates":[[13.417378,51.205423],[13.3665,51.116263]]},"properties":{"kind":"gas_pipeline","name":"LKD_PS_542_Seg_0_Seg_0","diameter_mm":600.0,"pressure_bar":63.0,"capacity_mcmd":11.407561044000005,"length_km":11.235338,"source":"SciGRID_gas IGGIELGNC-3","source_url":"https://github.com/Netizine/SciGRID_gas-IGGIELGNC-3"}},{"type":"Feature","geometry":{"type":"LineString","coordinates":[[13.417378,51.205423],[13.3665,51.116263]]},"properties":{"kind":"gas_pipeline","name":"LKD_PS_543_Seg_0_Seg_0","diameter_mm":900.0,"pressure_bar":85.0,"capacity_mcmd":45.270755661866644,"length_km":14.75489,"source":"SciGRID_gas IGGIELGNC-3","source_url":"https://github.com/Netizine/SciGRID_gas-IGGIELGNC-3"}},{"type":"Feature","geometry":{"type":"LineString","coordinates":[[13.552317,51.201486],[13.497255,51.167527]]},"properties":{"kind":"gas_pipeline","name":"LKD_PS_544_Seg_0_Seg_0","diameter_mm":600.0,"pressure_bar":63.0,"capacity_mcmd":11.407561044000005,"length_km":6.858597,"source":"SciGRID_gas IGGIELGNC-3","source_url":"https://github.com/Netizine/SciGRID_gas-IGGIELGNC-3"}},{"type":"Feature","geometry":{"type":"LineString","coordinates":[[13.552317,51.201486],[13.497255,51.167527]]},"properties":{"kind":"gas_pipeline","name":"LKD_PS_545_Seg_0_Seg_0","diameter_mm":500.0,"pressure_bar":25.0,"capacity_mcmd":3.875371924000021,"length_km":5.40446,"source":"SciGRID_gas IGGIELGNC-3","source_url":"https://github.com/Netizine/SciGRID_gas-IGGIELGNC-3"}},{"type":"Feature","geometry":{"type":"LineString","coordinates":[[13.633745,51.209434],[13.552317,51.201486]]},"properties":{"kind":"gas_pipeline","name":"LKD_PS_548_Seg_0_Seg_0","diameter_mm":500.0,"pressure_bar":63.0,"capacity_mcmd":3.875371924000021,"length_km":6.255413,"source":"SciGRID_gas IGGIELGNC-3","source_url":"https://github.com/Netizine/SciGRID_gas-IGGIELGNC-3"}},{"type":"Feature","geometry":{"type":"LineString","coordinates":[[13.497255,51.167527],[13.583373,51.098074]]},"properties":{"kind":"gas_pipeline","name":"LKD_PS_549_Seg_0_Seg_0","diameter_mm":500.0,"pressure_bar":25.0,"capacity_mcmd":3.875371924000021,"length_km":9.853068,"source":"SciGRID_gas IGGIELGNC-3","source_url":"https://github.com/Netizine/SciGRID_gas-IGGIELGNC-3"}},{"type":"Feature","geometry":{"type":"LineString","coordinates":[[13.497255,51.167527],[13.583373,51.098074]]},"properties":{"kind":"gas_pipeline","name":"LKD_PS_550_Seg_0_Seg_0","diameter_mm":600.0,"pressure_bar":63.0,"capacity_mcmd":11.407561044000005,"length_km":10.7628,"source":"SciGRID_gas IGGIELGNC-3","source_url":"https://github.com/Netizine/SciGRID_gas-IGGIELGNC-3"}},{"type":"Feature","geometry":{"type":"LineString","coordinates":[[13.583373,51.098074],[13.372196,50.940448]]},"properties":{"kind":"gas_pipeline","name":"LKD_PS_553_Seg_0_Seg_0","diameter_mm":500.0,"pressure_bar":25.0,"capacity_mcmd":3.875371924000021,"length_km":25.379186,"source":"SciGRID_gas IGGIELGNC-3","source_url":"https://github.com/Netizine/SciGRID_gas-IGGIELGNC-3"}},{"type":"Feature","geometry":{"type":"LineString","coordinates":[[13.583373,51.098074],[13.372196,50.940448]]},"properties":{"kind":"gas_pipeline","name":"LKD_PS_554_Seg_0_Seg_0","diameter_mm":600.0,"pressure_bar":63.0,"capacity_mcmd":11.407561044000005,"length_km":26.603453,"source":"SciGRID_gas IGGIELGNC-3","source_url":"https://github.com/Netizine/SciGRID_gas-IGGIELGNC-3"}},{"type":"Feature","geometry":{"type":"LineString","coordinates":[[13.372196,50.940448],[13.397486,50.860312]]},"properties":{"kind":"gas_pipeline","name":"LKD_PS_566_Seg_0_Seg_0","diameter_mm":900.0,"pressure_bar":85.0,"capacity_mcmd":45.270755661866644,"length_km":9.088349,"source":"SciGRID_gas IGGIELGNC-3","source_url":"https://github.com/Netizine/SciGRID_gas-IGGIELGNC-3"}},{"type":"Feature","geometry":{"type":"LineString","coordinates":[[13.372196,50.940448],[13.397486,50.860312]]},"properties":{"kind":"gas_pipeline","name":"LKD_PS_567_Seg_0_Seg_0","diameter_mm":600.0,"pressure_bar":63.0,"capacity_mcmd":11.407561044000005,"length_km":9.088349,"source":"SciGRID_gas IGGIELGNC-3","source_url":"https://github.com/Netizine/SciGRID_gas-IGGIELGNC-3"}},{"type":"Feature","geometry":{"type":"LineString","coordinates":[[13.372196,50.940448],[13.397486,50.860312]]},"properties":{"kind":"gas_pipeline","name":"LKD_PS_568_Seg_0_Seg_0","diameter_mm":600.0,"pressure_bar":63.0,"capacity_mcmd":11.407561044000005,"length_km":9.088349,"source":"SciGRID_gas IGGIELGNC-3","source_url":"https://github.com/Netizine/SciGRID_gas-IGGIELGNC-3"}},{"type":"Feature","geometry":{"type":"LineString","coordinates":[[13.397486,50.860312],[13.422124,50.797118]]},"properties":{"kind":"gas_pipeline","name":"LKD_PS_575_Seg_0_Seg_0","diameter_mm":600.0,"pressure_bar":63.0,"capacity_mcmd":11.407561044000005,"length_km":7.2584,"source":"SciGRID_gas IGGIELGNC-3","source_url":"https://github.com/Netizine/SciGRID_gas-IGGIELGNC-3"}},{"type":"Feature","geometry":{"type":"LineString","coordinates":[[13.397486,50.860312],[13.439963,50.717132]]},"properties":{"kind":"gas_pipeline","name":"LKD_PS_576_Seg_0_Seg_0","diameter_mm":900.0,"pressure_bar":85.0,"capacity_mcmd":45.270755661866644,"length_km":18.041253,"source":"SciGRID_gas IGGIELGNC-3","source_url":"https://github.com/Netizine/SciGRID_gas-IGGIELGNC-3"}},{"type":"Feature","geometry":{"type":"LineString","coordinates":[[13.397486,50.860312],[13.422124,50.797118]]},"properties":{"kind":"gas_pipeline","name":"LKD_PS_577_Seg_0_Seg_0","diameter_mm":600.0,"pressure_bar":63.0,"capacity_mcmd":11.407561044000005,"length_km":8.252722,"source":"SciGRID_gas IGGIELGNC-3","source_url":"https://github.com/Netizine/SciGRID_gas-IGGIELGNC-3"}},{"type":"Feature","geometry":{"type":"LineString","coordinates":[[13.422124,50.797118],[13.439963,50.717132]]},"properties":{"kind":"gas_pipeline","name":"LKD_PS_578_Seg_0_Seg_0","diameter_mm":600.0,"pressure_bar":63.0,"capacity_mcmd":11.407561044000005,"length_km":8.984959,"source":"SciGRID_gas IGGIELGNC-3","source_url":"https://github.com/Netizine/SciGRID_gas-IGGIELGNC-3"}},{"type":"Feature","geometry":{"type":"LineString","coordinates":[[13.422124,50.797118],[13.439963,50.717132]]},"properties":{"kind":"gas_pipeline","name":"LKD_PS_579_Seg_0_Seg_0","diameter_mm":600.0,"pressure_bar":63.0,"capacity_mcmd":11.407561044000005,"length_km":9.949757,"source":"SciGRID_gas IGGIELGNC-3","source_url":"https://github.com/Netizine/SciGRID_gas-IGGIELGNC-3"}},{"type":"Feature","geometry":{"type":"LineString","coordinates":[[13.39,50.635],[13.439963,50.717132]]},"properties":{"kind":"gas_pipeline","name":"LKD_PS_587_Seg_0_Seg_0","diameter_mm":900.0,"pressure_bar":85.0,"capacity_mcmd":8.357698884795287,"length_km":9.790836,"source":"SciGRID_gas IGGIELGNC-3","source_url":"https://github.com/Netizine/SciGRID_gas-IGGIELGNC-3"}},{"type":"Feature","geometry":{"type":"LineString","coordinates":[[13.439963,50.717132],[13.011443,50.934911]]},"properties":{"kind":"gas_pipeline","name":"LKD_PS_588_Seg_0_Seg_0","diameter_mm":900.0,"pressure_bar":85.0,"capacity_mcmd":45.270755661866644,"length_km":38.934861,"source":"SciGRID_gas IGGIELGNC-3","source_url":"https://github.com/Netizine/SciGRID_gas-IGGIELGNC-3"}},{"type":"Feature","geometry":{"type":"LineString","coordinates":[[13.3665,51.116263],[13.372196,50.940448]]},"properties":{"kind":"gas_pipeline","name":"LKD_PS_591_Seg_0_Seg_0","diameter_mm":600.0,"pressure_bar":63.0,"capacity_mcmd":11.407561044000005,"length_km":20.925925,"source":"SciGRID_gas IGGIELGNC-3","source_url":"https://github.com/Netizine/SciGRID_gas-IGGIELGNC-3"}},{"type":"Feature","geometry":{"type":"LineString","coordinates":[[13.3665,51.116263],[13.372196,50.940448]]},"properties":{"kind":"gas_pipeline","name":"LKD_PS_592_Seg_0_Seg_0","diameter_mm":900.0,"pressure_bar":85.0,"capacity_mcmd":45.270755661866644,"length_km":20.878526,"source":"SciGRID_gas IGGIELGNC-3","source_url":"https://github.com/Netizine/SciGRID_gas-IGGIELGNC-3"}},{"type":"Feature","geometry":{"type":"LineString","coordinates":[[13.011443,50.934911],[12.843025,50.997493]]},"properties":{"kind":"gas_pipeline","name":"LKD_PS_594_Seg_0_Seg_0","diameter_mm":900.0,"pressure_bar":70.0,"capacity_mcmd":27.39699999999984,"length_km":15.423056,"source":"SciGRID_gas IGGIELGNC-3","source_url":"https://github.com/Netizine/SciGRID_gas-IGGIELGNC-3"}},{"type":"Feature","geometry":{"type":"LineString","coordinates":[[13.011443,50.934911],[12.428781,50.743539]]},"properties":{"kind":"gas_pipeline","name":"LKD_PS_595_Seg_0_Seg_0","diameter_mm":600.0,"pressure_bar":63.0,"capacity_mcmd":11.407561044000005,"length_km":51.720108,"source":"SciGRID_gas IGGIELGNC-3","source_url":"https://github.com/Netizine/SciGRID_gas-IGGIELGNC-3"}},{"type":"Feature","geometry":{"type":"LineString","coordinates":[[12.428781,50.743539],[12.843025,50.997493]]},"properties":{"kind":"gas_pipeline","name":"LKD_PS_600_Seg_0_Seg_0","diameter_mm":600.0,"pressure_bar":63.0,"capacity_mcmd":11.407561044000005,"length_km":45.785993,"source":"SciGRID_gas IGGIELGNC-3","source_url":"https://github.com/Netizine/SciGRID_gas-IGGIELGNC-3"}},{"type":"Feature","geometry":{"type":"LineString","coordinates":[[12.843025,50.997493],[13.106703,51.062675]]},"properties":{"kind":"gas_pipeline","name":"LKD_PS_603_Seg_0_Seg_0","diameter_mm":600.0,"pressure_bar":63.0,"capacity_mcmd":11.407561044000005,"length_km":22.01668,"source":"SciGRID_gas IGGIELGNC-3","source_url":"https://github.com/Netizine/SciGRID_gas-IGGIELGNC-3"}},{"type":"Feature","geometry":{"type":"LineString","coordinates":[[13.106703,51.062675],[13.618312,51.441315]]},"properties":{"kind":"gas_pipeline","name":"LKD_PS_603_Seg_0_Seg_1","diameter_mm":600.0,"pressure_bar":63.0,"capacity_mcmd":11.407561044000005,"length_km":59.998904,"source":"SciGRID_gas IGGIELGNC-3","source_url":"https://github.com/Netizine/SciGRID_gas-IGGIELGNC-3"}},{"type":"Feature","geometry":{"type":"LineString","coordinates":[[13.495961,51.443871],[12.578414,51.395941]]},"properties":{"kind":"gas_pipeline","name":"LKD_PS_604_Seg_0_Seg_0","diameter_mm":600.0,"pressure_bar":63.0,"capacity_mcmd":11.407561044000005,"length_km":65.527855,"source":"SciGRID_gas IGGIELGNC-3","source_url":"https://github.com/Netizine/SciGRID_gas-IGGIELGNC-3"}},{"type":"Feature","geometry":{"type":"LineString","coordinates":[[12.578414,51.395941],[12.413429,51.404212]]},"properties":{"kind":"gas_pipeline","name":"LKD_PS_604_Seg_0_Seg_3","diameter_mm":600.0,"pressure_bar":63.0,"capacity_mcmd":11.407561044000005,"length_km":11.859219,"source":"SciGRID_gas IGGIELGNC-3","source_url":"https://github.com/Netizine/SciGRID_gas-IGGIELGNC-3"}},{"type":"Feature","geometry":{"type":"LineString","coordinates":[[12.843025,50.997493],[12.567273,51.122676]]},"properties":{"kind":"gas_pipeline","name":"LKD_PS_605_Seg_0_Seg_0","diameter_mm":900.0,"pressure_bar":70.0,"capacity_mcmd":27.39699999999984,"length_km":26.129717,"source":"SciGRID_gas IGGIELGNC-3","source_url":"https://github.com/Netizine/SciGRID_gas-IGGIELGNC-3"}},{"type":"Feature","geometry":{"type":"LineString","coordinates":[[12.567273,51.122676],[12.500754,51.156681]]},"properties":{"kind":"gas_pipeline","name":"LKD_PS_610_Seg_0_Seg_0","diameter_mm":813.0,"pressure_bar":100.0,"capacity_mcmd":36.434563964000006,"length_km":6.048502,"source":"SciGRID_gas IGGIELGNC-3","source_url":"https://github.com/Netizine/SciGRID_gas-IGGIELGNC-3"}},{"type":"Feature","geometry":{"type":"LineString","coordinates":[[12.567273,51.122676],[12.500754,51.156681]]},"properties":{"kind":"gas_pipeline","name":"LKD_PS_611_Seg_0_Seg_0","diameter_mm":900.0,"pressure_bar":70.0,"capacity_mcmd":27.39699999999984,"length_km":7.012628,"source":"SciGRID_gas IGGIELGNC-3","source_url":"https://github.com/Netizine/SciGRID_gas-IGGIELGNC-3"}},{"type":"Feature","geometry":{"type":"LineString","coordinates":[[12.500754,51.156681],[12.53595,51.373667]]},"properties":{"kind":"gas_pipeline","name":"LKD_PS_616_Seg_0_Seg_0","diameter_mm":900.0,"pressure_bar":70.0,"capacity_mcmd":27.39699999999984,"length_km":25.297487,"source":"SciGRID_gas IGGIELGNC-3","source_url":"https://github.com/Netizine/SciGRID_gas-IGGIELGNC-3"}},{"type":"Feature","geometry":{"type":"LineString","coordinates":[[12.53595,51.373667],[12.737003,51.352025]]},"properties":{"kind":"gas_pipeline","name":"LKD_PS_619_Seg_0_Seg_0","diameter_mm":500.0,"pressure_bar":63.0,"capacity_mcmd":3.875371924000021,"length_km":15.734647,"source":"SciGRID_gas IGGIELGNC-3","source_url":"https://github.com/Netizine/SciGRID_gas-IGGIELGNC-3"}},{"type":"Feature","geometry":{"type":"LineString","coordinates":[[12.53595,51.373667],[12.413429,51.404212]]},"properties":{"kind":"gas_pipeline","name":"LKD_PS_620_Seg_0_Seg_0","diameter_mm":500.0,"pressure_bar":63.0,"capacity_mcmd":3.875371924000021,"length_km":10.469764,"source":"SciGRID_gas IGGIELGNC-3","source_url":"https://github.com/Netizine/SciGRID_gas-IGGIELGNC-3"}},{"type":"Feature","geometry":{"type":"LineString","coordinates":[[12.413429,51.404212],[12.53595,51.373667]]},"properties":{"kind":"gas_pipeline","name":"LKD_PS_624_Seg_0_Seg_0","diameter_mm":900.0,"pressure_bar":70.0,"capacity_mcmd":27.39699999999984,"length_km":10.31146,"source":"SciGRID_gas IGGIELGNC-3","source_url":"https://github.com/Netizine/SciGRID_gas-IGGIELGNC-3"}},{"type":"Feature","geometry":{"type":"LineString","coordinates":[[12.413429,51.404212],[12.307301,51.422744]]},"properties":{"kind":"gas_pipeline","name":"LKD_PS_625_Seg_0_Seg_0","diameter_mm":900.0,"pressure_bar":70.0,"capacity_mcmd":27.39699999999984,"length_km":7.645592,"source":"SciGRID_gas IGGIELGNC-3","source_url":"https://github.com/Netizine/SciGRID_gas-IGGIELGNC-3"}},{"type":"Feature","geometry":{"type":"LineString","coordinates":[[12.307301,51.422744],[12.165171,51.641756]]},"properties":{"kind":"gas_pipeline","name":"LKD_PS_627_Seg_0_Seg_0","diameter_mm":900.0,"pressure_bar":85.0,"capacity_mcmd":45.270755661866644,"length_km":31.154031,"source":"SciGRID_gas IGGIELGNC-3","source_url":"https://github.com/Netizine/SciGRID_gas-IGGIELGNC-3"}},{"type":"Feature","geometry":{"type":"LineString","coordinates":[[12.307301,51.422744],[12.228765,51.428414]]},"properties":{"kind":"gas_pipeline","name":"LKD_PS_628_Seg_0_Seg_0","diameter_mm":500.0,"pressure_bar":25.0,"capacity_mcmd":3.875371924000021,"length_km":5.48327,"source":"SciGRID_gas IGGIELGNC-3","source_url":"https://github.com/Netizine/SciGRID_gas-IGGIELGNC-3"}},{"type":"Feature","geometry":{"type":"LineString","coordinates":[[12.228765,51.428414],[12.139155,51.426809]]},"properties":{"kind":"gas_pipeline","name":"LKD_PS_629_Seg_0_Seg_0","diameter_mm":500.0,"pressure_bar":25.0,"capacity_mcmd":3.875371924000021,"length_km":7.144798,"source":"SciGRID_gas IGGIELGNC-3","source_url":"https://github.com/Netizine/SciGRID_gas-IGGIELGNC-3"}},{"type":"Feature","geometry":{"type":"LineString","coordinates":[[12.228765,51.428414],[12.307301,51.422744]]},"properties":{"kind":"gas_pipeline","name":"LKD_PS_631_Seg_0_Seg_0","diameter_mm":660.0,"pressure_bar":63.0,"capacity_mcmd":15.926874515999998,"length_km":5.48327,"source":"SciGRID_gas IGGIELGNC-3","source_url":"https://github.com/Netizine/SciGRID_gas-IGGIELGNC-3"}},{"type":"Feature","geometry":{"type":"LineString","coordinates":[[12.413429,51.404212],[12.307301,51.422744]]},"properties":{"kind":"gas_pipeline","name":"LKD_PS_632_Seg_0_Seg_0","diameter_mm":500.0,"pressure_bar":63.0,"capacity_mcmd":3.875371924000021,"length_km":8.429717,"source":"SciGRID_gas IGGIELGNC-3","source_url":"https://github.com/Netizine/SciGRID_gas-IGGIELGNC-3"}},{"type":"Feature","geometry":{"type":"LineString","coordinates":[[12.500754,51.156681],[12.345128,51.163214]]},"properties":{"kind":"gas_pipeline","name":"LKD_PS_633_Seg_0_Seg_0","diameter_mm":900.0,"pressure_bar":85.0,"capacity_mcmd":45.270755661866644,"length_km":11.439972,"source":"SciGRID_gas IGGIELGNC-3","source_url":"https://github.com/Netizine/SciGRID_gas-IGGIELGNC-3"}},{"type":"Feature","geometry":{"type":"LineString","coordinates":[[12.500754,51.156681],[12.345128,51.163214]]},"properties":{"kind":"gas_pipeline","name":"LKD_PS_634_Seg_0_Seg_0","diameter_mm":813.0,"pressure_bar":100.0,"capacity_mcmd":36.434563964000006,"length_km":11.114606,"source":"SciGRID_gas IGGIELGNC-3","source_url":"https://github.com/Netizine/SciGRID_gas-IGGIELGNC-3"}},{"type":"Feature","geometry":{"type":"LineString","coordinates":[[12.345128,51.163214],[12.382988,51.086309]]},"properties":{"kind":"gas_pipeline","name":"LKD_PS_635_Seg_0_Seg_0","diameter_mm":500.0,"pressure_bar":25.0,"capacity_mcmd":3.875371924000021,"length_km":13.321789,"source":"SciGRID_gas IGGIELGNC-3","source_url":"https://github.com/Netizine/SciGRID_gas-IGGIELGNC-3"}},{"type":"Feature","geometry":{"type":"LineString","coordinates":[[12.382988,51.086309],[12.361404,50.895218]]},"properties":{"kind":"gas_pipeline","name":"LKD_PS_637_Seg_0_Seg_0","diameter_mm":500.0,"pressure_bar":25.0,"capacity_mcmd":3.875371924000021,"length_km":21.910602,"source":"SciGRID_gas IGGIELGNC-3","source_url":"https://github.com/Netizine/SciGRID_gas-IGGIELGNC-3"}},{"type":"Feature","geometry":{"type":"LineString","coordinates":[[12.361404,50.895218],[12.428781,50.743539]]},"properties":{"kind":"gas_pipeline","name":"LKD_PS_637_Seg_0_Seg_1","diameter_mm":500.0,"pressure_bar":25.0,"capacity_mcmd":3.875371924000021,"length_km":18.646977,"source":"SciGRID_gas IGGIELGNC-3","source_url":"https://github.com/Netizine/SciGRID_gas-IGGIELGNC-3"}},{"type":"Feature","geometry":{"type":"LineString","coordinates":[[12.345128,51.163214],[12.307301,51.422744]]},"properties":{"kind":"gas_pipeline","name":"LKD_PS_642_Seg_0_Seg_0","diameter_mm":500.0,"pressure_bar":25.0,"capacity_mcmd":3.875371924000021,"length_km":37.890568,"source":"SciGRID_gas IGGIELGNC-3","source_url":"https://github.com/Netizine/SciGRID_gas-IGGIELGNC-3"}},{"type":"Feature","geometry":{"type":"LineString","coordinates":[[12.345128,51.163214],[12.292162,51.056515]]},"properties":{"kind":"gas_pipeline","name":"LKD_PS_647_Seg_0_Seg_0","diameter_mm":600.0,"pressure_bar":63.0,"capacity_mcmd":11.407561044000005,"length_km":26.750717,"source":"SciGRID_gas IGGIELGNC-3","source_url":"https://github.com/Netizine/SciGRID_gas-IGGIELGNC-3"}},{"type":"Feature","geometry":{"type":"LineString","coordinates":[[12.382988,51.086309],[12.292162,51.056515]]},"properties":{"kind":"gas_pipeline","name":"LKD_PS_650_Seg_0_Seg_0","diameter_mm":660.0,"pressure_bar":63.0,"capacity_mcmd":15.926874515999998,"length_km":7.160937,"source":"SciGRID_gas IGGIELGNC-3","source_url":"https://github.com/Netizine/SciGRID_gas-IGGIELGNC-3"}},{"type":"Feature","geometry":{"type":"LineString","coordinates":[[12.345128,51.163214],[12.15392,51.256394]]},"properties":{"kind":"gas_pipeline","name":"LKD_PS_654_Seg_0_Seg_0","diameter_mm":600.0,"pressure_bar":63.0,"capacity_mcmd":11.407561044000005,"length_km":16.889082,"source":"SciGRID_gas IGGIELGNC-3","source_url":"https://github.com/Netizine/SciGRID_gas-IGGIELGNC-3"}},{"type":"Feature","geometry":{"type":"LineString","coordinates":[[12.15392,51.256394],[12.121935,51.32775]]},"properties":{"kind":"gas_pipeline","name":"LKD_PS_655_Seg_0_Seg_0","diameter_mm":660.0,"pressure_bar":63.0,"capacity_mcmd":15.926874515999998,"length_km":9.043958,"source":"SciGRID_gas IGGIELGNC-3","source_url":"https://github.com/Netizine/SciGRID_gas-IGGIELGNC-3"}},{"type":"Feature","geometry":{"type":"LineString","coordinates":[[13.495961,51.443871],[12.212117,51.703685]]},"properties":{"kind":"gas_pipeline","name":"LKD_PS_659_Seg_0_Seg_0","diameter_mm":1400.0,"pressure_bar":100.0,"capacity_mcmd":120.1986391,"length_km":96.517122,"source":"SciGRID_gas IGGIELGNC-3","source_url":"https://github.com/Netizine/SciGRID_gas-IGGIELGNC-3"}},{"type":"Feature","geometry":{"type":"LineString","coordinates":[[12.139155,51.426809],[12.121935,51.32775]]},"properties":{"kind":"gas_pipeline","name":"LKD_PS_665_Seg_0_Seg_0","diameter_mm":660.0,"pressure_bar":63.0,"capacity_mcmd":15.926874515999998,"length_km":12.604793,"source":"SciGRID_gas IGGIELGNC-3","source_url":"https://github.com/Netizine/SciGRID_gas-IGGIELGNC-3"}},{"type":"Feature","geometry":{"type":"LineString","coordinates":[[12.345128,51.163214],[12.15392,51.256394]]},"properties":{"kind":"gas_pipeline","name":"LKD_PS_667_Seg_0_Seg_0","diameter_mm":600.0,"pressure_bar":63.0,"capacity_mcmd":11.407561044000005,"length_km":17.326831,"source":"SciGRID_gas IGGIELGNC-3","source_url":"https://github.com/Netizine/SciGRID_gas-IGGIELGNC-3"}},{"type":"Feature","geometry":{"type":"LineString","coordinates":[[12.345128,51.163214],[12.15392,51.256394]]},"properties":{"kind":"gas_pipeline","name":"LKD_PS_670_Seg_0_Seg_0","diameter_mm":813.0,"pressure_bar":100.0,"capacity_mcmd":36.434563964000006,"length_km":17.101898,"source":"SciGRID_gas IGGIELGNC-3","source_url":"https://github.com/Netizine/SciGRID_gas-IGGIELGNC-3"}},{"type":"Feature","geometry":{"type":"LineString","coordinates":[[12.15392,51.256394],[11.959392,51.276208]]},"properties":{"kind":"gas_pipeline","name":"LKD_PS_672_Seg_0_Seg_0","diameter_mm":600.0,"pressure_bar":63.0,"capacity_mcmd":11.407561044000005,"length_km":19.58757,"source":"SciGRID_gas IGGIELGNC-3","source_url":"https://github.com/Netizine/SciGRID_gas-IGGIELGNC-3"}},{"type":"Feature","geometry":{"type":"LineString","coordinates":[[12.15392,51.256394],[12.093783,51.284788]]},"properties":{"kind":"gas_pipeline","name":"LKD_PS_673_Seg_0_Seg_0","diameter_mm":813.0,"pressure_bar":100.0,"capacity_mcmd":36.434563964000006,"length_km":5.272808,"source":"SciGRID_gas IGGIELGNC-3","source_url":"https://github.com/Netizine/SciGRID_gas-IGGIELGNC-3"}},{"type":"Feature","geometry":{"type":"LineString","coordinates":[[12.093783,51.284788],[12.121935,51.32775]]},"properties":{"kind":"gas_pipeline","name":"LKD_PS_675_Seg_0_Seg_0","diameter_mm":600.0,"pressure_bar":63.0,"capacity_mcmd":11.407561044000005,"length_km":5.164076,"source":"SciGRID_gas IGGIELGNC-3","source_url":"https://github.com/Netizine/SciGRID_gas-IGGIELGNC-3"}},{"type":"Feature","geometry":{"type":"LineString","coordinates":[[12.121935,51.32775],[12.139155,51.426809]]},"properties":{"kind":"gas_pipeline","name":"LKD_PS_676_Seg_0_Seg_0","diameter_mm":600.0,"pressure_bar":63.0,"capacity_mcmd":11.407561044000005,"length_km":11.913848,"source":"SciGRID_gas IGGIELGNC-3","source_url":"https://github.com/Netizine/SciGRID_gas-IGGIELGNC-3"}},{"type":"Feature","geometry":{"type":"LineString","coordinates":[[12.093783,51.284788],[11.959392,51.276208]]},"properties":{"kind":"gas_pipeline","name":"LKD_PS_678_Seg_0_Seg_0","diameter_mm":813.0,"pressure_bar":100.0,"capacity_mcmd":36.434563964000006,"length_km":9.930806,"source":"SciGRID_gas IGGIELGNC-3","source_url":"https://github.com/Netizine/SciGRID_gas-IGGIELGNC-3"}},{"type":"Feature","geometry":{"type":"LineString","coordinates":[[11.959392,51.276208],[11.730087,51.202286]]},"properties":{"kind":"gas_pipeline","name":"LKD_PS_680_Seg_0_Seg_0","diameter_mm":300.0,"pressure_bar":16.0,"capacity_mcmd":3.9946377936297495,"length_km":18.480711,"source":"SciGRID_gas IGGIELGNC-3","source_url":"https://github.com/Netizine/SciGRID_gas-IGGIELGNC-3"}},{"type":"Feature","geometry":{"type":"LineString","coordinates":[[11.730087,51.202286],[11.443119,51.202444]]},"properties":{"kind":"gas_pipeline","name":"LKD_PS_680_Seg_0_Seg_1","diameter_mm":300.0,"pressure_bar":16.0,"capacity_mcmd":3.9946377936297495,"length_km":38.183962,"source":"SciGRID_gas IGGIELGNC-3","source_url":"https://github.com/Netizine/SciGRID_gas-IGGIELGNC-3"}},{"type":"Feature","geometry":{"type":"LineString","coordinates":[[11.443119,51.202444],[11.350947,51.358133]]},"properties":{"kind":"gas_pipeline","name":"LKD_PS_680_Seg_0_Seg_3","diameter_mm":300.0,"pressure_bar":16.0,"capacity_mcmd":3.9946377936297495,"length_km":19.660989,"source":"SciGRID_gas IGGIELGNC-3","source_url":"https://github.com/Netizine/SciGRID_gas-IGGIELGNC-3"}},{"type":"Feature","geometry":{"type":"LineString","coordinates":[[11.350947,51.358133],[10.858282,51.266102]]},"properties":{"kind":"gas_pipeline","name":"LKD_PS_681_Seg_0_Seg_0","diameter_mm":300.0,"pressure_bar":16.0,"capacity_mcmd":3.9946377936297495,"length_km":36.430171,"source":"SciGRID_gas IGGIELGNC-3","source_url":"https://github.com/Netizine/SciGRID_gas-IGGIELGNC-3"}},{"type":"Feature","geometry":{"type":"LineString","coordinates":[[10.858282,51.266102],[10.576745,51.253382]]},"properties":{"kind":"gas_pipeline","name":"LKD_PS_681_Seg_0_Seg_2","diameter_mm":300.0,"pressure_bar":16.0,"capacity_mcmd":3.9946377936297495,"length_km":22.261522,"source":"SciGRID_gas IGGIELGNC-3","source_url":"https://github.com/Netizine/SciGRID_gas-IGGIELGNC-3"}},{"type":"Feature","geometry":{"type":"LineString","coordinates":[[11.350947,51.358133],[11.822144,51.405112]]},"properties":{"kind":"gas_pipeline","name":"LKD_PS_682_Seg_0_Seg_0","diameter_mm":300.0,"pressure_bar":16.0,"capacity_mcmd":3.9946377936297495,"length_km":35.935832,"source":"SciGRID_gas IGGIELGNC-3","source_url":"https://github.com/Netizine/SciGRID_gas-IGGIELGNC-3"}},{"type":"Feature","geometry":{"type":"LineString","coordinates":[[11.822144,51.405112],[11.855839,51.44584]]},"properties":{"kind":"gas_pipeline","name":"LKD_PS_683_Seg_0_Seg_0","diameter_mm":600.0,"pressure_bar":63.0,"capacity_mcmd":11.407561044000005,"length_km":5.938509,"source":"SciGRID_gas IGGIELGNC-3","source_url":"https://github.com/Netizine/SciGRID_gas-IGGIELGNC-3"}},{"type":"Feature","geometry":{"type":"LineString","coordinates":[[11.855839,51.44584],[11.776226,51.751228]]},"properties":{"kind":"gas_pipeline","name":"LKD_PS_684_Seg_0_Seg_0","diameter_mm":600.0,"pressure_bar":63.0,"capacity_mcmd":11.407561044000005,"length_km":35.231651,"source":"SciGRID_gas IGGIELGNC-3","source_url":"https://github.com/Netizine/SciGRID_gas-IGGIELGNC-3"}},{"type":"Feature","geometry":{"type":"LineString","coordinates":[[11.959392,51.276208],[11.927317,51.324469]]},"properties":{"kind":"gas_pipeline","name":"LKD_PS_685_Seg_0_Seg_0","diameter_mm":600.0,"pressure_bar":63.0,"capacity_mcmd":11.407561044000005,"length_km":8.924177,"source":"SciGRID_gas IGGIELGNC-3","source_url":"https://github.com/Netizine/SciGRID_gas-IGGIELGNC-3"}},{"type":"Feature","geometry":{"type":"LineString","coordinates":[[11.959392,51.276208],[11.927317,51.324469]]},"properties":{"kind":"gas_pipeline","name":"LKD_PS_686_Seg_0_Seg_0","diameter_mm":600.0,"pressure_bar":63.0,"capacity_mcmd":11.407561044000005,"length_km":7.25831,"source":"SciGRID_gas IGGIELGNC-3","source_url":"https://github.com/Netizine/SciGRID_gas-IGGIELGNC-3"}},{"type":"Feature","geometry":{"type":"LineString","coordinates":[[11.959392,51.276208],[11.927317,51.324469]]},"properties":{"kind":"gas_pipeline","name":"LKD_PS_688_Seg_0_Seg_0","diameter_mm":813.0,"pressure_bar":100.0,"capacity_mcmd":36.434563964000006,"length_km":6.221638,"source":"SciGRID_gas IGGIELGNC-3","source_url":"https://github.com/Netizine/SciGRID_gas-IGGIELGNC-3"}},{"type":"Feature","geometry":{"type":"LineString","coordinates":[[11.959392,51.276208],[12.121935,51.32775]]},"properties":{"kind":"gas_pipeline","name":"LKD_PS_689_Seg_0_Seg_0","diameter_mm":500.0,"pressure_bar":63.0,"capacity_mcmd":3.875371924000021,"length_km":13.463503,"source":"SciGRID_gas IGGIELGNC-3","source_url":"https://github.com/Netizine/SciGRID_gas-IGGIELGNC-3"}},{"type":"Feature","geometry":{"type":"LineString","coordinates":[[11.927317,51.324469],[11.88956,51.365021]]},"properties":{"kind":"gas_pipeline","name":"LKD_PS_691_Seg_0_Seg_0","diameter_mm":600.0,"pressure_bar":63.0,"capacity_mcmd":11.407561044000005,"length_km":5.603976,"source":"SciGRID_gas IGGIELGNC-3","source_url":"https://github.com/Netizine/SciGRID_gas-IGGIELGNC-3"}},{"type":"Feature","geometry":{"type":"LineString","coordinates":[[11.88956,51.365021],[11.822144,51.405112]]},"properties":{"kind":"gas_pipeline","name":"LKD_PS_692_Seg_0_Seg_0","diameter_mm":600.0,"pressure_bar":63.0,"capacity_mcmd":11.407561044000005,"length_km":8.064773,"source":"SciGRID_gas IGGIELGNC-3","source_url":"https://github.com/Netizine/SciGRID_gas-IGGIELGNC-3"}},{"type":"Feature","geometry":{"type":"LineString","coordinates":[[11.927317,51.324469],[11.88956,51.365021]]},"properties":{"kind":"gas_pipeline","name":"LKD_PS_693_Seg_0_Seg_0","diameter_mm":813.0,"pressure_bar":100.0,"capacity_mcmd":36.434563964000006,"length_km":5.217951,"source":"SciGRID_gas IGGIELGNC-3","source_url":"https://github.com/Netizine/SciGRID_gas-IGGIELGNC-3"}},{"type":"Feature","geometry":{"type":"LineString","coordinates":[[11.88956,51.365021],[11.855839,51.44584]]},"properties":{"kind":"gas_pipeline","name":"LKD_PS_696_Seg_0_Seg_0","diameter_mm":813.0,"pressure_bar":100.0,"capacity_mcmd":36.434563964000006,"length_km":9.401328,"source":"SciGRID_gas IGGIELGNC-3","source_url":"https://github.com/Netizine/SciGRID_gas-IGGIELGNC-3"}},{"type":"Feature","geometry":{"type":"LineString","coordinates":[[11.88956,51.365021],[11.822144,51.405112]]},"properties":{"kind":"gas_pipeline","name":"LKD_PS_698_Seg_0_Seg_0","diameter_mm":600.0,"pressure_bar":63.0,"capacity_mcmd":11.407561044000005,"length_km":6.464206,"source":"SciGRID_gas IGGIELGNC-3","source_url":"https://github.com/Netizine/SciGRID_gas-IGGIELGNC-3"}},{"type":"Feature","geometry":{"type":"LineString","coordinates":[[11.88956,51.365021],[12.055337,51.411742]]},"properties":{"kind":"gas_pipeline","name":"LKD_PS_699_Seg_0_Seg_0","diameter_mm":600.0,"pressure_bar":63.0,"capacity_mcmd":11.407561044000005,"length_km":13.680787,"source":"SciGRID_gas IGGIELGNC-3","source_url":"https://github.com/Netizine/SciGRID_gas-IGGIELGNC-3"}},{"type":"Feature","geometry":{"type":"LineString","coordinates":[[11.88956,51.365021],[12.055337,51.411742]]},"properties":{"kind":"gas_pipeline","name":"LKD_PS_700_Seg_0_Seg_0","diameter_mm":600.0,"pressure_bar":63.0,"capacity_mcmd":11.407561044000005,"length_km":15.031985,"source":"SciGRID_gas IGGIELGNC-3","source_url":"https://github.com/Netizine/SciGRID_gas-IGGIELGNC-3"}},{"type":"Feature","geometry":{"type":"LineString","coordinates":[[11.776226,51.751228],[11.748399,51.80548]]},"properties":{"kind":"gas_pipeline","name":"LKD_PS_704_Seg_0_Seg_0","diameter_mm":600.0,"pressure_bar":63.0,"capacity_mcmd":11.407561044000005,"length_km":13.823919,"source":"SciGRID_gas IGGIELGNC-3","source_url":"https://github.com/Netizine/SciGRID_gas-IGGIELGNC-3"}},{"type":"Feature","geometry":{"type":"LineString","coordinates":[[11.776226,51.751228],[11.748399,51.80548]]},"properties":{"kind":"gas_pipeline","name":"LKD_PS_706_Seg_0_Seg_0","diameter_mm":900.0,"pressure_bar":70.0,"capacity_mcmd":27.39699999999984,"length_km":6.432478,"source":"SciGRID_gas IGGIELGNC-3","source_url":"https://github.com/Netizine/SciGRID_gas-IGGIELGNC-3"}},{"type":"Feature","geometry":{"type":"LineString","coordinates":[[11.748399,51.80548],[11.671917,51.855733]]},"properties":{"kind":"gas_pipeline","name":"LKD_PS_708_Seg_0_Seg_0","diameter_mm":600.0,"pressure_bar":63.0,"capacity_mcmd":11.407561044000005,"length_km":7.860866,"source":"SciGRID_gas IGGIELGNC-3","source_url":"https://github.com/Netizine/SciGRID_gas-IGGIELGNC-3"}},{"type":"Feature","geometry":{"type":"LineString","coordinates":[[11.748399,51.80548],[11.776226,51.751228]]},"properties":{"kind":"gas_pipeline","name":"LKD_PS_710_Seg_0_Seg_0","diameter_mm":600.0,"pressure_bar":63.0,"capacity_mcmd":11.407561044000005,"length_km":6.331015,"source":"SciGRID_gas IGGIELGNC-3","source_url":"https://github.com/Netizine/SciGRID_gas-IGGIELGNC-3"}},{"type":"Feature","geometry":{"type":"LineString","coordinates":[[11.748399,51.80548],[11.834654,51.724476]]},"properties":{"kind":"gas_pipeline","name":"LKD_PS_711_Seg_0_Seg_0","diameter_mm":900.0,"pressure_bar":70.0,"capacity_mcmd":27.39699999999984,"length_km":10.804861,"source":"SciGRID_gas IGGIELGNC-3","source_url":"https://github.com/Netizine/SciGRID_gas-IGGIELGNC-3"}},{"type":"Feature","geometry":{"type":"LineString","coordinates":[[11.776226,51.751228],[11.834654,51.724476]]},"properties":{"kind":"gas_pipeline","name":"LKD_PS_712_Seg_0_Seg_0","diameter_mm":900.0,"pressure_bar":70.0,"capacity_mcmd":27.39699999999984,"length_km":6.238365,"source":"SciGRID_gas IGGIELGNC-3","source_url":"https://github.com/Netizine/SciGRID_gas-IGGIELGNC-3"}},{"type":"Feature","geometry":{"type":"LineString","coordinates":[[11.748399,51.80548],[11.671917,51.855733]]},"properties":{"kind":"gas_pipeline","name":"LKD_PS_713_Seg_0_Seg_0","diameter_mm":500.0,"pressure_bar":25.0,"capacity_mcmd":3.875371924000021,"length_km":7.673523,"source":"SciGRID_gas IGGIELGNC-3","source_url":"https://github.com/Netizine/SciGRID_gas-IGGIELGNC-3"}},{"type":"Feature","geometry":{"type":"LineString","coordinates":[[11.748399,51.80548],[11.671917,51.855733]]},"properties":{"kind":"gas_pipeline","name":"LKD_PS_714_Seg_0_Seg_0","diameter_mm":600.0,"pressure_bar":63.0,"capacity_mcmd":11.407561044000005,"length_km":10.217897,"source":"SciGRID_gas IGGIELGNC-3","source_url":"https://github.com/Netizine/SciGRID_gas-IGGIELGNC-3"}},{"type":"Feature","geometry":{"type":"LineString","coordinates":[[11.671917,51.855733],[11.297063,51.673339]]},"properties":{"kind":"gas_pipeline","name":"LKD_PS_717_Seg_0_Seg_0","diameter_mm":600.0,"pressure_bar":63.0,"capacity_mcmd":11.407561044000005,"length_km":36.720417,"source":"SciGRID_gas IGGIELGNC-3","source_url":"https://github.com/Netizine/SciGRID_gas-IGGIELGNC-3"}},{"type":"Feature","geometry":{"type":"LineString","coordinates":[[11.297063,51.673339],[11.243441,51.589948]]},"properties":{"kind":"gas_pipeline","name":"LKD_PS_717_Seg_0_Seg_2","diameter_mm":600.0,"pressure_bar":63.0,"capacity_mcmd":11.407561044000005,"length_km":12.686669,"source":"SciGRID_gas IGGIELGNC-3","source_url":"https://github.com/Netizine/SciGRID_gas-IGGIELGNC-3"}},{"type":"Feature","geometry":{"type":"LineString","coordinates":[[11.671917,51.855733],[11.618627,51.890894]]},"properties":{"kind":"gas_pipeline","name":"LKD_PS_718_Seg_0_Seg_0","diameter_mm":900.0,"pressure_bar":55.0,"capacity_mcmd":39.74313905759999,"length_km":5.356148,"source":"SciGRID_gas IGGIELGNC-3","source_url":"https://github.com/Netizine/SciGRID_gas-IGGIELGNC-3"}},{"type":"Feature","geometry":{"type":"LineString","coordinates":[[11.618627,51.890894],[11.543642,52.089139]]},"properties":{"kind":"gas_pipeline","name":"LKD_PS_720_Seg_0_Seg_0","diameter_mm":900.0,"pressure_bar":55.0,"capacity_mcmd":39.74313905759999,"length_km":22.766085,"source":"SciGRID_gas IGGIELGNC-3","source_url":"https://github.com/Netizine/SciGRID_gas-IGGIELGNC-3"}},{"type":"Feature","geometry":{"type":"LineString","coordinates":[[11.671917,51.855733],[11.618627,51.890894]]},"properties":{"kind":"gas_pipeline","name":"LKD_PS_721_Seg_0_Seg_0","diameter_mm":900.0,"pressure_bar":55.0,"capacity_mcmd":39.74313905759999,"length_km":5.624904,"source":"SciGRID_gas IGGIELGNC-3","source_url":"https://github.com/Netizine/SciGRID_gas-IGGIELGNC-3"}},{"type":"Feature","geometry":{"type":"LineString","coordinates":[[11.671917,51.855733],[11.618627,51.890894]]},"properties":{"kind":"gas_pipeline","name":"LKD_PS_723_Seg_0_Seg_0","diameter_mm":900.0,"pressure_bar":55.0,"capacity_mcmd":39.74313905759999,"length_km":7.70807,"source":"SciGRID_gas IGGIELGNC-3","source_url":"https://github.com/Netizine/SciGRID_gas-IGGIELGNC-3"}},{"type":"Feature","geometry":{"type":"LineString","coordinates":[[11.618627,51.890894],[11.667126,51.926095]]},"properties":{"kind":"gas_pipeline","name":"LKD_PS_727_Seg_0_Seg_0","diameter_mm":900.0,"pressure_bar":55.0,"capacity_mcmd":39.74313905759999,"length_km":5.138667,"source":"SciGRID_gas IGGIELGNC-3","source_url":"https://github.com/Netizine/SciGRID_gas-IGGIELGNC-3"}},{"type":"Feature","geometry":{"type":"LineString","coordinates":[[11.618627,51.890894],[11.667126,51.926095]]},"properties":{"kind":"gas_pipeline","name":"LKD_PS_728_Seg_0_Seg_0","diameter_mm":600.0,"pressure_bar":63.0,"capacity_mcmd":11.407561044000005,"length_km":5.138667,"source":"SciGRID_gas IGGIELGNC-3","source_url":"https://github.com/Netizine/SciGRID_gas-IGGIELGNC-3"}},{"type":"Feature","geometry":{"type":"LineString","coordinates":[[11.618627,51.890894],[11.667126,51.926095]]},"properties":{"kind":"gas_pipeline","name":"LKD_PS_729_Seg_0_Seg_0","diameter_mm":600.0,"pressure_bar":63.0,"capacity_mcmd":11.407561044000005,"length_km":5.138667,"source":"SciGRID_gas IGGIELGNC-3","source_url":"https://github.com/Netizine/SciGRID_gas-IGGIELGNC-3"}},{"type":"Feature","geometry":{"type":"LineString","coordinates":[[11.667126,51.926095],[11.8766,51.9832]]},"properties":{"kind":"gas_pipeline","name":"LKD_PS_731_Seg_0_Seg_0","diameter_mm":660.0,"pressure_bar":63.0,"capacity_mcmd":15.926874515999998,"length_km":15.983424,"source":"SciGRID_gas IGGIELGNC-3","source_url":"https://github.com/Netizine/SciGRID_gas-IGGIELGNC-3"}},{"type":"Feature","geometry":{"type":"LineString","coordinates":[[11.667126,51.926095],[11.781378,51.875157]]},"properties":{"kind":"gas_pipeline","name":"LKD_PS_732_Seg_0_Seg_0","diameter_mm":900.0,"pressure_bar":55.0,"capacity_mcmd":39.74313905759999,"length_km":9.674085,"source":"SciGRID_gas IGGIELGNC-3","source_url":"https://github.com/Netizine/SciGRID_gas-IGGIELGNC-3"}},{"type":"Feature","geometry":{"type":"LineString","coordinates":[[11.671917,51.855733],[11.781378,51.875157]]},"properties":{"kind":"gas_pipeline","name":"LKD_PS_733_Seg_0_Seg_0","diameter_mm":600.0,"pressure_bar":63.0,"capacity_mcmd":11.407561044000005,"length_km":7.828591,"source":"SciGRID_gas IGGIELGNC-3","source_url":"https://github.com/Netizine/SciGRID_gas-IGGIELGNC-3"}},{"type":"Feature","geometry":{"type":"LineString","coordinates":[[11.667126,51.926095],[11.585631,52.023669]]},"properties":{"kind":"gas_pipeline","name":"LKD_PS_734_Seg_0_Seg_0","diameter_mm":900.0,"pressure_bar":55.0,"capacity_mcmd":39.74313905759999,"length_km":12.206521,"source":"SciGRID_gas IGGIELGNC-3","source_url":"https://github.com/Netizine/SciGRID_gas-IGGIELGNC-3"}},{"type":"Feature","geometry":{"type":"LineString","coordinates":[[11.585631,52.023669],[11.543642,52.089139]]},"properties":{"kind":"gas_pipeline","name":"LKD_PS_735_Seg_0_Seg_0","diameter_mm":900.0,"pressure_bar":55.0,"capacity_mcmd":39.74313905759999,"length_km":7.830723,"source":"SciGRID_gas IGGIELGNC-3","source_url":"https://github.com/Netizine/SciGRID_gas-IGGIELGNC-3"}},{"type":"Feature","geometry":{"type":"LineString","coordinates":[[11.667126,51.926095],[11.585631,52.023669]]},"properties":{"kind":"gas_pipeline","name":"LKD_PS_736_Seg_0_Seg_0","diameter_mm":900.0,"pressure_bar":55.0,"capacity_mcmd":39.74313905759999,"length_km":13.627025,"source":"SciGRID_gas IGGIELGNC-3","source_url":"https://github.com/Netizine/SciGRID_gas-IGGIELGNC-3"}},{"type":"Feature","geometry":{"type":"LineString","coordinates":[[11.585631,52.023669],[11.543642,52.089139]]},"properties":{"kind":"gas_pipeline","name":"LKD_PS_738_Seg_0_Seg_0","diameter_mm":900.0,"pressure_bar":55.0,"capacity_mcmd":39.74313905759999,"length_km":7.828014,"source":"SciGRID_gas IGGIELGNC-3","source_url":"https://github.com/Netizine/SciGRID_gas-IGGIELGNC-3"}},{"type":"Feature","geometry":{"type":"LineString","coordinates":[[11.543642,52.089139],[11.514391,52.14787]]},"properties":{"kind":"gas_pipeline","name":"LKD_PS_741_Seg_0_Seg_0","diameter_mm":900.0,"pressure_bar":55.0,"capacity_mcmd":39.74313905759999,"length_km":10.423259,"source":"SciGRID_gas IGGIELGNC-3","source_url":"https://github.com/Netizine/SciGRID_gas-IGGIELGNC-3"}},{"type":"Feature","geometry":{"type":"LineString","coordinates":[[11.514391,52.14787],[11.467395,52.207464]]},"properties":{"kind":"gas_pipeline","name":"LKD_PS_742_Seg_0_Seg_0","diameter_mm":900.0,"pressure_bar":55.0,"capacity_mcmd":39.74313905759999,"length_km":7.697256,"source":"SciGRID_gas IGGIELGNC-3","source_url":"https://github.com/Netizine/SciGRID_gas-IGGIELGNC-3"}},{"type":"Feature","geometry":{"type":"LineString","coordinates":[[11.543642,52.089139],[11.514391,52.14787]]},"properties":{"kind":"gas_pipeline","name":"LKD_PS_743_Seg_0_Seg_0","diameter_mm":900.0,"pressure_bar":55.0,"capacity_mcmd":39.74313905759999,"length_km":6.966047,"source":"SciGRID_gas IGGIELGNC-3","source_url":"https://github.com/Netizine/SciGRID_gas-IGGIELGNC-3"}},{"type":"Feature","geometry":{"type":"LineString","coordinates":[[11.543642,52.089139],[11.514391,52.14787]]},"properties":{"kind":"gas_pipeline","name":"LKD_PS_744_Seg_0_Seg_0","diameter_mm":900.0,"pressure_bar":55.0,"capacity_mcmd":39.74313905759999,"length_km":7.114263,"source":"SciGRID_gas IGGIELGNC-3","source_url":"https://github.com/Netizine/SciGRID_gas-IGGIELGNC-3"}},{"type":"Feature","geometry":{"type":"LineString","coordinates":[[11.514391,52.14787],[11.615692,52.209259]]},"properties":{"kind":"gas_pipeline","name":"LKD_PS_752_Seg_0_Seg_0","diameter_mm":800.0,"pressure_bar":25.0,"capacity_mcmd":20.88218912000002,"length_km":9.738872,"source":"SciGRID_gas IGGIELGNC-3","source_url":"https://github.com/Netizine/SciGRID_gas-IGGIELGNC-3"}},{"type":"Feature","geometry":{"type":"LineString","coordinates":[[11.615692,52.209259],[11.665631,52.260256]]},"properties":{"kind":"gas_pipeline","name":"LKD_PS_753_Seg_0_Seg_0","diameter_mm":800.0,"pressure_bar":85.0,"capacity_mcmd":31.937422328533344,"length_km":11.890704,"source":"SciGRID_gas IGGIELGNC-3","source_url":"https://github.com/Netizine/SciGRID_gas-IGGIELGNC-3"}},{"type":"Feature","geometry":{"type":"LineString","coordinates":[[11.514391,52.14787],[11.467395,52.207464]]},"properties":{"kind":"gas_pipeline","name":"LKD_PS_754_Seg_0_Seg_0","diameter_mm":900.0,"pressure_bar":55.0,"capacity_mcmd":39.74313905759999,"length_km":7.363011,"source":"SciGRID_gas IGGIELGNC-3","source_url":"https://github.com/Netizine/SciGRID_gas-IGGIELGNC-3"}},{"type":"Feature","geometry":{"type":"LineString","coordinates":[[11.514391,52.14787],[11.467395,52.207464]]},"properties":{"kind":"gas_pipeline","name":"LKD_PS_755_Seg_0_Seg_0","diameter_mm":900.0,"pressure_bar":55.0,"capacity_mcmd":39.74313905759999,"length_km":8.822274,"source":"SciGRID_gas IGGIELGNC-3","source_url":"https://github.com/Netizine/SciGRID_gas-IGGIELGNC-3"}},{"type":"Feature","geometry":{"type":"LineString","coordinates":[[11.514391,52.14787],[11.467395,52.207464]]},"properties":{"kind":"gas_pipeline","name":"LKD_PS_757_Seg_0_Seg_0","diameter_mm":1400.0,"pressure_bar":100.0,"capacity_mcmd":120.1986391,"length_km":7.437487,"source":"SciGRID_gas IGGIELGNC-3","source_url":"https://github.com/Netizine/SciGRID_gas-IGGIELGNC-3"}},{"type":"Feature","geometry":{"type":"LineString","coordinates":[[11.467395,52.207464],[11.392871,52.266898]]},"properties":{"kind":"gas_pipeline","name":"LKD_PS_759_Seg_0_Seg_0","diameter_mm":600.0,"pressure_bar":63.0,"capacity_mcmd":11.407561044000005,"length_km":9.033952,"source":"SciGRID_gas IGGIELGNC-3","source_url":"https://github.com/Netizine/SciGRID_gas-IGGIELGNC-3"}},{"type":"Feature","geometry":{"type":"LineString","coordinates":[[11.392871,52.266898],[11.467395,52.207464]]},"properties":{"kind":"gas_pipeline","name":"LKD_PS_765_Seg_0_Seg_0","diameter_mm":900.0,"pressure_bar":25.0,"capacity_mcmd":34.21552245333332,"length_km":11.249975,"source":"SciGRID_gas IGGIELGNC-3","source_url":"https://github.com/Netizine/SciGRID_gas-IGGIELGNC-3"}},{"type":"Feature","geometry":{"type":"LineString","coordinates":[[11.467395,52.207464],[11.392871,52.266898]]},"properties":{"kind":"gas_pipeline","name":"LKD_PS_767_Seg_0_Seg_0","diameter_mm":900.0,"pressure_bar":25.0,"capacity_mcmd":34.21552245333332,"length_km":8.334991,"source":"SciGRID_gas IGGIELGNC-3","source_url":"https://github.com/Netizine/SciGRID_gas-IGGIELGNC-3"}},{"type":"Feature","geometry":{"type":"LineString","coordinates":[[11.467395,52.207464],[11.615692,52.209259]]},"properties":{"kind":"gas_pipeline","name":"LKD_PS_769_Seg_0_Seg_0","diameter_mm":800.0,"pressure_bar":85.0,"capacity_mcmd":31.937422328533344,"length_km":10.110001,"source":"SciGRID_gas IGGIELGNC-3","source_url":"https://github.com/Netizine/SciGRID_gas-IGGIELGNC-3"}},{"type":"Feature","geometry":{"type":"LineString","coordinates":[[11.392871,52.266898],[11.615692,52.209259]]},"properties":{"kind":"gas_pipeline","name":"LKD_PS_771_Seg_0_Seg_0","diameter_mm":800.0,"pressure_bar":25.0,"capacity_mcmd":20.88218912000002,"length_km":17.648959,"source":"SciGRID_gas IGGIELGNC-3","source_url":"https://github.com/Netizine/SciGRID_gas-IGGIELGNC-3"}},{"type":"Feature","geometry":{"type":"LineString","coordinates":[[11.615692,52.209259],[11.665631,52.260256]]},"properties":{"kind":"gas_pipeline","name":"LKD_PS_772_Seg_0_Seg_0","diameter_mm":900.0,"pressure_bar":70.0,"capacity_mcmd":27.39699999999984,"length_km":6.614272,"source":"SciGRID_gas IGGIELGNC-3","source_url":"https://github.com/Netizine/SciGRID_gas-IGGIELGNC-3"}},{"type":"Feature","geometry":{"type":"LineString","coordinates":[[11.665631,52.260256],[12.054856,52.304845]]},"properties":{"kind":"gas_pipeline","name":"LKD_PS_773_Seg_0_Seg_0","diameter_mm":900.0,"pressure_bar":70.0,"capacity_mcmd":27.39699999999984,"length_km":28.046617,"source":"SciGRID_gas IGGIELGNC-3","source_url":"https://github.com/Netizine/SciGRID_gas-IGGIELGNC-3"}},{"type":"Feature","geometry":{"type":"LineString","coordinates":[[11.392871,52.266898],[11.365749,52.347906]]},"properties":{"kind":"gas_pipeline","name":"LKD_PS_774_Seg_0_Seg_0","diameter_mm":900.0,"pressure_bar":55.0,"capacity_mcmd":39.74313905759999,"length_km":9.315575,"source":"SciGRID_gas IGGIELGNC-3","source_url":"https://github.com/Netizine/SciGRID_gas-IGGIELGNC-3"}},{"type":"Feature","geometry":{"type":"LineString","coordinates":[[11.392871,52.266898],[11.365749,52.347906]]},"properties":{"kind":"gas_pipeline","name":"LKD_PS_775_Seg_0_Seg_0","diameter_mm":900.0,"pressure_bar":55.0,"capacity_mcmd":39.74313905759999,"length_km":10.438835,"source":"SciGRID_gas IGGIELGNC-3","source_url":"https://github.com/Netizine/SciGRID_gas-IGGIELGNC-3"}},{"type":"Feature","geometry":{"type":"LineString","coordinates":[[11.365749,52.347906],[11.254514,52.5244]]},"properties":{"kind":"gas_pipeline","name":"LKD_PS_776_Seg_0_Seg_0","diameter_mm":900.0,"pressure_bar":55.0,"capacity_mcmd":39.74313905759999,"length_km":22.05343,"source":"SciGRID_gas IGGIELGNC-3","source_url":"https://github.com/Netizine/SciGRID_gas-IGGIELGNC-3"}},{"type":"Feature","geometry":{"type":"LineString","coordinates":[[11.254514,52.5244],[11.177917,52.680084]]},"properties":{"kind":"gas_pipeline","name":"LKD_PS_777_Seg_0_Seg_0","diameter_mm":900.0,"pressure_bar":55.0,"capacity_mcmd":39.74313905759999,"length_km":18.073973,"source":"SciGRID_gas IGGIELGNC-3","source_url":"https://github.com/Netizine/SciGRID_gas-IGGIELGNC-3"}},{"type":"Feature","geometry":{"type":"LineString","coordinates":[[11.392871,52.266898],[11.254514,52.5244]]},"properties":{"kind":"gas_pipeline","name":"LKD_PS_778_Seg_0_Seg_0","diameter_mm":900.0,"pressure_bar":55.0,"capacity_mcmd":39.74313905759999,"length_km":33.88509,"source":"SciGRID_gas IGGIELGNC-3","source_url":"https://github.com/Netizine/SciGRID_gas-IGGIELGNC-3"}},{"type":"Feature","geometry":{"type":"LineString","coordinates":[[11.254514,52.5244],[11.177917,52.680084]]},"properties":{"kind":"gas_pipeline","name":"LKD_PS_779_Seg_0_Seg_0","diameter_mm":900.0,"pressure_bar":55.0,"capacity_mcmd":39.74313905759999,"length_km":18.216268,"source":"SciGRID_gas IGGIELGNC-3","source_url":"https://github.com/Netizine/SciGRID_gas-IGGIELGNC-3"}},{"type":"Feature","geometry":{"type":"LineString","coordinates":[[11.365749,52.347906],[11.124105,52.760641]]},"properties":{"kind":"gas_pipeline","name":"LKD_PS_783_Seg_0_Seg_0","diameter_mm":900.0,"pressure_bar":55.0,"capacity_mcmd":39.74313905759999,"length_km":50.373013,"source":"SciGRID_gas IGGIELGNC-3","source_url":"https://github.com/Netizine/SciGRID_gas-IGGIELGNC-3"}},{"type":"Feature","geometry":{"type":"LineString","coordinates":[[11.124105,52.760641],[11.031503,52.824593]]},"properties":{"kind":"gas_pipeline","name":"LKD_PS_784_Seg_0_Seg_0","diameter_mm":900.0,"pressure_bar":55.0,"capacity_mcmd":39.74313905759999,"length_km":9.499268,"source":"SciGRID_gas IGGIELGNC-3","source_url":"https://github.com/Netizine/SciGRID_gas-IGGIELGNC-3"}},{"type":"Feature","geometry":{"type":"LineString","coordinates":[[11.124105,52.760641],[11.031503,52.824593]]},"properties":{"kind":"gas_pipeline","name":"LKD_PS_785_Seg_0_Seg_0","diameter_mm":900.0,"pressure_bar":55.0,"capacity_mcmd":39.74313905759999,"length_km":14.107075,"source":"SciGRID_gas IGGIELGNC-3","source_url":"https://github.com/Netizine/SciGRID_gas-IGGIELGNC-3"}},{"type":"Feature","geometry":{"type":"LineString","coordinates":[[11.177917,52.680084],[11.124105,52.760641]]},"properties":{"kind":"gas_pipeline","name":"LKD_PS_786_Seg_0_Seg_0","diameter_mm":900.0,"pressure_bar":55.0,"capacity_mcmd":39.74313905759999,"length_km":10.135155,"source":"SciGRID_gas IGGIELGNC-3","source_url":"https://github.com/Netizine/SciGRID_gas-IGGIELGNC-3"}},{"type":"Feature","geometry":{"type":"LineString","coordinates":[[11.177917,52.680084],[11.124105,52.760641]]},"properties":{"kind":"gas_pipeline","name":"LKD_PS_787_Seg_0_Seg_0","diameter_mm":900.0,"pressure_bar":55.0,"capacity_mcmd":39.74313905759999,"length_km":10.711034,"source":"SciGRID_gas IGGIELGNC-3","source_url":"https://github.com/Netizine/SciGRID_gas-IGGIELGNC-3"}},{"type":"Feature","geometry":{"type":"LineString","coordinates":[[11.031503,52.824593],[11.21891,52.820686]]},"properties":{"kind":"gas_pipeline","name":"LKD_PS_792_Seg_0_Seg_0","diameter_mm":900.0,"pressure_bar":25.0,"capacity_mcmd":34.21552245333332,"length_km":16.81178,"source":"SciGRID_gas IGGIELGNC-3","source_url":"https://github.com/Netizine/SciGRID_gas-IGGIELGNC-3"}},{"type":"Feature","geometry":{"type":"LineString","coordinates":[[11.031503,52.824593],[11.21891,52.820686]]},"properties":{"kind":"gas_pipeline","name":"LKD_PS_793_Seg_0_Seg_0","diameter_mm":800.0,"pressure_bar":85.0,"capacity_mcmd":31.937422328533344,"length_km":16.175124,"source":"SciGRID_gas IGGIELGNC-3","source_url":"https://github.com/Netizine/SciGRID_gas-IGGIELGNC-3"}},{"type":"Feature","geometry":{"type":"LineString","coordinates":[[11.031503,52.824593],[11.21891,52.820686]]},"properties":{"kind":"gas_pipeline","name":"LKD_PS_794_Seg_0_Seg_0","diameter_mm":800.0,"pressure_bar":85.0,"capacity_mcmd":31.937422328533344,"length_km":16.39138,"source":"SciGRID_gas IGGIELGNC-3","source_url":"https://github.com/Netizine/SciGRID_gas-IGGIELGNC-3"}},{"type":"Feature","geometry":{"type":"LineString","coordinates":[[11.031503,52.824593],[11.384046,52.748308]]},"properties":{"kind":"gas_pipeline","name":"LKD_PS_795_Seg_0_Seg_0","diameter_mm":800.0,"pressure_bar":25.0,"capacity_mcmd":20.88218912000002,"length_km":29.6273,"source":"SciGRID_gas IGGIELGNC-3","source_url":"https://github.com/Netizine/SciGRID_gas-IGGIELGNC-3"}},{"type":"Feature","geometry":{"type":"LineString","coordinates":[[11.384046,52.748308],[11.590301,52.657963]]},"properties":{"kind":"gas_pipeline","name":"LKD_PS_795_Seg_0_Seg_1","diameter_mm":800.0,"pressure_bar":25.0,"capacity_mcmd":20.88218912000002,"length_km":18.561364,"source":"SciGRID_gas IGGIELGNC-3","source_url":"https://github.com/Netizine/SciGRID_gas-IGGIELGNC-3"}},{"type":"Feature","geometry":{"type":"LineString","coordinates":[[11.590301,52.657963],[11.771459,52.603718]]},"properties":{"kind":"gas_pipeline","name":"LKD_PS_795_Seg_0_Seg_2","diameter_mm":800.0,"pressure_bar":25.0,"capacity_mcmd":20.88218912000002,"length_km":13.714526,"source":"SciGRID_gas IGGIELGNC-3","source_url":"https://github.com/Netizine/SciGRID_gas-IGGIELGNC-3"}},{"type":"Feature","geometry":{"type":"LineString","coordinates":[[11.771459,52.603718],[11.665631,52.260256]]},"properties":{"kind":"gas_pipeline","name":"LKD_PS_799_Seg_0_Seg_0","diameter_mm":800.0,"pressure_bar":25.0,"capacity_mcmd":20.88218912000002,"length_km":39.267307,"source":"SciGRID_gas IGGIELGNC-3","source_url":"https://github.com/Netizine/SciGRID_gas-IGGIELGNC-3"}},{"type":"Feature","geometry":{"type":"LineString","coordinates":[[11.21891,52.820686],[11.714862,53.159059]]},"properties":{"kind":"gas_pipeline","name":"LKD_PS_800_Seg_0_Seg_0","diameter_mm":800.0,"pressure_bar":85.0,"capacity_mcmd":31.937422328533344,"length_km":60.219506,"source":"SciGRID_gas IGGIELGNC-3","source_url":"https://github.com/Netizine/SciGRID_gas-IGGIELGNC-3"}},{"type":"Feature","geometry":{"type":"LineString","coordinates":[[11.21891,52.820686],[11.73955,52.768059]]},"properties":{"kind":"gas_pipeline","name":"LKD_PS_801_Seg_0_Seg_0","diameter_mm":900.0,"pressure_bar":55.0,"capacity_mcmd":39.74313905759999,"length_km":37.20582,"source":"SciGRID_gas IGGIELGNC-3","source_url":"https://github.com/Netizine/SciGRID_gas-IGGIELGNC-3"}},{"type":"Feature","geometry":{"type":"LineString","coordinates":[[11.73955,52.768059],[11.771459,52.603718]]},"properties":{"kind":"gas_pipeline","name":"LKD_PS_802_Seg_0_Seg_0","diameter_mm":900.0,"pressure_bar":70.0,"capacity_mcmd":27.39699999999984,"length_km":18.64571,"source":"SciGRID_gas IGGIELGNC-3","source_url":"https://github.com/Netizine/SciGRID_gas-IGGIELGNC-3"}},{"type":"Feature","geometry":{"type":"LineString","coordinates":[[11.73955,52.768059],[12.506152,52.769991]]},"properties":{"kind":"gas_pipeline","name":"LKD_PS_803_Seg_0_Seg_0","diameter_mm":900.0,"pressure_bar":70.0,"capacity_mcmd":27.39699999999984,"length_km":52.444431,"source":"SciGRID_gas IGGIELGNC-3","source_url":"https://github.com/Netizine/SciGRID_gas-IGGIELGNC-3"}},{"type":"Feature","geometry":{"type":"LineString","coordinates":[[11.714862,53.159059],[11.73955,52.768059]]},"properties":{"kind":"gas_pipeline","name":"LKD_PS_809_Seg_0_Seg_0","diameter_mm":800.0,"pressure_bar":25.0,"capacity_mcmd":20.88218912000002,"length_km":50.672799,"source":"SciGRID_gas IGGIELGNC-3","source_url":"https://github.com/Netizine/SciGRID_gas-IGGIELGNC-3"}},{"type":"Feature","geometry":{"type":"LineString","coordinates":[[11.714862,53.159059],[11.952196,53.146303]]},"properties":{"kind":"gas_pipeline","name":"LKD_PS_810_Seg_0_Seg_0","diameter_mm":600.0,"pressure_bar":63.0,"capacity_mcmd":11.407561044000005,"length_km":17.571715,"source":"SciGRID_gas IGGIELGNC-3","source_url":"https://github.com/Netizine/SciGRID_gas-IGGIELGNC-3"}},{"type":"Feature","geometry":{"type":"LineString","coordinates":[[11.952196,53.146303],[12.170588,53.139099]]},"properties":{"kind":"gas_pipeline","name":"LKD_PS_810_Seg_0_Seg_1","diameter_mm":600.0,"pressure_bar":63.0,"capacity_mcmd":11.407561044000005,"length_km":15.58456,"source":"SciGRID_gas IGGIELGNC-3","source_url":"https://github.com/Netizine/SciGRID_gas-IGGIELGNC-3"}},{"type":"Feature","geometry":{"type":"LineString","coordinates":[[11.714862,53.159059],[11.77411,53.345656]]},"properties":{"kind":"gas_pipeline","name":"LKD_PS_811_Seg_0_Seg_0","diameter_mm":800.0,"pressure_bar":85.0,"capacity_mcmd":31.937422328533344,"length_km":22.688577,"source":"SciGRID_gas IGGIELGNC-3","source_url":"https://github.com/Netizine/SciGRID_gas-IGGIELGNC-3"}},{"type":"Feature","geometry":{"type":"LineString","coordinates":[[11.714862,53.159059],[11.393438,53.366413]]},"properties":{"kind":"gas_pipeline","name":"LKD_PS_812_Seg_0_Seg_0","diameter_mm":600.0,"pressure_bar":63.0,"capacity_mcmd":11.407561044000005,"length_km":32.129746,"source":"SciGRID_gas IGGIELGNC-3","source_url":"https://github.com/Netizine/SciGRID_gas-IGGIELGNC-3"}},{"type":"Feature","geometry":{"type":"LineString","coordinates":[[11.393438,53.366413],[11.363147,53.560526]]},"properties":{"kind":"gas_pipeline","name":"LKD_PS_812_Seg_0_Seg_2","diameter_mm":600.0,"pressure_bar":63.0,"capacity_mcmd":11.407561044000005,"length_km":25.164397,"source":"SciGRID_gas IGGIELGNC-3","source_url":"https://github.com/Netizine/SciGRID_gas-IGGIELGNC-3"}},{"type":"Feature","geometry":{"type":"LineString","coordinates":[[11.77411,53.345656],[11.83028,53.577552]]},"properties":{"kind":"gas_pipeline","name":"LKD_PS_813_Seg_0_Seg_0","diameter_mm":800.0,"pressure_bar":85.0,"capacity_mcmd":31.937422328533344,"length_km":27.727476,"source":"SciGRID_gas IGGIELGNC-3","source_url":"https://github.com/Netizine/SciGRID_gas-IGGIELGNC-3"}},{"type":"Feature","geometry":{"type":"LineString","coordinates":[[11.83028,53.577552],[11.385111,53.634769]]},"properties":{"kind":"gas_pipeline","name":"LKD_PS_814_Seg_0_Seg_0","diameter_mm":600.0,"pressure_bar":63.0,"capacity_mcmd":11.407561044000005,"length_km":35.730358,"source":"SciGRID_gas IGGIELGNC-3","source_url":"https://github.com/Netizine/SciGRID_gas-IGGIELGNC-3"}},{"type":"Feature","geometry":{"type":"LineString","coordinates":[[11.363147,53.560526],[11.578329,53.901448]]},"properties":{"kind":"gas_pipeline","name":"LKD_PS_819_Seg_0_Seg_0","diameter_mm":900.0,"pressure_bar":70.0,"capacity_mcmd":27.39699999999984,"length_km":51.511504,"source":"SciGRID_gas IGGIELGNC-3","source_url":"https://github.com/Netizine/SciGRID_gas-IGGIELGNC-3"}},{"type":"Feature","geometry":{"type":"LineString","coordinates":[[11.578329,53.901448],[12.016361,54.120956]]},"properties":{"kind":"gas_pipeline","name":"LKD_PS_819_Seg_0_Seg_2","diameter_mm":900.0,"pressure_bar":70.0,"capacity_mcmd":27.39699999999984,"length_km":42.636991,"source":"SciGRID_gas IGGIELGNC-3","source_url":"https://github.com/Netizine/SciGRID_gas-IGGIELGNC-3"}},{"type":"Feature","geometry":{"type":"LineString","coordinates":[[11.83028,53.577552],[12.001123,53.907065]]},"properties":{"kind":"gas_pipeline","name":"LKD_PS_820_Seg_0_Seg_0","diameter_mm":800.0,"pressure_bar":85.0,"capacity_mcmd":31.937422328533344,"length_km":40.475591,"source":"SciGRID_gas IGGIELGNC-3","source_url":"https://github.com/Netizine/SciGRID_gas-IGGIELGNC-3"}},{"type":"Feature","geometry":{"type":"LineString","coordinates":[[12.001123,53.907065],[12.016361,54.120956]]},"properties":{"kind":"gas_pipeline","name":"LKD_PS_821_Seg_0_Seg_0","diameter_mm":400.0,"pressure_bar":25.0,"capacity_mcmd":2.549933272444444,"length_km":25.699445,"source":"SciGRID_gas IGGIELGNC-3","source_url":"https://github.com/Netizine/SciGRID_gas-IGGIELGNC-3"}},{"type":"Feature","geometry":{"type":"LineString","coordinates":[[12.016361,54.120956],[12.101503,54.120508]]},"properties":{"kind":"gas_pipeline","name":"LKD_PS_823_Seg_0_Seg_0","diameter_mm":400.0,"pressure_bar":25.0,"capacity_mcmd":2.549933272444444,"length_km":5.987674,"source":"SciGRID_gas IGGIELGNC-3","source_url":"https://github.com/Netizine/SciGRID_gas-IGGIELGNC-3"}},{"type":"Feature","geometry":{"type":"LineString","coordinates":[[12.016361,54.120956],[12.101503,54.120508]]},"properties":{"kind":"gas_pipeline","name":"LKD_PS_824_Seg_0_Seg_0","diameter_mm":400.0,"pressure_bar":25.0,"capacity_mcmd":2.549933272444444,"length_km":6.031636,"source":"SciGRID_gas IGGIELGNC-3","source_url":"https://github.com/Netizine/SciGRID_gas-IGGIELGNC-3"}},{"type":"Feature","geometry":{"type":"LineString","coordinates":[[12.101503,54.120508],[12.237856,54.10122]]},"properties":{"kind":"gas_pipeline","name":"LKD_PS_825_Seg_0_Seg_0","diameter_mm":400.0,"pressure_bar":25.0,"capacity_mcmd":2.549933272444444,"length_km":11.708765,"source":"SciGRID_gas IGGIELGNC-3","source_url":"https://github.com/Netizine/SciGRID_gas-IGGIELGNC-3"}},{"type":"Feature","geometry":{"type":"LineString","coordinates":[[12.237856,54.10122],[12.001123,53.907065]]},"properties":{"kind":"gas_pipeline","name":"LKD_PS_828_Seg_0_Seg_0","diameter_mm":400.0,"pressure_bar":25.0,"capacity_mcmd":2.549933272444444,"length_km":31.76678,"source":"SciGRID_gas IGGIELGNC-3","source_url":"https://github.com/Netizine/SciGRID_gas-IGGIELGNC-3"}},{"type":"Feature","geometry":{"type":"LineString","coordinates":[[12.237856,54.10122],[12.249756,53.903714]]},"properties":{"kind":"gas_pipeline","name":"LKD_PS_830_Seg_0_Seg_0","diameter_mm":400.0,"pressure_bar":25.0,"capacity_mcmd":2.549933272444444,"length_km":22.819607,"source":"SciGRID_gas IGGIELGNC-3","source_url":"https://github.com/Netizine/SciGRID_gas-IGGIELGNC-3"}},{"type":"Feature","geometry":{"type":"LineString","coordinates":[[12.249756,53.903714],[12.306071,53.83176]]},"properties":{"kind":"gas_pipeline","name":"LKD_PS_830_Seg_0_Seg_1","diameter_mm":400.0,"pressure_bar":25.0,"capacity_mcmd":2.549933272444444,"length_km":9.377667,"source":"SciGRID_gas IGGIELGNC-3","source_url":"https://github.com/Netizine/SciGRID_gas-IGGIELGNC-3"}},{"type":"Feature","geometry":{"type":"LineString","coordinates":[[12.306071,53.83176],[12.001123,53.907065]]},"properties":{"kind":"gas_pipeline","name":"LKD_PS_831_Seg_0_Seg_0","diameter_mm":400.0,"pressure_bar":25.0,"capacity_mcmd":2.549933272444444,"length_km":23.755305,"source":"SciGRID_gas IGGIELGNC-3","source_url":"https://github.com/Netizine/SciGRID_gas-IGGIELGNC-3"}},{"type":"Feature","geometry":{"type":"LineString","coordinates":[[13.173215,54.247802],[12.88526,53.915766]]},"properties":{"kind":"gas_pipeline","name":"LKD_PS_835_Seg_0_Seg_0","diameter_mm":400.0,"pressure_bar":25.0,"capacity_mcmd":2.549933272444444,"length_km":43.890198,"source":"SciGRID_gas IGGIELGNC-3","source_url":"https://github.com/Netizine/SciGRID_gas-IGGIELGNC-3"}},{"type":"Feature","geometry":{"type":"LineString","coordinates":[[13.173215,54.247802],[13.308192,54.050548]]},"properties":{"kind":"gas_pipeline","name":"LKD_PS_836_Seg_0_Seg_0","diameter_mm":300.0,"pressure_bar":25.0,"capacity_mcmd":4.442477338165853,"length_km":25.39862,"source":"SciGRID_gas IGGIELGNC-3","source_url":"https://github.com/Netizine/SciGRID_gas-IGGIELGNC-3"}},{"type":"Feature","geometry":{"type":"LineString","coordinates":[[13.308192,54.050548],[12.88526,53.915766]]},"properties":{"kind":"gas_pipeline","name":"LKD_PS_837_Seg_0_Seg_0","diameter_mm":400.0,"pressure_bar":25.0,"capacity_mcmd":2.549933272444444,"length_km":33.246365,"source":"SciGRID_gas IGGIELGNC-3","source_url":"https://github.com/Netizine/SciGRID_gas-IGGIELGNC-3"}},{"type":"Feature","geometry":{"type":"LineString","coordinates":[[12.88526,53.915766],[12.306071,53.83176]]},"properties":{"kind":"gas_pipeline","name":"LKD_PS_839_Seg_0_Seg_0","diameter_mm":400.0,"pressure_bar":25.0,"capacity_mcmd":2.549933272444444,"length_km":43.298953,"source":"SciGRID_gas IGGIELGNC-3","source_url":"https://github.com/Netizine/SciGRID_gas-IGGIELGNC-3"}},{"type":"Feature","geometry":{"type":"LineString","coordinates":[[12.306071,53.83176],[12.259876,53.322562]]},"properties":{"kind":"gas_pipeline","name":"LKD_PS_840_Seg_0_Seg_0","diameter_mm":400.0,"pressure_bar":25.0,"capacity_mcmd":2.549933272444444,"length_km":60.003643,"source":"SciGRID_gas IGGIELGNC-3","source_url":"https://github.com/Netizine/SciGRID_gas-IGGIELGNC-3"}},{"type":"Feature","geometry":{"type":"LineString","coordinates":[[12.259876,53.322562],[11.77411,53.345656]]},"properties":{"kind":"gas_pipeline","name":"LKD_PS_841_Seg_0_Seg_0","diameter_mm":600.0,"pressure_bar":63.0,"capacity_mcmd":11.407561044000005,"length_km":34.791269,"source":"SciGRID_gas IGGIELGNC-3","source_url":"https://github.com/Netizine/SciGRID_gas-IGGIELGNC-3"}},{"type":"Feature","geometry":{"type":"LineString","coordinates":[[12.259876,53.322562],[12.933087,53.556374]]},"properties":{"kind":"gas_pipeline","name":"LKD_PS_842_Seg_0_Seg_0","diameter_mm":400.0,"pressure_bar":25.0,"capacity_mcmd":2.549933272444444,"length_km":57.604422,"source":"SciGRID_gas IGGIELGNC-3","source_url":"https://github.com/Netizine/SciGRID_gas-IGGIELGNC-3"}},{"type":"Feature","geometry":{"type":"LineString","coordinates":[[12.933087,53.556374],[13.188612,53.588385]]},"properties":{"kind":"gas_pipeline","name":"LKD_PS_842_Seg_0_Seg_3","diameter_mm":400.0,"pressure_bar":25.0,"capacity_mcmd":2.549933272444444,"length_km":17.840118,"source":"SciGRID_gas IGGIELGNC-3","source_url":"https://github.com/Netizine/SciGRID_gas-IGGIELGNC-3"}},{"type":"Feature","geometry":{"type":"LineString","coordinates":[[13.188612,53.588385],[13.387907,53.530853]]},"properties":{"kind":"gas_pipeline","name":"LKD_PS_842_Seg_0_Seg_4","diameter_mm":400.0,"pressure_bar":25.0,"capacity_mcmd":2.549933272444444,"length_km":17.068905,"source":"SciGRID_gas IGGIELGNC-3","source_url":"https://github.com/Netizine/SciGRID_gas-IGGIELGNC-3"}},{"type":"Feature","geometry":{"type":"LineString","coordinates":[[13.387907,53.530853],[13.457005,53.885358]]},"properties":{"kind":"gas_pipeline","name":"LKD_PS_843_Seg_0_Seg_0","diameter_mm":400.0,"pressure_bar":25.0,"capacity_mcmd":2.549933272444444,"length_km":44.773013,"source":"SciGRID_gas IGGIELGNC-3","source_url":"https://github.com/Netizine/SciGRID_gas-IGGIELGNC-3"}},{"type":"Feature","geometry":{"type":"LineString","coordinates":[[13.457005,53.885358],[13.308192,54.050548]]},"properties":{"kind":"gas_pipeline","name":"LKD_PS_846_Seg_0_Seg_0","diameter_mm":300.0,"pressure_bar":25.0,"capacity_mcmd":4.442477338165853,"length_km":22.202429,"source":"SciGRID_gas IGGIELGNC-3","source_url":"https://github.com/Netizine/SciGRID_gas-IGGIELGNC-3"}},{"type":"Feature","geometry":{"type":"LineString","coordinates":[[13.308192,54.050548],[13.470439,54.077018]]},"properties":{"kind":"gas_pipeline","name":"LKD_PS_847_Seg_0_Seg_0","diameter_mm":300.0,"pressure_bar":25.0,"capacity_mcmd":4.442477338165853,"length_km":11.446139,"source":"SciGRID_gas IGGIELGNC-3","source_url":"https://github.com/Netizine/SciGRID_gas-IGGIELGNC-3"}},{"type":"Feature","geometry":{"type":"LineString","coordinates":[[13.470439,54.077018],[13.673705,53.97482]]},"properties":{"kind":"gas_pipeline","name":"LKD_PS_847_Seg_0_Seg_1","diameter_mm":300.0,"pressure_bar":25.0,"capacity_mcmd":4.442477338165853,"length_km":18.556457,"source":"SciGRID_gas IGGIELGNC-3","source_url":"https://github.com/Netizine/SciGRID_gas-IGGIELGNC-3"}},{"type":"Feature","geometry":{"type":"LineString","coordinates":[[13.673705,53.97482],[13.97656,54.065147]]},"properties":{"kind":"gas_pipeline","name":"LKD_PS_848_Seg_0_Seg_0","diameter_mm":300.0,"pressure_bar":25.0,"capacity_mcmd":4.442477338165853,"length_km":22.540562,"source":"SciGRID_gas IGGIELGNC-3","source_url":"https://github.com/Netizine/SciGRID_gas-IGGIELGNC-3"}},{"type":"Feature","geometry":{"type":"LineString","coordinates":[[13.673705,53.97482],[13.457005,53.885358]]},"properties":{"kind":"gas_pipeline","name":"LKD_PS_849_Seg_0_Seg_0","diameter_mm":300.0,"pressure_bar":25.0,"capacity_mcmd":4.442477338165853,"length_km":32.803854,"source":"SciGRID_gas IGGIELGNC-3","source_url":"https://github.com/Netizine/SciGRID_gas-IGGIELGNC-3"}},{"type":"Feature","geometry":{"type":"LineString","coordinates":[[13.387907,53.530853],[13.141311,52.979301]]},"properties":{"kind":"gas_pipeline","name":"LKD_PS_852_Seg_0_Seg_0","diameter_mm":400.0,"pressure_bar":25.0,"capacity_mcmd":2.549933272444444,"length_km":75.879759,"source":"SciGRID_gas IGGIELGNC-3","source_url":"https://github.com/Netizine/SciGRID_gas-IGGIELGNC-3"}},{"type":"Feature","geometry":{"type":"LineString","coordinates":[[13.141311,52.979301],[13.912539,53.263442]]},"properties":{"kind":"gas_pipeline","name":"LKD_PS_857_Seg_0_Seg_0","diameter_mm":400.0,"pressure_bar":25.0,"capacity_mcmd":2.549933272444444,"length_km":73.463842,"source":"SciGRID_gas IGGIELGNC-3","source_url":"https://github.com/Netizine/SciGRID_gas-IGGIELGNC-3"}},{"type":"Feature","geometry":{"type":"LineString","coordinates":[[13.141311,52.979301],[13.368296,52.723668]]},"properties":{"kind":"gas_pipeline","name":"LKD_PS_862_Seg_0_Seg_0","diameter_mm":400.0,"pressure_bar":25.0,"capacity_mcmd":2.549933272444444,"length_km":32.874446,"source":"SciGRID_gas IGGIELGNC-3","source_url":"https://github.com/Netizine/SciGRID_gas-IGGIELGNC-3"}},{"type":"Feature","geometry":{"type":"LineString","coordinates":[[13.368296,52.723668],[13.528933,52.714633]]},"properties":{"kind":"gas_pipeline","name":"LKD_PS_863_Seg_0_Seg_0","diameter_mm":900.0,"pressure_bar":85.0,"capacity_mcmd":45.270755661866644,"length_km":10.924279,"source":"SciGRID_gas IGGIELGNC-3","source_url":"https://github.com/Netizine/SciGRID_gas-IGGIELGNC-3"}},{"type":"Feature","geometry":{"type":"LineString","coordinates":[[13.528933,52.714633],[13.672432,52.655167]]},"properties":{"kind":"gas_pipeline","name":"LKD_PS_864_Seg_0_Seg_0","diameter_mm":900.0,"pressure_bar":55.0,"capacity_mcmd":39.74313905759999,"length_km":15.379956,"source":"SciGRID_gas IGGIELGNC-3","source_url":"https://github.com/Netizine/SciGRID_gas-IGGIELGNC-3"}},{"type":"Feature","geometry":{"type":"LineString","coordinates":[[13.672432,52.655167],[13.972673,52.561651]]},"properties":{"kind":"gas_pipeline","name":"LKD_PS_865_Seg_0_Seg_0","diameter_mm":600.0,"pressure_bar":63.0,"capacity_mcmd":11.407561044000005,"length_km":25.475842,"source":"SciGRID_gas IGGIELGNC-3","source_url":"https://github.com/Netizine/SciGRID_gas-IGGIELGNC-3"}},{"type":"Feature","geometry":{"type":"LineString","coordinates":[[13.972673,52.561651],[13.866978,52.536457]]},"properties":{"kind":"gas_pipeline","name":"LKD_PS_865_Seg_0_Seg_1","diameter_mm":600.0,"pressure_bar":63.0,"capacity_mcmd":11.407561044000005,"length_km":24.941944,"source":"SciGRID_gas IGGIELGNC-3","source_url":"https://github.com/Netizine/SciGRID_gas-IGGIELGNC-3"}},{"type":"Feature","geometry":{"type":"LineString","coordinates":[[13.528933,52.714633],[13.608756,52.6136]]},"properties":{"kind":"gas_pipeline","name":"LKD_PS_869_Seg_0_Seg_0","diameter_mm":125.0,"pressure_bar":63.0,"capacity_mcmd":3.742728049828191,"length_km":12.638302,"source":"SciGRID_gas IGGIELGNC-3","source_url":"https://github.com/Netizine/SciGRID_gas-IGGIELGNC-3"}},{"type":"Feature","geometry":{"type":"LineString","coordinates":[[13.608756,52.6136],[13.672432,52.655167]]},"properties":{"kind":"gas_pipeline","name":"LKD_PS_872_Seg_0_Seg_0","diameter_mm":125.0,"pressure_bar":63.0,"capacity_mcmd":3.742728049828191,"length_km":6.69978,"source":"SciGRID_gas IGGIELGNC-3","source_url":"https://github.com/Netizine/SciGRID_gas-IGGIELGNC-3"}},{"type":"Feature","geometry":{"type":"LineString","coordinates":[[13.608756,52.6136],[13.866978,52.536457]]},"properties":{"kind":"gas_pipeline","name":"LKD_PS_874_Seg_0_Seg_0","diameter_mm":900.0,"pressure_bar":85.0,"capacity_mcmd":45.270755661866644,"length_km":26.974478,"source":"SciGRID_gas IGGIELGNC-3","source_url":"https://github.com/Netizine/SciGRID_gas-IGGIELGNC-3"}},{"type":"Feature","geometry":{"type":"LineString","coordinates":[[13.608756,52.6136],[13.78227,52.487676]]},"properties":{"kind":"gas_pipeline","name":"LKD_PS_875_Seg_0_Seg_0","diameter_mm":600.0,"pressure_bar":63.0,"capacity_mcmd":11.407561044000005,"length_km":21.422601,"source":"SciGRID_gas IGGIELGNC-3","source_url":"https://github.com/Netizine/SciGRID_gas-IGGIELGNC-3"}},{"type":"Feature","geometry":{"type":"LineString","coordinates":[[13.78227,52.487676],[13.866978,52.536457]]},"properties":{"kind":"gas_pipeline","name":"LKD_PS_876_Seg_0_Seg_0","diameter_mm":600.0,"pressure_bar":63.0,"capacity_mcmd":11.407561044000005,"length_km":9.570119,"source":"SciGRID_gas IGGIELGNC-3","source_url":"https://github.com/Netizine/SciGRID_gas-IGGIELGNC-3"}},{"type":"Feature","geometry":{"type":"LineString","coordinates":[[13.78227,52.487676],[13.792439,52.422729]]},"properties":{"kind":"gas_pipeline","name":"LKD_PS_877_Seg_0_Seg_0","diameter_mm":600.0,"pressure_bar":63.0,"capacity_mcmd":11.407561044000005,"length_km":7.256852,"source":"SciGRID_gas IGGIELGNC-3","source_url":"https://github.com/Netizine/SciGRID_gas-IGGIELGNC-3"}},{"type":"Feature","geometry":{"type":"LineString","coordinates":[[13.866978,52.536457],[13.792439,52.422729]]},"properties":{"kind":"gas_pipeline","name":"LKD_PS_878_Seg_0_Seg_0","diameter_mm":900.0,"pressure_bar":70.0,"capacity_mcmd":27.39699999999984,"length_km":15.423958,"source":"SciGRID_gas IGGIELGNC-3","source_url":"https://github.com/Netizine/SciGRID_gas-IGGIELGNC-3"}},{"type":"Feature","geometry":{"type":"LineString","coordinates":[[13.792439,52.422729],[13.761442,52.332708]]},"properties":{"kind":"gas_pipeline","name":"LKD_PS_879_Seg_0_Seg_0","diameter_mm":900.0,"pressure_bar":70.0,"capacity_mcmd":27.39699999999984,"length_km":10.528783,"source":"SciGRID_gas IGGIELGNC-3","source_url":"https://github.com/Netizine/SciGRID_gas-IGGIELGNC-3"}},{"type":"Feature","geometry":{"type":"LineString","coordinates":[[13.761442,52.332708],[14.086929,52.327367]]},"properties":{"kind":"gas_pipeline","name":"LKD_PS_880_Seg_0_Seg_0","diameter_mm":600.0,"pressure_bar":25.0,"capacity_mcmd":11.407561044000005,"length_km":23.596964,"source":"SciGRID_gas IGGIELGNC-3","source_url":"https://github.com/Netizine/SciGRID_gas-IGGIELGNC-3"}},{"type":"Feature","geometry":{"type":"LineString","coordinates":[[14.086929,52.327367],[14.274451,52.212412]]},"properties":{"kind":"gas_pipeline","name":"LKD_PS_880_Seg_0_Seg_1","diameter_mm":600.0,"pressure_bar":25.0,"capacity_mcmd":11.407561044000005,"length_km":19.085409,"source":"SciGRID_gas IGGIELGNC-3","source_url":"https://github.com/Netizine/SciGRID_gas-IGGIELGNC-3"}},{"type":"Feature","geometry":{"type":"LineString","coordinates":[[13.761442,52.332708],[13.651263,52.197086]]},"properties":{"kind":"gas_pipeline","name":"LKD_PS_881_Seg_0_Seg_0","diameter_mm":900.0,"pressure_bar":85.0,"capacity_mcmd":45.270755661866644,"length_km":17.214637,"source":"SciGRID_gas IGGIELGNC-3","source_url":"https://github.com/Netizine/SciGRID_gas-IGGIELGNC-3"}},{"type":"Feature","geometry":{"type":"LineString","coordinates":[[13.651263,52.197086],[13.581903,52.314875]]},"properties":{"kind":"gas_pipeline","name":"LKD_PS_883_Seg_0_Seg_0","diameter_mm":600.0,"pressure_bar":63.0,"capacity_mcmd":11.407561044000005,"length_km":18.880415,"source":"SciGRID_gas IGGIELGNC-3","source_url":"https://github.com/Netizine/SciGRID_gas-IGGIELGNC-3"}},{"type":"Feature","geometry":{"type":"LineString","coordinates":[[13.761442,52.332708],[13.581903,52.314875]]},"properties":{"kind":"gas_pipeline","name":"LKD_PS_886_Seg_0_Seg_0","diameter_mm":600.0,"pressure_bar":25.0,"capacity_mcmd":11.407561044000005,"length_km":12.598501,"source":"SciGRID_gas IGGIELGNC-3","source_url":"https://github.com/Netizine/SciGRID_gas-IGGIELGNC-3"}},{"type":"Feature","geometry":{"type":"LineString","coordinates":[[13.581903,52.314875],[13.420145,52.365262]]},"properties":{"kind":"gas_pipeline","name":"LKD_PS_890_Seg_0_Seg_0","diameter_mm":900.0,"pressure_bar":70.0,"capacity_mcmd":27.39699999999984,"length_km":12.410084,"source":"SciGRID_gas IGGIELGNC-3","source_url":"https://github.com/Netizine/SciGRID_gas-IGGIELGNC-3"}},{"type":"Feature","geometry":{"type":"LineString","coordinates":[[13.420145,52.365262],[13.328509,52.39938]]},"properties":{"kind":"gas_pipeline","name":"LKD_PS_891_Seg_0_Seg_0","diameter_mm":600.0,"pressure_bar":63.0,"capacity_mcmd":11.407561044000005,"length_km":7.287559,"source":"SciGRID_gas IGGIELGNC-3","source_url":"https://github.com/Netizine/SciGRID_gas-IGGIELGNC-3"}},{"type":"Feature","geometry":{"type":"LineString","coordinates":[[13.581903,52.314875],[13.034067,52.366657]]},"properties":{"kind":"gas_pipeline","name":"LKD_PS_892_Seg_0_Seg_0","diameter_mm":600.0,"pressure_bar":25.0,"capacity_mcmd":11.407561044000005,"length_km":41.355853,"source":"SciGRID_gas IGGIELGNC-3","source_url":"https://github.com/Netizine/SciGRID_gas-IGGIELGNC-3"}},{"type":"Feature","geometry":{"type":"LineString","coordinates":[[13.581903,52.314875],[13.370351,52.238076]]},"properties":{"kind":"gas_pipeline","name":"LKD_PS_895_Seg_0_Seg_0","diameter_mm":600.0,"pressure_bar":63.0,"capacity_mcmd":11.407561044000005,"length_km":24.97887,"source":"SciGRID_gas IGGIELGNC-3","source_url":"https://github.com/Netizine/SciGRID_gas-IGGIELGNC-3"}},{"type":"Feature","geometry":{"type":"LineString","coordinates":[[13.370351,52.238076],[12.90905,52.178296]]},"properties":{"kind":"gas_pipeline","name":"LKD_PS_895_Seg_0_Seg_1","diameter_mm":600.0,"pressure_bar":63.0,"capacity_mcmd":11.407561044000005,"length_km":32.669317,"source":"SciGRID_gas IGGIELGNC-3","source_url":"https://github.com/Netizine/SciGRID_gas-IGGIELGNC-3"}},{"type":"Feature","geometry":{"type":"LineString","coordinates":[[12.90905,52.178296],[12.915851,52.29817]]},"properties":{"kind":"gas_pipeline","name":"LKD_PS_905_Seg_0_Seg_0","diameter_mm":600.0,"pressure_bar":63.0,"capacity_mcmd":11.407561044000005,"length_km":14.973215,"source":"SciGRID_gas IGGIELGNC-3","source_url":"https://github.com/Netizine/SciGRID_gas-IGGIELGNC-3"}},{"type":"Feature","geometry":{"type":"LineString","coordinates":[[12.90905,52.178296],[12.843603,52.388922]]},"properties":{"kind":"gas_pipeline","name":"LKD_PS_906_Seg_0_Seg_0","diameter_mm":600.0,"pressure_bar":63.0,"capacity_mcmd":11.407561044000005,"length_km":29.312736,"source":"SciGRID_gas IGGIELGNC-3","source_url":"https://github.com/Netizine/SciGRID_gas-IGGIELGNC-3"}},{"type":"Feature","geometry":{"type":"LineString","coordinates":[[13.528933,52.714633],[13.368296,52.723668]]},"properties":{"kind":"gas_pipeline","name":"LKD_PS_907_Seg_0_Seg_0","diameter_mm":125.0,"pressure_bar":63.0,"capacity_mcmd":3.742728049828191,"length_km":10.869379,"source":"SciGRID_gas IGGIELGNC-3","source_url":"https://github.com/Netizine/SciGRID_gas-IGGIELGNC-3"}},{"type":"Feature","geometry":{"type":"LineString","coordinates":[[13.368296,52.723668],[12.875172,52.494354]]},"properties":{"kind":"gas_pipeline","name":"LKD_PS_911_Seg_0_Seg_0","diameter_mm":900.0,"pressure_bar":70.0,"capacity_mcmd":27.39699999999984,"length_km":43.606243,"source":"SciGRID_gas IGGIELGNC-3","source_url":"https://github.com/Netizine/SciGRID_gas-IGGIELGNC-3"}},{"type":"Feature","geometry":{"type":"LineString","coordinates":[[13.034067,52.366657],[12.875172,52.494354]]},"properties":{"kind":"gas_pipeline","name":"LKD_PS_915_Seg_0_Seg_0","diameter_mm":900.0,"pressure_bar":70.0,"capacity_mcmd":27.39699999999984,"length_km":25.108278,"source":"SciGRID_gas IGGIELGNC-3","source_url":"https://github.com/Netizine/SciGRID_gas-IGGIELGNC-3"}},{"type":"Feature","geometry":{"type":"LineString","coordinates":[[12.875172,52.494354],[12.843603,52.388922]]},"properties":{"kind":"gas_pipeline","name":"LKD_PS_918_Seg_0_Seg_0","diameter_mm":600.0,"pressure_bar":63.0,"capacity_mcmd":11.407561044000005,"length_km":12.900245,"source":"SciGRID_gas IGGIELGNC-3","source_url":"https://github.com/Netizine/SciGRID_gas-IGGIELGNC-3"}},{"type":"Feature","geometry":{"type":"LineString","coordinates":[[12.875172,52.494354],[12.843603,52.388922]]},"properties":{"kind":"gas_pipeline","name":"LKD_PS_919_Seg_0_Seg_0","diameter_mm":600.0,"pressure_bar":63.0,"capacity_mcmd":11.407561044000005,"length_km":13.464948,"source":"SciGRID_gas IGGIELGNC-3","source_url":"https://github.com/Netizine/SciGRID_gas-IGGIELGNC-3"}},{"type":"Feature","geometry":{"type":"LineString","coordinates":[[12.843603,52.388922],[12.915851,52.29817]]},"properties":{"kind":"gas_pipeline","name":"LKD_PS_920_Seg_0_Seg_0","diameter_mm":600.0,"pressure_bar":63.0,"capacity_mcmd":11.407561044000005,"length_km":13.244692,"source":"SciGRID_gas IGGIELGNC-3","source_url":"https://github.com/Netizine/SciGRID_gas-IGGIELGNC-3"}},{"type":"Feature","geometry":{"type":"LineString","coordinates":[[12.915851,52.29817],[13.034067,52.366657]]},"properties":{"kind":"gas_pipeline","name":"LKD_PS_921_Seg_0_Seg_0","diameter_mm":600.0,"pressure_bar":63.0,"capacity_mcmd":11.407561044000005,"length_km":11.820304,"source":"SciGRID_gas IGGIELGNC-3","source_url":"https://github.com/Netizine/SciGRID_gas-IGGIELGNC-3"}},{"type":"Feature","geometry":{"type":"LineString","coordinates":[[12.875172,52.494354],[12.663723,52.622818]]},"properties":{"kind":"gas_pipeline","name":"LKD_PS_922_Seg_0_Seg_0","diameter_mm":900.0,"pressure_bar":70.0,"capacity_mcmd":27.39699999999984,"length_km":20.543567,"source":"SciGRID_gas IGGIELGNC-3","source_url":"https://github.com/Netizine/SciGRID_gas-IGGIELGNC-3"}},{"type":"Feature","geometry":{"type":"LineString","coordinates":[[12.663723,52.622818],[12.506152,52.769991]]},"properties":{"kind":"gas_pipeline","name":"LKD_PS_922_Seg_0_Seg_1","diameter_mm":900.0,"pressure_bar":70.0,"capacity_mcmd":27.39699999999984,"length_km":19.700311,"source":"SciGRID_gas IGGIELGNC-3","source_url":"https://github.com/Netizine/SciGRID_gas-IGGIELGNC-3"}},{"type":"Feature","geometry":{"type":"LineString","coordinates":[[12.506152,52.769991],[13.368296,52.723668]]},"properties":{"kind":"gas_pipeline","name":"LKD_PS_923_Seg_0_Seg_0","diameter_mm":900.0,"pressure_bar":55.0,"capacity_mcmd":39.74313905759999,"length_km":61.186814,"source":"SciGRID_gas IGGIELGNC-3","source_url":"https://github.com/Netizine/SciGRID_gas-IGGIELGNC-3"}},{"type":"Feature","geometry":{"type":"LineString","coordinates":[[12.506152,52.769991],[12.357175,52.954727]]},"properties":{"kind":"gas_pipeline","name":"LKD_PS_924_Seg_0_Seg_0","diameter_mm":900.0,"pressure_bar":70.0,"capacity_mcmd":27.39699999999984,"length_km":23.361001,"source":"SciGRID_gas IGGIELGNC-3","source_url":"https://github.com/Netizine/SciGRID_gas-IGGIELGNC-3"}},{"type":"Feature","geometry":{"type":"LineString","coordinates":[[12.357175,52.954727],[12.170588,53.139099]]},"properties":{"kind":"gas_pipeline","name":"LKD_PS_924_Seg_0_Seg_1","diameter_mm":900.0,"pressure_bar":70.0,"capacity_mcmd":27.39699999999984,"length_km":24.61997,"source":"SciGRID_gas IGGIELGNC-3","source_url":"https://github.com/Netizine/SciGRID_gas-IGGIELGNC-3"}},{"type":"Feature","geometry":{"type":"LineString","coordinates":[[12.170588,53.139099],[12.259876,53.322562]]},"properties":{"kind":"gas_pipeline","name":"LKD_PS_925_Seg_0_Seg_0","diameter_mm":900.0,"pressure_bar":70.0,"capacity_mcmd":27.39699999999984,"length_km":22.540449,"source":"SciGRID_gas IGGIELGNC-3","source_url":"https://github.com/Netizine/SciGRID_gas-IGGIELGNC-3"}},{"type":"Feature","geometry":{"type":"LineString","coordinates":[[12.90905,52.178296],[12.453891,52.127627]]},"properties":{"kind":"gas_pipeline","name":"LKD_PS_926_Seg_0_Seg_0","diameter_mm":600.0,"pressure_bar":63.0,"capacity_mcmd":11.407561044000005,"length_km":33.044588,"source":"SciGRID_gas IGGIELGNC-3","source_url":"https://github.com/Netizine/SciGRID_gas-IGGIELGNC-3"}},{"type":"Feature","geometry":{"type":"LineString","coordinates":[[12.453891,52.127627],[12.456145,52.294847]]},"properties":{"kind":"gas_pipeline","name":"LKD_PS_928_Seg_0_Seg_0","diameter_mm":500.0,"pressure_bar":63.0,"capacity_mcmd":3.875371924000021,"length_km":20.422412,"source":"SciGRID_gas IGGIELGNC-3","source_url":"https://github.com/Netizine/SciGRID_gas-IGGIELGNC-3"}},{"type":"Feature","geometry":{"type":"LineString","coordinates":[[12.456145,52.294847],[12.397341,52.401657]]},"properties":{"kind":"gas_pipeline","name":"LKD_PS_928_Seg_0_Seg_1","diameter_mm":500.0,"pressure_bar":63.0,"capacity_mcmd":3.875371924000021,"length_km":19.323882,"source":"SciGRID_gas IGGIELGNC-3","source_url":"https://github.com/Netizine/SciGRID_gas-IGGIELGNC-3"}},{"type":"Feature","geometry":{"type":"LineString","coordinates":[[12.90905,52.178296],[12.672305,51.956509]]},"properties":{"kind":"gas_pipeline","name":"LKD_PS_929_Seg_0_Seg_0","diameter_mm":900.0,"pressure_bar":85.0,"capacity_mcmd":45.270755661866644,"length_km":30.388321,"source":"SciGRID_gas IGGIELGNC-3","source_url":"https://github.com/Netizine/SciGRID_gas-IGGIELGNC-3"}},{"type":"Feature","geometry":{"type":"LineString","coordinates":[[12.90905,52.178296],[12.672305,51.956509]]},"properties":{"kind":"gas_pipeline","name":"LKD_PS_930_Seg_0_Seg_0","diameter_mm":600.0,"pressure_bar":63.0,"capacity_mcmd":11.407561044000005,"length_km":30.506258,"source":"SciGRID_gas IGGIELGNC-3","source_url":"https://github.com/Netizine/SciGRID_gas-IGGIELGNC-3"}},{"type":"Feature","geometry":{"type":"LineString","coordinates":[[12.672305,51.956509],[12.623865,51.907145]]},"properties":{"kind":"gas_pipeline","name":"LKD_PS_931_Seg_0_Seg_0","diameter_mm":900.0,"pressure_bar":70.0,"capacity_mcmd":27.39699999999984,"length_km":7.162804,"source":"SciGRID_gas IGGIELGNC-3","source_url":"https://github.com/Netizine/SciGRID_gas-IGGIELGNC-3"}},{"type":"Feature","geometry":{"type":"LineString","coordinates":[[12.453891,52.127627],[12.507509,51.900896]]},"properties":{"kind":"gas_pipeline","name":"LKD_PS_932_Seg_0_Seg_0","diameter_mm":500.0,"pressure_bar":63.0,"capacity_mcmd":3.875371924000021,"length_km":25.883406,"source":"SciGRID_gas IGGIELGNC-3","source_url":"https://github.com/Netizine/SciGRID_gas-IGGIELGNC-3"}},{"type":"Feature","geometry":{"type":"LineString","coordinates":[[12.672305,51.956509],[12.507509,51.900896]]},"properties":{"kind":"gas_pipeline","name":"LKD_PS_933_Seg_0_Seg_0","diameter_mm":900.0,"pressure_bar":70.0,"capacity_mcmd":27.39699999999984,"length_km":14.199146,"source":"SciGRID_gas IGGIELGNC-3","source_url":"https://github.com/Netizine/SciGRID_gas-IGGIELGNC-3"}},{"type":"Feature","geometry":{"type":"LineString","coordinates":[[12.623865,51.907145],[12.507509,51.900896]]},"properties":{"kind":"gas_pipeline","name":"LKD_PS_936_Seg_0_Seg_0","diameter_mm":500.0,"pressure_bar":63.0,"capacity_mcmd":3.875371924000021,"length_km":9.042841,"source":"SciGRID_gas IGGIELGNC-3","source_url":"https://github.com/Netizine/SciGRID_gas-IGGIELGNC-3"}},{"type":"Feature","geometry":{"type":"LineString","coordinates":[[12.623865,51.907145],[13.434032,51.555262]]},"properties":{"kind":"gas_pipeline","name":"LKD_PS_939_Seg_0_Seg_0","diameter_mm":500.0,"pressure_bar":63.0,"capacity_mcmd":3.875371924000021,"length_km":70.582555,"source":"SciGRID_gas IGGIELGNC-3","source_url":"https://github.com/Netizine/SciGRID_gas-IGGIELGNC-3"}},{"type":"Feature","geometry":{"type":"LineString","coordinates":[[13.434032,51.555262],[13.71939,51.440133]]},"properties":{"kind":"gas_pipeline","name":"LKD_PS_940_Seg_0_Seg_0","diameter_mm":500.0,"pressure_bar":63.0,"capacity_mcmd":3.875371924000021,"length_km":26.471365,"source":"SciGRID_gas IGGIELGNC-3","source_url":"https://github.com/Netizine/SciGRID_gas-IGGIELGNC-3"}},{"type":"Feature","geometry":{"type":"LineString","coordinates":[[13.71939,51.440133],[13.665511,51.512435]]},"properties":{"kind":"gas_pipeline","name":"LKD_PS_941_Seg_0_Seg_0","diameter_mm":900.0,"pressure_bar":85.0,"capacity_mcmd":45.270755661866644,"length_km":9.246749,"source":"SciGRID_gas IGGIELGNC-3","source_url":"https://github.com/Netizine/SciGRID_gas-IGGIELGNC-3"}},{"type":"Feature","geometry":{"type":"LineString","coordinates":[[13.665511,51.512435],[13.633302,51.63016]]},"properties":{"kind":"gas_pipeline","name":"LKD_PS_942_Seg_0_Seg_0","diameter_mm":600.0,"pressure_bar":63.0,"capacity_mcmd":11.407561044000005,"length_km":14.14767,"source":"SciGRID_gas IGGIELGNC-3","source_url":"https://github.com/Netizine/SciGRID_gas-IGGIELGNC-3"}},{"type":"Feature","geometry":{"type":"LineString","coordinates":[[13.665511,51.512435],[13.633302,51.63016]]},"properties":{"kind":"gas_pipeline","name":"LKD_PS_943_Seg_0_Seg_0","diameter_mm":900.0,"pressure_bar":70.0,"capacity_mcmd":27.39699999999984,"length_km":21.706591,"source":"SciGRID_gas IGGIELGNC-3","source_url":"https://github.com/Netizine/SciGRID_gas-IGGIELGNC-3"}},{"type":"Feature","geometry":{"type":"LineString","coordinates":[[13.633302,51.63016],[13.623088,51.92774]]},"properties":{"kind":"gas_pipeline","name":"LKD_PS_946_Seg_0_Seg_0","diameter_mm":900.0,"pressure_bar":85.0,"capacity_mcmd":45.270755661866644,"length_km":33.734306,"source":"SciGRID_gas IGGIELGNC-3","source_url":"https://github.com/Netizine/SciGRID_gas-IGGIELGNC-3"}},{"type":"Feature","geometry":{"type":"LineString","coordinates":[[13.623088,51.92774],[13.651263,52.197086]]},"properties":{"kind":"gas_pipeline","name":"LKD_PS_947_Seg_0_Seg_0","diameter_mm":900.0,"pressure_bar":85.0,"capacity_mcmd":45.270755661866644,"length_km":30.379147,"source":"SciGRID_gas IGGIELGNC-3","source_url":"https://github.com/Netizine/SciGRID_gas-IGGIELGNC-3"}},{"type":"Feature","geometry":{"type":"LineString","coordinates":[[13.651263,52.197086],[13.623088,51.92774]]},"properties":{"kind":"gas_pipeline","name":"LKD_PS_949_Seg_0_Seg_0","diameter_mm":600.0,"pressure_bar":63.0,"capacity_mcmd":11.407561044000005,"length_km":30.83983,"source":"SciGRID_gas IGGIELGNC-3","source_url":"https://github.com/Netizine/SciGRID_gas-IGGIELGNC-3"}},{"type":"Feature","geometry":{"type":"LineString","coordinates":[[13.623088,51.92774],[13.633302,51.63016]]},"properties":{"kind":"gas_pipeline","name":"LKD_PS_952_Seg_0_Seg_0","diameter_mm":600.0,"pressure_bar":63.0,"capacity_mcmd":11.407561044000005,"length_km":33.412912,"source":"SciGRID_gas IGGIELGNC-3","source_url":"https://github.com/Netizine/SciGRID_gas-IGGIELGNC-3"}},{"type":"Feature","geometry":{"type":"LineString","coordinates":[[13.71939,51.440133],[13.875031,51.446938]]},"properties":{"kind":"gas_pipeline","name":"LKD_PS_954_Seg_0_Seg_0","diameter_mm":800.0,"pressure_bar":84.0,"capacity_mcmd":31.753168441724455,"length_km":11.439458,"source":"SciGRID_gas IGGIELGNC-3","source_url":"https://github.com/Netizine/SciGRID_gas-IGGIELGNC-3"}},{"type":"Feature","geometry":{"type":"LineString","coordinates":[[13.71939,51.440133],[13.875031,51.446938]]},"properties":{"kind":"gas_pipeline","name":"LKD_PS_956_Seg_0_Seg_0","diameter_mm":800.0,"pressure_bar":84.0,"capacity_mcmd":31.753168441724455,"length_km":10.816785,"source":"SciGRID_gas IGGIELGNC-3","source_url":"https://github.com/Netizine/SciGRID_gas-IGGIELGNC-3"}},{"type":"Feature","geometry":{"type":"LineString","coordinates":[[13.71939,51.440133],[13.618664,51.375788]]},"properties":{"kind":"gas_pipeline","name":"LKD_PS_960_Seg_0_Seg_0","diameter_mm":900.0,"pressure_bar":70.0,"capacity_mcmd":27.39699999999984,"length_km":10.078878,"source":"SciGRID_gas IGGIELGNC-3","source_url":"https://github.com/Netizine/SciGRID_gas-IGGIELGNC-3"}},{"type":"Feature","geometry":{"type":"LineString","coordinates":[[13.618664,51.375788],[13.573869,51.301191]]},"properties":{"kind":"gas_pipeline","name":"LKD_PS_961_Seg_0_Seg_0","diameter_mm":900.0,"pressure_bar":70.0,"capacity_mcmd":27.39699999999984,"length_km":10.184123,"source":"SciGRID_gas IGGIELGNC-3","source_url":"https://github.com/Netizine/SciGRID_gas-IGGIELGNC-3"}},{"type":"Feature","geometry":{"type":"LineString","coordinates":[[13.71939,51.440133],[13.618664,51.375788]]},"properties":{"kind":"gas_pipeline","name":"LKD_PS_962_Seg_0_Seg_0","diameter_mm":900.0,"pressure_bar":70.0,"capacity_mcmd":27.39699999999984,"length_km":10.265925,"source":"SciGRID_gas IGGIELGNC-3","source_url":"https://github.com/Netizine/SciGRID_gas-IGGIELGNC-3"}},{"type":"Feature","geometry":{"type":"LineString","coordinates":[[13.618664,51.375788],[13.573869,51.301191]]},"properties":{"kind":"gas_pipeline","name":"LKD_PS_963_Seg_0_Seg_0","diameter_mm":600.0,"pressure_bar":63.0,"capacity_mcmd":11.407561044000005,"length_km":9.462041,"source":"SciGRID_gas IGGIELGNC-3","source_url":"https://github.com/Netizine/SciGRID_gas-IGGIELGNC-3"}},{"type":"Feature","geometry":{"type":"LineString","coordinates":[[13.618664,51.375788],[13.573869,51.301191]]},"properties":{"kind":"gas_pipeline","name":"LKD_PS_964_Seg_0_Seg_0","diameter_mm":500.0,"pressure_bar":25.0,"capacity_mcmd":3.875371924000021,"length_km":8.955752,"source":"SciGRID_gas IGGIELGNC-3","source_url":"https://github.com/Netizine/SciGRID_gas-IGGIELGNC-3"}},{"type":"Feature","geometry":{"type":"LineString","coordinates":[[13.71939,51.440133],[13.618664,51.375788]]},"properties":{"kind":"gas_pipeline","name":"LKD_PS_965_Seg_0_Seg_0","diameter_mm":600.0,"pressure_bar":63.0,"capacity_mcmd":11.407561044000005,"length_km":12.293323,"source":"SciGRID_gas IGGIELGNC-3","source_url":"https://github.com/Netizine/SciGRID_gas-IGGIELGNC-3"}},{"type":"Feature","geometry":{"type":"LineString","coordinates":[[13.71939,51.440133],[13.495961,51.443871]]},"properties":{"kind":"gas_pipeline","name":"LKD_PS_966_Seg_0_Seg_0","diameter_mm":600.0,"pressure_bar":63.0,"capacity_mcmd":11.407561044000005,"length_km":18.484008,"source":"SciGRID_gas IGGIELGNC-3","source_url":"https://github.com/Netizine/SciGRID_gas-IGGIELGNC-3"}},{"type":"Feature","geometry":{"type":"LineString","coordinates":[[13.71939,51.440133],[13.618312,51.441315]]},"properties":{"kind":"gas_pipeline","name":"LKD_PS_968_Seg_0_Seg_0","diameter_mm":600.0,"pressure_bar":63.0,"capacity_mcmd":11.407561044000005,"length_km":7.009195,"source":"SciGRID_gas IGGIELGNC-3","source_url":"https://github.com/Netizine/SciGRID_gas-IGGIELGNC-3"}},{"type":"Feature","geometry":{"type":"LineString","coordinates":[[13.618312,51.441315],[13.71939,51.440133]]},"properties":{"kind":"gas_pipeline","name":"LKD_PS_969_Seg_0_Seg_0","diameter_mm":600.0,"pressure_bar":63.0,"capacity_mcmd":11.407561044000005,"length_km":7.009195,"source":"SciGRID_gas IGGIELGNC-3","source_url":"https://github.com/Netizine/SciGRID_gas-IGGIELGNC-3"}},{"type":"Feature","geometry":{"type":"LineString","coordinates":[[13.618312,51.441315],[13.495961,51.443871]]},"properties":{"kind":"gas_pipeline","name":"LKD_PS_970_Seg_0_Seg_0","diameter_mm":1400.0,"pressure_bar":100.0,"capacity_mcmd":120.1986391,"length_km":8.487281,"source":"SciGRID_gas IGGIELGNC-3","source_url":"https://github.com/Netizine/SciGRID_gas-IGGIELGNC-3"}},{"type":"Feature","geometry":{"type":"LineString","coordinates":[[13.583373,51.098074],[13.669939,51.07803]]},"properties":{"kind":"gas_pipeline","name":"LKD_PS_977_Seg_0_Seg_0","diameter_mm":600.0,"pressure_bar":63.0,"capacity_mcmd":11.407561044000005,"length_km":8.392202,"source":"SciGRID_gas IGGIELGNC-3","source_url":"https://github.com/Netizine/SciGRID_gas-IGGIELGNC-3"}},{"type":"Feature","geometry":{"type":"LineString","coordinates":[[12.139155,51.426809],[12.165171,51.641756]]},"properties":{"kind":"gas_pipeline","name":"LKD_PS_982_Seg_0_Seg_0","diameter_mm":900.0,"pressure_bar":70.0,"capacity_mcmd":27.39699999999984,"length_km":24.080202,"source":"SciGRID_gas IGGIELGNC-3","source_url":"https://github.com/Netizine/SciGRID_gas-IGGIELGNC-3"}},{"type":"Feature","geometry":{"type":"LineString","coordinates":[[12.165171,51.641756],[12.212117,51.703685]]},"properties":{"kind":"gas_pipeline","name":"LKD_PS_986_Seg_0_Seg_0","diameter_mm":900.0,"pressure_bar":70.0,"capacity_mcmd":27.39699999999984,"length_km":7.611573,"source":"SciGRID_gas IGGIELGNC-3","source_url":"https://github.com/Netizine/SciGRID_gas-IGGIELGNC-3"}},{"type":"Feature","geometry":{"type":"LineString","coordinates":[[12.212117,51.703685],[12.269259,51.859716]]},"properties":{"kind":"gas_pipeline","name":"LKD_PS_988_Seg_0_Seg_0","diameter_mm":600.0,"pressure_bar":63.0,"capacity_mcmd":11.407561044000005,"length_km":33.61691,"source":"SciGRID_gas IGGIELGNC-3","source_url":"https://github.com/Netizine/SciGRID_gas-IGGIELGNC-3"}},{"type":"Feature","geometry":{"type":"LineString","coordinates":[[12.165171,51.641756],[12.26387,51.656913]]},"properties":{"kind":"gas_pipeline","name":"LKD_PS_989_Seg_0_Seg_0","diameter_mm":800.0,"pressure_bar":85.0,"capacity_mcmd":31.937422328533344,"length_km":7.155186,"source":"SciGRID_gas IGGIELGNC-3","source_url":"https://github.com/Netizine/SciGRID_gas-IGGIELGNC-3"}},{"type":"Feature","geometry":{"type":"LineString","coordinates":[[12.165171,51.641756],[12.26387,51.656913]]},"properties":{"kind":"gas_pipeline","name":"LKD_PS_991_Seg_0_Seg_0","diameter_mm":800.0,"pressure_bar":85.0,"capacity_mcmd":31.937422328533344,"length_km":7.017251,"source":"SciGRID_gas IGGIELGNC-3","source_url":"https://github.com/Netizine/SciGRID_gas-IGGIELGNC-3"}},{"type":"Feature","geometry":{"type":"LineString","coordinates":[[12.165171,51.641756],[12.26387,51.656913]]},"properties":{"kind":"gas_pipeline","name":"LKD_PS_992_Seg_0_Seg_0","diameter_mm":500.0,"pressure_bar":63.0,"capacity_mcmd":3.875371924000021,"length_km":9.524899,"source":"SciGRID_gas IGGIELGNC-3","source_url":"https://github.com/Netizine/SciGRID_gas-IGGIELGNC-3"}},{"type":"Feature","geometry":{"type":"LineString","coordinates":[[12.165171,51.641756],[12.212117,51.703685]]},"properties":{"kind":"gas_pipeline","name":"LKD_PS_993_Seg_0_Seg_0","diameter_mm":600.0,"pressure_bar":63.0,"capacity_mcmd":11.407561044000005,"length_km":7.611573,"source":"SciGRID_gas IGGIELGNC-3","source_url":"https://github.com/Netizine/SciGRID_gas-IGGIELGNC-3"}},{"type":"Feature","geometry":{"type":"LineString","coordinates":[[12.212117,51.703685],[12.165171,51.641756]]},"properties":{"kind":"gas_pipeline","name":"LKD_PS_994_Seg_0_Seg_0","diameter_mm":500.0,"pressure_bar":63.0,"capacity_mcmd":3.875371924000021,"length_km":9.000955,"source":"SciGRID_gas IGGIELGNC-3","source_url":"https://github.com/Netizine/SciGRID_gas-IGGIELGNC-3"}},{"type":"Feature","geometry":{"type":"LineString","coordinates":[[12.212117,51.703685],[12.022266,51.776226]]},"properties":{"kind":"gas_pipeline","name":"LKD_PS_998_Seg_0_Seg_0","diameter_mm":1400.0,"pressure_bar":100.0,"capacity_mcmd":120.1986391,"length_km":15.366844,"source":"SciGRID_gas IGGIELGNC-3","source_url":"https://github.com/Netizine/SciGRID_gas-IGGIELGNC-3"}},{"type":"Feature","geometry":{"type":"LineString","coordinates":[[12.022266,51.776226],[11.781378,51.875157]]},"properties":{"kind":"gas_pipeline","name":"LKD_PS_1000_Seg_0_Seg_0","diameter_mm":900.0,"pressure_bar":55.0,"capacity_mcmd":39.74313905759999,"length_km":19.894675,"source":"SciGRID_gas IGGIELGNC-3","source_url":"https://github.com/Netizine/SciGRID_gas-IGGIELGNC-3"}},{"type":"Feature","geometry":{"type":"LineString","coordinates":[[11.781378,51.875157],[12.507509,51.900896]]},"properties":{"kind":"gas_pipeline","name":"LKD_PS_1001_Seg_0_Seg_0","diameter_mm":500.0,"pressure_bar":63.0,"capacity_mcmd":3.875371924000021,"length_km":52.736842,"source":"SciGRID_gas IGGIELGNC-3","source_url":"https://github.com/Netizine/SciGRID_gas-IGGIELGNC-3"}},{"type":"Feature","geometry":{"type":"LineString","coordinates":[[12.507509,51.900896],[12.469892,51.856368]]},"properties":{"kind":"gas_pipeline","name":"LKD_PS_1002_Seg_0_Seg_0","diameter_mm":900.0,"pressure_bar":70.0,"capacity_mcmd":27.39699999999984,"length_km":5.585917,"source":"SciGRID_gas IGGIELGNC-3","source_url":"https://github.com/Netizine/SciGRID_gas-IGGIELGNC-3"}},{"type":"Feature","geometry":{"type":"LineString","coordinates":[[12.469892,51.856368],[12.212117,51.703685]]},"properties":{"kind":"gas_pipeline","name":"LKD_PS_1003_Seg_0_Seg_0","diameter_mm":600.0,"pressure_bar":63.0,"capacity_mcmd":11.407561044000005,"length_km":28.813645,"source":"SciGRID_gas IGGIELGNC-3","source_url":"https://github.com/Netizine/SciGRID_gas-IGGIELGNC-3"}},{"type":"Feature","geometry":{"type":"LineString","coordinates":[[12.507509,51.900896],[12.469892,51.856368]]},"properties":{"kind":"gas_pipeline","name":"LKD_PS_1004_Seg_0_Seg_0","diameter_mm":600.0,"pressure_bar":63.0,"capacity_mcmd":11.407561044000005,"length_km":7.481562,"source":"SciGRID_gas IGGIELGNC-3","source_url":"https://github.com/Netizine/SciGRID_gas-IGGIELGNC-3"}},{"type":"Feature","geometry":{"type":"LineString","coordinates":[[12.469892,51.856368],[12.212117,51.703685]]},"properties":{"kind":"gas_pipeline","name":"LKD_PS_1005_Seg_0_Seg_0","diameter_mm":900.0,"pressure_bar":85.0,"capacity_mcmd":45.270755661866644,"length_km":26.401995,"source":"SciGRID_gas IGGIELGNC-3","source_url":"https://github.com/Netizine/SciGRID_gas-IGGIELGNC-3"}},{"type":"Feature","geometry":{"type":"LineString","coordinates":[[12.212117,51.703685],[12.022266,51.776226]]},"properties":{"kind":"gas_pipeline","name":"LKD_PS_1006_Seg_0_Seg_0","diameter_mm":900.0,"pressure_bar":70.0,"capacity_mcmd":27.39699999999984,"length_km":15.365402,"source":"SciGRID_gas IGGIELGNC-3","source_url":"https://github.com/Netizine/SciGRID_gas-IGGIELGNC-3"}},{"type":"Feature","geometry":{"type":"LineString","coordinates":[[12.022266,51.776226],[11.834654,51.724476]]},"properties":{"kind":"gas_pipeline","name":"LKD_PS_1008_Seg_0_Seg_0","diameter_mm":900.0,"pressure_bar":70.0,"capacity_mcmd":27.39699999999984,"length_km":16.563442,"source":"SciGRID_gas IGGIELGNC-3","source_url":"https://github.com/Netizine/SciGRID_gas-IGGIELGNC-3"}},{"type":"Feature","geometry":{"type":"LineString","coordinates":[[11.834654,51.724476],[12.139155,51.426809]]},"properties":{"kind":"gas_pipeline","name":"LKD_PS_1009_Seg_0_Seg_0","diameter_mm":900.0,"pressure_bar":70.0,"capacity_mcmd":27.39699999999984,"length_km":42.144504,"source":"SciGRID_gas IGGIELGNC-3","source_url":"https://github.com/Netizine/SciGRID_gas-IGGIELGNC-3"}},{"type":"Feature","geometry":{"type":"LineString","coordinates":[[12.139155,51.426809],[12.055337,51.411742]]},"properties":{"kind":"gas_pipeline","name":"LKD_PS_1012_Seg_0_Seg_0","diameter_mm":600.0,"pressure_bar":63.0,"capacity_mcmd":11.407561044000005,"length_km":6.050738,"source":"SciGRID_gas IGGIELGNC-3","source_url":"https://github.com/Netizine/SciGRID_gas-IGGIELGNC-3"}},{"type":"Feature","geometry":{"type":"LineString","coordinates":[[12.055337,51.411742],[11.967801,51.468299]]},"properties":{"kind":"gas_pipeline","name":"LKD_PS_1013_Seg_0_Seg_0","diameter_mm":600.0,"pressure_bar":63.0,"capacity_mcmd":11.407561044000005,"length_km":12.524979,"source":"SciGRID_gas IGGIELGNC-3","source_url":"https://github.com/Netizine/SciGRID_gas-IGGIELGNC-3"}},{"type":"Feature","geometry":{"type":"LineString","coordinates":[[12.139155,51.426809],[12.055337,51.411742]]},"properties":{"kind":"gas_pipeline","name":"LKD_PS_1014_Seg_0_Seg_0","diameter_mm":600.0,"pressure_bar":63.0,"capacity_mcmd":11.407561044000005,"length_km":6.050738,"source":"SciGRID_gas IGGIELGNC-3","source_url":"https://github.com/Netizine/SciGRID_gas-IGGIELGNC-3"}},{"type":"Feature","geometry":{"type":"LineString","coordinates":[[10.986763,47.768157],[10.906671,47.719675]]},"properties":{"kind":"gas_pipeline","name":"LKD_PS_1016_Seg_0_Seg_0","diameter_mm":350.0,"pressure_bar":25.0,"capacity_mcmd":4.891699103518427,"length_km":15.279742,"source":"SciGRID_gas IGGIELGNC-3","source_url":"https://github.com/Netizine/SciGRID_gas-IGGIELGNC-3"}},{"type":"Feature","geometry":{"type":"LineString","coordinates":[[11.952563,48.852773],[11.816934,48.840158]]},"properties":{"kind":"gas_pipeline","name":"LKD_PS_1018_Seg_0_Seg_0","diameter_mm":300.0,"pressure_bar":25.0,"capacity_mcmd":4.442477338165853,"length_km":14.825977,"source":"SciGRID_gas IGGIELGNC-3","source_url":"https://github.com/Netizine/SciGRID_gas-IGGIELGNC-3"}},{"type":"Feature","geometry":{"type":"LineString","coordinates":[[12.710627,48.975265],[12.633187,48.927991]]},"properties":{"kind":"gas_pipeline","name":"LKD_PS_1019_Seg_0_Seg_0","diameter_mm":300.0,"pressure_bar":25.0,"capacity_mcmd":4.442477338165853,"length_km":9.138404,"source":"SciGRID_gas IGGIELGNC-3","source_url":"https://github.com/Netizine/SciGRID_gas-IGGIELGNC-3"}},{"type":"Feature","geometry":{"type":"LineString","coordinates":[[11.651402,48.812255],[11.555788,48.755703]]},"properties":{"kind":"gas_pipeline","name":"LKD_PS_1020_Seg_0_Seg_0","diameter_mm":900.0,"pressure_bar":100.0,"capacity_mcmd":48.03456396399997,"length_km":9.416597,"source":"SciGRID_gas IGGIELGNC-3","source_url":"https://github.com/Netizine/SciGRID_gas-IGGIELGNC-3"}},{"type":"Feature","geometry":{"type":"LineString","coordinates":[[12.135993,49.554659],[11.43456,49.50766]]},"properties":{"kind":"gas_pipeline","name":"LKD_PS_1021_Seg_0_Seg_0","diameter_mm":1000.0,"pressure_bar":100.0,"capacity_mcmd":61.37956396400001,"length_km":67.185021,"source":"SciGRID_gas IGGIELGNC-3","source_url":"https://github.com/Netizine/SciGRID_gas-IGGIELGNC-3"}},{"type":"Feature","geometry":{"type":"LineString","coordinates":[[11.43456,49.50766],[11.165275,49.371161]]},"properties":{"kind":"gas_pipeline","name":"LKD_PS_1021_Seg_0_Seg_3","diameter_mm":1000.0,"pressure_bar":100.0,"capacity_mcmd":61.37956396400001,"length_km":25.917756,"source":"SciGRID_gas IGGIELGNC-3","source_url":"https://github.com/Netizine/SciGRID_gas-IGGIELGNC-3"}},{"type":"Feature","geometry":{"type":"LineString","coordinates":[[11.165275,49.371161],[11.138153,49.44825]]},"properties":{"kind":"gas_pipeline","name":"LKD_PS_1022_Seg_0_Seg_0","diameter_mm":1000.0,"pressure_bar":100.0,"capacity_mcmd":61.37956396400001,"length_km":8.796391,"source":"SciGRID_gas IGGIELGNC-3","source_url":"https://github.com/Netizine/SciGRID_gas-IGGIELGNC-3"}},{"type":"Feature","geometry":{"type":"LineString","coordinates":[[11.138153,49.44825],[10.871405,49.529315]]},"properties":{"kind":"gas_pipeline","name":"LKD_PS_1022_Seg_0_Seg_1","diameter_mm":1000.0,"pressure_bar":100.0,"capacity_mcmd":61.37956396400001,"length_km":21.278641,"source":"SciGRID_gas IGGIELGNC-3","source_url":"https://github.com/Netizine/SciGRID_gas-IGGIELGNC-3"}},{"type":"Feature","geometry":{"type":"LineString","coordinates":[[10.871405,49.529315],[10.71987,49.503317]]},"properties":{"kind":"gas_pipeline","name":"LKD_PS_1022_Seg_0_Seg_2","diameter_mm":1000.0,"pressure_bar":100.0,"capacity_mcmd":61.37956396400001,"length_km":11.318569,"source":"SciGRID_gas IGGIELGNC-3","source_url":"https://github.com/Netizine/SciGRID_gas-IGGIELGNC-3"}},{"type":"Feature","geometry":{"type":"LineString","coordinates":[[10.71987,49.503317],[10.484354,49.573783]]},"properties":{"kind":"gas_pipeline","name":"LKD_PS_1023_Seg_0_Seg_0","diameter_mm":1000.0,"pressure_bar":100.0,"capacity_mcmd":61.37956396400001,"length_km":27.072261,"source":"SciGRID_gas IGGIELGNC-3","source_url":"https://github.com/Netizine/SciGRID_gas-IGGIELGNC-3"}},{"type":"Feature","geometry":{"type":"LineString","coordinates":[[10.484354,49.573783],[10.17994,49.76136]]},"properties":{"kind":"gas_pipeline","name":"LKD_PS_1024_Seg_0_Seg_0","diameter_mm":1000.0,"pressure_bar":100.0,"capacity_mcmd":61.37956396400001,"length_km":33.845133,"source":"SciGRID_gas IGGIELGNC-3","source_url":"https://github.com/Netizine/SciGRID_gas-IGGIELGNC-3"}},{"type":"Feature","geometry":{"type":"LineString","coordinates":[[10.17994,49.76136],[9.905808,49.839157]]},"properties":{"kind":"gas_pipeline","name":"LKD_PS_1024_Seg_0_Seg_2","diameter_mm":1000.0,"pressure_bar":100.0,"capacity_mcmd":61.37956396400001,"length_km":21.499308,"source":"SciGRID_gas IGGIELGNC-3","source_url":"https://github.com/Netizine/SciGRID_gas-IGGIELGNC-3"}},{"type":"Feature","geometry":{"type":"LineString","coordinates":[[9.905808,49.839157],[9.767452,49.767193]]},"properties":{"kind":"gas_pipeline","name":"LKD_PS_1024_Seg_0_Seg_3","diameter_mm":1000.0,"pressure_bar":100.0,"capacity_mcmd":61.37956396400001,"length_km":12.756457,"source":"SciGRID_gas IGGIELGNC-3","source_url":"https://github.com/Netizine/SciGRID_gas-IGGIELGNC-3"}},{"type":"Feature","geometry":{"type":"LineString","coordinates":[[9.767452,49.767193],[9.509585,49.853238]]},"properties":{"kind":"gas_pipeline","name":"LKD_PS_1025_Seg_0_Seg_0","diameter_mm":1000.0,"pressure_bar":100.0,"capacity_mcmd":61.37956396400001,"length_km":23.093465,"source":"SciGRID_gas IGGIELGNC-3","source_url":"https://github.com/Netizine/SciGRID_gas-IGGIELGNC-3"}},{"type":"Feature","geometry":{"type":"LineString","coordinates":[[9.509585,49.853238],[9.132082,49.786812]]},"properties":{"kind":"gas_pipeline","name":"LKD_PS_1025_Seg_0_Seg_1","diameter_mm":1000.0,"pressure_bar":100.0,"capacity_mcmd":61.37956396400001,"length_km":28.080725,"source":"SciGRID_gas IGGIELGNC-3","source_url":"https://github.com/Netizine/SciGRID_gas-IGGIELGNC-3"}},{"type":"Feature","geometry":{"type":"LineString","coordinates":[[9.132082,49.786812],[8.91136,49.78904]]},"properties":{"kind":"gas_pipeline","name":"LKD_PS_1025_Seg_0_Seg_2","diameter_mm":1000.0,"pressure_bar":100.0,"capacity_mcmd":61.37956396400001,"length_km":15.852431,"source":"SciGRID_gas IGGIELGNC-3","source_url":"https://github.com/Netizine/SciGRID_gas-IGGIELGNC-3"}},{"type":"Feature","geometry":{"type":"LineString","coordinates":[[8.91136,49.78904],[8.478981,49.721242]]},"properties":{"kind":"gas_pipeline","name":"LKD_PS_1025_Seg_0_Seg_3","diameter_mm":1000.0,"pressure_bar":100.0,"capacity_mcmd":61.37956396400001,"length_km":32.917529,"source":"SciGRID_gas IGGIELGNC-3","source_url":"https://github.com/Netizine/SciGRID_gas-IGGIELGNC-3"}},{"type":"Feature","geometry":{"type":"LineString","coordinates":[[9.559552,47.966708],[9.765169,48.243745]]},"properties":{"kind":"gas_pipeline","name":"LKD_PS_1029_Seg_0_Seg_0","diameter_mm":500.0,"pressure_bar":67.0,"capacity_mcmd":3.852038590666667,"length_km":37.517153,"source":"SciGRID_gas IGGIELGNC-3","source_url":"https://github.com/Netizine/SciGRID_gas-IGGIELGNC-3"}},{"type":"Feature","geometry":{"type":"LineString","coordinates":[[9.765169,48.243745],[9.778464,48.360497]]},"properties":{"kind":"gas_pipeline","name":"LKD_PS_1031_Seg_0_Seg_0","diameter_mm":500.0,"pressure_bar":67.0,"capacity_mcmd":3.852038590666667,"length_km":15.254465,"source":"SciGRID_gas IGGIELGNC-3","source_url":"https://github.com/Netizine/SciGRID_gas-IGGIELGNC-3"}},{"type":"Feature","geometry":{"type":"LineString","coordinates":[[9.778464,48.360497],[9.883534,48.525975]]},"properties":{"kind":"gas_pipeline","name":"LKD_PS_1032_Seg_0_Seg_0","diameter_mm":500.0,"pressure_bar":67.0,"capacity_mcmd":3.852038590666667,"length_km":26.032191,"source":"SciGRID_gas IGGIELGNC-3","source_url":"https://github.com/Netizine/SciGRID_gas-IGGIELGNC-3"}},{"type":"Feature","geometry":{"type":"LineString","coordinates":[[9.778464,48.360497],[9.883534,48.525975]]},"properties":{"kind":"gas_pipeline","name":"LKD_PS_1034_Seg_0_Seg_0","diameter_mm":500.0,"pressure_bar":67.0,"capacity_mcmd":3.852038590666667,"length_km":23.210656,"source":"SciGRID_gas IGGIELGNC-3","source_url":"https://github.com/Netizine/SciGRID_gas-IGGIELGNC-3"}},{"type":"Feature","geometry":{"type":"LineString","coordinates":[[9.883534,48.525975],[10.045126,48.460807]]},"properties":{"kind":"gas_pipeline","name":"LKD_PS_1036_Seg_0_Seg_0","diameter_mm":500.0,"pressure_bar":58.0,"capacity_mcmd":3.852038590666667,"length_km":14.660135,"source":"SciGRID_gas IGGIELGNC-3","source_url":"https://github.com/Netizine/SciGRID_gas-IGGIELGNC-3"}},{"type":"Feature","geometry":{"type":"LineString","coordinates":[[10.045126,48.460807],[10.06044,48.408302]]},"properties":{"kind":"gas_pipeline","name":"LKD_PS_1037_Seg_0_Seg_0","diameter_mm":500.0,"pressure_bar":58.0,"capacity_mcmd":3.852038590666667,"length_km":6.680306,"source":"SciGRID_gas IGGIELGNC-3","source_url":"https://github.com/Netizine/SciGRID_gas-IGGIELGNC-3"}},{"type":"Feature","geometry":{"type":"LineString","coordinates":[[10.06044,48.408302],[10.09573,48.328492]]},"properties":{"kind":"gas_pipeline","name":"LKD_PS_1038_Seg_0_Seg_0","diameter_mm":500.0,"pressure_bar":58.0,"capacity_mcmd":3.852038590666667,"length_km":9.252344,"source":"SciGRID_gas IGGIELGNC-3","source_url":"https://github.com/Netizine/SciGRID_gas-IGGIELGNC-3"}},{"type":"Feature","geometry":{"type":"LineString","coordinates":[[10.09573,48.328492],[10.000768,48.086627]]},"properties":{"kind":"gas_pipeline","name":"LKD_PS_1039_Seg_0_Seg_0","diameter_mm":500.0,"pressure_bar":50.0,"capacity_mcmd":3.852038590666667,"length_km":45.995242,"source":"SciGRID_gas IGGIELGNC-3","source_url":"https://github.com/Netizine/SciGRID_gas-IGGIELGNC-3"}},{"type":"Feature","geometry":{"type":"LineString","coordinates":[[10.000768,48.086627],[9.699779,47.892958]]},"properties":{"kind":"gas_pipeline","name":"LKD_PS_1040_Seg_0_Seg_0","diameter_mm":500.0,"pressure_bar":67.0,"capacity_mcmd":3.852038590666667,"length_km":33.792096,"source":"SciGRID_gas IGGIELGNC-3","source_url":"https://github.com/Netizine/SciGRID_gas-IGGIELGNC-3"}},{"type":"Feature","geometry":{"type":"LineString","coordinates":[[9.699779,47.892958],[9.521789,47.884961]]},"properties":{"kind":"gas_pipeline","name":"LKD_PS_1041_Seg_0_Seg_0","diameter_mm":700.0,"pressure_bar":67.0,"capacity_mcmd":18.939750163999996,"length_km":24.17572,"source":"SciGRID_gas IGGIELGNC-3","source_url":"https://github.com/Netizine/SciGRID_gas-IGGIELGNC-3"}},{"type":"Feature","geometry":{"type":"LineString","coordinates":[[9.521789,47.884961],[9.414961,47.851208]]},"properties":{"kind":"gas_pipeline","name":"LKD_PS_1042_Seg_0_Seg_0","diameter_mm":700.0,"pressure_bar":67.0,"capacity_mcmd":18.939750163999996,"length_km":11.428103,"source":"SciGRID_gas IGGIELGNC-3","source_url":"https://github.com/Netizine/SciGRID_gas-IGGIELGNC-3"}},{"type":"Feature","geometry":{"type":"LineString","coordinates":[[9.521789,47.884961],[9.386995,47.929933]]},"properties":{"kind":"gas_pipeline","name":"LKD_PS_1043_Seg_0_Seg_0","diameter_mm":700.0,"pressure_bar":67.0,"capacity_mcmd":18.939750163999996,"length_km":11.876959,"source":"SciGRID_gas IGGIELGNC-3","source_url":"https://github.com/Netizine/SciGRID_gas-IGGIELGNC-3"}},{"type":"Feature","geometry":{"type":"LineString","coordinates":[[9.386995,47.929933],[9.301588,47.952757]]},"properties":{"kind":"gas_pipeline","name":"LKD_PS_1044_Seg_0_Seg_0","diameter_mm":350.0,"pressure_bar":66.0,"capacity_mcmd":7.668580723805565,"length_km":7.19562,"source":"SciGRID_gas IGGIELGNC-3","source_url":"https://github.com/Netizine/SciGRID_gas-IGGIELGNC-3"}},{"type":"Feature","geometry":{"type":"LineString","coordinates":[[9.301588,47.952757],[8.994275,47.847184]]},"properties":{"kind":"gas_pipeline","name":"LKD_PS_1045_Seg_0_Seg_0","diameter_mm":350.0,"pressure_bar":67.0,"capacity_mcmd":7.736309543812569,"length_km":26.992609,"source":"SciGRID_gas IGGIELGNC-3","source_url":"https://github.com/Netizine/SciGRID_gas-IGGIELGNC-3"}},{"type":"Feature","geometry":{"type":"LineString","coordinates":[[8.994275,47.847184],[8.868479,47.770212]]},"properties":{"kind":"gas_pipeline","name":"LKD_PS_1048_Seg_0_Seg_0","diameter_mm":700.0,"pressure_bar":67.0,"capacity_mcmd":18.939750163999996,"length_km":12.842718,"source":"SciGRID_gas IGGIELGNC-3","source_url":"https://github.com/Netizine/SciGRID_gas-IGGIELGNC-3"}},{"type":"Feature","geometry":{"type":"LineString","coordinates":[[8.994275,47.847184],[9.386995,47.929933]]},"properties":{"kind":"gas_pipeline","name":"LKD_PS_1051_Seg_0_Seg_0","diameter_mm":900.0,"pressure_bar":70.0,"capacity_mcmd":27.39699999999984,"length_km":45.333,"source":"SciGRID_gas IGGIELGNC-3","source_url":"https://github.com/Netizine/SciGRID_gas-IGGIELGNC-3"}},{"type":"Feature","geometry":{"type":"LineString","coordinates":[[9.386995,47.929933],[9.559552,47.966708]]},"properties":{"kind":"gas_pipeline","name":"LKD_PS_1052_Seg_0_Seg_0","diameter_mm":500.0,"pressure_bar":67.0,"capacity_mcmd":3.852038590666667,"length_km":14.293441,"source":"SciGRID_gas IGGIELGNC-3","source_url":"https://github.com/Netizine/SciGRID_gas-IGGIELGNC-3"}},{"type":"Feature","geometry":{"type":"LineString","coordinates":[[10.09573,48.328492],[9.90803,48.349188]]},"properties":{"kind":"gas_pipeline","name":"LKD_PS_1054_Seg_0_Seg_0","diameter_mm":500.0,"pressure_bar":53.0,"capacity_mcmd":3.852038590666667,"length_km":21.50515,"source":"SciGRID_gas IGGIELGNC-3","source_url":"https://github.com/Netizine/SciGRID_gas-IGGIELGNC-3"}},{"type":"Feature","geometry":{"type":"LineString","coordinates":[[10.045126,48.460807],[10.16835,48.607475]]},"properties":{"kind":"gas_pipeline","name":"LKD_PS_1056_Seg_0_Seg_0","diameter_mm":500.0,"pressure_bar":58.0,"capacity_mcmd":3.852038590666667,"length_km":19.037685,"source":"SciGRID_gas IGGIELGNC-3","source_url":"https://github.com/Netizine/SciGRID_gas-IGGIELGNC-3"}},{"type":"Feature","geometry":{"type":"LineString","coordinates":[[10.16835,48.607475],[10.294532,48.634394]]},"properties":{"kind":"gas_pipeline","name":"LKD_PS_1058_Seg_0_Seg_0","diameter_mm":350.0,"pressure_bar":80.0,"capacity_mcmd":8.616784203903611,"length_km":10.187565,"source":"SciGRID_gas IGGIELGNC-3","source_url":"https://github.com/Netizine/SciGRID_gas-IGGIELGNC-3"}},{"type":"Feature","geometry":{"type":"LineString","coordinates":[[10.294532,48.634394],[10.545235,48.699313]]},"properties":{"kind":"gas_pipeline","name":"LKD_PS_1058_Seg_0_Seg_1","diameter_mm":350.0,"pressure_bar":80.0,"capacity_mcmd":8.616784203903611,"length_km":20.178153,"source":"SciGRID_gas IGGIELGNC-3","source_url":"https://github.com/Netizine/SciGRID_gas-IGGIELGNC-3"}},{"type":"Feature","geometry":{"type":"LineString","coordinates":[[9.883534,48.525975],[10.16835,48.607475]]},"properties":{"kind":"gas_pipeline","name":"LKD_PS_1060_Seg_0_Seg_0","diameter_mm":350.0,"pressure_bar":58.0,"capacity_mcmd":7.126750163749538,"length_km":23.167459,"source":"SciGRID_gas IGGIELGNC-3","source_url":"https://github.com/Netizine/SciGRID_gas-IGGIELGNC-3"}},{"type":"Feature","geometry":{"type":"LineString","coordinates":[[9.883534,48.525975],[10.015376,48.684655]]},"properties":{"kind":"gas_pipeline","name":"LKD_PS_1061_Seg_0_Seg_0","diameter_mm":500.0,"pressure_bar":56.0,"capacity_mcmd":3.852038590666667,"length_km":20.851533,"source":"SciGRID_gas IGGIELGNC-3","source_url":"https://github.com/Netizine/SciGRID_gas-IGGIELGNC-3"}},{"type":"Feature","geometry":{"type":"LineString","coordinates":[[10.015376,48.684655],[10.039197,48.833332]]},"properties":{"kind":"gas_pipeline","name":"LKD_PS_1064_Seg_0_Seg_0","diameter_mm":225.0,"pressure_bar":67.0,"capacity_mcmd":5.073806696088278,"length_km":17.606544,"source":"SciGRID_gas IGGIELGNC-3","source_url":"https://github.com/Netizine/SciGRID_gas-IGGIELGNC-3"}},{"type":"Feature","geometry":{"type":"LineString","coordinates":[[10.039197,48.833332],[10.018552,49.171201]]},"properties":{"kind":"gas_pipeline","name":"LKD_PS_1067_Seg_0_Seg_0","diameter_mm":225.0,"pressure_bar":67.0,"capacity_mcmd":5.073806696088278,"length_km":42.807295,"source":"SciGRID_gas IGGIELGNC-3","source_url":"https://github.com/Netizine/SciGRID_gas-IGGIELGNC-3"}},{"type":"Feature","geometry":{"type":"LineString","coordinates":[[10.018552,49.171201],[9.795259,49.11949]]},"properties":{"kind":"gas_pipeline","name":"LKD_PS_1070_Seg_0_Seg_0","diameter_mm":350.0,"pressure_bar":67.0,"capacity_mcmd":7.736309543812569,"length_km":18.411972,"source":"SciGRID_gas IGGIELGNC-3","source_url":"https://github.com/Netizine/SciGRID_gas-IGGIELGNC-3"}},{"type":"Feature","geometry":{"type":"LineString","coordinates":[[9.795259,49.11949],[9.495675,48.894645]]},"properties":{"kind":"gas_pipeline","name":"LKD_PS_1071_Seg_0_Seg_0","diameter_mm":350.0,"pressure_bar":67.0,"capacity_mcmd":7.736309543812569,"length_km":37.55702,"source":"SciGRID_gas IGGIELGNC-3","source_url":"https://github.com/Netizine/SciGRID_gas-IGGIELGNC-3"}},{"type":"Feature","geometry":{"type":"LineString","coordinates":[[9.795259,49.11949],[9.464329,49.221336]]},"properties":{"kind":"gas_pipeline","name":"LKD_PS_1073_Seg_0_Seg_0","diameter_mm":350.0,"pressure_bar":50.0,"capacity_mcmd":6.5849196036935105,"length_km":30.035469,"source":"SciGRID_gas IGGIELGNC-3","source_url":"https://github.com/Netizine/SciGRID_gas-IGGIELGNC-3"}},{"type":"Feature","geometry":{"type":"LineString","coordinates":[[9.464329,49.221336],[9.147651,49.174866]]},"properties":{"kind":"gas_pipeline","name":"LKD_PS_1075_Seg_0_Seg_0","diameter_mm":225.0,"pressure_bar":50.0,"capacity_mcmd":4.597977180018667,"length_km":25.387056,"source":"SciGRID_gas IGGIELGNC-3","source_url":"https://github.com/Netizine/SciGRID_gas-IGGIELGNC-3"}},{"type":"Feature","geometry":{"type":"LineString","coordinates":[[9.147651,49.174866],[9.08764,49.161873]]},"properties":{"kind":"gas_pipeline","name":"LKD_PS_1077_Seg_0_Seg_0","diameter_mm":700.0,"pressure_bar":50.0,"capacity_mcmd":18.939750163999996,"length_km":4.685086,"source":"SciGRID_gas IGGIELGNC-3","source_url":"https://github.com/Netizine/SciGRID_gas-IGGIELGNC-3"}},{"type":"Feature","geometry":{"type":"LineString","coordinates":[[9.08764,49.161873],[9.200212,49.154698]]},"properties":{"kind":"gas_pipeline","name":"LKD_PS_1079_Seg_0_Seg_0","diameter_mm":700.0,"pressure_bar":50.0,"capacity_mcmd":18.939750163999996,"length_km":12.447976,"source":"SciGRID_gas IGGIELGNC-3","source_url":"https://github.com/Netizine/SciGRID_gas-IGGIELGNC-3"}},{"type":"Feature","geometry":{"type":"LineString","coordinates":[[9.08764,49.161873],[9.166504,48.980142]]},"properties":{"kind":"gas_pipeline","name":"LKD_PS_1080_Seg_0_Seg_0","diameter_mm":700.0,"pressure_bar":50.0,"capacity_mcmd":18.939750163999996,"length_km":31.162215,"source":"SciGRID_gas IGGIELGNC-3","source_url":"https://github.com/Netizine/SciGRID_gas-IGGIELGNC-3"}},{"type":"Feature","geometry":{"type":"LineString","coordinates":[[9.08764,49.161873],[8.532491,49.197099]]},"properties":{"kind":"gas_pipeline","name":"LKD_PS_1081_Seg_0_Seg_0","diameter_mm":700.0,"pressure_bar":50.0,"capacity_mcmd":18.939750163999996,"length_km":43.046604,"source":"SciGRID_gas IGGIELGNC-3","source_url":"https://github.com/Netizine/SciGRID_gas-IGGIELGNC-3"}},{"type":"Feature","geometry":{"type":"LineString","coordinates":[[8.532491,49.197099],[8.57264,49.276384]]},"properties":{"kind":"gas_pipeline","name":"LKD_PS_1083_Seg_0_Seg_0","diameter_mm":350.0,"pressure_bar":59.0,"capacity_mcmd":7.194478983756541,"length_km":9.544972,"source":"SciGRID_gas IGGIELGNC-3","source_url":"https://github.com/Netizine/SciGRID_gas-IGGIELGNC-3"}},{"type":"Feature","geometry":{"type":"LineString","coordinates":[[8.57264,49.276384],[8.57,49.330792]]},"properties":{"kind":"gas_pipeline","name":"LKD_PS_1084_Seg_0_Seg_0","diameter_mm":700.0,"pressure_bar":59.0,"capacity_mcmd":18.939750163999996,"length_km":6.055282,"source":"SciGRID_gas IGGIELGNC-3","source_url":"https://github.com/Netizine/SciGRID_gas-IGGIELGNC-3"}},{"type":"Feature","geometry":{"type":"LineString","coordinates":[[8.57,49.330792],[8.554765,49.397773]]},"properties":{"kind":"gas_pipeline","name":"LKD_PS_1085_Seg_0_Seg_0","diameter_mm":350.0,"pressure_bar":59.0,"capacity_mcmd":7.194478983756541,"length_km":8.393455,"source":"SciGRID_gas IGGIELGNC-3","source_url":"https://github.com/Netizine/SciGRID_gas-IGGIELGNC-3"}},{"type":"Feature","geometry":{"type":"LineString","coordinates":[[8.554765,49.397773],[8.4355,49.57269]]},"properties":{"kind":"gas_pipeline","name":"LKD_PS_1086_Seg_0_Seg_0","diameter_mm":350.0,"pressure_bar":59.0,"capacity_mcmd":7.194478983756541,"length_km":24.792098,"source":"SciGRID_gas IGGIELGNC-3","source_url":"https://github.com/Netizine/SciGRID_gas-IGGIELGNC-3"}},{"type":"Feature","geometry":{"type":"LineString","coordinates":[[8.554765,49.397773],[8.57264,49.276384]]},"properties":{"kind":"gas_pipeline","name":"LKD_PS_1089_Seg_0_Seg_0","diameter_mm":350.0,"pressure_bar":59.0,"capacity_mcmd":7.194478983756541,"length_km":24.1319,"source":"SciGRID_gas IGGIELGNC-3","source_url":"https://github.com/Netizine/SciGRID_gas-IGGIELGNC-3"}},{"type":"Feature","geometry":{"type":"LineString","coordinates":[[8.57264,49.276384],[8.532491,49.197099]]},"properties":{"kind":"gas_pipeline","name":"LKD_PS_1090_Seg_0_Seg_0","diameter_mm":350.0,"pressure_bar":59.0,"capacity_mcmd":7.194478983756541,"length_km":11.144953,"source":"SciGRID_gas IGGIELGNC-3","source_url":"https://github.com/Netizine/SciGRID_gas-IGGIELGNC-3"}},{"type":"Feature","geometry":{"type":"LineString","coordinates":[[8.532491,49.197099],[8.452136,49.03634]]},"properties":{"kind":"gas_pipeline","name":"LKD_PS_1091_Seg_0_Seg_0","diameter_mm":700.0,"pressure_bar":59.0,"capacity_mcmd":18.939750163999996,"length_km":19.456874,"source":"SciGRID_gas IGGIELGNC-3","source_url":"https://github.com/Netizine/SciGRID_gas-IGGIELGNC-3"}},{"type":"Feature","geometry":{"type":"LineString","coordinates":[[8.532491,49.197099],[8.452136,49.03634]]},"properties":{"kind":"gas_pipeline","name":"LKD_PS_1092_Seg_0_Seg_0","diameter_mm":700.0,"pressure_bar":59.0,"capacity_mcmd":18.939750163999996,"length_km":20.257113,"source":"SciGRID_gas IGGIELGNC-3","source_url":"https://github.com/Netizine/SciGRID_gas-IGGIELGNC-3"}},{"type":"Feature","geometry":{"type":"LineString","coordinates":[[8.452136,49.03634],[8.411373,48.941724]]},"properties":{"kind":"gas_pipeline","name":"LKD_PS_1095_Seg_0_Seg_0","diameter_mm":350.0,"pressure_bar":62.0,"capacity_mcmd":7.3976654437775515,"length_km":11.605178,"source":"SciGRID_gas IGGIELGNC-3","source_url":"https://github.com/Netizine/SciGRID_gas-IGGIELGNC-3"}},{"type":"Feature","geometry":{"type":"LineString","coordinates":[[8.411373,48.941724],[8.225166,48.923732]]},"properties":{"kind":"gas_pipeline","name":"LKD_PS_1096_Seg_0_Seg_0","diameter_mm":350.0,"pressure_bar":62.0,"capacity_mcmd":7.3976654437775515,"length_km":14.551799,"source":"SciGRID_gas IGGIELGNC-3","source_url":"https://github.com/Netizine/SciGRID_gas-IGGIELGNC-3"}},{"type":"Feature","geometry":{"type":"LineString","coordinates":[[8.411373,48.941724],[8.617442,48.69986]]},"properties":{"kind":"gas_pipeline","name":"LKD_PS_1097_Seg_0_Seg_0","diameter_mm":700.0,"pressure_bar":62.0,"capacity_mcmd":18.939750163999996,"length_km":32.106672,"source":"SciGRID_gas IGGIELGNC-3","source_url":"https://github.com/Netizine/SciGRID_gas-IGGIELGNC-3"}},{"type":"Feature","geometry":{"type":"LineString","coordinates":[[8.411373,48.941724],[8.112351,48.692828]]},"properties":{"kind":"gas_pipeline","name":"LKD_PS_1098_Seg_0_Seg_0","diameter_mm":350.0,"pressure_bar":62.0,"capacity_mcmd":7.3976654437775515,"length_km":37.332794,"source":"SciGRID_gas IGGIELGNC-3","source_url":"https://github.com/Netizine/SciGRID_gas-IGGIELGNC-3"}},{"type":"Feature","geometry":{"type":"LineString","coordinates":[[8.112351,48.692828],[7.924561,48.46636]]},"properties":{"kind":"gas_pipeline","name":"LKD_PS_1100_Seg_0_Seg_0","diameter_mm":700.0,"pressure_bar":50.0,"capacity_mcmd":18.939750163999996,"length_km":29.975144,"source":"SciGRID_gas IGGIELGNC-3","source_url":"https://github.com/Netizine/SciGRID_gas-IGGIELGNC-3"}},{"type":"Feature","geometry":{"type":"LineString","coordinates":[[7.924561,48.46636],[7.833856,48.523994]]},"properties":{"kind":"gas_pipeline","name":"LKD_PS_1101_Seg_0_Seg_0","diameter_mm":900.0,"pressure_bar":70.0,"capacity_mcmd":27.39699999999984,"length_km":11.273764,"source":"SciGRID_gas IGGIELGNC-3","source_url":"https://github.com/Netizine/SciGRID_gas-IGGIELGNC-3"}},{"type":"Feature","geometry":{"type":"LineString","coordinates":[[7.924561,48.46636],[8.305303,48.126679]]},"properties":{"kind":"gas_pipeline","name":"LKD_PS_1102_Seg_0_Seg_0","diameter_mm":900.0,"pressure_bar":70.0,"capacity_mcmd":27.39699999999984,"length_km":55.671681,"source":"SciGRID_gas IGGIELGNC-3","source_url":"https://github.com/Netizine/SciGRID_gas-IGGIELGNC-3"}},{"type":"Feature","geometry":{"type":"LineString","coordinates":[[8.305303,48.126679],[8.420106,48.187799]]},"properties":{"kind":"gas_pipeline","name":"LKD_PS_1105_Seg_0_Seg_0","diameter_mm":350.0,"pressure_bar":50.0,"capacity_mcmd":6.5849196036935105,"length_km":14.261758,"source":"SciGRID_gas IGGIELGNC-3","source_url":"https://github.com/Netizine/SciGRID_gas-IGGIELGNC-3"}},{"type":"Feature","geometry":{"type":"LineString","coordinates":[[8.305303,48.126679],[8.591739,48.071164]]},"properties":{"kind":"gas_pipeline","name":"LKD_PS_1106_Seg_0_Seg_0","diameter_mm":900.0,"pressure_bar":70.0,"capacity_mcmd":27.39699999999984,"length_km":24.693096,"source":"SciGRID_gas IGGIELGNC-3","source_url":"https://github.com/Netizine/SciGRID_gas-IGGIELGNC-3"}},{"type":"Feature","geometry":{"type":"LineString","coordinates":[[8.591739,48.071164],[8.828903,47.951977]]},"properties":{"kind":"gas_pipeline","name":"LKD_PS_1107_Seg_0_Seg_0","diameter_mm":350.0,"pressure_bar":50.0,"capacity_mcmd":6.5849196036935105,"length_km":28.994295,"source":"SciGRID_gas IGGIELGNC-3","source_url":"https://github.com/Netizine/SciGRID_gas-IGGIELGNC-3"}},{"type":"Feature","geometry":{"type":"LineString","coordinates":[[8.828903,47.951977],[8.994275,47.847184]]},"properties":{"kind":"gas_pipeline","name":"LKD_PS_1108_Seg_0_Seg_1","diameter_mm":700.0,"pressure_bar":67.0,"capacity_mcmd":18.939750163999996,"length_km":17.972175,"source":"SciGRID_gas IGGIELGNC-3","source_url":"https://github.com/Netizine/SciGRID_gas-IGGIELGNC-3"}},{"type":"Feature","geometry":{"type":"LineString","coordinates":[[8.591739,48.071164],[8.933238,48.329865]]},"properties":{"kind":"gas_pipeline","name":"LKD_PS_1109_Seg_0_Seg_0","diameter_mm":350.0,"pressure_bar":50.0,"capacity_mcmd":6.5849196036935105,"length_km":41.289714,"source":"SciGRID_gas IGGIELGNC-3","source_url":"https://github.com/Netizine/SciGRID_gas-IGGIELGNC-3"}},{"type":"Feature","geometry":{"type":"LineString","coordinates":[[8.933238,48.329865],[9.137394,48.495637]]},"properties":{"kind":"gas_pipeline","name":"LKD_PS_1110_Seg_0_Seg_1","diameter_mm":700.0,"pressure_bar":50.0,"capacity_mcmd":18.939750163999996,"length_km":28.502267,"source":"SciGRID_gas IGGIELGNC-3","source_url":"https://github.com/Netizine/SciGRID_gas-IGGIELGNC-3"}},{"type":"Feature","geometry":{"type":"LineString","coordinates":[[9.137394,48.495637],[9.408071,48.639647]]},"properties":{"kind":"gas_pipeline","name":"LKD_PS_1113_Seg_0_Seg_0","diameter_mm":700.0,"pressure_bar":50.0,"capacity_mcmd":18.939750163999996,"length_km":28.09338,"source":"SciGRID_gas IGGIELGNC-3","source_url":"https://github.com/Netizine/SciGRID_gas-IGGIELGNC-3"}},{"type":"Feature","geometry":{"type":"LineString","coordinates":[[9.408071,48.639647],[9.639561,48.659186]]},"properties":{"kind":"gas_pipeline","name":"LKD_PS_1115_Seg_0_Seg_0","diameter_mm":1000.0,"pressure_bar":56.0,"capacity_mcmd":53.26072627774218,"length_km":17.852562,"source":"SciGRID_gas IGGIELGNC-3","source_url":"https://github.com/Netizine/SciGRID_gas-IGGIELGNC-3"}},{"type":"Feature","geometry":{"type":"LineString","coordinates":[[9.639561,48.659186],[9.791831,48.562593]]},"properties":{"kind":"gas_pipeline","name":"LKD_PS_1117_Seg_0_Seg_0","diameter_mm":900.0,"pressure_bar":70.0,"capacity_mcmd":27.39699999999984,"length_km":16.286879,"source":"SciGRID_gas IGGIELGNC-3","source_url":"https://github.com/Netizine/SciGRID_gas-IGGIELGNC-3"}},{"type":"Feature","geometry":{"type":"LineString","coordinates":[[9.791831,48.562593],[9.883534,48.525975]]},"properties":{"kind":"gas_pipeline","name":"LKD_PS_1119_Seg_0_Seg_0","diameter_mm":500.0,"pressure_bar":68.0,"capacity_mcmd":3.852038590666667,"length_km":7.937886,"source":"SciGRID_gas IGGIELGNC-3","source_url":"https://github.com/Netizine/SciGRID_gas-IGGIELGNC-3"}},{"type":"Feature","geometry":{"type":"LineString","coordinates":[[9.639561,48.659186],[9.683572,48.708355]]},"properties":{"kind":"gas_pipeline","name":"LKD_PS_1120_Seg_0_Seg_0","diameter_mm":500.0,"pressure_bar":56.0,"capacity_mcmd":3.852038590666667,"length_km":7.060172,"source":"SciGRID_gas IGGIELGNC-3","source_url":"https://github.com/Netizine/SciGRID_gas-IGGIELGNC-3"}},{"type":"Feature","geometry":{"type":"LineString","coordinates":[[9.683572,48.708355],[9.958826,48.830029]]},"properties":{"kind":"gas_pipeline","name":"LKD_PS_1121_Seg_0_Seg_0","diameter_mm":500.0,"pressure_bar":67.0,"capacity_mcmd":3.852038590666667,"length_km":26.806978,"source":"SciGRID_gas IGGIELGNC-3","source_url":"https://github.com/Netizine/SciGRID_gas-IGGIELGNC-3"}},{"type":"Feature","geometry":{"type":"LineString","coordinates":[[9.958826,48.830029],[10.039197,48.833332]]},"properties":{"kind":"gas_pipeline","name":"LKD_PS_1124_Seg_0_Seg_0","diameter_mm":225.0,"pressure_bar":67.0,"capacity_mcmd":5.073806696088278,"length_km":5.896192,"source":"SciGRID_gas IGGIELGNC-3","source_url":"https://github.com/Netizine/SciGRID_gas-IGGIELGNC-3"}},{"type":"Feature","geometry":{"type":"LineString","coordinates":[[8.452136,49.03634],[8.648187,48.95568]]},"properties":{"kind":"gas_pipeline","name":"LKD_PS_1125_Seg_0_Seg_0","diameter_mm":700.0,"pressure_bar":56.0,"capacity_mcmd":18.939750163999996,"length_km":17.114907,"source":"SciGRID_gas IGGIELGNC-3","source_url":"https://github.com/Netizine/SciGRID_gas-IGGIELGNC-3"}},{"type":"Feature","geometry":{"type":"LineString","coordinates":[[8.648187,48.95568],[8.735758,48.897655]]},"properties":{"kind":"gas_pipeline","name":"LKD_PS_1127_Seg_0_Seg_0","diameter_mm":500.0,"pressure_bar":56.0,"capacity_mcmd":3.852038590666667,"length_km":9.589968,"source":"SciGRID_gas IGGIELGNC-3","source_url":"https://github.com/Netizine/SciGRID_gas-IGGIELGNC-3"}},{"type":"Feature","geometry":{"type":"LineString","coordinates":[[8.735758,48.897655],[8.977629,48.783847]]},"properties":{"kind":"gas_pipeline","name":"LKD_PS_1128_Seg_0_Seg_0","diameter_mm":350.0,"pressure_bar":56.0,"capacity_mcmd":6.991292523735531,"length_km":25.283688,"source":"SciGRID_gas IGGIELGNC-3","source_url":"https://github.com/Netizine/SciGRID_gas-IGGIELGNC-3"}},{"type":"Feature","geometry":{"type":"LineString","coordinates":[[8.977629,48.783847],[9.408071,48.639647]]},"properties":{"kind":"gas_pipeline","name":"LKD_PS_1130_Seg_0_Seg_1","diameter_mm":1000.0,"pressure_bar":56.0,"capacity_mcmd":53.26072627774218,"length_km":38.891813,"source":"SciGRID_gas IGGIELGNC-3","source_url":"https://github.com/Netizine/SciGRID_gas-IGGIELGNC-3"}},{"type":"Feature","geometry":{"type":"LineString","coordinates":[[7.924561,48.46636],[7.808433,47.986199]]},"properties":{"kind":"gas_pipeline","name":"LKD_PS_1131_Seg_0_Seg_0","diameter_mm":700.0,"pressure_bar":54.0,"capacity_mcmd":18.939750163999996,"length_km":59.962463,"source":"SciGRID_gas IGGIELGNC-3","source_url":"https://github.com/Netizine/SciGRID_gas-IGGIELGNC-3"}},{"type":"Feature","geometry":{"type":"LineString","coordinates":[[7.808433,47.986199],[7.637349,47.849604]]},"properties":{"kind":"gas_pipeline","name":"LKD_PS_1132_Seg_0_Seg_1","diameter_mm":700.0,"pressure_bar":62.0,"capacity_mcmd":18.939750163999996,"length_km":20.395029,"source":"SciGRID_gas IGGIELGNC-3","source_url":"https://github.com/Netizine/SciGRID_gas-IGGIELGNC-3"}},{"type":"Feature","geometry":{"type":"LineString","coordinates":[[7.637349,47.849604],[7.673591,47.56344]]},"properties":{"kind":"gas_pipeline","name":"LKD_PS_1133_Seg_0_Seg_0","diameter_mm":700.0,"pressure_bar":54.0,"capacity_mcmd":18.939750163999996,"length_km":35.698901,"source":"SciGRID_gas IGGIELGNC-3","source_url":"https://github.com/Netizine/SciGRID_gas-IGGIELGNC-3"}},{"type":"Feature","geometry":{"type":"LineString","coordinates":[[7.924561,48.46636],[7.751374,48.082977]]},"properties":{"kind":"gas_pipeline","name":"LKD_PS_1135_Seg_0_Seg_0","diameter_mm":700.0,"pressure_bar":54.0,"capacity_mcmd":18.939750163999996,"length_km":50.343424,"source":"SciGRID_gas IGGIELGNC-3","source_url":"https://github.com/Netizine/SciGRID_gas-IGGIELGNC-3"}},{"type":"Feature","geometry":{"type":"LineString","coordinates":[[7.751374,48.082977],[7.637349,47.849604]]},"properties":{"kind":"gas_pipeline","name":"LKD_PS_1136_Seg_0_Seg_0","diameter_mm":700.0,"pressure_bar":62.0,"capacity_mcmd":18.939750163999996,"length_km":32.147491,"source":"SciGRID_gas IGGIELGNC-3","source_url":"https://github.com/Netizine/SciGRID_gas-IGGIELGNC-3"}},{"type":"Feature","geometry":{"type":"LineString","coordinates":[[6.123468,51.802895],[5.722341,51.845368]]},"properties":{"kind":"gas_pipeline","name":"LKD_PS_1170_Seg_0_Seg_0","diameter_mm":900.0,"pressure_bar":70.0,"capacity_mcmd":27.39699999999984,"length_km":30.851201,"source":"SciGRID_gas IGGIELGNC-3","source_url":"https://github.com/Netizine/SciGRID_gas-IGGIELGNC-3"}},{"type":"Feature","geometry":{"type":"LineString","coordinates":[[5.722341,51.845368],[6.428327,51.600642]]},"properties":{"kind":"gas_pipeline","name":"LKD_PS_1170_Seg_0_Seg_2","diameter_mm":900.0,"pressure_bar":70.0,"capacity_mcmd":27.39699999999984,"length_km":63.763973,"source":"SciGRID_gas IGGIELGNC-3","source_url":"https://github.com/Netizine/SciGRID_gas-IGGIELGNC-3"}},{"type":"Feature","geometry":{"type":"LineString","coordinates":[[6.207367,50.760751],[6.392669,50.788562]]},"properties":{"kind":"gas_pipeline","name":"LKD_PS_1179_Seg_0_Seg_0","diameter_mm":350.0,"pressure_bar":220.0,"capacity_mcmd":35.23429898274224,"length_km":13.395946,"source":"SciGRID_gas IGGIELGNC-3","source_url":"https://github.com/Netizine/SciGRID_gas-IGGIELGNC-3"}},{"type":"Feature","geometry":{"type":"LineString","coordinates":[[6.392669,50.788562],[6.557448,50.793103]]},"properties":{"kind":"gas_pipeline","name":"LKD_PS_1180_Seg_0_Seg_0","diameter_mm":350.0,"pressure_bar":70.0,"capacity_mcmd":27.39699999999984,"length_km":11.597323,"source":"SciGRID_gas IGGIELGNC-3","source_url":"https://github.com/Netizine/SciGRID_gas-IGGIELGNC-3"}},{"type":"Feature","geometry":{"type":"LineString","coordinates":[[7.167653,51.887307],[7.240146,52.356422]]},"properties":{"kind":"gas_pipeline","name":"LKD_PS_1183_Seg_0_Seg_0","diameter_mm":900.0,"pressure_bar":70.0,"capacity_mcmd":27.39699999999984,"length_km":52.549337,"source":"SciGRID_gas IGGIELGNC-3","source_url":"https://github.com/Netizine/SciGRID_gas-IGGIELGNC-3"}},{"type":"Feature","geometry":{"type":"LineString","coordinates":[[7.061231,52.546842],[7.240146,52.356422]]},"properties":{"kind":"gas_pipeline","name":"LKD_PS_1184_Seg_0_Seg_0","diameter_mm":900.0,"pressure_bar":70.0,"capacity_mcmd":27.39699999999984,"length_km":28.739445,"source":"SciGRID_gas IGGIELGNC-3","source_url":"https://github.com/Netizine/SciGRID_gas-IGGIELGNC-3"}},{"type":"Feature","geometry":{"type":"LineString","coordinates":[[7.061231,52.546842],[7.424095,52.673925]]},"properties":{"kind":"gas_pipeline","name":"LKD_PS_1186_Seg_0_Seg_0","diameter_mm":900.0,"pressure_bar":70.0,"capacity_mcmd":27.39699999999984,"length_km":32.348251,"source":"SciGRID_gas IGGIELGNC-3","source_url":"https://github.com/Netizine/SciGRID_gas-IGGIELGNC-3"}},{"type":"Feature","geometry":{"type":"LineString","coordinates":[[7.061231,52.546842],[7.346966,52.536251]]},"properties":{"kind":"gas_pipeline","name":"LKD_PS_1187_Seg_0_Seg_0","diameter_mm":900.0,"pressure_bar":70.0,"capacity_mcmd":27.39699999999984,"length_km":19.365375,"source":"SciGRID_gas IGGIELGNC-3","source_url":"https://github.com/Netizine/SciGRID_gas-IGGIELGNC-3"}},{"type":"Feature","geometry":{"type":"LineString","coordinates":[[7.346966,52.536251],[7.427536,52.575989]]},"properties":{"kind":"gas_pipeline","name":"LKD_PS_1189_Seg_0_Seg_0","diameter_mm":900.0,"pressure_bar":70.0,"capacity_mcmd":27.39699999999984,"length_km":7.016006,"source":"SciGRID_gas IGGIELGNC-3","source_url":"https://github.com/Netizine/SciGRID_gas-IGGIELGNC-3"}},{"type":"Feature","geometry":{"type":"LineString","coordinates":[[7.424095,52.673925],[7.427536,52.575989]]},"properties":{"kind":"gas_pipeline","name":"LKD_PS_1190_Seg_0_Seg_0","diameter_mm":900.0,"pressure_bar":70.0,"capacity_mcmd":27.39699999999984,"length_km":10.895882,"source":"SciGRID_gas IGGIELGNC-3","source_url":"https://github.com/Netizine/SciGRID_gas-IGGIELGNC-3"}},{"type":"Feature","geometry":{"type":"LineString","coordinates":[[7.346966,52.536251],[7.424095,52.673925]]},"properties":{"kind":"gas_pipeline","name":"LKD_PS_1191_Seg_0_Seg_0","diameter_mm":900.0,"pressure_bar":70.0,"capacity_mcmd":27.39699999999984,"length_km":16.175506,"source":"SciGRID_gas IGGIELGNC-3","source_url":"https://github.com/Netizine/SciGRID_gas-IGGIELGNC-3"}},{"type":"Feature","geometry":{"type":"LineString","coordinates":[[7.346966,52.536251],[7.317079,52.440895]]},"properties":{"kind":"gas_pipeline","name":"LKD_PS_1192_Seg_0_Seg_0","diameter_mm":900.0,"pressure_bar":70.0,"capacity_mcmd":27.39699999999984,"length_km":10.797869,"source":"SciGRID_gas IGGIELGNC-3","source_url":"https://github.com/Netizine/SciGRID_gas-IGGIELGNC-3"}},{"type":"Feature","geometry":{"type":"LineString","coordinates":[[7.427536,52.575989],[7.845754,52.597295]]},"properties":{"kind":"gas_pipeline","name":"LKD_PS_1193_Seg_0_Seg_0","diameter_mm":900.0,"pressure_bar":70.0,"capacity_mcmd":27.39699999999984,"length_km":28.361861,"source":"SciGRID_gas IGGIELGNC-3","source_url":"https://github.com/Netizine/SciGRID_gas-IGGIELGNC-3"}},{"type":"Feature","geometry":{"type":"LineString","coordinates":[[7.346966,52.536251],[7.862424,52.706142]]},"properties":{"kind":"gas_pipeline","name":"LKD_PS_1194_Seg_0_Seg_0","diameter_mm":1000.0,"pressure_bar":80.0,"capacity_mcmd":61.37956396400001,"length_km":48.721808,"source":"SciGRID_gas IGGIELGNC-3","source_url":"https://github.com/Netizine/SciGRID_gas-IGGIELGNC-3"}},{"type":"Feature","geometry":{"type":"LineString","coordinates":[[7.862424,52.706142],[7.845754,52.597295]]},"properties":{"kind":"gas_pipeline","name":"LKD_PS_1197_Seg_0_Seg_0","diameter_mm":900.0,"pressure_bar":70.0,"capacity_mcmd":27.39699999999984,"length_km":12.632189,"source":"SciGRID_gas IGGIELGNC-3","source_url":"https://github.com/Netizine/SciGRID_gas-IGGIELGNC-3"}},{"type":"Feature","geometry":{"type":"LineString","coordinates":[[7.845754,52.597295],[8.422934,52.614224]]},"properties":{"kind":"gas_pipeline","name":"LKD_PS_1198_Seg_0_Seg_0","diameter_mm":900.0,"pressure_bar":70.0,"capacity_mcmd":27.39699999999984,"length_km":39.04182,"source":"SciGRID_gas IGGIELGNC-3","source_url":"https://github.com/Netizine/SciGRID_gas-IGGIELGNC-3"}},{"type":"Feature","geometry":{"type":"LineString","coordinates":[[8.422934,52.614224],[8.303407,52.496313]]},"properties":{"kind":"gas_pipeline","name":"LKD_PS_1200_Seg_0_Seg_0","diameter_mm":600.0,"pressure_bar":90.0,"capacity_mcmd":21.112060384787497,"length_km":15.406115,"source":"SciGRID_gas IGGIELGNC-3","source_url":"https://github.com/Netizine/SciGRID_gas-IGGIELGNC-3"}},{"type":"Feature","geometry":{"type":"LineString","coordinates":[[8.303407,52.496313],[8.198966,52.349473]]},"properties":{"kind":"gas_pipeline","name":"LKD_PS_1202_Seg_0_Seg_0","diameter_mm":900.0,"pressure_bar":70.0,"capacity_mcmd":27.39699999999984,"length_km":17.803212,"source":"SciGRID_gas IGGIELGNC-3","source_url":"https://github.com/Netizine/SciGRID_gas-IGGIELGNC-3"}},{"type":"Feature","geometry":{"type":"LineString","coordinates":[[8.198966,52.349473],[8.011674,52.317116]]},"properties":{"kind":"gas_pipeline","name":"LKD_PS_1203_Seg_0_Seg_0","diameter_mm":900.0,"pressure_bar":70.0,"capacity_mcmd":27.39699999999984,"length_km":13.229015,"source":"SciGRID_gas IGGIELGNC-3","source_url":"https://github.com/Netizine/SciGRID_gas-IGGIELGNC-3"}},{"type":"Feature","geometry":{"type":"LineString","coordinates":[[8.011674,52.317116],[8.198966,52.349473]]},"properties":{"kind":"gas_pipeline","name":"LKD_PS_1204_Seg_0_Seg_0","diameter_mm":900.0,"pressure_bar":70.0,"capacity_mcmd":27.39699999999984,"length_km":46.1819,"source":"SciGRID_gas IGGIELGNC-3","source_url":"https://github.com/Netizine/SciGRID_gas-IGGIELGNC-3"}},{"type":"Feature","geometry":{"type":"LineString","coordinates":[[8.422934,52.614224],[8.756108,52.498469]]},"properties":{"kind":"gas_pipeline","name":"LKD_PS_1205_Seg_0_Seg_0","diameter_mm":900.0,"pressure_bar":70.0,"capacity_mcmd":27.39699999999984,"length_km":25.950425,"source":"SciGRID_gas IGGIELGNC-3","source_url":"https://github.com/Netizine/SciGRID_gas-IGGIELGNC-3"}},{"type":"Feature","geometry":{"type":"LineString","coordinates":[[8.756108,52.498469],[8.96165,52.43709]]},"properties":{"kind":"gas_pipeline","name":"LKD_PS_1206_Seg_0_Seg_0","diameter_mm":900.0,"pressure_bar":70.0,"capacity_mcmd":27.39699999999984,"length_km":15.511215,"source":"SciGRID_gas IGGIELGNC-3","source_url":"https://github.com/Netizine/SciGRID_gas-IGGIELGNC-3"}},{"type":"Feature","geometry":{"type":"LineString","coordinates":[[8.96165,52.43709],[9.708357,52.211165]]},"properties":{"kind":"gas_pipeline","name":"LKD_PS_1206_Seg_0_Seg_1","diameter_mm":900.0,"pressure_bar":70.0,"capacity_mcmd":27.39699999999984,"length_km":56.643439,"source":"SciGRID_gas IGGIELGNC-3","source_url":"https://github.com/Netizine/SciGRID_gas-IGGIELGNC-3"}},{"type":"Feature","geometry":{"type":"LineString","coordinates":[[9.708357,52.211165],[9.911803,52.368132]]},"properties":{"kind":"gas_pipeline","name":"LKD_PS_1207_Seg_0_Seg_0","diameter_mm":900.0,"pressure_bar":70.0,"capacity_mcmd":27.39699999999984,"length_km":22.280514,"source":"SciGRID_gas IGGIELGNC-3","source_url":"https://github.com/Netizine/SciGRID_gas-IGGIELGNC-3"}},{"type":"Feature","geometry":{"type":"LineString","coordinates":[[9.911803,52.368132],[9.961158,52.142579]]},"properties":{"kind":"gas_pipeline","name":"LKD_PS_1208_Seg_0_Seg_0","diameter_mm":900.0,"pressure_bar":70.0,"capacity_mcmd":27.39699999999984,"length_km":25.312287,"source":"SciGRID_gas IGGIELGNC-3","source_url":"https://github.com/Netizine/SciGRID_gas-IGGIELGNC-3"}},{"type":"Feature","geometry":{"type":"LineString","coordinates":[[9.961158,52.142579],[10.362077,52.154025]]},"properties":{"kind":"gas_pipeline","name":"LKD_PS_1209_Seg_0_Seg_0","diameter_mm":900.0,"pressure_bar":70.0,"capacity_mcmd":27.39699999999984,"length_km":27.39342,"source":"SciGRID_gas IGGIELGNC-3","source_url":"https://github.com/Netizine/SciGRID_gas-IGGIELGNC-3"}},{"type":"Feature","geometry":{"type":"LineString","coordinates":[[9.961158,52.142579],[9.949775,51.782514]]},"properties":{"kind":"gas_pipeline","name":"LKD_PS_1210_Seg_0_Seg_0","diameter_mm":900.0,"pressure_bar":70.0,"capacity_mcmd":27.39699999999984,"length_km":40.057568,"source":"SciGRID_gas IGGIELGNC-3","source_url":"https://github.com/Netizine/SciGRID_gas-IGGIELGNC-3"}},{"type":"Feature","geometry":{"type":"LineString","coordinates":[[8.933875,52.56853],[9.911803,52.368132]]},"properties":{"kind":"gas_pipeline","name":"LKD_PS_1211_Seg_0_Seg_0","diameter_mm":900.0,"pressure_bar":70.0,"capacity_mcmd":27.39699999999984,"length_km":105.956703,"source":"SciGRID_gas IGGIELGNC-3","source_url":"https://github.com/Netizine/SciGRID_gas-IGGIELGNC-3"}},{"type":"Feature","geometry":{"type":"LineString","coordinates":[[7.240146,52.356422],[7.427536,52.575989]]},"properties":{"kind":"gas_pipeline","name":"LKD_PS_1215_Seg_0_Seg_0","diameter_mm":900.0,"pressure_bar":70.0,"capacity_mcmd":27.39699999999984,"length_km":31.981624,"source":"SciGRID_gas IGGIELGNC-3","source_url":"https://github.com/Netizine/SciGRID_gas-IGGIELGNC-3"}},{"type":"Feature","geometry":{"type":"LineString","coordinates":[[8.756108,52.498469],[8.827042,52.526007]]},"properties":{"kind":"gas_pipeline","name":"LKD_PS_1216_Seg_0_Seg_0","diameter_mm":800.0,"pressure_bar":80.032864776231,"capacity_mcmd":35.06849,"length_km":5.695552,"source":"SciGRID_gas IGGIELGNC-3","source_url":"https://github.com/Netizine/SciGRID_gas-IGGIELGNC-3"}},{"type":"Feature","geometry":{"type":"LineString","coordinates":[[8.827042,52.526007],[8.933875,52.56853]]},"properties":{"kind":"gas_pipeline","name":"LKD_PS_1217_Seg_0_Seg_0","diameter_mm":800.0,"pressure_bar":80.032864776231,"capacity_mcmd":35.06849,"length_km":8.636456,"source":"SciGRID_gas IGGIELGNC-3","source_url":"https://github.com/Netizine/SciGRID_gas-IGGIELGNC-3"}},{"type":"Feature","geometry":{"type":"LineString","coordinates":[[8.422934,52.614224],[8.806535,52.57789]]},"properties":{"kind":"gas_pipeline","name":"LKD_PS_1218_Seg_0_Seg_0","diameter_mm":900.0,"pressure_bar":70.0,"capacity_mcmd":27.39699999999984,"length_km":26.230939,"source":"SciGRID_gas IGGIELGNC-3","source_url":"https://github.com/Netizine/SciGRID_gas-IGGIELGNC-3"}},{"type":"Feature","geometry":{"type":"LineString","coordinates":[[8.827042,52.526007],[8.806535,52.57789]]},"properties":{"kind":"gas_pipeline","name":"LKD_PS_1219_Seg_0_Seg_0","diameter_mm":900.0,"pressure_bar":70.0,"capacity_mcmd":27.39699999999984,"length_km":5.93526,"source":"SciGRID_gas IGGIELGNC-3","source_url":"https://github.com/Netizine/SciGRID_gas-IGGIELGNC-3"}},{"type":"Feature","geometry":{"type":"LineString","coordinates":[[8.806535,52.57789],[8.807959,52.676187]]},"properties":{"kind":"gas_pipeline","name":"LKD_PS_1220_Seg_0_Seg_0","diameter_mm":900.0,"pressure_bar":70.0,"capacity_mcmd":27.39699999999984,"length_km":10.933982,"source":"SciGRID_gas IGGIELGNC-3","source_url":"https://github.com/Netizine/SciGRID_gas-IGGIELGNC-3"}},{"type":"Feature","geometry":{"type":"LineString","coordinates":[[9.708357,52.211165],[9.961158,52.142579]]},"properties":{"kind":"gas_pipeline","name":"LKD_PS_1221_Seg_0_Seg_0","diameter_mm":900.0,"pressure_bar":70.0,"capacity_mcmd":27.39699999999984,"length_km":18.855501,"source":"SciGRID_gas IGGIELGNC-3","source_url":"https://github.com/Netizine/SciGRID_gas-IGGIELGNC-3"}},{"type":"Feature","geometry":{"type":"LineString","coordinates":[[8.806535,52.57789],[8.933875,52.56853]]},"properties":{"kind":"gas_pipeline","name":"LKD_PS_1223_Seg_0_Seg_0","diameter_mm":900.0,"pressure_bar":70.0,"capacity_mcmd":27.39699999999984,"length_km":8.670865,"source":"SciGRID_gas IGGIELGNC-3","source_url":"https://github.com/Netizine/SciGRID_gas-IGGIELGNC-3"}},{"type":"Feature","geometry":{"type":"LineString","coordinates":[[6.79571,51.392262],[6.967348,51.379843]]},"properties":{"kind":"gas_pipeline","name":"LKD_PS_1226_Seg_0_Seg_0","diameter_mm":900.0,"pressure_bar":70.0,"capacity_mcmd":27.39699999999984,"length_km":11.994092,"source":"SciGRID_gas IGGIELGNC-3","source_url":"https://github.com/Netizine/SciGRID_gas-IGGIELGNC-3"}},{"type":"Feature","geometry":{"type":"LineString","coordinates":[[6.967348,51.379843],[7.25988,51.399878]]},"properties":{"kind":"gas_pipeline","name":"LKD_PS_1227_Seg_0_Seg_0","diameter_mm":900.0,"pressure_bar":70.0,"capacity_mcmd":27.39699999999984,"length_km":20.426385,"source":"SciGRID_gas IGGIELGNC-3","source_url":"https://github.com/Netizine/SciGRID_gas-IGGIELGNC-3"}},{"type":"Feature","geometry":{"type":"LineString","coordinates":[[7.25988,51.399878],[7.48979,51.546936]]},"properties":{"kind":"gas_pipeline","name":"LKD_PS_1228_Seg_0_Seg_0","diameter_mm":900.0,"pressure_bar":70.0,"capacity_mcmd":27.39699999999984,"length_km":22.831637,"source":"SciGRID_gas IGGIELGNC-3","source_url":"https://github.com/Netizine/SciGRID_gas-IGGIELGNC-3"}},{"type":"Feature","geometry":{"type":"LineString","coordinates":[[12.22717,47.6481],[12.131762,47.607411]]},"properties":{"kind":"gas_pipeline","name":"PLNG_2622_Seg_0_Seg_0_Seg_0","diameter_mm":900.0,"pressure_bar":70.0,"capacity_mcmd":2.023442887897806,"length_km":8.463739,"source":"SciGRID_gas IGGIELGNC-3","source_url":"https://github.com/Netizine/SciGRID_gas-IGGIELGNC-3"}},{"type":"Feature","geometry":{"type":"LineString","coordinates":[[6.36142,49.6477],[6.32509,49.54096]]},"properties":{"kind":"gas_pipeline","name":"PLM_2289_Seg_2_Seg_0_Seg_0","diameter_mm":900.0,"pressure_bar":70.0,"capacity_mcmd":3.3782698650119896,"length_km":12.158178,"source":"SciGRID_gas IGGIELGNC-3","source_url":"https://github.com/Netizine/SciGRID_gas-IGGIELGNC-3"}},{"type":"Feature","geometry":{"type":"LineString","coordinates":[[12.846168,48.934533],[13.751863,48.55443]]},"properties":{"kind":"gas_pipeline","name":"PLNG_2627_Seg_12_Seg_0_Seg_0","diameter_mm":900.0,"pressure_bar":70.0,"capacity_mcmd":21.35172125620859,"length_km":78.742041,"source":"SciGRID_gas IGGIELGNC-3","source_url":"https://github.com/Netizine/SciGRID_gas-IGGIELGNC-3"}},{"type":"Feature","geometry":{"type":"LineString","coordinates":[[12.22717,47.6481],[12.131762,47.607411]]},"properties":{"kind":"gas_pipeline","name":"PLS_4834_Seg_0_Seg_0_Seg_0","diameter_mm":900.0,"pressure_bar":70.0,"capacity_mcmd":2.023442887897806,"length_km":8.463739,"source":"SciGRID_gas IGGIELGNC-3","source_url":"https://github.com/Netizine/SciGRID_gas-IGGIELGNC-3"}},{"type":"Feature","geometry":{"type":"LineString","coordinates":[[3.328997,56.489706],[6.35496,54.4482]]},"properties":{"kind":"gas_pipeline","name":"NO_PS_22_Seg_0_Seg_0","diameter_mm":914.0,"pressure_bar":70.0,"capacity_mcmd":27.39699999999984,"length_km":343.587245,"source":"SciGRID_gas IGGIELGNC-3","source_url":"https://github.com/Netizine/SciGRID_gas-IGGIELGNC-3"}},{"type":"Feature","geometry":{"type":"LineString","coordinates":[[4.06073,55.61563],[7.288363,53.8464]]},"properties":{"kind":"gas_pipeline","name":"NO_PS_29_Seg_0_Seg_0","diameter_mm":1016.0,"pressure_bar":70.0,"capacity_mcmd":27.39699999999984,"length_km":290.617483,"source":"SciGRID_gas IGGIELGNC-3","source_url":"https://github.com/Netizine/SciGRID_gas-IGGIELGNC-3"}},{"type":"Feature","geometry":{"type":"LineString","coordinates":[[7.288363,53.8464],[7.25666,53.94168]]},"properties":{"kind":"gas_pipeline","name":"NO_PS_29_Seg_0_Seg_17","diameter_mm":1016.0,"pressure_bar":70.0,"capacity_mcmd":27.39699999999984,"length_km":57.549409,"source":"SciGRID_gas IGGIELGNC-3","source_url":"https://github.com/Netizine/SciGRID_gas-IGGIELGNC-3"}},{"type":"Feature","geometry":{"type":"LineString","coordinates":[[6.35496,54.4482],[7.023179,53.353273]]},"properties":{"kind":"gas_pipeline","name":"NO_PS_12_Seg_0_Seg_0","diameter_mm":914.0,"pressure_bar":80.55406002943279,"capacity_mcmd":27.39699999999984,"length_km":169.60724,"source":"SciGRID_gas IGGIELGNC-3","source_url":"https://github.com/Netizine/SciGRID_gas-IGGIELGNC-3"}},{"type":"Feature","geometry":{"type":"LineString","coordinates":[[7.023179,53.353273],[6.67328,53.4585]]},"properties":{"kind":"gas_pipeline","name":"NO_PS_12_Seg_0_Seg_8","diameter_mm":914.0,"pressure_bar":80.55406002943279,"capacity_mcmd":27.39699999999984,"length_km":25.986438,"source":"SciGRID_gas IGGIELGNC-3","source_url":"https://github.com/Netizine/SciGRID_gas-IGGIELGNC-3"}},{"type":"Feature","geometry":{"type":"LineString","coordinates":[[12.059479,47.893174],[12.103307,47.887547]]},"properties":{"kind":"gas_pipeline","name":"EntsoG_Map__ST_29","diameter_mm":900.0,"pressure_bar":70.0,"capacity_mcmd":27.39699999999984,"length_km":3.328305,"source":"SciGRID_gas IGGIELGNC-3","source_url":"https://github.com/Netizine/SciGRID_gas-IGGIELGNC-3"}},{"type":"Feature","geometry":{"type":"LineString","coordinates":[[9.636881,52.368473],[9.650892,52.339624]]},"properties":{"kind":"gas_pipeline","name":"EntsoG_Map__ST_30","diameter_mm":900.0,"pressure_bar":70.0,"capacity_mcmd":27.39699999999984,"length_km":3.347072,"source":"SciGRID_gas IGGIELGNC-3","source_url":"https://github.com/Netizine/SciGRID_gas-IGGIELGNC-3"}},{"type":"Feature","geometry":{"type":"LineString","coordinates":[[10.985528,52.817002],[10.942675,52.801137]]},"properties":{"kind":"gas_pipeline","name":"EntsoG_Map__ST_31","diameter_mm":900.0,"pressure_bar":70.0,"capacity_mcmd":27.39699999999984,"length_km":3.378694,"source":"SciGRID_gas IGGIELGNC-3","source_url":"https://github.com/Netizine/SciGRID_gas-IGGIELGNC-3"}},{"type":"Feature","geometry":{"type":"LineString","coordinates":[[13.420145,52.365262],[13.43413,52.33521]]},"properties":{"kind":"gas_pipeline","name":"EntsoG_Map__ST_33","diameter_mm":900.0,"pressure_bar":70.0,"capacity_mcmd":27.39699999999984,"length_km":3.475104,"source":"SciGRID_gas IGGIELGNC-3","source_url":"https://github.com/Netizine/SciGRID_gas-IGGIELGNC-3"}},{"type":"Feature","geometry":{"type":"LineString","coordinates":[[7.288363,53.8464],[7.344795,53.845027]]},"properties":{"kind":"gas_pipeline","name":"EntsoG_Map__ST_37","diameter_mm":900.0,"pressure_bar":70.0,"capacity_mcmd":27.39699999999984,"length_km":3.706291,"source":"SciGRID_gas IGGIELGNC-3","source_url":"https://github.com/Netizine/SciGRID_gas-IGGIELGNC-3"}},{"type":"Feature","geometry":{"type":"LineString","coordinates":[[11.781149,48.018141],[11.816447,48.042629]]},"properties":{"kind":"gas_pipeline","name":"EntsoG_Map__ST_38","diameter_mm":900.0,"pressure_bar":70.0,"capacity_mcmd":27.39699999999984,"length_km":3.783222,"source":"SciGRID_gas IGGIELGNC-3","source_url":"https://github.com/Netizine/SciGRID_gas-IGGIELGNC-3"}},{"type":"Feature","geometry":{"type":"LineString","coordinates":[[6.33118,48.70381],[6.295,48.7289]]},"properties":{"kind":"gas_pipeline","name":"EntsoG_Map__ST_39","diameter_mm":900.0,"pressure_bar":70.0,"capacity_mcmd":27.39699999999984,"length_km":3.852051,"source":"SciGRID_gas IGGIELGNC-3","source_url":"https://github.com/Netizine/SciGRID_gas-IGGIELGNC-3"}},{"type":"Feature","geometry":{"type":"LineString","coordinates":[[8.4355,49.57269],[8.38009,49.57256]]},"properties":{"kind":"gas_pipeline","name":"EntsoG_Map__ST_43","diameter_mm":900.0,"pressure_bar":70.0,"capacity_mcmd":27.39699999999984,"length_km":3.99679,"source":"SciGRID_gas IGGIELGNC-3","source_url":"https://github.com/Netizine/SciGRID_gas-IGGIELGNC-3"}},{"type":"Feature","geometry":{"type":"LineString","coordinates":[[11.618627,51.890894],[11.555702,51.891723]]},"properties":{"kind":"gas_pipeline","name":"EntsoG_Map__ST_46","diameter_mm":900.0,"pressure_bar":70.0,"capacity_mcmd":27.39699999999984,"length_km":4.320538,"source":"SciGRID_gas IGGIELGNC-3","source_url":"https://github.com/Netizine/SciGRID_gas-IGGIELGNC-3"}},{"type":"Feature","geometry":{"type":"LineString","coordinates":[[8.334917,53.196165],[8.334917,53.196165]]},"properties":{"kind":"gas_pipeline","name":"EntsoG_Map__ST_48","diameter_mm":900.0,"pressure_bar":70.0,"capacity_mcmd":27.39699999999984,"length_km":8.778795,"source":"SciGRID_gas IGGIELGNC-3","source_url":"https://github.com/Netizine/SciGRID_gas-IGGIELGNC-3"}},{"type":"Feature","geometry":{"type":"LineString","coordinates":[[11.590301,52.657963],[11.52978,52.63758]]},"properties":{"kind":"gas_pipeline","name":"EntsoG_Map__ST_54","diameter_mm":900.0,"pressure_bar":70.0,"capacity_mcmd":27.39699999999984,"length_km":4.671314,"source":"SciGRID_gas IGGIELGNC-3","source_url":"https://github.com/Netizine/SciGRID_gas-IGGIELGNC-3"}},{"type":"Feature","geometry":{"type":"LineString","coordinates":[[7.324345,53.27081],[7.388862,53.253484]]},"properties":{"kind":"gas_pipeline","name":"EntsoG_Map__ST_58","diameter_mm":900.0,"pressure_bar":70.0,"capacity_mcmd":27.39699999999984,"length_km":4.705254,"source":"SciGRID_gas IGGIELGNC-3","source_url":"https://github.com/Netizine/SciGRID_gas-IGGIELGNC-3"}},{"type":"Feature","geometry":{"type":"LineString","coordinates":[[7.324345,53.27081],[7.388862,53.253484]]},"properties":{"kind":"gas_pipeline","name":"EntsoG_Map__ST_59","diameter_mm":900.0,"pressure_bar":70.0,"capacity_mcmd":27.39699999999984,"length_km":4.705254,"source":"SciGRID_gas IGGIELGNC-3","source_url":"https://github.com/Netizine/SciGRID_gas-IGGIELGNC-3"}},{"type":"Feature","geometry":{"type":"LineString","coordinates":[[7.324345,53.27081],[7.388862,53.253484]]},"properties":{"kind":"gas_pipeline","name":"EntsoG_Map__ST_60","diameter_mm":900.0,"pressure_bar":70.0,"capacity_mcmd":27.39699999999984,"length_km":4.705254,"source":"SciGRID_gas IGGIELGNC-3","source_url":"https://github.com/Netizine/SciGRID_gas-IGGIELGNC-3"}},{"type":"Feature","geometry":{"type":"LineString","coordinates":[[7.324345,53.27081],[7.388862,53.253484]]},"properties":{"kind":"gas_pipeline","name":"EntsoG_Map__ST_61","diameter_mm":900.0,"pressure_bar":70.0,"capacity_mcmd":27.39699999999984,"length_km":4.705254,"source":"SciGRID_gas IGGIELGNC-3","source_url":"https://github.com/Netizine/SciGRID_gas-IGGIELGNC-3"}},{"type":"Feature","geometry":{"type":"LineString","coordinates":[[7.324345,53.27081],[7.388862,53.253484]]},"properties":{"kind":"gas_pipeline","name":"EntsoG_Map__ST_62","diameter_mm":900.0,"pressure_bar":70.0,"capacity_mcmd":27.39699999999984,"length_km":4.705254,"source":"SciGRID_gas IGGIELGNC-3","source_url":"https://github.com/Netizine/SciGRID_gas-IGGIELGNC-3"}},{"type":"Feature","geometry":{"type":"LineString","coordinates":[[8.422934,52.614224],[8.493598,52.613673]]},"properties":{"kind":"gas_pipeline","name":"EntsoG_Map__ST_64","diameter_mm":1600.0,"pressure_bar":187.91142013935308,"capacity_mcmd":27.39699999999984,"length_km":4.772814,"source":"SciGRID_gas IGGIELGNC-3","source_url":"https://github.com/Netizine/SciGRID_gas-IGGIELGNC-3"}},{"type":"Feature","geometry":{"type":"LineString","coordinates":[[5.722341,51.845368],[5.7,51.8]]},"properties":{"kind":"gas_pipeline","name":"EntsoG_Map__ST_73","diameter_mm":900.0,"pressure_bar":70.0,"capacity_mcmd":27.39699999999984,"length_km":5.274853,"source":"SciGRID_gas IGGIELGNC-3","source_url":"https://github.com/Netizine/SciGRID_gas-IGGIELGNC-3"}},{"type":"Feature","geometry":{"type":"LineString","coordinates":[[8.57,49.330792],[8.644253,49.327473]]},"properties":{"kind":"gas_pipeline","name":"EntsoG_Map__ST_77","diameter_mm":900.0,"pressure_bar":70.0,"capacity_mcmd":27.39699999999984,"length_km":5.395238,"source":"SciGRID_gas IGGIELGNC-3","source_url":"https://github.com/Netizine/SciGRID_gas-IGGIELGNC-3"}},{"type":"Feature","geometry":{"type":"LineString","coordinates":[[7.904586,53.51155],[7.912085,53.461064]]},"properties":{"kind":"gas_pipeline","name":"EntsoG_Map__ST_82","diameter_mm":900.0,"pressure_bar":70.0,"capacity_mcmd":27.39699999999984,"length_km":5.637439,"source":"SciGRID_gas IGGIELGNC-3","source_url":"https://github.com/Netizine/SciGRID_gas-IGGIELGNC-3"}},{"type":"Feature","geometry":{"type":"LineString","coordinates":[[7.904586,53.51155],[7.912085,53.461064]]},"properties":{"kind":"gas_pipeline","name":"EntsoG_Map__ST_83","diameter_mm":900.0,"pressure_bar":70.0,"capacity_mcmd":27.39699999999984,"length_km":5.637439,"source":"SciGRID_gas IGGIELGNC-3","source_url":"https://github.com/Netizine/SciGRID_gas-IGGIELGNC-3"}},{"type":"Feature","geometry":{"type":"LineString","coordinates":[[7.904586,53.51155],[7.912085,53.461064]]},"properties":{"kind":"gas_pipeline","name":"EntsoG_Map__ST_84","diameter_mm":900.0,"pressure_bar":70.0,"capacity_mcmd":27.39699999999984,"length_km":5.637439,"source":"SciGRID_gas IGGIELGNC-3","source_url":"https://github.com/Netizine/SciGRID_gas-IGGIELGNC-3"}},{"type":"Feature","geometry":{"type":"LineString","coordinates":[[7.904586,53.51155],[7.912085,53.461064]]},"properties":{"kind":"gas_pipeline","name":"EntsoG_Map__ST_85","diameter_mm":900.0,"pressure_bar":70.0,"capacity_mcmd":27.39699999999984,"length_km":5.637439,"source":"SciGRID_gas IGGIELGNC-3","source_url":"https://github.com/Netizine/SciGRID_gas-IGGIELGNC-3"}},{"type":"Feature","geometry":{"type":"LineString","coordinates":[[7.904586,53.51155],[7.912085,53.461064]]},"properties":{"kind":"gas_pipeline","name":"EntsoG_Map__ST_86","diameter_mm":900.0,"pressure_bar":70.0,"capacity_mcmd":27.39699999999984,"length_km":5.637439,"source":"SciGRID_gas IGGIELGNC-3","source_url":"https://github.com/Netizine/SciGRID_gas-IGGIELGNC-3"}},{"type":"Feature","geometry":{"type":"LineString","coordinates":[[11.70318,55.52336],[11.62362,55.547794]]},"properties":{"kind":"gas_pipeline","name":"EntsoG_Map__ST_87","diameter_mm":900.0,"pressure_bar":70.0,"capacity_mcmd":27.39699999999984,"length_km":5.697803,"source":"SciGRID_gas IGGIELGNC-3","source_url":"https://github.com/Netizine/SciGRID_gas-IGGIELGNC-3"}},{"type":"Feature","geometry":{"type":"LineString","coordinates":[[10.079837,52.384528],[10.15975,52.36592]]},"properties":{"kind":"gas_pipeline","name":"EntsoG_Map__ST_91","diameter_mm":900.0,"pressure_bar":70.0,"capacity_mcmd":27.39699999999984,"length_km":5.807776,"source":"SciGRID_gas IGGIELGNC-3","source_url":"https://github.com/Netizine/SciGRID_gas-IGGIELGNC-3"}},{"type":"Feature","geometry":{"type":"LineString","coordinates":[[11.393438,53.366413],[11.360765,53.422766]]},"properties":{"kind":"gas_pipeline","name":"EntsoG_Map__ST_101","diameter_mm":900.0,"pressure_bar":70.0,"capacity_mcmd":27.39699999999984,"length_km":6.632176,"source":"SciGRID_gas IGGIELGNC-3","source_url":"https://github.com/Netizine/SciGRID_gas-IGGIELGNC-3"}},{"type":"Feature","geometry":{"type":"LineString","coordinates":[[13.15183,48.01612],[13.232375,47.9867]]},"properties":{"kind":"gas_pipeline","name":"EntsoG_Map__ST_104","diameter_mm":900.0,"pressure_bar":70.0,"capacity_mcmd":27.39699999999984,"length_km":6.829604,"source":"SciGRID_gas IGGIELGNC-3","source_url":"https://github.com/Netizine/SciGRID_gas-IGGIELGNC-3"}},{"type":"Feature","geometry":{"type":"LineString","coordinates":[[13.15183,48.01612],[13.232375,47.9867]]},"properties":{"kind":"gas_pipeline","name":"EntsoG_Map__ST_105","diameter_mm":900.0,"pressure_bar":70.0,"capacity_mcmd":27.39699999999984,"length_km":6.829604,"source":"SciGRID_gas IGGIELGNC-3","source_url":"https://github.com/Netizine/SciGRID_gas-IGGIELGNC-3"}},{"type":"Feature","geometry":{"type":"LineString","coordinates":[[13.15183,48.01612],[13.232375,47.9867]]},"properties":{"kind":"gas_pipeline","name":"EntsoG_Map__ST_106","diameter_mm":900.0,"pressure_bar":70.0,"capacity_mcmd":27.39699999999984,"length_km":6.829604,"source":"SciGRID_gas IGGIELGNC-3","source_url":"https://github.com/Netizine/SciGRID_gas-IGGIELGNC-3"}},{"type":"Feature","geometry":{"type":"LineString","coordinates":[[6.501416,51.703948],[6.426365,51.663755]]},"properties":{"kind":"gas_pipeline","name":"EntsoG_Map__ST_107","diameter_mm":900.0,"pressure_bar":70.0,"capacity_mcmd":27.39699999999984,"length_km":6.839205,"source":"SciGRID_gas IGGIELGNC-3","source_url":"https://github.com/Netizine/SciGRID_gas-IGGIELGNC-3"}},{"type":"Feature","geometry":{"type":"LineString","coordinates":[[14.43064,48.096],[14.427,48.161]]},"properties":{"kind":"gas_pipeline","name":"EntsoG_Map__ST_111","diameter_mm":900.0,"pressure_bar":70.0,"capacity_mcmd":27.39699999999984,"length_km":7.234988,"source":"SciGRID_gas IGGIELGNC-3","source_url":"https://github.com/Netizine/SciGRID_gas-IGGIELGNC-3"}},{"type":"Feature","geometry":{"type":"LineString","coordinates":[[13.673705,53.97482],[13.560306,53.994342]]},"properties":{"kind":"gas_pipeline","name":"EntsoG_Map__ST_122","diameter_mm":900.0,"pressure_bar":70.0,"capacity_mcmd":27.39699999999984,"length_km":7.728024,"source":"SciGRID_gas IGGIELGNC-3","source_url":"https://github.com/Netizine/SciGRID_gas-IGGIELGNC-3"}},{"type":"Feature","geometry":{"type":"LineString","coordinates":[[7.326647,53.476068],[7.34161,53.54575]]},"properties":{"kind":"gas_pipeline","name":"EntsoG_Map__ST_125","diameter_mm":900.0,"pressure_bar":70.0,"capacity_mcmd":27.39699999999984,"length_km":7.813653,"source":"SciGRID_gas IGGIELGNC-3","source_url":"https://github.com/Netizine/SciGRID_gas-IGGIELGNC-3"}},{"type":"Feature","geometry":{"type":"LineString","coordinates":[[13.46083,47.98876],[13.356863,47.962006]]},"properties":{"kind":"gas_pipeline","name":"EntsoG_Map__ST_131","diameter_mm":900.0,"pressure_bar":70.0,"capacity_mcmd":27.39699999999984,"length_km":8.293921,"source":"SciGRID_gas IGGIELGNC-3","source_url":"https://github.com/Netizine/SciGRID_gas-IGGIELGNC-3"}},{"type":"Feature","geometry":{"type":"LineString","coordinates":[[13.46083,47.98876],[13.356863,47.962006]]},"properties":{"kind":"gas_pipeline","name":"EntsoG_Map__ST_132","diameter_mm":900.0,"pressure_bar":70.0,"capacity_mcmd":27.39699999999984,"length_km":8.293921,"source":"SciGRID_gas IGGIELGNC-3","source_url":"https://github.com/Netizine/SciGRID_gas-IGGIELGNC-3"}},{"type":"Feature","geometry":{"type":"LineString","coordinates":[[9.28077,55.92168],[9.29,56.0]]},"properties":{"kind":"gas_pipeline","name":"EntsoG_Map__ST_142","diameter_mm":900.0,"pressure_bar":70.0,"capacity_mcmd":27.39699999999984,"length_km":8.730455,"source":"SciGRID_gas IGGIELGNC-3","source_url":"https://github.com/Netizine/SciGRID_gas-IGGIELGNC-3"}},{"type":"Feature","geometry":{"type":"LineString","coordinates":[[10.858282,51.266102],[10.75,51.219587]]},"properties":{"kind":"gas_pipeline","name":"EntsoG_Map__ST_147","diameter_mm":900.0,"pressure_bar":70.0,"capacity_mcmd":27.39699999999984,"length_km":9.144345,"source":"SciGRID_gas IGGIELGNC-3","source_url":"https://github.com/Netizine/SciGRID_gas-IGGIELGNC-3"}},{"type":"Feature","geometry":{"type":"LineString","coordinates":[[10.576745,51.253382],[10.702464,51.219587]]},"properties":{"kind":"gas_pipeline","name":"EntsoG_Map__ST_149","diameter_mm":900.0,"pressure_bar":70.0,"capacity_mcmd":27.39699999999984,"length_km":9.528139,"source":"SciGRID_gas IGGIELGNC-3","source_url":"https://github.com/Netizine/SciGRID_gas-IGGIELGNC-3"}},{"type":"Feature","geometry":{"type":"LineString","coordinates":[[8.481329,50.098656],[8.62309,50.11017]]},"properties":{"kind":"gas_pipeline","name":"EntsoG_Map__ST_156","diameter_mm":900.0,"pressure_bar":70.0,"capacity_mcmd":27.39699999999984,"length_km":10.194245,"source":"SciGRID_gas IGGIELGNC-3","source_url":"https://github.com/Netizine/SciGRID_gas-IGGIELGNC-3"}},{"type":"Feature","geometry":{"type":"LineString","coordinates":[[12.655816,48.173236],[12.59326,48.26284]]},"properties":{"kind":"gas_pipeline","name":"EntsoG_Map__ST_158","diameter_mm":900.0,"pressure_bar":70.0,"capacity_mcmd":27.39699999999984,"length_km":10.992172,"source":"SciGRID_gas IGGIELGNC-3","source_url":"https://github.com/Netizine/SciGRID_gas-IGGIELGNC-3"}},{"type":"Feature","geometry":{"type":"LineString","coordinates":[[13.46083,47.98876],[13.312084,47.981978]]},"properties":{"kind":"gas_pipeline","name":"EntsoG_Map__ST_162","diameter_mm":900.0,"pressure_bar":70.0,"capacity_mcmd":27.39699999999984,"length_km":11.099563,"source":"SciGRID_gas IGGIELGNC-3","source_url":"https://github.com/Netizine/SciGRID_gas-IGGIELGNC-3"}},{"type":"Feature","geometry":{"type":"LineString","coordinates":[[14.274451,52.212412],[14.43791,52.22681]]},"properties":{"kind":"gas_pipeline","name":"EntsoG_Map__ST_163","diameter_mm":900.0,"pressure_bar":70.0,"capacity_mcmd":27.39699999999984,"length_km":11.2532,"source":"SciGRID_gas IGGIELGNC-3","source_url":"https://github.com/Netizine/SciGRID_gas-IGGIELGNC-3"}},{"type":"Feature","geometry":{"type":"LineString","coordinates":[[13.328509,52.39938],[13.224641,52.513276]]},"properties":{"kind":"gas_pipeline","name":"EntsoG_Map__ST_177","diameter_mm":900.0,"pressure_bar":70.0,"capacity_mcmd":27.39699999999984,"length_km":14.493368,"source":"SciGRID_gas IGGIELGNC-3","source_url":"https://github.com/Netizine/SciGRID_gas-IGGIELGNC-3"}},{"type":"Feature","geometry":{"type":"LineString","coordinates":[[10.739833,53.343505],[10.71039,53.19676]]},"properties":{"kind":"gas_pipeline","name":"EntsoG_Map__ST_186","diameter_mm":900.0,"pressure_bar":70.0,"capacity_mcmd":27.39699999999984,"length_km":16.439507,"source":"SciGRID_gas IGGIELGNC-3","source_url":"https://github.com/Netizine/SciGRID_gas-IGGIELGNC-3"}},{"type":"Feature","geometry":{"type":"LineString","coordinates":[[11.058255,51.310813],[11.04159,51.15294]]},"properties":{"kind":"gas_pipeline","name":"EntsoG_Map__ST_188","diameter_mm":900.0,"pressure_bar":70.0,"capacity_mcmd":27.39699999999984,"length_km":20.747085,"source":"SciGRID_gas IGGIELGNC-3","source_url":"https://github.com/Netizine/SciGRID_gas-IGGIELGNC-3"}},{"type":"Feature","geometry":{"type":"LineString","coordinates":[[11.655889,49.577683],[11.48091,49.75043]]},"properties":{"kind":"gas_pipeline","name":"EntsoG_Map__ST_192","diameter_mm":900.0,"pressure_bar":70.0,"capacity_mcmd":27.39699999999984,"length_km":22.976142,"source":"SciGRID_gas IGGIELGNC-3","source_url":"https://github.com/Netizine/SciGRID_gas-IGGIELGNC-3"}},{"type":"Feature","geometry":{"type":"LineString","coordinates":[[15.97552,49.29526],[16.215328,49.495061]]},"properties":{"kind":"gas_pipeline","name":"EntsoG_Map__ST_199","diameter_mm":900.0,"pressure_bar":70.0,"capacity_mcmd":27.39699999999984,"length_km":28.200676,"source":"SciGRID_gas IGGIELGNC-3","source_url":"https://github.com/Netizine/SciGRID_gas-IGGIELGNC-3"}},{"type":"Feature","geometry":{"type":"LineString","coordinates":[[9.871254,54.088678],[10.200844,54.266597]]},"properties":{"kind":"gas_pipeline","name":"EntsoG_Map__ST_201","diameter_mm":900.0,"pressure_bar":70.0,"capacity_mcmd":27.39699999999984,"length_km":29.189199,"source":"SciGRID_gas IGGIELGNC-3","source_url":"https://github.com/Netizine/SciGRID_gas-IGGIELGNC-3"}},{"type":"Feature","geometry":{"type":"LineString","coordinates":[[14.2571,53.86568],[14.294722,53.909167]]},"properties":{"kind":"gas_pipeline","name":"EntsoG_Map__ST_6","diameter_mm":900.0,"pressure_bar":70.0,"capacity_mcmd":2.0,"length_km":5.429542,"source":"SciGRID_gas IGGIELGNC-3","source_url":"https://github.com/Netizine/SciGRID_gas-IGGIELGNC-3"}},{"type":"Feature","geometry":{"type":"LineString","coordinates":[[6.899096,51.06119],[6.89157,51.099864]]},"properties":{"kind":"gas_pipeline","name":"EntsoG_Map__ST_5","diameter_mm":900.0,"pressure_bar":70.0,"capacity_mcmd":27.39699999999984,"length_km":4.33373,"source":"SciGRID_gas IGGIELGNC-3","source_url":"https://github.com/Netizine/SciGRID_gas-IGGIELGNC-3"}},{"type":"Feature","geometry":{"type":"LineString","coordinates":[[7.886714,50.25111],[7.878886,50.278625]]},"properties":{"kind":"gas_pipeline","name":"EntsoG_Map__ST_35","diameter_mm":900.0,"pressure_bar":70.0,"capacity_mcmd":27.39699999999984,"length_km":3.110689,"source":"SciGRID_gas IGGIELGNC-3","source_url":"https://github.com/Netizine/SciGRID_gas-IGGIELGNC-3"}},{"type":"Feature","geometry":{"type":"LineString","coordinates":[[5.9105,51.12631],[5.907,51.1542]]},"properties":{"kind":"gas_pipeline","name":"EntsoG_Map__ST_36","diameter_mm":900.0,"pressure_bar":70.0,"capacity_mcmd":27.39699999999984,"length_km":3.111801,"source":"SciGRID_gas IGGIELGNC-3","source_url":"https://github.com/Netizine/SciGRID_gas-IGGIELGNC-3"}},{"type":"Feature","geometry":{"type":"LineString","coordinates":[[9.408071,48.639647],[9.365727,48.637776]]},"properties":{"kind":"gas_pipeline","name":"EntsoG_Map__ST_37","diameter_mm":900.0,"pressure_bar":70.0,"capacity_mcmd":27.39699999999984,"length_km":3.119286,"source":"SciGRID_gas IGGIELGNC-3","source_url":"https://github.com/Netizine/SciGRID_gas-IGGIELGNC-3"}},{"type":"Feature","geometry":{"type":"LineString","coordinates":[[12.101503,54.120508],[12.108626,54.148553]]},"properties":{"kind":"gas_pipeline","name":"EntsoG_Map__ST_41","diameter_mm":900.0,"pressure_bar":70.0,"capacity_mcmd":27.39699999999984,"length_km":3.153789,"source":"SciGRID_gas IGGIELGNC-3","source_url":"https://github.com/Netizine/SciGRID_gas-IGGIELGNC-3"}},{"type":"Feature","geometry":{"type":"LineString","coordinates":[[7.48979,51.546936],[7.477,51.5197]]},"properties":{"kind":"gas_pipeline","name":"EntsoG_Map__ST_42","diameter_mm":900.0,"pressure_bar":70.0,"capacity_mcmd":27.39699999999984,"length_km":3.156067,"source":"SciGRID_gas IGGIELGNC-3","source_url":"https://github.com/Netizine/SciGRID_gas-IGGIELGNC-3"}},{"type":"Feature","geometry":{"type":"LineString","coordinates":[[15.68507,49.42868],[15.699689,49.400835]]},"properties":{"kind":"gas_pipeline","name":"EntsoG_Map__ST_46","diameter_mm":900.0,"pressure_bar":70.0,"capacity_mcmd":27.39699999999984,"length_km":3.272879,"source":"SciGRID_gas IGGIELGNC-3","source_url":"https://github.com/Netizine/SciGRID_gas-IGGIELGNC-3"}},{"type":"Feature","geometry":{"type":"LineString","coordinates":[[11.138153,49.44825],[11.095444,49.437584]]},"properties":{"kind":"gas_pipeline","name":"EntsoG_Map__ST_48","diameter_mm":900.0,"pressure_bar":70.0,"capacity_mcmd":27.39699999999984,"length_km":3.308812,"source":"SciGRID_gas IGGIELGNC-3","source_url":"https://github.com/Netizine/SciGRID_gas-IGGIELGNC-3"}},{"type":"Feature","geometry":{"type":"LineString","coordinates":[[6.923865,51.226917],[6.928225,51.256543]]},"properties":{"kind":"gas_pipeline","name":"EntsoG_Map__ST_49","diameter_mm":900.0,"pressure_bar":70.0,"capacity_mcmd":27.39699999999984,"length_km":3.309251,"source":"SciGRID_gas IGGIELGNC-3","source_url":"https://github.com/Netizine/SciGRID_gas-IGGIELGNC-3"}},{"type":"Feature","geometry":{"type":"LineString","coordinates":[[13.434032,51.555262],[13.481022,51.563388]]},"properties":{"kind":"gas_pipeline","name":"EntsoG_Map__ST_50","diameter_mm":900.0,"pressure_bar":70.0,"capacity_mcmd":27.39699999999984,"length_km":3.372818,"source":"SciGRID_gas IGGIELGNC-3","source_url":"https://github.com/Netizine/SciGRID_gas-IGGIELGNC-3"}},{"type":"Feature","geometry":{"type":"LineString","coordinates":[[7.964439,51.887647],[7.989305,51.861443]]},"properties":{"kind":"gas_pipeline","name":"EntsoG_Map__ST_51","diameter_mm":900.0,"pressure_bar":70.0,"capacity_mcmd":27.39699999999984,"length_km":3.378039,"source":"SciGRID_gas IGGIELGNC-3","source_url":"https://github.com/Netizine/SciGRID_gas-IGGIELGNC-3"}},{"type":"Feature","geometry":{"type":"LineString","coordinates":[[8.58743,47.50528],[8.621783,47.485684]]},"properties":{"kind":"gas_pipeline","name":"EntsoG_Map__ST_52","diameter_mm":900.0,"pressure_bar":70.0,"capacity_mcmd":27.39699999999984,"length_km":3.378775,"source":"SciGRID_gas IGGIELGNC-3","source_url":"https://github.com/Netizine/SciGRID_gas-IGGIELGNC-3"}},{"type":"Feature","geometry":{"type":"LineString","coordinates":[[5.84356,52.39238],[5.735949,52.510784]]},"properties":{"kind":"gas_pipeline","name":"EntsoG_Map__ST_53","diameter_mm":900.0,"pressure_bar":70.0,"capacity_mcmd":27.39699999999984,"length_km":21.238879,"source":"SciGRID_gas IGGIELGNC-3","source_url":"https://github.com/Netizine/SciGRID_gas-IGGIELGNC-3"}},{"type":"Feature","geometry":{"type":"LineString","coordinates":[[8.379559,50.596437],[8.415249,50.618161]]},"properties":{"kind":"gas_pipeline","name":"EntsoG_Map__ST_59","diameter_mm":900.0,"pressure_bar":70.0,"capacity_mcmd":27.39699999999984,"length_km":3.490837,"source":"SciGRID_gas IGGIELGNC-3","source_url":"https://github.com/Netizine/SciGRID_gas-IGGIELGNC-3"}},{"type":"Feature","geometry":{"type":"LineString","coordinates":[[6.623961,51.294797],[6.595104,51.320544]]},"properties":{"kind":"gas_pipeline","name":"EntsoG_Map__ST_61","diameter_mm":900.0,"pressure_bar":70.0,"capacity_mcmd":27.39699999999984,"length_km":3.496822,"source":"SciGRID_gas IGGIELGNC-3","source_url":"https://github.com/Netizine/SciGRID_gas-IGGIELGNC-3"}},{"type":"Feature","geometry":{"type":"LineString","coordinates":[[7.34161,53.54575],[7.288943,53.54982]]},"properties":{"kind":"gas_pipeline","name":"EntsoG_Map__ST_62","diameter_mm":900.0,"pressure_bar":70.0,"capacity_mcmd":27.39699999999984,"length_km":3.509944,"source":"SciGRID_gas IGGIELGNC-3","source_url":"https://github.com/Netizine/SciGRID_gas-IGGIELGNC-3"}},{"type":"Feature","geometry":{"type":"LineString","coordinates":[[6.851696,51.209341],[6.852908,51.240927]]},"properties":{"kind":"gas_pipeline","name":"EntsoG_Map__ST_63","diameter_mm":900.0,"pressure_bar":70.0,"capacity_mcmd":27.39699999999984,"length_km":3.51432,"source":"SciGRID_gas IGGIELGNC-3","source_url":"https://github.com/Netizine/SciGRID_gas-IGGIELGNC-3"}},{"type":"Feature","geometry":{"type":"LineString","coordinates":[[10.839941,49.485272],[10.867745,49.459306]]},"properties":{"kind":"gas_pipeline","name":"EntsoG_Map__ST_64","diameter_mm":900.0,"pressure_bar":70.0,"capacity_mcmd":27.39699999999984,"length_km":3.518569,"source":"SciGRID_gas IGGIELGNC-3","source_url":"https://github.com/Netizine/SciGRID_gas-IGGIELGNC-3"}},{"type":"Feature","geometry":{"type":"LineString","coordinates":[[7.008495,50.957285],[6.956748,50.957724]]},"properties":{"kind":"gas_pipeline","name":"EntsoG_Map__ST_70","diameter_mm":900.0,"pressure_bar":70.0,"capacity_mcmd":27.39699999999984,"length_km":3.625894,"source":"SciGRID_gas IGGIELGNC-3","source_url":"https://github.com/Netizine/SciGRID_gas-IGGIELGNC-3"}},{"type":"Feature","geometry":{"type":"LineString","coordinates":[[12.361404,50.895218],[12.367557,50.927977]]},"properties":{"kind":"gas_pipeline","name":"EntsoG_Map__ST_71","diameter_mm":900.0,"pressure_bar":70.0,"capacity_mcmd":27.39699999999984,"length_km":3.669241,"source":"SciGRID_gas IGGIELGNC-3","source_url":"https://github.com/Netizine/SciGRID_gas-IGGIELGNC-3"}},{"type":"Feature","geometry":{"type":"LineString","coordinates":[[8.403387,51.874408],[8.4088,51.9073]]},"properties":{"kind":"gas_pipeline","name":"EntsoG_Map__ST_73","diameter_mm":900.0,"pressure_bar":70.0,"capacity_mcmd":27.39699999999984,"length_km":3.677393,"source":"SciGRID_gas IGGIELGNC-3","source_url":"https://github.com/Netizine/SciGRID_gas-IGGIELGNC-3"}},{"type":"Feature","geometry":{"type":"LineString","coordinates":[[8.38009,49.57256],[8.357862,49.54276]]},"properties":{"kind":"gas_pipeline","name":"EntsoG_Map__ST_74","diameter_mm":900.0,"pressure_bar":70.0,"capacity_mcmd":27.39699999999984,"length_km":3.68227,"source":"SciGRID_gas IGGIELGNC-3","source_url":"https://github.com/Netizine/SciGRID_gas-IGGIELGNC-3"}},{"type":"Feature","geometry":{"type":"LineString","coordinates":[[11.671917,51.855733],[11.721521,51.870636]]},"properties":{"kind":"gas_pipeline","name":"EntsoG_Map__ST_79","diameter_mm":900.0,"pressure_bar":70.0,"capacity_mcmd":27.39699999999984,"length_km":3.789088,"source":"SciGRID_gas IGGIELGNC-3","source_url":"https://github.com/Netizine/SciGRID_gas-IGGIELGNC-3"}},{"type":"Feature","geometry":{"type":"LineString","coordinates":[[11.952196,53.146303],[11.986999,53.119115]]},"properties":{"kind":"gas_pipeline","name":"EntsoG_Map__ST_80","diameter_mm":900.0,"pressure_bar":70.0,"capacity_mcmd":27.39699999999984,"length_km":3.813065,"source":"SciGRID_gas IGGIELGNC-3","source_url":"https://github.com/Netizine/SciGRID_gas-IGGIELGNC-3"}},{"type":"Feature","geometry":{"type":"LineString","coordinates":[[9.130456,52.600633],[9.116175,52.6338]]},"properties":{"kind":"gas_pipeline","name":"EntsoG_Map__ST_81","diameter_mm":900.0,"pressure_bar":70.0,"capacity_mcmd":27.39699999999984,"length_km":3.813136,"source":"SciGRID_gas IGGIELGNC-3","source_url":"https://github.com/Netizine/SciGRID_gas-IGGIELGNC-3"}},{"type":"Feature","geometry":{"type":"LineString","coordinates":[[8.499221,53.034081],[8.494665,52.999429]]},"properties":{"kind":"gas_pipeline","name":"EntsoG_Map__ST_84","diameter_mm":900.0,"pressure_bar":70.0,"capacity_mcmd":27.39699999999984,"length_km":3.866374,"source":"SciGRID_gas IGGIELGNC-3","source_url":"https://github.com/Netizine/SciGRID_gas-IGGIELGNC-3"}},{"type":"Feature","geometry":{"type":"LineString","coordinates":[[7.739662,51.667561],[7.796276,51.664254]]},"properties":{"kind":"gas_pipeline","name":"EntsoG_Map__ST_91","diameter_mm":900.0,"pressure_bar":70.0,"capacity_mcmd":27.39699999999984,"length_km":3.923074,"source":"SciGRID_gas IGGIELGNC-3","source_url":"https://github.com/Netizine/SciGRID_gas-IGGIELGNC-3"}},{"type":"Feature","geometry":{"type":"LineString","coordinates":[[6.42975,52.71829],[6.37216,52.712741]]},"properties":{"kind":"gas_pipeline","name":"EntsoG_Map__ST_93","diameter_mm":900.0,"pressure_bar":70.0,"capacity_mcmd":27.39699999999984,"length_km":3.929196,"source":"SciGRID_gas IGGIELGNC-3","source_url":"https://github.com/Netizine/SciGRID_gas-IGGIELGNC-3"}},{"type":"Feature","geometry":{"type":"LineString","coordinates":[[10.871326,48.37222],[10.862851,48.337028]]},"properties":{"kind":"gas_pipeline","name":"EntsoG_Map__ST_95","diameter_mm":900.0,"pressure_bar":70.0,"capacity_mcmd":27.39699999999984,"length_km":3.964207,"source":"SciGRID_gas IGGIELGNC-3","source_url":"https://github.com/Netizine/SciGRID_gas-IGGIELGNC-3"}},{"type":"Feature","geometry":{"type":"LineString","coordinates":[[5.76341,53.0835],[5.719684,53.059357]]},"properties":{"kind":"gas_pipeline","name":"EntsoG_Map__ST_96","diameter_mm":900.0,"pressure_bar":70.0,"capacity_mcmd":27.39699999999984,"length_km":3.968694,"source":"SciGRID_gas IGGIELGNC-3","source_url":"https://github.com/Netizine/SciGRID_gas-IGGIELGNC-3"}},{"type":"Feature","geometry":{"type":"LineString","coordinates":[[8.753682,50.813316],[8.710771,50.836549]]},"properties":{"kind":"gas_pipeline","name":"EntsoG_Map__ST_97","diameter_mm":900.0,"pressure_bar":70.0,"capacity_mcmd":27.39699999999984,"length_km":3.970978,"source":"SciGRID_gas IGGIELGNC-3","source_url":"https://github.com/Netizine/SciGRID_gas-IGGIELGNC-3"}},{"type":"Feature","geometry":{"type":"LineString","coordinates":[[8.452136,49.03634],[8.506801,49.036814]]},"properties":{"kind":"gas_pipeline","name":"EntsoG_Map__ST_98","diameter_mm":900.0,"pressure_bar":70.0,"capacity_mcmd":27.39699999999984,"length_km":3.986506,"source":"SciGRID_gas IGGIELGNC-3","source_url":"https://github.com/Netizine/SciGRID_gas-IGGIELGNC-3"}},{"type":"Feature","geometry":{"type":"LineString","coordinates":[[9.683572,48.708355],[9.737647,48.702575]]},"properties":{"kind":"gas_pipeline","name":"EntsoG_Map__ST_101","diameter_mm":900.0,"pressure_bar":70.0,"capacity_mcmd":27.39699999999984,"length_km":4.021045,"source":"SciGRID_gas IGGIELGNC-3","source_url":"https://github.com/Netizine/SciGRID_gas-IGGIELGNC-3"}},{"type":"Feature","geometry":{"type":"LineString","coordinates":[[9.00524,47.47335],[8.998045,47.50996]]},"properties":{"kind":"gas_pipeline","name":"EntsoG_Map__ST_103","diameter_mm":900.0,"pressure_bar":70.0,"capacity_mcmd":27.39699999999984,"length_km":4.107873,"source":"SciGRID_gas IGGIELGNC-3","source_url":"https://github.com/Netizine/SciGRID_gas-IGGIELGNC-3"}},{"type":"Feature","geometry":{"type":"LineString","coordinates":[[10.566759,53.004111],[10.538625,53.037236]]},"properties":{"kind":"gas_pipeline","name":"EntsoG_Map__ST_107","diameter_mm":900.0,"pressure_bar":70.0,"capacity_mcmd":27.39699999999984,"length_km":4.137489,"source":"SciGRID_gas IGGIELGNC-3","source_url":"https://github.com/Netizine/SciGRID_gas-IGGIELGNC-3"}},{"type":"Feature","geometry":{"type":"LineString","coordinates":[[6.07831,49.80075],[6.100806,49.76608]]},"properties":{"kind":"gas_pipeline","name":"EntsoG_Map__ST_109","diameter_mm":900.0,"pressure_bar":70.0,"capacity_mcmd":27.39699999999984,"length_km":4.181103,"source":"SciGRID_gas IGGIELGNC-3","source_url":"https://github.com/Netizine/SciGRID_gas-IGGIELGNC-3"}},{"type":"Feature","geometry":{"type":"LineString","coordinates":[[11.576469,53.524752],[11.522021,53.544822]]},"properties":{"kind":"gas_pipeline","name":"EntsoG_Map__ST_113","diameter_mm":900.0,"pressure_bar":70.0,"capacity_mcmd":27.39699999999984,"length_km":4.2355,"source":"SciGRID_gas IGGIELGNC-3","source_url":"https://github.com/Netizine/SciGRID_gas-IGGIELGNC-3"}},{"type":"Feature","geometry":{"type":"LineString","coordinates":[[13.417378,51.205423],[13.45342,51.236106]]},"properties":{"kind":"gas_pipeline","name":"EntsoG_Map__ST_114","diameter_mm":900.0,"pressure_bar":70.0,"capacity_mcmd":27.39699999999984,"length_km":4.237004,"source":"SciGRID_gas IGGIELGNC-3","source_url":"https://github.com/Netizine/SciGRID_gas-IGGIELGNC-3"}},{"type":"Feature","geometry":{"type":"LineString","coordinates":[[7.891542,51.092737],[7.949199,51.078926]]},"properties":{"kind":"gas_pipeline","name":"EntsoG_Map__ST_119","diameter_mm":900.0,"pressure_bar":70.0,"capacity_mcmd":27.39699999999984,"length_km":4.311437,"source":"SciGRID_gas IGGIELGNC-3","source_url":"https://github.com/Netizine/SciGRID_gas-IGGIELGNC-3"}},{"type":"Feature","geometry":{"type":"LineString","coordinates":[[7.808433,47.986199],[7.86276,47.971798]]},"properties":{"kind":"gas_pipeline","name":"EntsoG_Map__ST_120","diameter_mm":900.0,"pressure_bar":70.0,"capacity_mcmd":27.39699999999984,"length_km":4.350668,"source":"SciGRID_gas IGGIELGNC-3","source_url":"https://github.com/Netizine/SciGRID_gas-IGGIELGNC-3"}},{"type":"Feature","geometry":{"type":"LineString","coordinates":[[12.35257,55.69347],[12.399082,55.722636]]},"properties":{"kind":"gas_pipeline","name":"EntsoG_Map__ST_121","diameter_mm":900.0,"pressure_bar":70.0,"capacity_mcmd":27.39699999999984,"length_km":4.361251,"source":"SciGRID_gas IGGIELGNC-3","source_url":"https://github.com/Netizine/SciGRID_gas-IGGIELGNC-3"}},{"type":"Feature","geometry":{"type":"LineString","coordinates":[[12.103307,47.887547],[12.104927,47.848244]]},"properties":{"kind":"gas_pipeline","name":"EntsoG_Map__ST_122","diameter_mm":900.0,"pressure_bar":70.0,"capacity_mcmd":27.39699999999984,"length_km":4.373337,"source":"SciGRID_gas IGGIELGNC-3","source_url":"https://github.com/Netizine/SciGRID_gas-IGGIELGNC-3"}},{"type":"Feature","geometry":{"type":"LineString","coordinates":[[12.612611,50.781515],[12.552424,50.771371]]},"properties":{"kind":"gas_pipeline","name":"EntsoG_Map__ST_123","diameter_mm":900.0,"pressure_bar":70.0,"capacity_mcmd":27.39699999999984,"length_km":4.381096,"source":"SciGRID_gas IGGIELGNC-3","source_url":"https://github.com/Netizine/SciGRID_gas-IGGIELGNC-3"}},{"type":"Feature","geometry":{"type":"LineString","coordinates":[[5.99258,48.80668],[5.950558,48.834915]]},"properties":{"kind":"gas_pipeline","name":"EntsoG_Map__ST_125","diameter_mm":900.0,"pressure_bar":70.0,"capacity_mcmd":27.39699999999984,"length_km":4.397071,"source":"SciGRID_gas IGGIELGNC-3","source_url":"https://github.com/Netizine/SciGRID_gas-IGGIELGNC-3"}},{"type":"Feature","geometry":{"type":"LineString","coordinates":[[7.230615,51.045824],[7.167789,51.044068]]},"properties":{"kind":"gas_pipeline","name":"EntsoG_Map__ST_126","diameter_mm":900.0,"pressure_bar":70.0,"capacity_mcmd":27.39699999999984,"length_km":4.397848,"source":"SciGRID_gas IGGIELGNC-3","source_url":"https://github.com/Netizine/SciGRID_gas-IGGIELGNC-3"}},{"type":"Feature","geometry":{"type":"LineString","coordinates":[[7.517873,50.55325],[7.555687,50.58489]]},"properties":{"kind":"gas_pipeline","name":"EntsoG_Map__ST_127","diameter_mm":900.0,"pressure_bar":70.0,"capacity_mcmd":27.39699999999984,"length_km":4.418399,"source":"SciGRID_gas IGGIELGNC-3","source_url":"https://github.com/Netizine/SciGRID_gas-IGGIELGNC-3"}},{"type":"Feature","geometry":{"type":"LineString","coordinates":[[7.061231,52.546842],[7.038763,52.509327]]},"properties":{"kind":"gas_pipeline","name":"EntsoG_Map__ST_131","diameter_mm":900.0,"pressure_bar":70.0,"capacity_mcmd":27.39699999999984,"length_km":4.441142,"source":"SciGRID_gas IGGIELGNC-3","source_url":"https://github.com/Netizine/SciGRID_gas-IGGIELGNC-3"}},{"type":"Feature","geometry":{"type":"LineString","coordinates":[[8.770964,49.821352],[8.737572,49.855021]]},"properties":{"kind":"gas_pipeline","name":"EntsoG_Map__ST_132","diameter_mm":900.0,"pressure_bar":70.0,"capacity_mcmd":27.39699999999984,"length_km":4.445585,"source":"SciGRID_gas IGGIELGNC-3","source_url":"https://github.com/Netizine/SciGRID_gas-IGGIELGNC-3"}},{"type":"Feature","geometry":{"type":"LineString","coordinates":[[7.66699,53.57851],[7.697915,53.614152]]},"properties":{"kind":"gas_pipeline","name":"EntsoG_Map__ST_133","diameter_mm":900.0,"pressure_bar":70.0,"capacity_mcmd":27.39699999999984,"length_km":4.459175,"source":"SciGRID_gas IGGIELGNC-3","source_url":"https://github.com/Netizine/SciGRID_gas-IGGIELGNC-3"}},{"type":"Feature","geometry":{"type":"LineString","coordinates":[[9.905808,49.839157],[9.9231,49.8]]},"properties":{"kind":"gas_pipeline","name":"EntsoG_Map__ST_137","diameter_mm":900.0,"pressure_bar":70.0,"capacity_mcmd":27.39699999999984,"length_km":4.528767,"source":"SciGRID_gas IGGIELGNC-3","source_url":"https://github.com/Netizine/SciGRID_gas-IGGIELGNC-3"}},{"type":"Feature","geometry":{"type":"LineString","coordinates":[[8.09294,53.24533],[8.075795,53.205338]]},"properties":{"kind":"gas_pipeline","name":"EntsoG_Map__ST_141","diameter_mm":900.0,"pressure_bar":70.0,"capacity_mcmd":27.39699999999984,"length_km":4.592477,"source":"SciGRID_gas IGGIELGNC-3","source_url":"https://github.com/Netizine/SciGRID_gas-IGGIELGNC-3"}},{"type":"Feature","geometry":{"type":"LineString","coordinates":[[6.411823,50.872031],[6.395936,50.831711]]},"properties":{"kind":"gas_pipeline","name":"EntsoG_Map__ST_143","diameter_mm":900.0,"pressure_bar":70.0,"capacity_mcmd":27.39699999999984,"length_km":4.621464,"source":"SciGRID_gas IGGIELGNC-3","source_url":"https://github.com/Netizine/SciGRID_gas-IGGIELGNC-3"}},{"type":"Feature","geometry":{"type":"LineString","coordinates":[[13.878857,50.996766],[13.941653,50.982413]]},"properties":{"kind":"gas_pipeline","name":"EntsoG_Map__ST_145","diameter_mm":900.0,"pressure_bar":70.0,"capacity_mcmd":27.39699999999984,"length_km":4.677535,"source":"SciGRID_gas IGGIELGNC-3","source_url":"https://github.com/Netizine/SciGRID_gas-IGGIELGNC-3"}},{"type":"Feature","geometry":{"type":"LineString","coordinates":[[6.67668,49.50257],[6.71875,49.534685]]},"properties":{"kind":"gas_pipeline","name":"EntsoG_Map__ST_147","diameter_mm":900.0,"pressure_bar":70.0,"capacity_mcmd":27.39699999999984,"length_km":4.689247,"source":"SciGRID_gas IGGIELGNC-3","source_url":"https://github.com/Netizine/SciGRID_gas-IGGIELGNC-3"}},{"type":"Feature","geometry":{"type":"LineString","coordinates":[[12.056118,49.040216],[12.056118,49.040216]]},"properties":{"kind":"gas_pipeline","name":"EntsoG_Map__ST_150","diameter_mm":900.0,"pressure_bar":70.0,"capacity_mcmd":27.39699999999984,"length_km":9.412673,"source":"SciGRID_gas IGGIELGNC-3","source_url":"https://github.com/Netizine/SciGRID_gas-IGGIELGNC-3"}},{"type":"Feature","geometry":{"type":"LineString","coordinates":[[6.83115,48.96688],[6.780534,48.994476]]},"properties":{"kind":"gas_pipeline","name":"EntsoG_Map__ST_158","diameter_mm":900.0,"pressure_bar":70.0,"capacity_mcmd":27.39699999999984,"length_km":4.803668,"source":"SciGRID_gas IGGIELGNC-3","source_url":"https://github.com/Netizine/SciGRID_gas-IGGIELGNC-3"}},{"type":"Feature","geometry":{"type":"LineString","coordinates":[[13.277536,52.035381],[13.343243,52.019195]]},"properties":{"kind":"gas_pipeline","name":"EntsoG_Map__ST_162","diameter_mm":900.0,"pressure_bar":70.0,"capacity_mcmd":27.39699999999984,"length_km":4.843875,"source":"SciGRID_gas IGGIELGNC-3","source_url":"https://github.com/Netizine/SciGRID_gas-IGGIELGNC-3"}},{"type":"Feature","geometry":{"type":"LineString","coordinates":[[12.59326,48.26284],[12.62926,48.226392]]},"properties":{"kind":"gas_pipeline","name":"EntsoG_Map__ST_163","diameter_mm":900.0,"pressure_bar":70.0,"capacity_mcmd":27.39699999999984,"length_km":4.852505,"source":"SciGRID_gas IGGIELGNC-3","source_url":"https://github.com/Netizine/SciGRID_gas-IGGIELGNC-3"}},{"type":"Feature","geometry":{"type":"LineString","coordinates":[[11.771459,52.603718],[11.81831,52.637294]]},"properties":{"kind":"gas_pipeline","name":"EntsoG_Map__ST_167","diameter_mm":900.0,"pressure_bar":70.0,"capacity_mcmd":27.39699999999984,"length_km":4.894546,"source":"SciGRID_gas IGGIELGNC-3","source_url":"https://github.com/Netizine/SciGRID_gas-IGGIELGNC-3"}},{"type":"Feature","geometry":{"type":"LineString","coordinates":[[8.735758,48.897655],[8.724902,48.854163]]},"properties":{"kind":"gas_pipeline","name":"EntsoG_Map__ST_169","diameter_mm":900.0,"pressure_bar":70.0,"capacity_mcmd":27.39699999999984,"length_km":4.902362,"source":"SciGRID_gas IGGIELGNC-3","source_url":"https://github.com/Netizine/SciGRID_gas-IGGIELGNC-3"}},{"type":"Feature","geometry":{"type":"LineString","coordinates":[[7.076187,51.088203],[7.016203,51.064885]]},"properties":{"kind":"gas_pipeline","name":"EntsoG_Map__ST_172","diameter_mm":900.0,"pressure_bar":70.0,"capacity_mcmd":27.39699999999984,"length_km":4.929411,"source":"SciGRID_gas IGGIELGNC-3","source_url":"https://github.com/Netizine/SciGRID_gas-IGGIELGNC-3"}},{"type":"Feature","geometry":{"type":"LineString","coordinates":[[7.107962,51.267779],[7.15229,51.233097]]},"properties":{"kind":"gas_pipeline","name":"EntsoG_Map__ST_174","diameter_mm":900.0,"pressure_bar":70.0,"capacity_mcmd":27.39699999999984,"length_km":4.940237,"source":"SciGRID_gas IGGIELGNC-3","source_url":"https://github.com/Netizine/SciGRID_gas-IGGIELGNC-3"}},{"type":"Feature","geometry":{"type":"LineString","coordinates":[[6.812494,51.548819],[6.840006,51.5066]]},"properties":{"kind":"gas_pipeline","name":"EntsoG_Map__ST_179","diameter_mm":900.0,"pressure_bar":70.0,"capacity_mcmd":27.39699999999984,"length_km":5.067259,"source":"SciGRID_gas IGGIELGNC-3","source_url":"https://github.com/Netizine/SciGRID_gas-IGGIELGNC-3"}},{"type":"Feature","geometry":{"type":"LineString","coordinates":[[6.449577,51.248121],[6.396565,51.280591]]},"properties":{"kind":"gas_pipeline","name":"EntsoG_Map__ST_183","diameter_mm":900.0,"pressure_bar":70.0,"capacity_mcmd":27.39699999999984,"length_km":5.163056,"source":"SciGRID_gas IGGIELGNC-3","source_url":"https://github.com/Netizine/SciGRID_gas-IGGIELGNC-3"}},{"type":"Feature","geometry":{"type":"LineString","coordinates":[[12.132926,48.576243],[12.188241,48.546174]]},"properties":{"kind":"gas_pipeline","name":"EntsoG_Map__ST_189","diameter_mm":900.0,"pressure_bar":70.0,"capacity_mcmd":27.39699999999984,"length_km":5.269443,"source":"SciGRID_gas IGGIELGNC-3","source_url":"https://github.com/Netizine/SciGRID_gas-IGGIELGNC-3"}},{"type":"Feature","geometry":{"type":"LineString","coordinates":[[12.132926,48.576243],[12.188241,48.546174]]},"properties":{"kind":"gas_pipeline","name":"EntsoG_Map__ST_190","diameter_mm":900.0,"pressure_bar":70.0,"capacity_mcmd":27.39699999999984,"length_km":5.269443,"source":"SciGRID_gas IGGIELGNC-3","source_url":"https://github.com/Netizine/SciGRID_gas-IGGIELGNC-3"}},{"type":"Feature","geometry":{"type":"LineString","coordinates":[[11.467395,52.207464],[11.389601,52.210857]]},"properties":{"kind":"gas_pipeline","name":"EntsoG_Map__ST_193","diameter_mm":900.0,"pressure_bar":70.0,"capacity_mcmd":27.39699999999984,"length_km":5.315814,"source":"SciGRID_gas IGGIELGNC-3","source_url":"https://github.com/Netizine/SciGRID_gas-IGGIELGNC-3"}},{"type":"Feature","geometry":{"type":"LineString","coordinates":[[8.828903,47.951977],[8.816146,47.999623]]},"properties":{"kind":"gas_pipeline","name":"EntsoG_Map__ST_198","diameter_mm":900.0,"pressure_bar":70.0,"capacity_mcmd":27.39699999999984,"length_km":5.384115,"source":"SciGRID_gas IGGIELGNC-3","source_url":"https://github.com/Netizine/SciGRID_gas-IGGIELGNC-3"}},{"type":"Feature","geometry":{"type":"LineString","coordinates":[[8.452136,49.03634],[8.41199,48.995528]]},"properties":{"kind":"gas_pipeline","name":"EntsoG_Map__ST_199","diameter_mm":900.0,"pressure_bar":70.0,"capacity_mcmd":27.39699999999984,"length_km":5.402236,"source":"SciGRID_gas IGGIELGNC-3","source_url":"https://github.com/Netizine/SciGRID_gas-IGGIELGNC-3"}},{"type":"Feature","geometry":{"type":"LineString","coordinates":[[9.40058,51.0381],[9.32788,51.021378]]},"properties":{"kind":"gas_pipeline","name":"EntsoG_Map__ST_201","diameter_mm":900.0,"pressure_bar":70.0,"capacity_mcmd":27.39699999999984,"length_km":5.415134,"source":"SciGRID_gas IGGIELGNC-3","source_url":"https://github.com/Netizine/SciGRID_gas-IGGIELGNC-3"}},{"type":"Feature","geometry":{"type":"LineString","coordinates":[[10.362077,52.154025],[10.336379,52.107886]]},"properties":{"kind":"gas_pipeline","name":"EntsoG_Map__ST_203","diameter_mm":900.0,"pressure_bar":70.0,"capacity_mcmd":27.39699999999984,"length_km":5.423702,"source":"SciGRID_gas IGGIELGNC-3","source_url":"https://github.com/Netizine/SciGRID_gas-IGGIELGNC-3"}},{"type":"Feature","geometry":{"type":"LineString","coordinates":[[6.86676,52.72223],[6.795628,52.745157]]},"properties":{"kind":"gas_pipeline","name":"EntsoG_Map__ST_204","diameter_mm":900.0,"pressure_bar":70.0,"capacity_mcmd":27.39699999999984,"length_km":5.427326,"source":"SciGRID_gas IGGIELGNC-3","source_url":"https://github.com/Netizine/SciGRID_gas-IGGIELGNC-3"}},{"type":"Feature","geometry":{"type":"LineString","coordinates":[[9.301588,47.952757],[9.30316,48.001874]]},"properties":{"kind":"gas_pipeline","name":"EntsoG_Map__ST_206","diameter_mm":900.0,"pressure_bar":70.0,"capacity_mcmd":27.39699999999984,"length_km":5.464529,"source":"SciGRID_gas IGGIELGNC-3","source_url":"https://github.com/Netizine/SciGRID_gas-IGGIELGNC-3"}},{"type":"Feature","geometry":{"type":"LineString","coordinates":[[7.6285,47.51811],[7.588576,47.559599]]},"properties":{"kind":"gas_pipeline","name":"EntsoG_Map__ST_209","diameter_mm":900.0,"pressure_bar":70.0,"capacity_mcmd":2.0,"length_km":5.503082,"source":"SciGRID_gas IGGIELGNC-3","source_url":"https://github.com/Netizine/SciGRID_gas-IGGIELGNC-3"}},{"type":"Feature","geometry":{"type":"LineString","coordinates":[[13.034067,52.366657],[13.061727,52.413224]]},"properties":{"kind":"gas_pipeline","name":"EntsoG_Map__ST_210","diameter_mm":900.0,"pressure_bar":70.0,"capacity_mcmd":27.39699999999984,"length_km":5.509454,"source":"SciGRID_gas IGGIELGNC-3","source_url":"https://github.com/Netizine/SciGRID_gas-IGGIELGNC-3"}},{"type":"Feature","geometry":{"type":"LineString","coordinates":[[11.377012,48.711095],[11.383888,48.760492]]},"properties":{"kind":"gas_pipeline","name":"EntsoG_Map__ST_213","diameter_mm":900.0,"pressure_bar":70.0,"capacity_mcmd":27.39699999999984,"length_km":5.517526,"source":"SciGRID_gas IGGIELGNC-3","source_url":"https://github.com/Netizine/SciGRID_gas-IGGIELGNC-3"}},{"type":"Feature","geometry":{"type":"LineString","coordinates":[[9.699779,47.892958],[9.734341,47.848842]]},"properties":{"kind":"gas_pipeline","name":"EntsoG_Map__ST_218","diameter_mm":900.0,"pressure_bar":70.0,"capacity_mcmd":27.39699999999984,"length_km":5.543369,"source":"SciGRID_gas IGGIELGNC-3","source_url":"https://github.com/Netizine/SciGRID_gas-IGGIELGNC-3"}},{"type":"Feature","geometry":{"type":"LineString","coordinates":[[6.89613,51.611737],[6.928984,51.566042]]},"properties":{"kind":"gas_pipeline","name":"EntsoG_Map__ST_220","diameter_mm":900.0,"pressure_bar":70.0,"capacity_mcmd":27.39699999999984,"length_km":5.566706,"source":"SciGRID_gas IGGIELGNC-3","source_url":"https://github.com/Netizine/SciGRID_gas-IGGIELGNC-3"}},{"type":"Feature","geometry":{"type":"LineString","coordinates":[[7.420882,53.387757],[7.38053,53.343675]]},"properties":{"kind":"gas_pipeline","name":"EntsoG_Map__ST_222","diameter_mm":900.0,"pressure_bar":70.0,"capacity_mcmd":27.39699999999984,"length_km":5.586999,"source":"SciGRID_gas IGGIELGNC-3","source_url":"https://github.com/Netizine/SciGRID_gas-IGGIELGNC-3"}},{"type":"Feature","geometry":{"type":"LineString","coordinates":[[6.967348,51.379843],[6.996569,51.426879]]},"properties":{"kind":"gas_pipeline","name":"EntsoG_Map__ST_224","diameter_mm":900.0,"pressure_bar":70.0,"capacity_mcmd":27.39699999999984,"length_km":5.610973,"source":"SciGRID_gas IGGIELGNC-3","source_url":"https://github.com/Netizine/SciGRID_gas-IGGIELGNC-3"}},{"type":"Feature","geometry":{"type":"LineString","coordinates":[[7.117512,51.590682],[7.077416,51.634641]]},"properties":{"kind":"gas_pipeline","name":"EntsoG_Map__ST_225","diameter_mm":900.0,"pressure_bar":70.0,"capacity_mcmd":27.39699999999984,"length_km":5.619401,"source":"SciGRID_gas IGGIELGNC-3","source_url":"https://github.com/Netizine/SciGRID_gas-IGGIELGNC-3"}},{"type":"Feature","geometry":{"type":"LineString","coordinates":[[7.812569,51.245456],[7.732008,51.241861]]},"properties":{"kind":"gas_pipeline","name":"EntsoG_Map__ST_226","diameter_mm":900.0,"pressure_bar":70.0,"capacity_mcmd":27.39699999999984,"length_km":5.623774,"source":"SciGRID_gas IGGIELGNC-3","source_url":"https://github.com/Netizine/SciGRID_gas-IGGIELGNC-3"}},{"type":"Feature","geometry":{"type":"LineString","coordinates":[[11.081736,49.36526],[11.018469,49.335513]]},"properties":{"kind":"gas_pipeline","name":"EntsoG_Map__ST_231","diameter_mm":900.0,"pressure_bar":70.0,"capacity_mcmd":27.39699999999984,"length_km":5.653591,"source":"SciGRID_gas IGGIELGNC-3","source_url":"https://github.com/Netizine/SciGRID_gas-IGGIELGNC-3"}},{"type":"Feature","geometry":{"type":"LineString","coordinates":[[12.103307,47.887547],[12.178396,47.879761]]},"properties":{"kind":"gas_pipeline","name":"EntsoG_Map__ST_234","diameter_mm":900.0,"pressure_bar":70.0,"capacity_mcmd":27.39699999999984,"length_km":5.667818,"source":"SciGRID_gas IGGIELGNC-3","source_url":"https://github.com/Netizine/SciGRID_gas-IGGIELGNC-3"}},{"type":"Feature","geometry":{"type":"LineString","coordinates":[[6.207367,50.760751],[6.26126,50.722797]]},"properties":{"kind":"gas_pipeline","name":"EntsoG_Map__ST_236","diameter_mm":900.0,"pressure_bar":70.0,"capacity_mcmd":35.23429898274224,"length_km":5.675572,"source":"SciGRID_gas IGGIELGNC-3","source_url":"https://github.com/Netizine/SciGRID_gas-IGGIELGNC-3"}},{"type":"Feature","geometry":{"type":"LineString","coordinates":[[8.6492,47.64837],[8.626183,47.696985]]},"properties":{"kind":"gas_pipeline","name":"EntsoG_Map__ST_237","diameter_mm":900.0,"pressure_bar":70.0,"capacity_mcmd":2.0,"length_km":5.675591,"source":"SciGRID_gas IGGIELGNC-3","source_url":"https://github.com/Netizine/SciGRID_gas-IGGIELGNC-3"}},{"type":"Feature","geometry":{"type":"LineString","coordinates":[[13.7549,51.999678],[13.778007,52.048874]]},"properties":{"kind":"gas_pipeline","name":"EntsoG_Map__ST_239","diameter_mm":900.0,"pressure_bar":70.0,"capacity_mcmd":27.39699999999984,"length_km":5.696019,"source":"SciGRID_gas IGGIELGNC-3","source_url":"https://github.com/Netizine/SciGRID_gas-IGGIELGNC-3"}},{"type":"Feature","geometry":{"type":"LineString","coordinates":[[7.117512,51.590682],[7.050242,51.560521]]},"properties":{"kind":"gas_pipeline","name":"EntsoG_Map__ST_241","diameter_mm":900.0,"pressure_bar":70.0,"capacity_mcmd":27.39699999999984,"length_km":5.73402,"source":"SciGRID_gas IGGIELGNC-3","source_url":"https://github.com/Netizine/SciGRID_gas-IGGIELGNC-3"}},{"type":"Feature","geometry":{"type":"LineString","coordinates":[[8.679691,53.230136],[8.736956,53.268702]]},"properties":{"kind":"gas_pipeline","name":"EntsoG_Map__ST_242","diameter_mm":900.0,"pressure_bar":70.0,"capacity_mcmd":27.39699999999984,"length_km":5.738128,"source":"SciGRID_gas IGGIELGNC-3","source_url":"https://github.com/Netizine/SciGRID_gas-IGGIELGNC-3"}},{"type":"Feature","geometry":{"type":"LineString","coordinates":[[12.933087,53.556374],[12.94802,53.607262]]},"properties":{"kind":"gas_pipeline","name":"EntsoG_Map__ST_243","diameter_mm":900.0,"pressure_bar":70.0,"capacity_mcmd":27.39699999999984,"length_km":5.745516,"source":"SciGRID_gas IGGIELGNC-3","source_url":"https://github.com/Netizine/SciGRID_gas-IGGIELGNC-3"}},{"type":"Feature","geometry":{"type":"LineString","coordinates":[[10.378769,53.1685],[10.454042,53.193736]]},"properties":{"kind":"gas_pipeline","name":"EntsoG_Map__ST_244","diameter_mm":900.0,"pressure_bar":70.0,"capacity_mcmd":27.39699999999984,"length_km":5.749391,"source":"SciGRID_gas IGGIELGNC-3","source_url":"https://github.com/Netizine/SciGRID_gas-IGGIELGNC-3"}},{"type":"Feature","geometry":{"type":"LineString","coordinates":[[9.359299,53.216222],[9.295201,53.251265]]},"properties":{"kind":"gas_pipeline","name":"EntsoG_Map__ST_246","diameter_mm":900.0,"pressure_bar":70.0,"capacity_mcmd":27.39699999999984,"length_km":5.779629,"source":"SciGRID_gas IGGIELGNC-3","source_url":"https://github.com/Netizine/SciGRID_gas-IGGIELGNC-3"}},{"type":"Feature","geometry":{"type":"LineString","coordinates":[[11.384046,52.748308],[11.416569,52.700169]]},"properties":{"kind":"gas_pipeline","name":"EntsoG_Map__ST_247","diameter_mm":900.0,"pressure_bar":70.0,"capacity_mcmd":27.39699999999984,"length_km":5.785405,"source":"SciGRID_gas IGGIELGNC-3","source_url":"https://github.com/Netizine/SciGRID_gas-IGGIELGNC-3"}},{"type":"Feature","geometry":{"type":"LineString","coordinates":[[6.837924,51.45992],[6.874811,51.412706]]},"properties":{"kind":"gas_pipeline","name":"EntsoG_Map__ST_250","diameter_mm":900.0,"pressure_bar":70.0,"capacity_mcmd":27.39699999999984,"length_km":5.841336,"source":"SciGRID_gas IGGIELGNC-3","source_url":"https://github.com/Netizine/SciGRID_gas-IGGIELGNC-3"}},{"type":"Feature","geometry":{"type":"LineString","coordinates":[[7.376451,49.749549],[7.322021,49.71041]]},"properties":{"kind":"gas_pipeline","name":"EntsoG_Map__ST_251","diameter_mm":900.0,"pressure_bar":70.0,"capacity_mcmd":27.39699999999984,"length_km":5.853805,"source":"SciGRID_gas IGGIELGNC-3","source_url":"https://github.com/Netizine/SciGRID_gas-IGGIELGNC-3"}},{"type":"Feature","geometry":{"type":"LineString","coordinates":[[9.86356,49.786412],[9.924489,49.751255]]},"properties":{"kind":"gas_pipeline","name":"EntsoG_Map__ST_253","diameter_mm":900.0,"pressure_bar":70.0,"capacity_mcmd":27.39699999999984,"length_km":5.869549,"source":"SciGRID_gas IGGIELGNC-3","source_url":"https://github.com/Netizine/SciGRID_gas-IGGIELGNC-3"}},{"type":"Feature","geometry":{"type":"LineString","coordinates":[[9.28849,54.64867],[9.405067,54.629181]]},"properties":{"kind":"gas_pipeline","name":"EntsoG_Map__ST_255","diameter_mm":900.0,"pressure_bar":70.0,"capacity_mcmd":27.39699999999984,"length_km":7.811091,"source":"SciGRID_gas IGGIELGNC-3","source_url":"https://github.com/Netizine/SciGRID_gas-IGGIELGNC-3"}},{"type":"Feature","geometry":{"type":"LineString","coordinates":[[7.588594,51.993288],[7.6413,51.9501]]},"properties":{"kind":"gas_pipeline","name":"EntsoG_Map__ST_260","diameter_mm":900.0,"pressure_bar":70.0,"capacity_mcmd":27.39699999999984,"length_km":6.00999,"source":"SciGRID_gas IGGIELGNC-3","source_url":"https://github.com/Netizine/SciGRID_gas-IGGIELGNC-3"}},{"type":"Feature","geometry":{"type":"LineString","coordinates":[[10.470767,48.357894],[10.389873,48.35048]]},"properties":{"kind":"gas_pipeline","name":"EntsoG_Map__ST_264","diameter_mm":900.0,"pressure_bar":70.0,"capacity_mcmd":27.39699999999984,"length_km":6.035871,"source":"SciGRID_gas IGGIELGNC-3","source_url":"https://github.com/Netizine/SciGRID_gas-IGGIELGNC-3"}},{"type":"Feature","geometry":{"type":"LineString","coordinates":[[10.334395,47.647739],[10.258145,47.666689]]},"properties":{"kind":"gas_pipeline","name":"EntsoG_Map__ST_270","diameter_mm":900.0,"pressure_bar":70.0,"capacity_mcmd":27.39699999999984,"length_km":6.08914,"source":"SciGRID_gas IGGIELGNC-3","source_url":"https://github.com/Netizine/SciGRID_gas-IGGIELGNC-3"}},{"type":"Feature","geometry":{"type":"LineString","coordinates":[[10.294532,48.634394],[10.254587,48.682553]]},"properties":{"kind":"gas_pipeline","name":"EntsoG_Map__ST_271","diameter_mm":900.0,"pressure_bar":70.0,"capacity_mcmd":27.39699999999984,"length_km":6.108011,"source":"SciGRID_gas IGGIELGNC-3","source_url":"https://github.com/Netizine/SciGRID_gas-IGGIELGNC-3"}},{"type":"Feature","geometry":{"type":"LineString","coordinates":[[8.011674,52.317116],[8.081554,52.282305]]},"properties":{"kind":"gas_pipeline","name":"EntsoG_Map__ST_272","diameter_mm":900.0,"pressure_bar":70.0,"capacity_mcmd":27.39699999999984,"length_km":6.130754,"source":"SciGRID_gas IGGIELGNC-3","source_url":"https://github.com/Netizine/SciGRID_gas-IGGIELGNC-3"}},{"type":"Feature","geometry":{"type":"LineString","coordinates":[[8.554765,49.397773],[8.507179,49.444007]]},"properties":{"kind":"gas_pipeline","name":"EntsoG_Map__ST_276","diameter_mm":900.0,"pressure_bar":70.0,"capacity_mcmd":27.39699999999984,"length_km":6.188786,"source":"SciGRID_gas IGGIELGNC-3","source_url":"https://github.com/Netizine/SciGRID_gas-IGGIELGNC-3"}},{"type":"Feature","geometry":{"type":"LineString","coordinates":[[6.629241,51.642849],[6.560043,51.607155]]},"properties":{"kind":"gas_pipeline","name":"EntsoG_Map__ST_278","diameter_mm":900.0,"pressure_bar":70.0,"capacity_mcmd":27.39699999999984,"length_km":6.212458,"source":"SciGRID_gas IGGIELGNC-3","source_url":"https://github.com/Netizine/SciGRID_gas-IGGIELGNC-3"}},{"type":"Feature","geometry":{"type":"LineString","coordinates":[[9.5783,47.36242],[9.498429,47.377999]]},"properties":{"kind":"gas_pipeline","name":"EntsoG_Map__ST_279","diameter_mm":900.0,"pressure_bar":70.0,"capacity_mcmd":27.39699999999984,"length_km":6.261353,"source":"SciGRID_gas IGGIELGNC-3","source_url":"https://github.com/Netizine/SciGRID_gas-IGGIELGNC-3"}},{"type":"Feature","geometry":{"type":"LineString","coordinates":[[12.408215,47.915406],[12.482187,47.888672]]},"properties":{"kind":"gas_pipeline","name":"EntsoG_Map__ST_280","diameter_mm":900.0,"pressure_bar":70.0,"capacity_mcmd":27.39699999999984,"length_km":6.266454,"source":"SciGRID_gas IGGIELGNC-3","source_url":"https://github.com/Netizine/SciGRID_gas-IGGIELGNC-3"}},{"type":"Feature","geometry":{"type":"LineString","coordinates":[[13.912539,53.263442],[13.82341,53.244615]]},"properties":{"kind":"gas_pipeline","name":"EntsoG_Map__ST_281","diameter_mm":900.0,"pressure_bar":70.0,"capacity_mcmd":27.39699999999984,"length_km":6.289949,"source":"SciGRID_gas IGGIELGNC-3","source_url":"https://github.com/Netizine/SciGRID_gas-IGGIELGNC-3"}},{"type":"Feature","geometry":{"type":"LineString","coordinates":[[6.934247,51.937961],[6.855488,51.908856]]},"properties":{"kind":"gas_pipeline","name":"EntsoG_Map__ST_282","diameter_mm":900.0,"pressure_bar":70.0,"capacity_mcmd":27.39699999999984,"length_km":6.29832,"source":"SciGRID_gas IGGIELGNC-3","source_url":"https://github.com/Netizine/SciGRID_gas-IGGIELGNC-3"}},{"type":"Feature","geometry":{"type":"LineString","coordinates":[[6.777766,50.853041],[6.713947,50.893231]]},"properties":{"kind":"gas_pipeline","name":"EntsoG_Map__ST_287","diameter_mm":900.0,"pressure_bar":70.0,"capacity_mcmd":27.39699999999984,"length_km":6.328474,"source":"SciGRID_gas IGGIELGNC-3","source_url":"https://github.com/Netizine/SciGRID_gas-IGGIELGNC-3"}},{"type":"Feature","geometry":{"type":"LineString","coordinates":[[11.136445,48.405767],[11.059753,48.431522]]},"properties":{"kind":"gas_pipeline","name":"EntsoG_Map__ST_289","diameter_mm":900.0,"pressure_bar":70.0,"capacity_mcmd":27.39699999999984,"length_km":6.345021,"source":"SciGRID_gas IGGIELGNC-3","source_url":"https://github.com/Netizine/SciGRID_gas-IGGIELGNC-3"}},{"type":"Feature","geometry":{"type":"LineString","coordinates":[[12.249756,53.903714],[12.201766,53.953299]]},"properties":{"kind":"gas_pipeline","name":"EntsoG_Map__ST_290","diameter_mm":900.0,"pressure_bar":70.0,"capacity_mcmd":27.39699999999984,"length_km":6.347986,"source":"SciGRID_gas IGGIELGNC-3","source_url":"https://github.com/Netizine/SciGRID_gas-IGGIELGNC-3"}},{"type":"Feature","geometry":{"type":"LineString","coordinates":[[8.481329,50.098656],[8.402145,50.124779]]},"properties":{"kind":"gas_pipeline","name":"EntsoG_Map__ST_291","diameter_mm":900.0,"pressure_bar":70.0,"capacity_mcmd":27.39699999999984,"length_km":6.351829,"source":"SciGRID_gas IGGIELGNC-3","source_url":"https://github.com/Netizine/SciGRID_gas-IGGIELGNC-3"}},{"type":"Feature","geometry":{"type":"LineString","coordinates":[[11.438255,48.325766],[11.365124,48.355749]]},"properties":{"kind":"gas_pipeline","name":"EntsoG_Map__ST_292","diameter_mm":900.0,"pressure_bar":70.0,"capacity_mcmd":27.39699999999984,"length_km":6.352696,"source":"SciGRID_gas IGGIELGNC-3","source_url":"https://github.com/Netizine/SciGRID_gas-IGGIELGNC-3"}},{"type":"Feature","geometry":{"type":"LineString","coordinates":[[8.40433,49.8985],[8.469876,49.937039]]},"properties":{"kind":"gas_pipeline","name":"EntsoG_Map__ST_293","diameter_mm":900.0,"pressure_bar":70.0,"capacity_mcmd":27.39699999999984,"length_km":6.3571,"source":"SciGRID_gas IGGIELGNC-3","source_url":"https://github.com/Netizine/SciGRID_gas-IGGIELGNC-3"}},{"type":"Feature","geometry":{"type":"LineString","coordinates":[[12.633187,48.927991],[12.584707,48.880066]]},"properties":{"kind":"gas_pipeline","name":"EntsoG_Map__ST_297","diameter_mm":900.0,"pressure_bar":70.0,"capacity_mcmd":27.39699999999984,"length_km":6.401574,"source":"SciGRID_gas IGGIELGNC-3","source_url":"https://github.com/Netizine/SciGRID_gas-IGGIELGNC-3"}},{"type":"Feature","geometry":{"type":"LineString","coordinates":[[6.98279,47.5502],[6.939656,47.600328]]},"properties":{"kind":"gas_pipeline","name":"EntsoG_Map__ST_299","diameter_mm":900.0,"pressure_bar":70.0,"capacity_mcmd":27.39699999999984,"length_km":6.447085,"source":"SciGRID_gas IGGIELGNC-3","source_url":"https://github.com/Netizine/SciGRID_gas-IGGIELGNC-3"}},{"type":"Feature","geometry":{"type":"LineString","coordinates":[[7.293203,51.549406],[7.20627,51.526725]]},"properties":{"kind":"gas_pipeline","name":"EntsoG_Map__ST_308","diameter_mm":900.0,"pressure_bar":70.0,"capacity_mcmd":27.39699999999984,"length_km":6.522084,"source":"SciGRID_gas IGGIELGNC-3","source_url":"https://github.com/Netizine/SciGRID_gas-IGGIELGNC-3"}},{"type":"Feature","geometry":{"type":"LineString","coordinates":[[7.076187,51.088203],[7.103505,51.1444]]},"properties":{"kind":"gas_pipeline","name":"EntsoG_Map__ST_311","diameter_mm":900.0,"pressure_bar":70.0,"capacity_mcmd":27.39699999999984,"length_km":6.535336,"source":"SciGRID_gas IGGIELGNC-3","source_url":"https://github.com/Netizine/SciGRID_gas-IGGIELGNC-3"}},{"type":"Feature","geometry":{"type":"LineString","coordinates":[[12.006833,48.11276],[11.925311,48.088045]]},"properties":{"kind":"gas_pipeline","name":"EntsoG_Map__ST_316","diameter_mm":900.0,"pressure_bar":70.0,"capacity_mcmd":27.39699999999984,"length_km":6.650418,"source":"SciGRID_gas IGGIELGNC-3","source_url":"https://github.com/Netizine/SciGRID_gas-IGGIELGNC-3"}},{"type":"Feature","geometry":{"type":"LineString","coordinates":[[6.237681,51.673525],[6.3333,51.682194]]},"properties":{"kind":"gas_pipeline","name":"EntsoG_Map__ST_318","diameter_mm":900.0,"pressure_bar":70.0,"capacity_mcmd":27.39699999999984,"length_km":6.665118,"source":"SciGRID_gas IGGIELGNC-3","source_url":"https://github.com/Netizine/SciGRID_gas-IGGIELGNC-3"}},{"type":"Feature","geometry":{"type":"LineString","coordinates":[[10.200844,54.266597],[10.262092,54.21842]]},"properties":{"kind":"gas_pipeline","name":"EntsoG_Map__ST_319","diameter_mm":900.0,"pressure_bar":70.0,"capacity_mcmd":27.39699999999984,"length_km":6.675636,"source":"SciGRID_gas IGGIELGNC-3","source_url":"https://github.com/Netizine/SciGRID_gas-IGGIELGNC-3"}},{"type":"Feature","geometry":{"type":"LineString","coordinates":[[15.36643,52.49206],[15.33171,52.54834]]},"properties":{"kind":"gas_pipeline","name":"EntsoG_Map__ST_320","diameter_mm":900.0,"pressure_bar":70.0,"capacity_mcmd":27.39699999999984,"length_km":6.686538,"source":"SciGRID_gas IGGIELGNC-3","source_url":"https://github.com/Netizine/SciGRID_gas-IGGIELGNC-3"}},{"type":"Feature","geometry":{"type":"LineString","coordinates":[[11.097931,48.661851],[11.182719,48.686687]]},"properties":{"kind":"gas_pipeline","name":"EntsoG_Map__ST_329","diameter_mm":900.0,"pressure_bar":70.0,"capacity_mcmd":27.39699999999984,"length_km":6.812838,"source":"SciGRID_gas IGGIELGNC-3","source_url":"https://github.com/Netizine/SciGRID_gas-IGGIELGNC-3"}},{"type":"Feature","geometry":{"type":"LineString","coordinates":[[7.468072,49.25495],[7.374122,49.257027]]},"properties":{"kind":"gas_pipeline","name":"EntsoG_Map__ST_331","diameter_mm":900.0,"pressure_bar":70.0,"capacity_mcmd":27.39699999999984,"length_km":6.824451,"source":"SciGRID_gas IGGIELGNC-3","source_url":"https://github.com/Netizine/SciGRID_gas-IGGIELGNC-3"}},{"type":"Feature","geometry":{"type":"LineString","coordinates":[[8.26685,51.62125],[8.176563,51.595433]]},"properties":{"kind":"gas_pipeline","name":"EntsoG_Map__ST_333","diameter_mm":900.0,"pressure_bar":70.0,"capacity_mcmd":27.39699999999984,"length_km":6.866137,"source":"SciGRID_gas IGGIELGNC-3","source_url":"https://github.com/Netizine/SciGRID_gas-IGGIELGNC-3"}},{"type":"Feature","geometry":{"type":"LineString","coordinates":[[8.21797,47.05671],[8.133,47.079]]},"properties":{"kind":"gas_pipeline","name":"EntsoG_Map__ST_335","diameter_mm":900.0,"pressure_bar":70.0,"capacity_mcmd":27.39699999999984,"length_km":6.898445,"source":"SciGRID_gas IGGIELGNC-3","source_url":"https://github.com/Netizine/SciGRID_gas-IGGIELGNC-3"}},{"type":"Feature","geometry":{"type":"LineString","coordinates":[[8.586115,52.244188],[8.6482,52.1951]]},"properties":{"kind":"gas_pipeline","name":"EntsoG_Map__ST_337","diameter_mm":900.0,"pressure_bar":70.0,"capacity_mcmd":27.39699999999984,"length_km":6.907302,"source":"SciGRID_gas IGGIELGNC-3","source_url":"https://github.com/Netizine/SciGRID_gas-IGGIELGNC-3"}},{"type":"Feature","geometry":{"type":"LineString","coordinates":[[5.71986,49.62637],[5.77704,49.677164]]},"properties":{"kind":"gas_pipeline","name":"EntsoG_Map__ST_345","diameter_mm":900.0,"pressure_bar":70.0,"capacity_mcmd":27.39699999999984,"length_km":6.991147,"source":"SciGRID_gas IGGIELGNC-3","source_url":"https://github.com/Netizine/SciGRID_gas-IGGIELGNC-3"}},{"type":"Feature","geometry":{"type":"LineString","coordinates":[[9.290891,52.929865],[9.186868,52.925526]]},"properties":{"kind":"gas_pipeline","name":"EntsoG_Map__ST_346","diameter_mm":900.0,"pressure_bar":70.0,"capacity_mcmd":27.39699999999984,"length_km":6.99161,"source":"SciGRID_gas IGGIELGNC-3","source_url":"https://github.com/Netizine/SciGRID_gas-IGGIELGNC-3"}},{"type":"Feature","geometry":{"type":"LineString","coordinates":[[10.09573,48.328492],[10.18198,48.30146]]},"properties":{"kind":"gas_pipeline","name":"EntsoG_Map__ST_348","diameter_mm":900.0,"pressure_bar":70.0,"capacity_mcmd":27.39699999999984,"length_km":7.053073,"source":"SciGRID_gas IGGIELGNC-3","source_url":"https://github.com/Netizine/SciGRID_gas-IGGIELGNC-3"}},{"type":"Feature","geometry":{"type":"LineString","coordinates":[[12.804854,50.794442],[12.895701,50.82175]]},"properties":{"kind":"gas_pipeline","name":"EntsoG_Map__ST_350","diameter_mm":900.0,"pressure_bar":70.0,"capacity_mcmd":27.39699999999984,"length_km":7.071109,"source":"SciGRID_gas IGGIELGNC-3","source_url":"https://github.com/Netizine/SciGRID_gas-IGGIELGNC-3"}},{"type":"Feature","geometry":{"type":"LineString","coordinates":[[14.76533,53.56164],[14.712754,53.506017]]},"properties":{"kind":"gas_pipeline","name":"EntsoG_Map__ST_354","diameter_mm":900.0,"pressure_bar":70.0,"capacity_mcmd":27.39699999999984,"length_km":7.096414,"source":"SciGRID_gas IGGIELGNC-3","source_url":"https://github.com/Netizine/SciGRID_gas-IGGIELGNC-3"}},{"type":"Feature","geometry":{"type":"LineString","coordinates":[[13.669939,51.07803],[13.771337,51.073047]]},"properties":{"kind":"gas_pipeline","name":"EntsoG_Map__ST_355","diameter_mm":900.0,"pressure_bar":70.0,"capacity_mcmd":27.39699999999984,"length_km":7.10786,"source":"SciGRID_gas IGGIELGNC-3","source_url":"https://github.com/Netizine/SciGRID_gas-IGGIELGNC-3"}},{"type":"Feature","geometry":{"type":"LineString","coordinates":[[14.086929,52.327367],[14.12522,52.267644]]},"properties":{"kind":"gas_pipeline","name":"EntsoG_Map__ST_357","diameter_mm":900.0,"pressure_bar":70.0,"capacity_mcmd":27.39699999999984,"length_km":7.13538,"source":"SciGRID_gas IGGIELGNC-3","source_url":"https://github.com/Netizine/SciGRID_gas-IGGIELGNC-3"}},{"type":"Feature","geometry":{"type":"LineString","coordinates":[[8.933238,48.329865],[8.90137,48.269318]]},"properties":{"kind":"gas_pipeline","name":"EntsoG_Map__ST_358","diameter_mm":900.0,"pressure_bar":70.0,"capacity_mcmd":27.39699999999984,"length_km":7.13552,"source":"SciGRID_gas IGGIELGNC-3","source_url":"https://github.com/Netizine/SciGRID_gas-IGGIELGNC-3"}},{"type":"Feature","geometry":{"type":"LineString","coordinates":[[7.24664,47.78516],[7.175322,47.828155]]},"properties":{"kind":"gas_pipeline","name":"EntsoG_Map__ST_360","diameter_mm":900.0,"pressure_bar":70.0,"capacity_mcmd":27.39699999999984,"length_km":7.159387,"source":"SciGRID_gas IGGIELGNC-3","source_url":"https://github.com/Netizine/SciGRID_gas-IGGIELGNC-3"}},{"type":"Feature","geometry":{"type":"LineString","coordinates":[[13.4485,48.59413],[13.352355,48.583381]]},"properties":{"kind":"gas_pipeline","name":"EntsoG_Map__ST_361","diameter_mm":900.0,"pressure_bar":70.0,"capacity_mcmd":27.39699999999984,"length_km":7.174099,"source":"SciGRID_gas IGGIELGNC-3","source_url":"https://github.com/Netizine/SciGRID_gas-IGGIELGNC-3"}},{"type":"Feature","geometry":{"type":"LineString","coordinates":[[12.56855,51.81322],[12.670889,51.827557]]},"properties":{"kind":"gas_pipeline","name":"EntsoG_Map__ST_362","diameter_mm":900.0,"pressure_bar":70.0,"capacity_mcmd":27.39699999999984,"length_km":7.214701,"source":"SciGRID_gas IGGIELGNC-3","source_url":"https://github.com/Netizine/SciGRID_gas-IGGIELGNC-3"}},{"type":"Feature","geometry":{"type":"LineString","coordinates":[[8.056946,50.403136],[8.153535,50.424437]]},"properties":{"kind":"gas_pipeline","name":"EntsoG_Map__ST_365","diameter_mm":900.0,"pressure_bar":70.0,"capacity_mcmd":27.39699999999984,"length_km":7.24461,"source":"SciGRID_gas IGGIELGNC-3","source_url":"https://github.com/Netizine/SciGRID_gas-IGGIELGNC-3"}},{"type":"Feature","geometry":{"type":"LineString","coordinates":[[11.693179,49.498771],[11.793208,49.489446]]},"properties":{"kind":"gas_pipeline","name":"EntsoG_Map__ST_369","diameter_mm":900.0,"pressure_bar":70.0,"capacity_mcmd":27.39699999999984,"length_km":7.300818,"source":"SciGRID_gas IGGIELGNC-3","source_url":"https://github.com/Netizine/SciGRID_gas-IGGIELGNC-3"}},{"type":"Feature","geometry":{"type":"LineString","coordinates":[[8.532104,51.382782],[8.442133,51.348717]]},"properties":{"kind":"gas_pipeline","name":"EntsoG_Map__ST_370","diameter_mm":900.0,"pressure_bar":70.0,"capacity_mcmd":27.39699999999984,"length_km":7.30725,"source":"SciGRID_gas IGGIELGNC-3","source_url":"https://github.com/Netizine/SciGRID_gas-IGGIELGNC-3"}},{"type":"Feature","geometry":{"type":"LineString","coordinates":[[9.464329,49.221336],[9.564933,49.226231]]},"properties":{"kind":"gas_pipeline","name":"EntsoG_Map__ST_372","diameter_mm":900.0,"pressure_bar":70.0,"capacity_mcmd":27.39699999999984,"length_km":7.328621,"source":"SciGRID_gas IGGIELGNC-3","source_url":"https://github.com/Netizine/SciGRID_gas-IGGIELGNC-3"}},{"type":"Feature","geometry":{"type":"LineString","coordinates":[[8.373377,49.406316],[8.39872,49.471074]]},"properties":{"kind":"gas_pipeline","name":"EntsoG_Map__ST_382","diameter_mm":900.0,"pressure_bar":70.0,"capacity_mcmd":27.39699999999984,"length_km":7.432596,"source":"SciGRID_gas IGGIELGNC-3","source_url":"https://github.com/Netizine/SciGRID_gas-IGGIELGNC-3"}},{"type":"Feature","geometry":{"type":"LineString","coordinates":[[15.26852,48.2075],[15.202264,48.157276]]},"properties":{"kind":"gas_pipeline","name":"EntsoG_Map__ST_384","diameter_mm":900.0,"pressure_bar":70.0,"capacity_mcmd":27.39699999999984,"length_km":7.439981,"source":"SciGRID_gas IGGIELGNC-3","source_url":"https://github.com/Netizine/SciGRID_gas-IGGIELGNC-3"}},{"type":"Feature","geometry":{"type":"LineString","coordinates":[[15.5448,48.11427],[15.626065,48.153515]]},"properties":{"kind":"gas_pipeline","name":"EntsoG_Map__ST_385","diameter_mm":900.0,"pressure_bar":70.0,"capacity_mcmd":27.39699999999984,"length_km":7.446314,"source":"SciGRID_gas IGGIELGNC-3","source_url":"https://github.com/Netizine/SciGRID_gas-IGGIELGNC-3"}},{"type":"Feature","geometry":{"type":"LineString","coordinates":[[9.795259,49.11949],[9.898425,49.119084]]},"properties":{"kind":"gas_pipeline","name":"EntsoG_Map__ST_389","diameter_mm":900.0,"pressure_bar":70.0,"capacity_mcmd":27.39699999999984,"length_km":7.510456,"source":"SciGRID_gas IGGIELGNC-3","source_url":"https://github.com/Netizine/SciGRID_gas-IGGIELGNC-3"}},{"type":"Feature","geometry":{"type":"LineString","coordinates":[[10.06044,48.408302],[9.962008,48.389774]]},"properties":{"kind":"gas_pipeline","name":"EntsoG_Map__ST_393","diameter_mm":900.0,"pressure_bar":70.0,"capacity_mcmd":27.39699999999984,"length_km":7.555673,"source":"SciGRID_gas IGGIELGNC-3","source_url":"https://github.com/Netizine/SciGRID_gas-IGGIELGNC-3"}},{"type":"Feature","geometry":{"type":"LineString","coordinates":[[8.66194,52.76943],[8.772773,52.780815]]},"properties":{"kind":"gas_pipeline","name":"EntsoG_Map__ST_394","diameter_mm":900.0,"pressure_bar":70.0,"capacity_mcmd":27.39699999999984,"length_km":7.564473,"source":"SciGRID_gas IGGIELGNC-3","source_url":"https://github.com/Netizine/SciGRID_gas-IGGIELGNC-3"}},{"type":"Feature","geometry":{"type":"LineString","coordinates":[[7.293203,51.549406],[7.2373,51.49086]]},"properties":{"kind":"gas_pipeline","name":"EntsoG_Map__ST_396","diameter_mm":900.0,"pressure_bar":70.0,"capacity_mcmd":27.39699999999984,"length_km":7.574771,"source":"SciGRID_gas IGGIELGNC-3","source_url":"https://github.com/Netizine/SciGRID_gas-IGGIELGNC-3"}},{"type":"Feature","geometry":{"type":"LineString","coordinates":[[7.767704,50.478529],[7.806731,50.542452]]},"properties":{"kind":"gas_pipeline","name":"EntsoG_Map__ST_399","diameter_mm":900.0,"pressure_bar":70.0,"capacity_mcmd":27.39699999999984,"length_km":7.627251,"source":"SciGRID_gas IGGIELGNC-3","source_url":"https://github.com/Netizine/SciGRID_gas-IGGIELGNC-3"}},{"type":"Feature","geometry":{"type":"LineString","coordinates":[[7.808433,47.986199],[7.873492,47.932747]]},"properties":{"kind":"gas_pipeline","name":"EntsoG_Map__ST_404","diameter_mm":900.0,"pressure_bar":70.0,"capacity_mcmd":27.39699999999984,"length_km":7.670192,"source":"SciGRID_gas IGGIELGNC-3","source_url":"https://github.com/Netizine/SciGRID_gas-IGGIELGNC-3"}},{"type":"Feature","geometry":{"type":"LineString","coordinates":[[9.734964,52.369132],[9.727668,52.438089]]},"properties":{"kind":"gas_pipeline","name":"EntsoG_Map__ST_405","diameter_mm":900.0,"pressure_bar":70.0,"capacity_mcmd":27.39699999999984,"length_km":7.686039,"source":"SciGRID_gas IGGIELGNC-3","source_url":"https://github.com/Netizine/SciGRID_gas-IGGIELGNC-3"}},{"type":"Feature","geometry":{"type":"LineString","coordinates":[[7.360603,51.383081],[7.391106,51.316555]]},"properties":{"kind":"gas_pipeline","name":"EntsoG_Map__ST_408","diameter_mm":900.0,"pressure_bar":70.0,"capacity_mcmd":27.39699999999984,"length_km":7.697114,"source":"SciGRID_gas IGGIELGNC-3","source_url":"https://github.com/Netizine/SciGRID_gas-IGGIELGNC-3"}},{"type":"Feature","geometry":{"type":"LineString","coordinates":[[7.640443,51.679284],[7.610325,51.61263]]},"properties":{"kind":"gas_pipeline","name":"EntsoG_Map__ST_409","diameter_mm":900.0,"pressure_bar":70.0,"capacity_mcmd":27.39699999999984,"length_km":7.699826,"source":"SciGRID_gas IGGIELGNC-3","source_url":"https://github.com/Netizine/SciGRID_gas-IGGIELGNC-3"}},{"type":"Feature","geometry":{"type":"LineString","coordinates":[[10.186525,52.694735],[10.080785,52.668391]]},"properties":{"kind":"gas_pipeline","name":"EntsoG_Map__ST_411","diameter_mm":900.0,"pressure_bar":70.0,"capacity_mcmd":27.39699999999984,"length_km":7.708928,"source":"SciGRID_gas IGGIELGNC-3","source_url":"https://github.com/Netizine/SciGRID_gas-IGGIELGNC-3"}},{"type":"Feature","geometry":{"type":"LineString","coordinates":[[8.56341,52.990835],[8.634346,53.045454]]},"properties":{"kind":"gas_pipeline","name":"EntsoG_Map__ST_412","diameter_mm":900.0,"pressure_bar":70.0,"capacity_mcmd":27.39699999999984,"length_km":7.709574,"source":"SciGRID_gas IGGIELGNC-3","source_url":"https://github.com/Netizine/SciGRID_gas-IGGIELGNC-3"}},{"type":"Feature","geometry":{"type":"LineString","coordinates":[[7.43023,51.39235],[7.479635,51.329736]]},"properties":{"kind":"gas_pipeline","name":"EntsoG_Map__ST_418","diameter_mm":900.0,"pressure_bar":70.0,"capacity_mcmd":27.39699999999984,"length_km":7.763949,"source":"SciGRID_gas IGGIELGNC-3","source_url":"https://github.com/Netizine/SciGRID_gas-IGGIELGNC-3"}},{"type":"Feature","geometry":{"type":"LineString","coordinates":[[9.54164,54.04497],[9.582311,53.979277]]},"properties":{"kind":"gas_pipeline","name":"EntsoG_Map__ST_419","diameter_mm":900.0,"pressure_bar":70.0,"capacity_mcmd":27.39699999999984,"length_km":7.775534,"source":"SciGRID_gas IGGIELGNC-3","source_url":"https://github.com/Netizine/SciGRID_gas-IGGIELGNC-3"}},{"type":"Feature","geometry":{"type":"LineString","coordinates":[[7.439963,51.755052],[7.43297,51.824884]]},"properties":{"kind":"gas_pipeline","name":"EntsoG_Map__ST_420","diameter_mm":900.0,"pressure_bar":70.0,"capacity_mcmd":27.39699999999984,"length_km":7.782288,"source":"SciGRID_gas IGGIELGNC-3","source_url":"https://github.com/Netizine/SciGRID_gas-IGGIELGNC-3"}},{"type":"Feature","geometry":{"type":"LineString","coordinates":[[14.43791,52.22681],[14.503314,52.284793]]},"properties":{"kind":"gas_pipeline","name":"EntsoG_Map__ST_423","diameter_mm":900.0,"pressure_bar":70.0,"capacity_mcmd":27.39699999999984,"length_km":7.837503,"source":"SciGRID_gas IGGIELGNC-3","source_url":"https://github.com/Netizine/SciGRID_gas-IGGIELGNC-3"}},{"type":"Feature","geometry":{"type":"LineString","coordinates":[[7.72424,52.93472],[7.840686,52.926587]]},"properties":{"kind":"gas_pipeline","name":"EntsoG_Map__ST_424","diameter_mm":900.0,"pressure_bar":70.0,"capacity_mcmd":27.39699999999984,"length_km":7.859618,"source":"SciGRID_gas IGGIELGNC-3","source_url":"https://github.com/Netizine/SciGRID_gas-IGGIELGNC-3"}},{"type":"Feature","geometry":{"type":"LineString","coordinates":[[5.66976,50.74053],[5.608852,50.800121]]},"properties":{"kind":"gas_pipeline","name":"EntsoG_Map__ST_427","diameter_mm":900.0,"pressure_bar":70.0,"capacity_mcmd":27.39699999999984,"length_km":7.892525,"source":"SciGRID_gas IGGIELGNC-3","source_url":"https://github.com/Netizine/SciGRID_gas-IGGIELGNC-3"}},{"type":"Feature","geometry":{"type":"LineString","coordinates":[[9.137394,48.495637],[9.029809,48.504117]]},"properties":{"kind":"gas_pipeline","name":"EntsoG_Map__ST_433","diameter_mm":900.0,"pressure_bar":70.0,"capacity_mcmd":27.39699999999984,"length_km":7.985272,"source":"SciGRID_gas IGGIELGNC-3","source_url":"https://github.com/Netizine/SciGRID_gas-IGGIELGNC-3"}},{"type":"Feature","geometry":{"type":"LineString","coordinates":[[6.27628,52.28959],[6.213915,52.350905]]},"properties":{"kind":"gas_pipeline","name":"EntsoG_Map__ST_435","diameter_mm":900.0,"pressure_bar":70.0,"capacity_mcmd":27.39699999999984,"length_km":8.030683,"source":"SciGRID_gas IGGIELGNC-3","source_url":"https://github.com/Netizine/SciGRID_gas-IGGIELGNC-3"}},{"type":"Feature","geometry":{"type":"LineString","coordinates":[[10.871405,49.529315],[10.969872,49.495665]]},"properties":{"kind":"gas_pipeline","name":"EntsoG_Map__ST_436","diameter_mm":900.0,"pressure_bar":70.0,"capacity_mcmd":27.39699999999984,"length_km":8.036103,"source":"SciGRID_gas IGGIELGNC-3","source_url":"https://github.com/Netizine/SciGRID_gas-IGGIELGNC-3"}},{"type":"Feature","geometry":{"type":"LineString","coordinates":[[9.961158,52.142579],[9.881319,52.089195]]},"properties":{"kind":"gas_pipeline","name":"EntsoG_Map__ST_442","diameter_mm":900.0,"pressure_bar":70.0,"capacity_mcmd":27.39699999999984,"length_km":8.062009,"source":"SciGRID_gas IGGIELGNC-3","source_url":"https://github.com/Netizine/SciGRID_gas-IGGIELGNC-3"}},{"type":"Feature","geometry":{"type":"LineString","coordinates":[[9.447571,53.53543],[9.339053,53.569896]]},"properties":{"kind":"gas_pipeline","name":"EntsoG_Map__ST_447","diameter_mm":900.0,"pressure_bar":70.0,"capacity_mcmd":27.39699999999984,"length_km":8.131293,"source":"SciGRID_gas IGGIELGNC-3","source_url":"https://github.com/Netizine/SciGRID_gas-IGGIELGNC-3"}},{"type":"Feature","geometry":{"type":"LineString","coordinates":[[14.42764,48.52271],[14.377776,48.456835]]},"properties":{"kind":"gas_pipeline","name":"EntsoG_Map__ST_451","diameter_mm":900.0,"pressure_bar":70.0,"capacity_mcmd":27.39699999999984,"length_km":8.197613,"source":"SciGRID_gas IGGIELGNC-3","source_url":"https://github.com/Netizine/SciGRID_gas-IGGIELGNC-3"}},{"type":"Feature","geometry":{"type":"LineString","coordinates":[[11.25463,47.21445],[11.362378,47.204702]]},"properties":{"kind":"gas_pipeline","name":"EntsoG_Map__ST_452","diameter_mm":900.0,"pressure_bar":70.0,"capacity_mcmd":27.39699999999984,"length_km":8.213375,"source":"SciGRID_gas IGGIELGNC-3","source_url":"https://github.com/Netizine/SciGRID_gas-IGGIELGNC-3"}},{"type":"Feature","geometry":{"type":"LineString","coordinates":[[13.011443,50.934911],[13.119036,50.964394]]},"properties":{"kind":"gas_pipeline","name":"EntsoG_Map__ST_453","diameter_mm":900.0,"pressure_bar":70.0,"capacity_mcmd":27.39699999999984,"length_km":8.221913,"source":"SciGRID_gas IGGIELGNC-3","source_url":"https://github.com/Netizine/SciGRID_gas-IGGIELGNC-3"}},{"type":"Feature","geometry":{"type":"LineString","coordinates":[[7.027709,49.463112],[7.0919,49.524286]]},"properties":{"kind":"gas_pipeline","name":"EntsoG_Map__ST_455","diameter_mm":900.0,"pressure_bar":70.0,"capacity_mcmd":27.39699999999984,"length_km":8.234505,"source":"SciGRID_gas IGGIELGNC-3","source_url":"https://github.com/Netizine/SciGRID_gas-IGGIELGNC-3"}},{"type":"Feature","geometry":{"type":"LineString","coordinates":[[5.22121,50.56713],[5.236913,50.640594]]},"properties":{"kind":"gas_pipeline","name":"EntsoG_Map__ST_456","diameter_mm":900.0,"pressure_bar":70.0,"capacity_mcmd":27.39699999999984,"length_km":8.246241,"source":"SciGRID_gas IGGIELGNC-3","source_url":"https://github.com/Netizine/SciGRID_gas-IGGIELGNC-3"}},{"type":"Feature","geometry":{"type":"LineString","coordinates":[[8.373377,49.406316],[8.447607,49.349399]]},"properties":{"kind":"gas_pipeline","name":"EntsoG_Map__ST_463","diameter_mm":900.0,"pressure_bar":70.0,"capacity_mcmd":27.39699999999984,"length_km":8.305236,"source":"SciGRID_gas IGGIELGNC-3","source_url":"https://github.com/Netizine/SciGRID_gas-IGGIELGNC-3"}},{"type":"Feature","geometry":{"type":"LineString","coordinates":[[10.200844,54.266597],[10.1267,54.3275]]},"properties":{"kind":"gas_pipeline","name":"EntsoG_Map__ST_464","diameter_mm":900.0,"pressure_bar":70.0,"capacity_mcmd":27.39699999999984,"length_km":8.309841,"source":"SciGRID_gas IGGIELGNC-3","source_url":"https://github.com/Netizine/SciGRID_gas-IGGIELGNC-3"}},{"type":"Feature","geometry":{"type":"LineString","coordinates":[[8.112351,48.692828],[8.194294,48.74487]]},"properties":{"kind":"gas_pipeline","name":"EntsoG_Map__ST_467","diameter_mm":900.0,"pressure_bar":70.0,"capacity_mcmd":27.39699999999984,"length_km":8.346757,"source":"SciGRID_gas IGGIELGNC-3","source_url":"https://github.com/Netizine/SciGRID_gas-IGGIELGNC-3"}},{"type":"Feature","geometry":{"type":"LineString","coordinates":[[8.112351,48.692828],[8.194294,48.74487]]},"properties":{"kind":"gas_pipeline","name":"EntsoG_Map__ST_468","diameter_mm":900.0,"pressure_bar":70.0,"capacity_mcmd":27.39699999999984,"length_km":8.346757,"source":"SciGRID_gas IGGIELGNC-3","source_url":"https://github.com/Netizine/SciGRID_gas-IGGIELGNC-3"}},{"type":"Feature","geometry":{"type":"LineString","coordinates":[[7.55516,49.523751],[7.450721,49.556793]]},"properties":{"kind":"gas_pipeline","name":"EntsoG_Map__ST_472","diameter_mm":900.0,"pressure_bar":70.0,"capacity_mcmd":27.39699999999984,"length_km":8.386463,"source":"SciGRID_gas IGGIELGNC-3","source_url":"https://github.com/Netizine/SciGRID_gas-IGGIELGNC-3"}},{"type":"Feature","geometry":{"type":"LineString","coordinates":[[11.543642,52.089139],[11.666446,52.094222]]},"properties":{"kind":"gas_pipeline","name":"EntsoG_Map__ST_474","diameter_mm":900.0,"pressure_bar":70.0,"capacity_mcmd":27.39699999999984,"length_km":8.411396,"source":"SciGRID_gas IGGIELGNC-3","source_url":"https://github.com/Netizine/SciGRID_gas-IGGIELGNC-3"}},{"type":"Feature","geometry":{"type":"LineString","coordinates":[[9.047913,52.248654],[9.172518,52.24948]]},"properties":{"kind":"gas_pipeline","name":"EntsoG_Map__ST_481","diameter_mm":900.0,"pressure_bar":70.0,"capacity_mcmd":27.39699999999984,"length_km":8.48588,"source":"SciGRID_gas IGGIELGNC-3","source_url":"https://github.com/Netizine/SciGRID_gas-IGGIELGNC-3"}},{"type":"Feature","geometry":{"type":"LineString","coordinates":[[7.904586,53.51155],[7.957167,53.581227]]},"properties":{"kind":"gas_pipeline","name":"EntsoG_Map__ST_483","diameter_mm":900.0,"pressure_bar":70.0,"capacity_mcmd":27.39699999999984,"length_km":8.493587,"source":"SciGRID_gas IGGIELGNC-3","source_url":"https://github.com/Netizine/SciGRID_gas-IGGIELGNC-3"}},{"type":"Feature","geometry":{"type":"LineString","coordinates":[[10.17994,49.76136],[10.297541,49.753025]]},"properties":{"kind":"gas_pipeline","name":"EntsoG_Map__ST_484","diameter_mm":900.0,"pressure_bar":70.0,"capacity_mcmd":27.39699999999984,"length_km":8.501229,"source":"SciGRID_gas IGGIELGNC-3","source_url":"https://github.com/Netizine/SciGRID_gas-IGGIELGNC-3"}},{"type":"Feature","geometry":{"type":"LineString","coordinates":[[7.093251,53.412719],[7.211242,53.381479]]},"properties":{"kind":"gas_pipeline","name":"EntsoG_Map__ST_488","diameter_mm":900.0,"pressure_bar":70.0,"capacity_mcmd":27.39699999999984,"length_km":8.562253,"source":"SciGRID_gas IGGIELGNC-3","source_url":"https://github.com/Netizine/SciGRID_gas-IGGIELGNC-3"}},{"type":"Feature","geometry":{"type":"LineString","coordinates":[[13.8079,50.49941],[13.929899,50.501047]]},"properties":{"kind":"gas_pipeline","name":"EntsoG_Map__ST_493","diameter_mm":900.0,"pressure_bar":70.0,"capacity_mcmd":27.39699999999984,"length_km":8.633414,"source":"SciGRID_gas IGGIELGNC-3","source_url":"https://github.com/Netizine/SciGRID_gas-IGGIELGNC-3"}},{"type":"Feature","geometry":{"type":"LineString","coordinates":[[5.64582,50.6764],[5.664249,50.599463]]},"properties":{"kind":"gas_pipeline","name":"EntsoG_Map__ST_494","diameter_mm":900.0,"pressure_bar":70.0,"capacity_mcmd":27.39699999999984,"length_km":8.655876,"source":"SciGRID_gas IGGIELGNC-3","source_url":"https://github.com/Netizine/SciGRID_gas-IGGIELGNC-3"}},{"type":"Feature","geometry":{"type":"LineString","coordinates":[[8.554765,49.397773],[8.67442,49.40305]]},"properties":{"kind":"gas_pipeline","name":"EntsoG_Map__ST_497","diameter_mm":900.0,"pressure_bar":70.0,"capacity_mcmd":27.39699999999984,"length_km":8.68108,"source":"SciGRID_gas IGGIELGNC-3","source_url":"https://github.com/Netizine/SciGRID_gas-IGGIELGNC-3"}},{"type":"Feature","geometry":{"type":"LineString","coordinates":[[11.374292,50.905943],[11.374292,50.905943]]},"properties":{"kind":"gas_pipeline","name":"EntsoG_Map__ST_500","diameter_mm":900.0,"pressure_bar":70.0,"capacity_mcmd":27.39699999999984,"length_km":17.427265,"source":"SciGRID_gas IGGIELGNC-3","source_url":"https://github.com/Netizine/SciGRID_gas-IGGIELGNC-3"}},{"type":"Feature","geometry":{"type":"LineString","coordinates":[[8.83275,49.68145],[8.951701,49.663741]]},"properties":{"kind":"gas_pipeline","name":"EntsoG_Map__ST_506","diameter_mm":900.0,"pressure_bar":70.0,"capacity_mcmd":27.39699999999984,"length_km":8.786085,"source":"SciGRID_gas IGGIELGNC-3","source_url":"https://github.com/Netizine/SciGRID_gas-IGGIELGNC-3"}},{"type":"Feature","geometry":{"type":"LineString","coordinates":[[9.871254,54.088678],[10.002053,54.066516]]},"properties":{"kind":"gas_pipeline","name":"EntsoG_Map__ST_511","diameter_mm":900.0,"pressure_bar":70.0,"capacity_mcmd":27.39699999999984,"length_km":8.88442,"source":"SciGRID_gas IGGIELGNC-3","source_url":"https://github.com/Netizine/SciGRID_gas-IGGIELGNC-3"}},{"type":"Feature","geometry":{"type":"LineString","coordinates":[[9.311253,50.551258],[9.290515,50.630128]]},"properties":{"kind":"gas_pipeline","name":"EntsoG_Map__ST_512","diameter_mm":900.0,"pressure_bar":70.0,"capacity_mcmd":27.39699999999984,"length_km":8.894083,"source":"SciGRID_gas IGGIELGNC-3","source_url":"https://github.com/Netizine/SciGRID_gas-IGGIELGNC-3"}},{"type":"Feature","geometry":{"type":"LineString","coordinates":[[10.576745,51.253382],[10.520561,51.181236]]},"properties":{"kind":"gas_pipeline","name":"EntsoG_Map__ST_515","diameter_mm":900.0,"pressure_bar":70.0,"capacity_mcmd":27.39699999999984,"length_km":8.928585,"source":"SciGRID_gas IGGIELGNC-3","source_url":"https://github.com/Netizine/SciGRID_gas-IGGIELGNC-3"}},{"type":"Feature","geometry":{"type":"LineString","coordinates":[[11.812319,48.401235],[11.7188,48.452299]]},"properties":{"kind":"gas_pipeline","name":"EntsoG_Map__ST_516","diameter_mm":900.0,"pressure_bar":70.0,"capacity_mcmd":27.39699999999984,"length_km":8.939036,"source":"SciGRID_gas IGGIELGNC-3","source_url":"https://github.com/Netizine/SciGRID_gas-IGGIELGNC-3"}},{"type":"Feature","geometry":{"type":"LineString","coordinates":[[12.413429,51.404212],[12.395634,51.324072]]},"properties":{"kind":"gas_pipeline","name":"EntsoG_Map__ST_523","diameter_mm":900.0,"pressure_bar":70.0,"capacity_mcmd":27.39699999999984,"length_km":8.999219,"source":"SciGRID_gas IGGIELGNC-3","source_url":"https://github.com/Netizine/SciGRID_gas-IGGIELGNC-3"}},{"type":"Feature","geometry":{"type":"LineString","coordinates":[[7.643662,49.404181],[7.7602,49.4347]]},"properties":{"kind":"gas_pipeline","name":"EntsoG_Map__ST_529","diameter_mm":900.0,"pressure_bar":70.0,"capacity_mcmd":27.39699999999984,"length_km":9.089967,"source":"SciGRID_gas IGGIELGNC-3","source_url":"https://github.com/Netizine/SciGRID_gas-IGGIELGNC-3"}},{"type":"Feature","geometry":{"type":"LineString","coordinates":[[7.643662,49.404181],[7.7602,49.4347]]},"properties":{"kind":"gas_pipeline","name":"EntsoG_Map__ST_530","diameter_mm":900.0,"pressure_bar":70.0,"capacity_mcmd":27.39699999999984,"length_km":9.089967,"source":"SciGRID_gas IGGIELGNC-3","source_url":"https://github.com/Netizine/SciGRID_gas-IGGIELGNC-3"}},{"type":"Feature","geometry":{"type":"LineString","coordinates":[[8.200765,53.074696],[8.203958,53.163334]]},"properties":{"kind":"gas_pipeline","name":"EntsoG_Map__ST_540","diameter_mm":900.0,"pressure_bar":70.0,"capacity_mcmd":27.39699999999984,"length_km":9.861494,"source":"SciGRID_gas IGGIELGNC-3","source_url":"https://github.com/Netizine/SciGRID_gas-IGGIELGNC-3"}},{"type":"Feature","geometry":{"type":"LineString","coordinates":[[10.871326,48.37222],[10.762463,48.330781]]},"properties":{"kind":"gas_pipeline","name":"EntsoG_Map__ST_543","diameter_mm":900.0,"pressure_bar":70.0,"capacity_mcmd":27.39699999999984,"length_km":9.273604,"source":"SciGRID_gas IGGIELGNC-3","source_url":"https://github.com/Netizine/SciGRID_gas-IGGIELGNC-3"}},{"type":"Feature","geometry":{"type":"LineString","coordinates":[[12.478674,48.170053],[12.36922,48.210885]]},"properties":{"kind":"gas_pipeline","name":"EntsoG_Map__ST_546","diameter_mm":900.0,"pressure_bar":70.0,"capacity_mcmd":27.39699999999984,"length_km":9.300577,"source":"SciGRID_gas IGGIELGNC-3","source_url":"https://github.com/Netizine/SciGRID_gas-IGGIELGNC-3"}},{"type":"Feature","geometry":{"type":"LineString","coordinates":[[11.714321,50.824251],[11.687974,50.906297]]},"properties":{"kind":"gas_pipeline","name":"EntsoG_Map__ST_547","diameter_mm":900.0,"pressure_bar":70.0,"capacity_mcmd":27.39699999999984,"length_km":9.311514,"source":"SciGRID_gas IGGIELGNC-3","source_url":"https://github.com/Netizine/SciGRID_gas-IGGIELGNC-3"}},{"type":"Feature","geometry":{"type":"LineString","coordinates":[[5.42079,49.12684],[5.445149,49.044217]]},"properties":{"kind":"gas_pipeline","name":"EntsoG_Map__ST_551","diameter_mm":900.0,"pressure_bar":70.0,"capacity_mcmd":27.39699999999984,"length_km":9.359892,"source":"SciGRID_gas IGGIELGNC-3","source_url":"https://github.com/Netizine/SciGRID_gas-IGGIELGNC-3"}},{"type":"Feature","geometry":{"type":"LineString","coordinates":[[8.431599,49.733582],[8.3589,49.6633]]},"properties":{"kind":"gas_pipeline","name":"EntsoG_Map__ST_552","diameter_mm":900.0,"pressure_bar":70.0,"capacity_mcmd":27.39699999999984,"length_km":9.405777,"source":"SciGRID_gas IGGIELGNC-3","source_url":"https://github.com/Netizine/SciGRID_gas-IGGIELGNC-3"}},{"type":"Feature","geometry":{"type":"LineString","coordinates":[[9.765169,48.243745],[9.744094,48.15989]]},"properties":{"kind":"gas_pipeline","name":"EntsoG_Map__ST_555","diameter_mm":900.0,"pressure_bar":70.0,"capacity_mcmd":27.39699999999984,"length_km":9.457133,"source":"SciGRID_gas IGGIELGNC-3","source_url":"https://github.com/Netizine/SciGRID_gas-IGGIELGNC-3"}},{"type":"Feature","geometry":{"type":"LineString","coordinates":[[6.47664,53.29076],[6.558257,53.361476]]},"properties":{"kind":"gas_pipeline","name":"EntsoG_Map__ST_557","diameter_mm":900.0,"pressure_bar":70.0,"capacity_mcmd":27.39699999999984,"length_km":9.553455,"source":"SciGRID_gas IGGIELGNC-3","source_url":"https://github.com/Netizine/SciGRID_gas-IGGIELGNC-3"}},{"type":"Feature","geometry":{"type":"LineString","coordinates":[[9.13794,50.23184],[9.272331,50.238535]]},"properties":{"kind":"gas_pipeline","name":"EntsoG_Map__ST_559","diameter_mm":900.0,"pressure_bar":70.0,"capacity_mcmd":27.39699999999984,"length_km":9.590444,"source":"SciGRID_gas IGGIELGNC-3","source_url":"https://github.com/Netizine/SciGRID_gas-IGGIELGNC-3"}},{"type":"Feature","geometry":{"type":"LineString","coordinates":[[12.049265,48.17185],[12.033618,48.258375]]},"properties":{"kind":"gas_pipeline","name":"EntsoG_Map__ST_567","diameter_mm":900.0,"pressure_bar":70.0,"capacity_mcmd":27.39699999999984,"length_km":9.693781,"source":"SciGRID_gas IGGIELGNC-3","source_url":"https://github.com/Netizine/SciGRID_gas-IGGIELGNC-3"}},{"type":"Feature","geometry":{"type":"LineString","coordinates":[[11.730087,51.202286],[11.854503,51.162292]]},"properties":{"kind":"gas_pipeline","name":"EntsoG_Map__ST_573","diameter_mm":900.0,"pressure_bar":70.0,"capacity_mcmd":27.39699999999984,"length_km":9.748888,"source":"SciGRID_gas IGGIELGNC-3","source_url":"https://github.com/Netizine/SciGRID_gas-IGGIELGNC-3"}},{"type":"Feature","geometry":{"type":"LineString","coordinates":[[5.363,51.77566],[5.406413,51.859266]]},"properties":{"kind":"gas_pipeline","name":"EntsoG_Map__ST_576","diameter_mm":900.0,"pressure_bar":70.0,"capacity_mcmd":27.39699999999984,"length_km":9.766818,"source":"SciGRID_gas IGGIELGNC-3","source_url":"https://github.com/Netizine/SciGRID_gas-IGGIELGNC-3"}},{"type":"Feature","geometry":{"type":"LineString","coordinates":[[11.578329,53.901448],[11.431606,53.885906]]},"properties":{"kind":"gas_pipeline","name":"EntsoG_Map__ST_577","diameter_mm":900.0,"pressure_bar":70.0,"capacity_mcmd":27.39699999999984,"length_km":9.771263,"source":"SciGRID_gas IGGIELGNC-3","source_url":"https://github.com/Netizine/SciGRID_gas-IGGIELGNC-3"}},{"type":"Feature","geometry":{"type":"LineString","coordinates":[[11.04159,51.15294],[11.174589,51.181477]]},"properties":{"kind":"gas_pipeline","name":"EntsoG_Map__ST_582","diameter_mm":900.0,"pressure_bar":70.0,"capacity_mcmd":27.39699999999984,"length_km":9.804274,"source":"SciGRID_gas IGGIELGNC-3","source_url":"https://github.com/Netizine/SciGRID_gas-IGGIELGNC-3"}},{"type":"Feature","geometry":{"type":"LineString","coordinates":[[15.75975,47.10746],[15.877323,47.070549]]},"properties":{"kind":"gas_pipeline","name":"EntsoG_Map__ST_583","diameter_mm":900.0,"pressure_bar":70.0,"capacity_mcmd":27.39699999999984,"length_km":9.805003,"source":"SciGRID_gas IGGIELGNC-3","source_url":"https://github.com/Netizine/SciGRID_gas-IGGIELGNC-3"}},{"type":"Feature","geometry":{"type":"LineString","coordinates":[[10.776077,52.495082],[10.814433,52.408377]]},"properties":{"kind":"gas_pipeline","name":"EntsoG_Map__ST_591","diameter_mm":900.0,"pressure_bar":70.0,"capacity_mcmd":27.39699999999984,"length_km":9.988513,"source":"SciGRID_gas IGGIELGNC-3","source_url":"https://github.com/Netizine/SciGRID_gas-IGGIELGNC-3"}},{"type":"Feature","geometry":{"type":"LineString","coordinates":[[5.74989,51.88067],[5.893651,51.895862]]},"properties":{"kind":"gas_pipeline","name":"EntsoG_Map__ST_593","diameter_mm":900.0,"pressure_bar":70.0,"capacity_mcmd":27.39699999999984,"length_km":10.012912,"source":"SciGRID_gas IGGIELGNC-3","source_url":"https://github.com/Netizine/SciGRID_gas-IGGIELGNC-3"}},{"type":"Feature","geometry":{"type":"LineString","coordinates":[[12.737003,51.352025],[12.797292,51.433834]]},"properties":{"kind":"gas_pipeline","name":"EntsoG_Map__ST_594","diameter_mm":900.0,"pressure_bar":70.0,"capacity_mcmd":27.39699999999984,"length_km":10.015561,"source":"SciGRID_gas IGGIELGNC-3","source_url":"https://github.com/Netizine/SciGRID_gas-IGGIELGNC-3"}},{"type":"Feature","geometry":{"type":"LineString","coordinates":[[8.975239,50.396881],[8.866938,50.338623]]},"properties":{"kind":"gas_pipeline","name":"EntsoG_Map__ST_597","diameter_mm":900.0,"pressure_bar":70.0,"capacity_mcmd":27.39699999999984,"length_km":10.051462,"source":"SciGRID_gas IGGIELGNC-3","source_url":"https://github.com/Netizine/SciGRID_gas-IGGIELGNC-3"}},{"type":"Feature","geometry":{"type":"LineString","coordinates":[[12.455546,49.114122],[12.574034,49.161117]]},"properties":{"kind":"gas_pipeline","name":"EntsoG_Map__ST_600","diameter_mm":900.0,"pressure_bar":70.0,"capacity_mcmd":27.39699999999984,"length_km":10.083274,"source":"SciGRID_gas IGGIELGNC-3","source_url":"https://github.com/Netizine/SciGRID_gas-IGGIELGNC-3"}},{"type":"Feature","geometry":{"type":"LineString","coordinates":[[11.54142,48.709712],[11.544519,48.618822]]},"properties":{"kind":"gas_pipeline","name":"EntsoG_Map__ST_603","diameter_mm":900.0,"pressure_bar":70.0,"capacity_mcmd":27.39699999999984,"length_km":10.112243,"source":"SciGRID_gas IGGIELGNC-3","source_url":"https://github.com/Netizine/SciGRID_gas-IGGIELGNC-3"}},{"type":"Feature","geometry":{"type":"LineString","coordinates":[[7.59266,47.42999],[7.580588,47.339213]]},"properties":{"kind":"gas_pipeline","name":"EntsoG_Map__ST_607","diameter_mm":900.0,"pressure_bar":70.0,"capacity_mcmd":27.39699999999984,"length_km":10.137958,"source":"SciGRID_gas IGGIELGNC-3","source_url":"https://github.com/Netizine/SciGRID_gas-IGGIELGNC-3"}},{"type":"Feature","geometry":{"type":"LineString","coordinates":[[7.18757,53.2104],[7.076813,53.147377]]},"properties":{"kind":"gas_pipeline","name":"EntsoG_Map__ST_612","diameter_mm":900.0,"pressure_bar":70.0,"capacity_mcmd":98.04020670753546,"length_km":10.181043,"source":"SciGRID_gas IGGIELGNC-3","source_url":"https://github.com/Netizine/SciGRID_gas-IGGIELGNC-3"}},{"type":"Feature","geometry":{"type":"LineString","coordinates":[[9.656208,50.684748],[9.771525,50.629579]]},"properties":{"kind":"gas_pipeline","name":"EntsoG_Map__ST_616","diameter_mm":900.0,"pressure_bar":70.0,"capacity_mcmd":27.39699999999984,"length_km":10.187185,"source":"SciGRID_gas IGGIELGNC-3","source_url":"https://github.com/Netizine/SciGRID_gas-IGGIELGNC-3"}},{"type":"Feature","geometry":{"type":"LineString","coordinates":[[12.633187,48.927991],[12.534682,48.862457]]},"properties":{"kind":"gas_pipeline","name":"EntsoG_Map__ST_619","diameter_mm":900.0,"pressure_bar":70.0,"capacity_mcmd":27.39699999999984,"length_km":10.248054,"source":"SciGRID_gas IGGIELGNC-3","source_url":"https://github.com/Netizine/SciGRID_gas-IGGIELGNC-3"}},{"type":"Feature","geometry":{"type":"LineString","coordinates":[[8.594678,50.352974],[8.498198,50.284035]]},"properties":{"kind":"gas_pipeline","name":"EntsoG_Map__ST_621","diameter_mm":900.0,"pressure_bar":70.0,"capacity_mcmd":27.39699999999984,"length_km":10.283604,"source":"SciGRID_gas IGGIELGNC-3","source_url":"https://github.com/Netizine/SciGRID_gas-IGGIELGNC-3"}},{"type":"Feature","geometry":{"type":"LineString","coordinates":[[12.022266,51.776226],[12.169848,51.793827]]},"properties":{"kind":"gas_pipeline","name":"EntsoG_Map__ST_623","diameter_mm":900.0,"pressure_bar":70.0,"capacity_mcmd":27.39699999999984,"length_km":10.341861,"source":"SciGRID_gas IGGIELGNC-3","source_url":"https://github.com/Netizine/SciGRID_gas-IGGIELGNC-3"}},{"type":"Feature","geometry":{"type":"LineString","coordinates":[[15.379,48.502],[15.303076,48.597368]]},"properties":{"kind":"gas_pipeline","name":"EntsoG_Map__ST_624","diameter_mm":900.0,"pressure_bar":70.0,"capacity_mcmd":27.39699999999984,"length_km":11.990691,"source":"SciGRID_gas IGGIELGNC-3","source_url":"https://github.com/Netizine/SciGRID_gas-IGGIELGNC-3"}},{"type":"Feature","geometry":{"type":"LineString","coordinates":[[9.132082,49.786812],[9.275882,49.768318]]},"properties":{"kind":"gas_pipeline","name":"EntsoG_Map__ST_636","diameter_mm":900.0,"pressure_bar":70.0,"capacity_mcmd":27.39699999999984,"length_km":10.531633,"source":"SciGRID_gas IGGIELGNC-3","source_url":"https://github.com/Netizine/SciGRID_gas-IGGIELGNC-3"}},{"type":"Feature","geometry":{"type":"LineString","coordinates":[[10.15975,52.36592],[10.260903,52.293571]]},"properties":{"kind":"gas_pipeline","name":"EntsoG_Map__ST_638","diameter_mm":900.0,"pressure_bar":70.0,"capacity_mcmd":27.39699999999984,"length_km":10.584745,"source":"SciGRID_gas IGGIELGNC-3","source_url":"https://github.com/Netizine/SciGRID_gas-IGGIELGNC-3"}},{"type":"Feature","geometry":{"type":"LineString","coordinates":[[12.048434,49.591261],[12.136929,49.667358]]},"properties":{"kind":"gas_pipeline","name":"EntsoG_Map__ST_639","diameter_mm":900.0,"pressure_bar":70.0,"capacity_mcmd":27.39699999999984,"length_km":10.596902,"source":"SciGRID_gas IGGIELGNC-3","source_url":"https://github.com/Netizine/SciGRID_gas-IGGIELGNC-3"}},{"type":"Feature","geometry":{"type":"LineString","coordinates":[[12.048434,49.591261],[12.136929,49.667358]]},"properties":{"kind":"gas_pipeline","name":"EntsoG_Map__ST_640","diameter_mm":900.0,"pressure_bar":70.0,"capacity_mcmd":27.39699999999984,"length_km":10.596902,"source":"SciGRID_gas IGGIELGNC-3","source_url":"https://github.com/Netizine/SciGRID_gas-IGGIELGNC-3"}},{"type":"Feature","geometry":{"type":"LineString","coordinates":[[8.055782,49.106691],[8.042115,49.201579]]},"properties":{"kind":"gas_pipeline","name":"EntsoG_Map__ST_641","diameter_mm":900.0,"pressure_bar":70.0,"capacity_mcmd":27.39699999999984,"length_km":10.601102,"source":"SciGRID_gas IGGIELGNC-3","source_url":"https://github.com/Netizine/SciGRID_gas-IGGIELGNC-3"}},{"type":"Feature","geometry":{"type":"LineString","coordinates":[[12.663723,52.622818],[12.544677,52.560621]]},"properties":{"kind":"gas_pipeline","name":"EntsoG_Map__ST_642","diameter_mm":900.0,"pressure_bar":70.0,"capacity_mcmd":27.39699999999984,"length_km":10.609803,"source":"SciGRID_gas IGGIELGNC-3","source_url":"https://github.com/Netizine/SciGRID_gas-IGGIELGNC-3"}},{"type":"Feature","geometry":{"type":"LineString","coordinates":[[8.316901,49.0319],[8.261499,49.120403]]},"properties":{"kind":"gas_pipeline","name":"EntsoG_Map__ST_644","diameter_mm":900.0,"pressure_bar":70.0,"capacity_mcmd":27.39699999999984,"length_km":10.639669,"source":"SciGRID_gas IGGIELGNC-3","source_url":"https://github.com/Netizine/SciGRID_gas-IGGIELGNC-3"}},{"type":"Feature","geometry":{"type":"LineString","coordinates":[[9.28109,54.803874],[9.44657,54.795948]]},"properties":{"kind":"gas_pipeline","name":"EntsoG_Map__ST_645","diameter_mm":900.0,"pressure_bar":70.0,"capacity_mcmd":10.249178106091062,"length_km":10.646579,"source":"SciGRID_gas IGGIELGNC-3","source_url":"https://github.com/Netizine/SciGRID_gas-IGGIELGNC-3"}},{"type":"Feature","geometry":{"type":"LineString","coordinates":[[13.328509,52.39938],[13.451479,52.459472]]},"properties":{"kind":"gas_pipeline","name":"EntsoG_Map__ST_646","diameter_mm":900.0,"pressure_bar":70.0,"capacity_mcmd":27.39699999999984,"length_km":10.687891,"source":"SciGRID_gas IGGIELGNC-3","source_url":"https://github.com/Netizine/SciGRID_gas-IGGIELGNC-3"}},{"type":"Feature","geometry":{"type":"LineString","coordinates":[[5.81363,50.64539],[5.820802,50.549007]]},"properties":{"kind":"gas_pipeline","name":"EntsoG_Map__ST_649","diameter_mm":900.0,"pressure_bar":70.0,"capacity_mcmd":27.39699999999984,"length_km":10.732618,"source":"SciGRID_gas IGGIELGNC-3","source_url":"https://github.com/Netizine/SciGRID_gas-IGGIELGNC-3"}},{"type":"Feature","geometry":{"type":"LineString","coordinates":[[7.697399,49.297184],[7.620638,49.214595]]},"properties":{"kind":"gas_pipeline","name":"EntsoG_Map__ST_651","diameter_mm":900.0,"pressure_bar":70.0,"capacity_mcmd":27.39699999999984,"length_km":10.744481,"source":"SciGRID_gas IGGIELGNC-3","source_url":"https://github.com/Netizine/SciGRID_gas-IGGIELGNC-3"}},{"type":"Feature","geometry":{"type":"LineString","coordinates":[[7.697399,49.297184],[7.620638,49.214595]]},"properties":{"kind":"gas_pipeline","name":"EntsoG_Map__ST_652","diameter_mm":900.0,"pressure_bar":70.0,"capacity_mcmd":27.39699999999984,"length_km":10.744481,"source":"SciGRID_gas IGGIELGNC-3","source_url":"https://github.com/Netizine/SciGRID_gas-IGGIELGNC-3"}},{"type":"Feature","geometry":{"type":"LineString","coordinates":[[15.96146,47.7282],[15.920067,47.820821]]},"properties":{"kind":"gas_pipeline","name":"EntsoG_Map__ST_654","diameter_mm":900.0,"pressure_bar":70.0,"capacity_mcmd":27.39699999999984,"length_km":10.75685,"source":"SciGRID_gas IGGIELGNC-3","source_url":"https://github.com/Netizine/SciGRID_gas-IGGIELGNC-3"}},{"type":"Feature","geometry":{"type":"LineString","coordinates":[[5.57065,49.74003],[5.477584,49.663692]]},"properties":{"kind":"gas_pipeline","name":"EntsoG_Map__ST_656","diameter_mm":900.0,"pressure_bar":70.0,"capacity_mcmd":27.39699999999984,"length_km":10.813087,"source":"SciGRID_gas IGGIELGNC-3","source_url":"https://github.com/Netizine/SciGRID_gas-IGGIELGNC-3"}},{"type":"Feature","geometry":{"type":"LineString","coordinates":[[8.23855,47.42869],[8.129774,47.364077]]},"properties":{"kind":"gas_pipeline","name":"EntsoG_Map__ST_664","diameter_mm":900.0,"pressure_bar":70.0,"capacity_mcmd":27.39699999999984,"length_km":10.896347,"source":"SciGRID_gas IGGIELGNC-3","source_url":"https://github.com/Netizine/SciGRID_gas-IGGIELGNC-3"}},{"type":"Feature","geometry":{"type":"LineString","coordinates":[[7.488253,50.931533],[7.472258,51.029285]]},"properties":{"kind":"gas_pipeline","name":"EntsoG_Map__ST_668","diameter_mm":900.0,"pressure_bar":70.0,"capacity_mcmd":27.39699999999984,"length_km":10.930482,"source":"SciGRID_gas IGGIELGNC-3","source_url":"https://github.com/Netizine/SciGRID_gas-IGGIELGNC-3"}},{"type":"Feature","geometry":{"type":"LineString","coordinates":[[5.22121,50.56713],[5.350575,50.51263]]},"properties":{"kind":"gas_pipeline","name":"EntsoG_Map__ST_671","diameter_mm":900.0,"pressure_bar":70.0,"capacity_mcmd":27.39699999999984,"length_km":10.971706,"source":"SciGRID_gas IGGIELGNC-3","source_url":"https://github.com/Netizine/SciGRID_gas-IGGIELGNC-3"}},{"type":"Feature","geometry":{"type":"LineString","coordinates":[[10.545235,48.699313],[10.464998,48.615343]]},"properties":{"kind":"gas_pipeline","name":"EntsoG_Map__ST_677","diameter_mm":900.0,"pressure_bar":70.0,"capacity_mcmd":27.39699999999984,"length_km":11.04491,"source":"SciGRID_gas IGGIELGNC-3","source_url":"https://github.com/Netizine/SciGRID_gas-IGGIELGNC-3"}},{"type":"Feature","geometry":{"type":"LineString","coordinates":[[8.770964,49.821352],[8.663752,49.894636]]},"properties":{"kind":"gas_pipeline","name":"EntsoG_Map__ST_686","diameter_mm":900.0,"pressure_bar":70.0,"capacity_mcmd":27.39699999999984,"length_km":11.204893,"source":"SciGRID_gas IGGIELGNC-3","source_url":"https://github.com/Netizine/SciGRID_gas-IGGIELGNC-3"}},{"type":"Feature","geometry":{"type":"LineString","coordinates":[[8.420106,48.187799],[8.545987,48.243623]]},"properties":{"kind":"gas_pipeline","name":"EntsoG_Map__ST_687","diameter_mm":900.0,"pressure_bar":70.0,"capacity_mcmd":27.39699999999984,"length_km":11.207111,"source":"SciGRID_gas IGGIELGNC-3","source_url":"https://github.com/Netizine/SciGRID_gas-IGGIELGNC-3"}},{"type":"Feature","geometry":{"type":"LineString","coordinates":[[13.141311,52.979301],[13.204862,52.886092]]},"properties":{"kind":"gas_pipeline","name":"EntsoG_Map__ST_688","diameter_mm":900.0,"pressure_bar":70.0,"capacity_mcmd":27.39699999999984,"length_km":11.208982,"source":"SciGRID_gas IGGIELGNC-3","source_url":"https://github.com/Netizine/SciGRID_gas-IGGIELGNC-3"}},{"type":"Feature","geometry":{"type":"LineString","coordinates":[[7.027709,49.463112],[7.106634,49.375867]]},"properties":{"kind":"gas_pipeline","name":"EntsoG_Map__ST_696","diameter_mm":900.0,"pressure_bar":70.0,"capacity_mcmd":27.39699999999984,"length_km":11.259891,"source":"SciGRID_gas IGGIELGNC-3","source_url":"https://github.com/Netizine/SciGRID_gas-IGGIELGNC-3"}},{"type":"Feature","geometry":{"type":"LineString","coordinates":[[7.742255,47.668831],[7.818366,47.756415]]},"properties":{"kind":"gas_pipeline","name":"EntsoG_Map__ST_698","diameter_mm":900.0,"pressure_bar":70.0,"capacity_mcmd":27.39699999999984,"length_km":11.285058,"source":"SciGRID_gas IGGIELGNC-3","source_url":"https://github.com/Netizine/SciGRID_gas-IGGIELGNC-3"}},{"type":"Feature","geometry":{"type":"LineString","coordinates":[[8.83275,49.68145],[8.735537,49.601614]]},"properties":{"kind":"gas_pipeline","name":"EntsoG_Map__ST_699","diameter_mm":900.0,"pressure_bar":70.0,"capacity_mcmd":27.39699999999984,"length_km":11.308709,"source":"SciGRID_gas IGGIELGNC-3","source_url":"https://github.com/Netizine/SciGRID_gas-IGGIELGNC-3"}},{"type":"Feature","geometry":{"type":"LineString","coordinates":[[11.745781,47.876549],[11.717169,47.776638]]},"properties":{"kind":"gas_pipeline","name":"EntsoG_Map__ST_701","diameter_mm":900.0,"pressure_bar":70.0,"capacity_mcmd":27.39699999999984,"length_km":11.316623,"source":"SciGRID_gas IGGIELGNC-3","source_url":"https://github.com/Netizine/SciGRID_gas-IGGIELGNC-3"}},{"type":"Feature","geometry":{"type":"LineString","coordinates":[[8.96165,52.43709],[8.821243,52.3816]]},"properties":{"kind":"gas_pipeline","name":"EntsoG_Map__ST_702","diameter_mm":900.0,"pressure_bar":70.0,"capacity_mcmd":27.39699999999984,"length_km":11.351517,"source":"SciGRID_gas IGGIELGNC-3","source_url":"https://github.com/Netizine/SciGRID_gas-IGGIELGNC-3"}},{"type":"Feature","geometry":{"type":"LineString","coordinates":[[9.5783,47.36242],[9.433542,47.393713]]},"properties":{"kind":"gas_pipeline","name":"EntsoG_Map__ST_707","diameter_mm":900.0,"pressure_bar":70.0,"capacity_mcmd":27.39699999999984,"length_km":11.445302,"source":"SciGRID_gas IGGIELGNC-3","source_url":"https://github.com/Netizine/SciGRID_gas-IGGIELGNC-3"}},{"type":"Feature","geometry":{"type":"LineString","coordinates":[[7.924561,48.46636],[8.077493,48.448239]]},"properties":{"kind":"gas_pipeline","name":"EntsoG_Map__ST_708","diameter_mm":900.0,"pressure_bar":70.0,"capacity_mcmd":27.39699999999984,"length_km":11.459704,"source":"SciGRID_gas IGGIELGNC-3","source_url":"https://github.com/Netizine/SciGRID_gas-IGGIELGNC-3"}},{"type":"Feature","geometry":{"type":"LineString","coordinates":[[10.475106,53.78447],[10.322601,53.733129]]},"properties":{"kind":"gas_pipeline","name":"EntsoG_Map__ST_713","diameter_mm":900.0,"pressure_bar":70.0,"capacity_mcmd":27.39699999999984,"length_km":11.540329,"source":"SciGRID_gas IGGIELGNC-3","source_url":"https://github.com/Netizine/SciGRID_gas-IGGIELGNC-3"}},{"type":"Feature","geometry":{"type":"LineString","coordinates":[[11.433415,48.032723],[11.286265,47.998727]]},"properties":{"kind":"gas_pipeline","name":"EntsoG_Map__ST_717","diameter_mm":900.0,"pressure_bar":70.0,"capacity_mcmd":27.39699999999984,"length_km":11.583235,"source":"SciGRID_gas IGGIELGNC-3","source_url":"https://github.com/Netizine/SciGRID_gas-IGGIELGNC-3"}},{"type":"Feature","geometry":{"type":"LineString","coordinates":[[10.871405,49.529315],[10.933606,49.625508]]},"properties":{"kind":"gas_pipeline","name":"EntsoG_Map__ST_718","diameter_mm":900.0,"pressure_bar":70.0,"capacity_mcmd":27.39699999999984,"length_km":11.601966,"source":"SciGRID_gas IGGIELGNC-3","source_url":"https://github.com/Netizine/SciGRID_gas-IGGIELGNC-3"}},{"type":"Feature","geometry":{"type":"LineString","coordinates":[[11.274978,48.106166],[11.151148,48.171349]]},"properties":{"kind":"gas_pipeline","name":"EntsoG_Map__ST_725","diameter_mm":900.0,"pressure_bar":70.0,"capacity_mcmd":27.39699999999984,"length_km":11.706864,"source":"SciGRID_gas IGGIELGNC-3","source_url":"https://github.com/Netizine/SciGRID_gas-IGGIELGNC-3"}},{"type":"Feature","geometry":{"type":"LineString","coordinates":[[7.904586,53.51155],[8.04683,53.574429]]},"properties":{"kind":"gas_pipeline","name":"EntsoG_Map__ST_726","diameter_mm":900.0,"pressure_bar":70.0,"capacity_mcmd":27.39699999999984,"length_km":11.717784,"source":"SciGRID_gas IGGIELGNC-3","source_url":"https://github.com/Netizine/SciGRID_gas-IGGIELGNC-3"}},{"type":"Feature","geometry":{"type":"LineString","coordinates":[[14.508512,51.289588],[14.647091,51.229714]]},"properties":{"kind":"gas_pipeline","name":"EntsoG_Map__ST_728","diameter_mm":900.0,"pressure_bar":70.0,"capacity_mcmd":27.39699999999984,"length_km":11.721711,"source":"SciGRID_gas IGGIELGNC-3","source_url":"https://github.com/Netizine/SciGRID_gas-IGGIELGNC-3"}},{"type":"Feature","geometry":{"type":"LineString","coordinates":[[10.871405,49.529315],[11.0016,49.593]]},"properties":{"kind":"gas_pipeline","name":"EntsoG_Map__ST_731","diameter_mm":900.0,"pressure_bar":70.0,"capacity_mcmd":27.39699999999984,"length_km":11.764854,"source":"SciGRID_gas IGGIELGNC-3","source_url":"https://github.com/Netizine/SciGRID_gas-IGGIELGNC-3"}},{"type":"Feature","geometry":{"type":"LineString","coordinates":[[7.83243,49.20805],[7.992697,49.229089]]},"properties":{"kind":"gas_pipeline","name":"EntsoG_Map__ST_735","diameter_mm":900.0,"pressure_bar":70.0,"capacity_mcmd":27.39699999999984,"length_km":11.876642,"source":"SciGRID_gas IGGIELGNC-3","source_url":"https://github.com/Netizine/SciGRID_gas-IGGIELGNC-3"}},{"type":"Feature","geometry":{"type":"LineString","coordinates":[[9.76448,47.22211],[9.921041,47.205949]]},"properties":{"kind":"gas_pipeline","name":"EntsoG_Map__ST_740","diameter_mm":900.0,"pressure_bar":70.0,"capacity_mcmd":27.39699999999984,"length_km":11.964639,"source":"SciGRID_gas IGGIELGNC-3","source_url":"https://github.com/Netizine/SciGRID_gas-IGGIELGNC-3"}},{"type":"Feature","geometry":{"type":"LineString","coordinates":[[13.641025,53.84749],[13.810263,53.889131]]},"properties":{"kind":"gas_pipeline","name":"EntsoG_Map__ST_743","diameter_mm":900.0,"pressure_bar":70.0,"capacity_mcmd":27.39699999999984,"length_km":12.02724,"source":"SciGRID_gas IGGIELGNC-3","source_url":"https://github.com/Netizine/SciGRID_gas-IGGIELGNC-3"}},{"type":"Feature","geometry":{"type":"LineString","coordinates":[[13.34393,48.74288],[13.461305,48.818626]]},"properties":{"kind":"gas_pipeline","name":"EntsoG_Map__ST_744","diameter_mm":900.0,"pressure_bar":70.0,"capacity_mcmd":27.39699999999984,"length_km":12.041339,"source":"SciGRID_gas IGGIELGNC-3","source_url":"https://github.com/Netizine/SciGRID_gas-IGGIELGNC-3"}},{"type":"Feature","geometry":{"type":"LineString","coordinates":[[15.89697,51.0336],[15.736398,51.074563]]},"properties":{"kind":"gas_pipeline","name":"EntsoG_Map__ST_746","diameter_mm":900.0,"pressure_bar":70.0,"capacity_mcmd":27.39699999999984,"length_km":12.116147,"source":"SciGRID_gas IGGIELGNC-3","source_url":"https://github.com/Netizine/SciGRID_gas-IGGIELGNC-3"}},{"type":"Feature","geometry":{"type":"LineString","coordinates":[[11.714321,50.824251],[11.5857,50.8969]]},"properties":{"kind":"gas_pipeline","name":"EntsoG_Map__ST_747","diameter_mm":900.0,"pressure_bar":70.0,"capacity_mcmd":27.39699999999984,"length_km":12.118014,"source":"SciGRID_gas IGGIELGNC-3","source_url":"https://github.com/Netizine/SciGRID_gas-IGGIELGNC-3"}},{"type":"Feature","geometry":{"type":"LineString","coordinates":[[12.029793,50.794432],[12.11741,50.889797]]},"properties":{"kind":"gas_pipeline","name":"EntsoG_Map__ST_756","diameter_mm":900.0,"pressure_bar":70.0,"capacity_mcmd":27.39699999999984,"length_km":12.263315,"source":"SciGRID_gas IGGIELGNC-3","source_url":"https://github.com/Netizine/SciGRID_gas-IGGIELGNC-3"}},{"type":"Feature","geometry":{"type":"LineString","coordinates":[[14.452442,51.157171],[14.317381,51.227836]]},"properties":{"kind":"gas_pipeline","name":"EntsoG_Map__ST_757","diameter_mm":900.0,"pressure_bar":70.0,"capacity_mcmd":27.39699999999984,"length_km":12.2646,"source":"SciGRID_gas IGGIELGNC-3","source_url":"https://github.com/Netizine/SciGRID_gas-IGGIELGNC-3"}},{"type":"Feature","geometry":{"type":"LineString","coordinates":[[11.693179,49.498771],[11.844814,49.448602]]},"properties":{"kind":"gas_pipeline","name":"EntsoG_Map__ST_761","diameter_mm":900.0,"pressure_bar":70.0,"capacity_mcmd":27.39699999999984,"length_km":12.298558,"source":"SciGRID_gas IGGIELGNC-3","source_url":"https://github.com/Netizine/SciGRID_gas-IGGIELGNC-3"}},{"type":"Feature","geometry":{"type":"LineString","coordinates":[[8.644253,49.327473],[8.750183,49.414332]]},"properties":{"kind":"gas_pipeline","name":"EntsoG_Map__ST_762","diameter_mm":900.0,"pressure_bar":70.0,"capacity_mcmd":27.39699999999984,"length_km":12.337166,"source":"SciGRID_gas IGGIELGNC-3","source_url":"https://github.com/Netizine/SciGRID_gas-IGGIELGNC-3"}},{"type":"Feature","geometry":{"type":"LineString","coordinates":[[6.611012,50.410391],[6.695729,50.507342]]},"properties":{"kind":"gas_pipeline","name":"EntsoG_Map__ST_763","diameter_mm":900.0,"pressure_bar":70.0,"capacity_mcmd":27.39699999999984,"length_km":12.340157,"source":"SciGRID_gas IGGIELGNC-3","source_url":"https://github.com/Netizine/SciGRID_gas-IGGIELGNC-3"}},{"type":"Feature","geometry":{"type":"LineString","coordinates":[[14.569879,51.748057],[14.401031,51.785918]]},"properties":{"kind":"gas_pipeline","name":"EntsoG_Map__ST_765","diameter_mm":900.0,"pressure_bar":70.0,"capacity_mcmd":27.39699999999984,"length_km":12.362199,"source":"SciGRID_gas IGGIELGNC-3","source_url":"https://github.com/Netizine/SciGRID_gas-IGGIELGNC-3"}},{"type":"Feature","geometry":{"type":"LineString","coordinates":[[14.569879,51.748057],[14.401031,51.785918]]},"properties":{"kind":"gas_pipeline","name":"EntsoG_Map__ST_766","diameter_mm":900.0,"pressure_bar":70.0,"capacity_mcmd":27.39699999999984,"length_km":12.362199,"source":"SciGRID_gas IGGIELGNC-3","source_url":"https://github.com/Netizine/SciGRID_gas-IGGIELGNC-3"}},{"type":"Feature","geometry":{"type":"LineString","coordinates":[[7.751374,48.082977],[7.912613,48.113878]]},"properties":{"kind":"gas_pipeline","name":"EntsoG_Map__ST_769","diameter_mm":900.0,"pressure_bar":70.0,"capacity_mcmd":27.39699999999984,"length_km":12.461067,"source":"SciGRID_gas IGGIELGNC-3","source_url":"https://github.com/Netizine/SciGRID_gas-IGGIELGNC-3"}},{"type":"Feature","geometry":{"type":"LineString","coordinates":[[9.636003,50.877491],[9.807877,50.907269]]},"properties":{"kind":"gas_pipeline","name":"EntsoG_Map__ST_775","diameter_mm":900.0,"pressure_bar":70.0,"capacity_mcmd":27.39699999999984,"length_km":12.505533,"source":"SciGRID_gas IGGIELGNC-3","source_url":"https://github.com/Netizine/SciGRID_gas-IGGIELGNC-3"}},{"type":"Feature","geometry":{"type":"LineString","coordinates":[[13.875031,51.446938],[13.873388,51.559878]]},"properties":{"kind":"gas_pipeline","name":"EntsoG_Map__ST_777","diameter_mm":900.0,"pressure_bar":70.0,"capacity_mcmd":27.39699999999984,"length_km":12.562812,"source":"SciGRID_gas IGGIELGNC-3","source_url":"https://github.com/Netizine/SciGRID_gas-IGGIELGNC-3"}},{"type":"Feature","geometry":{"type":"LineString","coordinates":[[10.334395,47.647739],[10.288396,47.756415]]},"properties":{"kind":"gas_pipeline","name":"EntsoG_Map__ST_778","diameter_mm":900.0,"pressure_bar":70.0,"capacity_mcmd":27.39699999999984,"length_km":12.568866,"source":"SciGRID_gas IGGIELGNC-3","source_url":"https://github.com/Netizine/SciGRID_gas-IGGIELGNC-3"}},{"type":"Feature","geometry":{"type":"LineString","coordinates":[[9.31484,47.46299],[9.340403,47.351291]]},"properties":{"kind":"gas_pipeline","name":"EntsoG_Map__ST_779","diameter_mm":900.0,"pressure_bar":70.0,"capacity_mcmd":27.39699999999984,"length_km":12.572405,"source":"SciGRID_gas IGGIELGNC-3","source_url":"https://github.com/Netizine/SciGRID_gas-IGGIELGNC-3"}},{"type":"Feature","geometry":{"type":"LineString","coordinates":[[11.689167,48.238382],[11.592456,48.143888]]},"properties":{"kind":"gas_pipeline","name":"EntsoG_Map__ST_788","diameter_mm":900.0,"pressure_bar":70.0,"capacity_mcmd":27.39699999999984,"length_km":12.723921,"source":"SciGRID_gas IGGIELGNC-3","source_url":"https://github.com/Netizine/SciGRID_gas-IGGIELGNC-3"}},{"type":"Feature","geometry":{"type":"LineString","coordinates":[[10.849538,50.944609],[10.681484,50.899421]]},"properties":{"kind":"gas_pipeline","name":"EntsoG_Map__ST_792","diameter_mm":900.0,"pressure_bar":70.0,"capacity_mcmd":27.39699999999984,"length_km":12.810614,"source":"SciGRID_gas IGGIELGNC-3","source_url":"https://github.com/Netizine/SciGRID_gas-IGGIELGNC-3"}},{"type":"Feature","geometry":{"type":"LineString","coordinates":[[10.444147,52.385988],[10.5147,52.2786]]},"properties":{"kind":"gas_pipeline","name":"EntsoG_Map__ST_795","diameter_mm":900.0,"pressure_bar":70.0,"capacity_mcmd":27.39699999999984,"length_km":12.871441,"source":"SciGRID_gas IGGIELGNC-3","source_url":"https://github.com/Netizine/SciGRID_gas-IGGIELGNC-3"}},{"type":"Feature","geometry":{"type":"LineString","coordinates":[[9.414961,47.851208],[9.406101,47.735633]]},"properties":{"kind":"gas_pipeline","name":"EntsoG_Map__ST_796","diameter_mm":900.0,"pressure_bar":70.0,"capacity_mcmd":27.39699999999984,"length_km":12.872425,"source":"SciGRID_gas IGGIELGNC-3","source_url":"https://github.com/Netizine/SciGRID_gas-IGGIELGNC-3"}},{"type":"Feature","geometry":{"type":"LineString","coordinates":[[9.137394,48.495637],[9.307947,48.470205]]},"properties":{"kind":"gas_pipeline","name":"EntsoG_Map__ST_798","diameter_mm":900.0,"pressure_bar":70.0,"capacity_mcmd":27.39699999999984,"length_km":12.888779,"source":"SciGRID_gas IGGIELGNC-3","source_url":"https://github.com/Netizine/SciGRID_gas-IGGIELGNC-3"}},{"type":"Feature","geometry":{"type":"LineString","coordinates":[[12.397341,52.401657],[12.574727,52.443792]]},"properties":{"kind":"gas_pipeline","name":"EntsoG_Map__ST_800","diameter_mm":900.0,"pressure_bar":70.0,"capacity_mcmd":27.39699999999984,"length_km":12.912859,"source":"SciGRID_gas IGGIELGNC-3","source_url":"https://github.com/Netizine/SciGRID_gas-IGGIELGNC-3"}},{"type":"Feature","geometry":{"type":"LineString","coordinates":[[11.075456,50.872017],[11.0299,50.9848]]},"properties":{"kind":"gas_pipeline","name":"EntsoG_Map__ST_802","diameter_mm":900.0,"pressure_bar":70.0,"capacity_mcmd":27.39699999999984,"length_km":12.945007,"source":"SciGRID_gas IGGIELGNC-3","source_url":"https://github.com/Netizine/SciGRID_gas-IGGIELGNC-3"}},{"type":"Feature","geometry":{"type":"LineString","coordinates":[[8.085055,49.561198],[7.936801,49.627573]]},"properties":{"kind":"gas_pipeline","name":"EntsoG_Map__ST_805","diameter_mm":900.0,"pressure_bar":70.0,"capacity_mcmd":27.39699999999984,"length_km":12.990744,"source":"SciGRID_gas IGGIELGNC-3","source_url":"https://github.com/Netizine/SciGRID_gas-IGGIELGNC-3"}},{"type":"Feature","geometry":{"type":"LineString","coordinates":[[15.58515,51.95832],[15.498014,51.853879]]},"properties":{"kind":"gas_pipeline","name":"EntsoG_Map__ST_808","diameter_mm":900.0,"pressure_bar":70.0,"capacity_mcmd":27.39699999999984,"length_km":13.065562,"source":"SciGRID_gas IGGIELGNC-3","source_url":"https://github.com/Netizine/SciGRID_gas-IGGIELGNC-3"}},{"type":"Feature","geometry":{"type":"LineString","coordinates":[[10.425933,50.900716],[10.2906,50.9816]]},"properties":{"kind":"gas_pipeline","name":"EntsoG_Map__ST_809","diameter_mm":900.0,"pressure_bar":70.0,"capacity_mcmd":27.39699999999984,"length_km":13.073254,"source":"SciGRID_gas IGGIELGNC-3","source_url":"https://github.com/Netizine/SciGRID_gas-IGGIELGNC-3"}},{"type":"Feature","geometry":{"type":"LineString","coordinates":[[10.545235,48.699313],[10.677812,48.779641]]},"properties":{"kind":"gas_pipeline","name":"EntsoG_Map__ST_815","diameter_mm":900.0,"pressure_bar":70.0,"capacity_mcmd":27.39699999999984,"length_km":13.206407,"source":"SciGRID_gas IGGIELGNC-3","source_url":"https://github.com/Netizine/SciGRID_gas-IGGIELGNC-3"}},{"type":"Feature","geometry":{"type":"LineString","coordinates":[[9.949775,51.782514],[9.817607,51.696015]]},"properties":{"kind":"gas_pipeline","name":"EntsoG_Map__ST_818","diameter_mm":900.0,"pressure_bar":70.0,"capacity_mcmd":27.39699999999984,"length_km":13.245453,"source":"SciGRID_gas IGGIELGNC-3","source_url":"https://github.com/Netizine/SciGRID_gas-IGGIELGNC-3"}},{"type":"Feature","geometry":{"type":"LineString","coordinates":[[12.500754,51.156681],[12.635067,51.241342]]},"properties":{"kind":"gas_pipeline","name":"EntsoG_Map__ST_819","diameter_mm":900.0,"pressure_bar":70.0,"capacity_mcmd":27.39699999999984,"length_km":13.27828,"source":"SciGRID_gas IGGIELGNC-3","source_url":"https://github.com/Netizine/SciGRID_gas-IGGIELGNC-3"}},{"type":"Feature","geometry":{"type":"LineString","coordinates":[[11.99147,47.49413],[12.082058,47.391088]]},"properties":{"kind":"gas_pipeline","name":"EntsoG_Map__ST_821","diameter_mm":900.0,"pressure_bar":70.0,"capacity_mcmd":27.39699999999984,"length_km":13.334283,"source":"SciGRID_gas IGGIELGNC-3","source_url":"https://github.com/Netizine/SciGRID_gas-IGGIELGNC-3"}},{"type":"Feature","geometry":{"type":"LineString","coordinates":[[9.369836,54.153612],[9.162966,54.147024]]},"properties":{"kind":"gas_pipeline","name":"EntsoG_Map__ST_826","diameter_mm":900.0,"pressure_bar":70.0,"capacity_mcmd":27.39699999999984,"length_km":13.496025,"source":"SciGRID_gas IGGIELGNC-3","source_url":"https://github.com/Netizine/SciGRID_gas-IGGIELGNC-3"}},{"type":"Feature","geometry":{"type":"LineString","coordinates":[[13.098885,50.721385],[12.947103,50.643041]]},"properties":{"kind":"gas_pipeline","name":"EntsoG_Map__ST_835","diameter_mm":900.0,"pressure_bar":70.0,"capacity_mcmd":27.39699999999984,"length_km":13.797377,"source":"SciGRID_gas IGGIELGNC-3","source_url":"https://github.com/Netizine/SciGRID_gas-IGGIELGNC-3"}},{"type":"Feature","geometry":{"type":"LineString","coordinates":[[6.10078,53.05933],[5.964179,52.965966]]},"properties":{"kind":"gas_pipeline","name":"EntsoG_Map__ST_836","diameter_mm":900.0,"pressure_bar":70.0,"capacity_mcmd":27.39699999999984,"length_km":13.835091,"source":"SciGRID_gas IGGIELGNC-3","source_url":"https://github.com/Netizine/SciGRID_gas-IGGIELGNC-3"}},{"type":"Feature","geometry":{"type":"LineString","coordinates":[[11.781149,48.018141],[11.639491,48.098984]]},"properties":{"kind":"gas_pipeline","name":"EntsoG_Map__ST_837","diameter_mm":900.0,"pressure_bar":70.0,"capacity_mcmd":27.39699999999984,"length_km":13.847955,"source":"SciGRID_gas IGGIELGNC-3","source_url":"https://github.com/Netizine/SciGRID_gas-IGGIELGNC-3"}},{"type":"Feature","geometry":{"type":"LineString","coordinates":[[10.776077,52.495082],[10.571407,52.495342]]},"properties":{"kind":"gas_pipeline","name":"EntsoG_Map__ST_839","diameter_mm":900.0,"pressure_bar":70.0,"capacity_mcmd":27.39699999999984,"length_km":13.860238,"source":"SciGRID_gas IGGIELGNC-3","source_url":"https://github.com/Netizine/SciGRID_gas-IGGIELGNC-3"}},{"type":"Feature","geometry":{"type":"LineString","coordinates":[[8.591739,48.071164],[8.443589,47.993657]]},"properties":{"kind":"gas_pipeline","name":"EntsoG_Map__ST_844","diameter_mm":900.0,"pressure_bar":70.0,"capacity_mcmd":27.39699999999984,"length_km":13.991136,"source":"SciGRID_gas IGGIELGNC-3","source_url":"https://github.com/Netizine/SciGRID_gas-IGGIELGNC-3"}},{"type":"Feature","geometry":{"type":"LineString","coordinates":[[8.977629,48.783847],[8.892869,48.669492]]},"properties":{"kind":"gas_pipeline","name":"EntsoG_Map__ST_855","diameter_mm":900.0,"pressure_bar":70.0,"capacity_mcmd":27.39699999999984,"length_km":14.158655,"source":"SciGRID_gas IGGIELGNC-3","source_url":"https://github.com/Netizine/SciGRID_gas-IGGIELGNC-3"}},{"type":"Feature","geometry":{"type":"LineString","coordinates":[[5.4741,51.03805],[5.625703,51.124679]]},"properties":{"kind":"gas_pipeline","name":"EntsoG_Map__ST_859","diameter_mm":900.0,"pressure_bar":70.0,"capacity_mcmd":27.39699999999984,"length_km":14.32022,"source":"SciGRID_gas IGGIELGNC-3","source_url":"https://github.com/Netizine/SciGRID_gas-IGGIELGNC-3"}},{"type":"Feature","geometry":{"type":"LineString","coordinates":[[10.362077,52.154025],[10.563521,52.116996]]},"properties":{"kind":"gas_pipeline","name":"EntsoG_Map__ST_860","diameter_mm":900.0,"pressure_bar":70.0,"capacity_mcmd":27.39699999999984,"length_km":14.356558,"source":"SciGRID_gas IGGIELGNC-3","source_url":"https://github.com/Netizine/SciGRID_gas-IGGIELGNC-3"}},{"type":"Feature","geometry":{"type":"LineString","coordinates":[[8.020302,50.921697],[8.209998,50.971546]]},"properties":{"kind":"gas_pipeline","name":"EntsoG_Map__ST_861","diameter_mm":900.0,"pressure_bar":70.0,"capacity_mcmd":27.39699999999984,"length_km":14.403807,"source":"SciGRID_gas IGGIELGNC-3","source_url":"https://github.com/Netizine/SciGRID_gas-IGGIELGNC-3"}},{"type":"Feature","geometry":{"type":"LineString","coordinates":[[12.357175,52.954727],[12.549925,53.01525]]},"properties":{"kind":"gas_pipeline","name":"EntsoG_Map__ST_865","diameter_mm":900.0,"pressure_bar":70.0,"capacity_mcmd":27.39699999999984,"length_km":14.557236,"source":"SciGRID_gas IGGIELGNC-3","source_url":"https://github.com/Netizine/SciGRID_gas-IGGIELGNC-3"}},{"type":"Feature","geometry":{"type":"LineString","coordinates":[[8.224932,49.623996],[8.189898,49.755362]]},"properties":{"kind":"gas_pipeline","name":"EntsoG_Map__ST_872","diameter_mm":900.0,"pressure_bar":70.0,"capacity_mcmd":27.39699999999984,"length_km":14.827693,"source":"SciGRID_gas IGGIELGNC-3","source_url":"https://github.com/Netizine/SciGRID_gas-IGGIELGNC-3"}},{"type":"Feature","geometry":{"type":"LineString","coordinates":[[12.456145,52.294847],[12.618009,52.384312]]},"properties":{"kind":"gas_pipeline","name":"EntsoG_Map__ST_873","diameter_mm":900.0,"pressure_bar":70.0,"capacity_mcmd":27.39699999999984,"length_km":14.833379,"source":"SciGRID_gas IGGIELGNC-3","source_url":"https://github.com/Netizine/SciGRID_gas-IGGIELGNC-3"}},{"type":"Feature","geometry":{"type":"LineString","coordinates":[[12.093572,49.299596],[12.241037,49.39367]]},"properties":{"kind":"gas_pipeline","name":"EntsoG_Map__ST_877","diameter_mm":900.0,"pressure_bar":70.0,"capacity_mcmd":27.39699999999984,"length_km":14.955957,"source":"SciGRID_gas IGGIELGNC-3","source_url":"https://github.com/Netizine/SciGRID_gas-IGGIELGNC-3"}},{"type":"Feature","geometry":{"type":"LineString","coordinates":[[14.41263,47.9555],[14.25438,47.872608]]},"properties":{"kind":"gas_pipeline","name":"EntsoG_Map__ST_882","diameter_mm":900.0,"pressure_bar":70.0,"capacity_mcmd":27.39699999999984,"length_km":14.973168,"source":"SciGRID_gas IGGIELGNC-3","source_url":"https://github.com/Netizine/SciGRID_gas-IGGIELGNC-3"}},{"type":"Feature","geometry":{"type":"LineString","coordinates":[[10.266475,50.81697],[10.208098,50.946877]]},"properties":{"kind":"gas_pipeline","name":"EntsoG_Map__ST_884","diameter_mm":900.0,"pressure_bar":70.0,"capacity_mcmd":27.39699999999984,"length_km":15.019062,"source":"SciGRID_gas IGGIELGNC-3","source_url":"https://github.com/Netizine/SciGRID_gas-IGGIELGNC-3"}},{"type":"Feature","geometry":{"type":"LineString","coordinates":[[5.40879,49.95145],[5.23934,49.869252]]},"properties":{"kind":"gas_pipeline","name":"EntsoG_Map__ST_889","diameter_mm":900.0,"pressure_bar":70.0,"capacity_mcmd":27.39699999999984,"length_km":15.195964,"source":"SciGRID_gas IGGIELGNC-3","source_url":"https://github.com/Netizine/SciGRID_gas-IGGIELGNC-3"}},{"type":"Feature","geometry":{"type":"LineString","coordinates":[[7.468072,49.25495],[7.257294,49.273947]]},"properties":{"kind":"gas_pipeline","name":"EntsoG_Map__ST_898","diameter_mm":900.0,"pressure_bar":70.0,"capacity_mcmd":27.39699999999984,"length_km":15.444567,"source":"SciGRID_gas IGGIELGNC-3","source_url":"https://github.com/Netizine/SciGRID_gas-IGGIELGNC-3"}},{"type":"Feature","geometry":{"type":"LineString","coordinates":[[5.3482,50.14605],[5.519385,50.231751]]},"properties":{"kind":"gas_pipeline","name":"EntsoG_Map__ST_899","diameter_mm":900.0,"pressure_bar":70.0,"capacity_mcmd":27.39699999999984,"length_km":15.475498,"source":"SciGRID_gas IGGIELGNC-3","source_url":"https://github.com/Netizine/SciGRID_gas-IGGIELGNC-3"}},{"type":"Feature","geometry":{"type":"LineString","coordinates":[[15.21158,47.0793],[15.414946,47.063737]]},"properties":{"kind":"gas_pipeline","name":"EntsoG_Map__ST_901","diameter_mm":900.0,"pressure_bar":70.0,"capacity_mcmd":27.39699999999984,"length_km":15.503333,"source":"SciGRID_gas IGGIELGNC-3","source_url":"https://github.com/Netizine/SciGRID_gas-IGGIELGNC-3"}},{"type":"Feature","geometry":{"type":"LineString","coordinates":[[6.67668,49.50257],[6.795054,49.382075]]},"properties":{"kind":"gas_pipeline","name":"EntsoG_Map__ST_913","diameter_mm":900.0,"pressure_bar":70.0,"capacity_mcmd":27.39699999999984,"length_km":15.903594,"source":"SciGRID_gas IGGIELGNC-3","source_url":"https://github.com/Netizine/SciGRID_gas-IGGIELGNC-3"}},{"type":"Feature","geometry":{"type":"LineString","coordinates":[[11.165275,49.371161],[11.169198,49.228163]]},"properties":{"kind":"gas_pipeline","name":"EntsoG_Map__ST_914","diameter_mm":900.0,"pressure_bar":70.0,"capacity_mcmd":27.39699999999984,"length_km":15.908189,"source":"SciGRID_gas IGGIELGNC-3","source_url":"https://github.com/Netizine/SciGRID_gas-IGGIELGNC-3"}},{"type":"Feature","geometry":{"type":"LineString","coordinates":[[8.359095,49.267476],[8.167226,49.336854]]},"properties":{"kind":"gas_pipeline","name":"EntsoG_Map__ST_915","diameter_mm":900.0,"pressure_bar":70.0,"capacity_mcmd":27.39699999999984,"length_km":15.912591,"source":"SciGRID_gas IGGIELGNC-3","source_url":"https://github.com/Netizine/SciGRID_gas-IGGIELGNC-3"}},{"type":"Feature","geometry":{"type":"LineString","coordinates":[[8.70833,47.26702],[8.563462,47.162803]]},"properties":{"kind":"gas_pipeline","name":"EntsoG_Map__ST_918","diameter_mm":900.0,"pressure_bar":70.0,"capacity_mcmd":27.39699999999984,"length_km":15.94279,"source":"SciGRID_gas IGGIELGNC-3","source_url":"https://github.com/Netizine/SciGRID_gas-IGGIELGNC-3"}},{"type":"Feature","geometry":{"type":"LineString","coordinates":[[9.753482,50.053085],[9.546323,49.999057]]},"properties":{"kind":"gas_pipeline","name":"EntsoG_Map__ST_921","diameter_mm":900.0,"pressure_bar":70.0,"capacity_mcmd":27.39699999999984,"length_km":15.976554,"source":"SciGRID_gas IGGIELGNC-3","source_url":"https://github.com/Netizine/SciGRID_gas-IGGIELGNC-3"}},{"type":"Feature","geometry":{"type":"LineString","coordinates":[[10.242541,53.584832],[9.997188,53.601645]]},"properties":{"kind":"gas_pipeline","name":"EntsoG_Map__ST_933","diameter_mm":900.0,"pressure_bar":70.0,"capacity_mcmd":27.39699999999984,"length_km":16.304927,"source":"SciGRID_gas IGGIELGNC-3","source_url":"https://github.com/Netizine/SciGRID_gas-IGGIELGNC-3"}},{"type":"Feature","geometry":{"type":"LineString","coordinates":[[15.418,47.51246],[15.208224,47.552943]]},"properties":{"kind":"gas_pipeline","name":"EntsoG_Map__ST_934","diameter_mm":900.0,"pressure_bar":70.0,"capacity_mcmd":27.39699999999984,"length_km":16.384852,"source":"SciGRID_gas IGGIELGNC-3","source_url":"https://github.com/Netizine/SciGRID_gas-IGGIELGNC-3"}},{"type":"Feature","geometry":{"type":"LineString","coordinates":[[9.60101,47.62449],[9.824645,47.599392]]},"properties":{"kind":"gas_pipeline","name":"EntsoG_Map__ST_954","diameter_mm":900.0,"pressure_bar":70.0,"capacity_mcmd":2.2345847544610558,"length_km":17.000137,"source":"SciGRID_gas IGGIELGNC-3","source_url":"https://github.com/Netizine/SciGRID_gas-IGGIELGNC-3"}},{"type":"Feature","geometry":{"type":"LineString","coordinates":[[9.127954,51.276049],[8.906114,51.208355]]},"properties":{"kind":"gas_pipeline","name":"EntsoG_Map__ST_958","diameter_mm":900.0,"pressure_bar":70.0,"capacity_mcmd":27.39699999999984,"length_km":17.184798,"source":"SciGRID_gas IGGIELGNC-3","source_url":"https://github.com/Netizine/SciGRID_gas-IGGIELGNC-3"}},{"type":"Feature","geometry":{"type":"LineString","coordinates":[[10.000768,48.086627],[10.161,47.971697]]},"properties":{"kind":"gas_pipeline","name":"EntsoG_Map__ST_963","diameter_mm":900.0,"pressure_bar":70.0,"capacity_mcmd":27.39699999999984,"length_km":17.478022,"source":"SciGRID_gas IGGIELGNC-3","source_url":"https://github.com/Netizine/SciGRID_gas-IGGIELGNC-3"}},{"type":"Feature","geometry":{"type":"LineString","coordinates":[[9.3358,55.38001],[9.519402,55.262572]]},"properties":{"kind":"gas_pipeline","name":"EntsoG_Map__ST_964","diameter_mm":900.0,"pressure_bar":70.0,"capacity_mcmd":27.39699999999984,"length_km":17.482746,"source":"SciGRID_gas IGGIELGNC-3","source_url":"https://github.com/Netizine/SciGRID_gas-IGGIELGNC-3"}},{"type":"Feature","geometry":{"type":"LineString","coordinates":[[11.174808,47.730578],[11.187327,47.572457]]},"properties":{"kind":"gas_pipeline","name":"EntsoG_Map__ST_967","diameter_mm":900.0,"pressure_bar":70.0,"capacity_mcmd":27.39699999999984,"length_km":17.612769,"source":"SciGRID_gas IGGIELGNC-3","source_url":"https://github.com/Netizine/SciGRID_gas-IGGIELGNC-3"}},{"type":"Feature","geometry":{"type":"LineString","coordinates":[[11.075456,50.872017],[11.012481,50.718295]]},"properties":{"kind":"gas_pipeline","name":"EntsoG_Map__ST_968","diameter_mm":900.0,"pressure_bar":70.0,"capacity_mcmd":27.39699999999984,"length_km":17.662436,"source":"SciGRID_gas IGGIELGNC-3","source_url":"https://github.com/Netizine/SciGRID_gas-IGGIELGNC-3"}},{"type":"Feature","geometry":{"type":"LineString","coordinates":[[6.951183,50.128054],[7.198455,50.160751]]},"properties":{"kind":"gas_pipeline","name":"EntsoG_Map__ST_983","diameter_mm":900.0,"pressure_bar":70.0,"capacity_mcmd":27.39699999999984,"length_km":17.997377,"source":"SciGRID_gas IGGIELGNC-3","source_url":"https://github.com/Netizine/SciGRID_gas-IGGIELGNC-3"}},{"type":"Feature","geometry":{"type":"LineString","coordinates":[[7.19279,49.959259],[7.424027,50.025228]]},"properties":{"kind":"gas_pipeline","name":"EntsoG_Map__ST_985","diameter_mm":900.0,"pressure_bar":70.0,"capacity_mcmd":27.39699999999984,"length_km":18.090414,"source":"SciGRID_gas IGGIELGNC-3","source_url":"https://github.com/Netizine/SciGRID_gas-IGGIELGNC-3"}},{"type":"Feature","geometry":{"type":"LineString","coordinates":[[10.63448,49.10556],[10.854,49.024556]]},"properties":{"kind":"gas_pipeline","name":"EntsoG_Map__ST_993","diameter_mm":900.0,"pressure_bar":70.0,"capacity_mcmd":27.39699999999984,"length_km":18.360891,"source":"SciGRID_gas IGGIELGNC-3","source_url":"https://github.com/Netizine/SciGRID_gas-IGGIELGNC-3"}},{"type":"Feature","geometry":{"type":"LineString","coordinates":[[12.846168,48.934533],[13.062248,49.019838]]},"properties":{"kind":"gas_pipeline","name":"EntsoG_Map__ST_996","diameter_mm":900.0,"pressure_bar":70.0,"capacity_mcmd":27.39699999999984,"length_km":18.408981,"source":"SciGRID_gas IGGIELGNC-3","source_url":"https://github.com/Netizine/SciGRID_gas-IGGIELGNC-3"}},{"type":"Feature","geometry":{"type":"LineString","coordinates":[[11.500486,48.734317],[11.39622,48.885103]]},"properties":{"kind":"gas_pipeline","name":"EntsoG_Map__ST_997","diameter_mm":900.0,"pressure_bar":70.0,"capacity_mcmd":27.39699999999984,"length_km":18.429065,"source":"SciGRID_gas IGGIELGNC-3","source_url":"https://github.com/Netizine/SciGRID_gas-IGGIELGNC-3"}},{"type":"Feature","geometry":{"type":"LineString","coordinates":[[10.61366,55.27481],[10.466598,55.131389]]},"properties":{"kind":"gas_pipeline","name":"EntsoG_Map__ST_999","diameter_mm":900.0,"pressure_bar":70.0,"capacity_mcmd":27.39699999999984,"length_km":18.483155,"source":"SciGRID_gas IGGIELGNC-3","source_url":"https://github.com/Netizine/SciGRID_gas-IGGIELGNC-3"}},{"type":"Feature","geometry":{"type":"LineString","coordinates":[[7.19279,49.959259],[6.943398,49.913826]]},"properties":{"kind":"gas_pipeline","name":"EntsoG_Map__ST_1003","diameter_mm":900.0,"pressure_bar":70.0,"capacity_mcmd":27.39699999999984,"length_km":18.55573,"source":"SciGRID_gas IGGIELGNC-3","source_url":"https://github.com/Netizine/SciGRID_gas-IGGIELGNC-3"}},{"type":"Feature","geometry":{"type":"LineString","coordinates":[[10.7536,47.26709],[10.552405,47.366183]]},"properties":{"kind":"gas_pipeline","name":"EntsoG_Map__ST_1010","diameter_mm":900.0,"pressure_bar":70.0,"capacity_mcmd":27.39699999999984,"length_km":18.752765,"source":"SciGRID_gas IGGIELGNC-3","source_url":"https://github.com/Netizine/SciGRID_gas-IGGIELGNC-3"}},{"type":"Feature","geometry":{"type":"LineString","coordinates":[[11.297063,51.673339],[11.032929,51.731354]]},"properties":{"kind":"gas_pipeline","name":"EntsoG_Map__ST_1019","diameter_mm":900.0,"pressure_bar":70.0,"capacity_mcmd":27.39699999999984,"length_km":19.317568,"source":"SciGRID_gas IGGIELGNC-3","source_url":"https://github.com/Netizine/SciGRID_gas-IGGIELGNC-3"}},{"type":"Feature","geometry":{"type":"LineString","coordinates":[[13.528933,52.714633],[13.699833,52.856964]]},"properties":{"kind":"gas_pipeline","name":"EntsoG_Map__ST_1027","diameter_mm":900.0,"pressure_bar":70.0,"capacity_mcmd":27.39699999999984,"length_km":19.565485,"source":"SciGRID_gas IGGIELGNC-3","source_url":"https://github.com/Netizine/SciGRID_gas-IGGIELGNC-3"}},{"type":"Feature","geometry":{"type":"LineString","coordinates":[[8.21797,47.05671],[8.373616,46.914416]]},"properties":{"kind":"gas_pipeline","name":"EntsoG_Map__ST_1031","diameter_mm":900.0,"pressure_bar":70.0,"capacity_mcmd":27.39699999999984,"length_km":19.748083,"source":"SciGRID_gas IGGIELGNC-3","source_url":"https://github.com/Netizine/SciGRID_gas-IGGIELGNC-3"}},{"type":"Feature","geometry":{"type":"LineString","coordinates":[[12.97654,50.09563],[12.712776,50.170237]]},"properties":{"kind":"gas_pipeline","name":"EntsoG_Map__ST_1040","diameter_mm":900.0,"pressure_bar":70.0,"capacity_mcmd":27.39699999999984,"length_km":20.555713,"source":"SciGRID_gas IGGIELGNC-3","source_url":"https://github.com/Netizine/SciGRID_gas-IGGIELGNC-3"}},{"type":"Feature","geometry":{"type":"LineString","coordinates":[[15.76865,53.21258],[15.535343,53.334104]]},"properties":{"kind":"gas_pipeline","name":"EntsoG_Map__ST_1042","diameter_mm":900.0,"pressure_bar":70.0,"capacity_mcmd":27.39699999999984,"length_km":20.57994,"source":"SciGRID_gas IGGIELGNC-3","source_url":"https://github.com/Netizine/SciGRID_gas-IGGIELGNC-3"}},{"type":"Feature","geometry":{"type":"LineString","coordinates":[[8.70833,47.26702],[8.711776,47.081713]]},"properties":{"kind":"gas_pipeline","name":"EntsoG_Map__ST_1043","diameter_mm":900.0,"pressure_bar":70.0,"capacity_mcmd":27.39699999999984,"length_km":20.613313,"source":"SciGRID_gas IGGIELGNC-3","source_url":"https://github.com/Netizine/SciGRID_gas-IGGIELGNC-3"}},{"type":"Feature","geometry":{"type":"LineString","coordinates":[[11.48091,49.75043],[11.555056,49.933202]]},"properties":{"kind":"gas_pipeline","name":"EntsoG_Map__ST_1051","diameter_mm":900.0,"pressure_bar":70.0,"capacity_mcmd":27.39699999999984,"length_km":21.013914,"source":"SciGRID_gas IGGIELGNC-3","source_url":"https://github.com/Netizine/SciGRID_gas-IGGIELGNC-3"}},{"type":"Feature","geometry":{"type":"LineString","coordinates":[[11.48091,49.75043],[11.555056,49.933202]]},"properties":{"kind":"gas_pipeline","name":"EntsoG_Map__ST_1052","diameter_mm":900.0,"pressure_bar":70.0,"capacity_mcmd":27.39699999999984,"length_km":21.013914,"source":"SciGRID_gas IGGIELGNC-3","source_url":"https://github.com/Netizine/SciGRID_gas-IGGIELGNC-3"}},{"type":"Feature","geometry":{"type":"LineString","coordinates":[[13.356863,47.962006],[13.243125,47.788203]]},"properties":{"kind":"gas_pipeline","name":"EntsoG_Map__ST_1053","diameter_mm":900.0,"pressure_bar":70.0,"capacity_mcmd":27.39699999999984,"length_km":21.112457,"source":"SciGRID_gas IGGIELGNC-3","source_url":"https://github.com/Netizine/SciGRID_gas-IGGIELGNC-3"}},{"type":"Feature","geometry":{"type":"LineString","coordinates":[[11.48091,49.75043],[11.187448,49.716815]]},"properties":{"kind":"gas_pipeline","name":"EntsoG_Map__ST_1060","diameter_mm":900.0,"pressure_bar":70.0,"capacity_mcmd":27.39699999999984,"length_km":21.426465,"source":"SciGRID_gas IGGIELGNC-3","source_url":"https://github.com/Netizine/SciGRID_gas-IGGIELGNC-3"}},{"type":"Feature","geometry":{"type":"LineString","coordinates":[[9.871254,54.088678],[9.856999,54.28629]]},"properties":{"kind":"gas_pipeline","name":"EntsoG_Map__ST_1071","diameter_mm":900.0,"pressure_bar":70.0,"capacity_mcmd":27.39699999999984,"length_km":21.999921,"source":"SciGRID_gas IGGIELGNC-3","source_url":"https://github.com/Netizine/SciGRID_gas-IGGIELGNC-3"}},{"type":"Feature","geometry":{"type":"LineString","coordinates":[[7.531062,49.630411],[7.710322,49.795231]]},"properties":{"kind":"gas_pipeline","name":"EntsoG_Map__ST_1083","diameter_mm":900.0,"pressure_bar":70.0,"capacity_mcmd":27.39699999999984,"length_km":22.412573,"source":"SciGRID_gas IGGIELGNC-3","source_url":"https://github.com/Netizine/SciGRID_gas-IGGIELGNC-3"}},{"type":"Feature","geometry":{"type":"LineString","coordinates":[[9.181568,51.209884],[9.181568,51.209884]]},"properties":{"kind":"gas_pipeline","name":"EntsoG_Map__ST_1084","diameter_mm":900.0,"pressure_bar":70.0,"capacity_mcmd":27.39699999999984,"length_km":44.83231,"source":"SciGRID_gas IGGIELGNC-3","source_url":"https://github.com/Netizine/SciGRID_gas-IGGIELGNC-3"}},{"type":"Feature","geometry":{"type":"LineString","coordinates":[[9.132082,49.786812],[9.1558,49.9882]]},"properties":{"kind":"gas_pipeline","name":"EntsoG_Map__ST_1086","diameter_mm":900.0,"pressure_bar":70.0,"capacity_mcmd":27.39699999999984,"length_km":22.464748,"source":"SciGRID_gas IGGIELGNC-3","source_url":"https://github.com/Netizine/SciGRID_gas-IGGIELGNC-3"}},{"type":"Feature","geometry":{"type":"LineString","coordinates":[[10.776077,52.495082],[10.868412,52.300771]]},"properties":{"kind":"gas_pipeline","name":"EntsoG_Map__ST_1087","diameter_mm":900.0,"pressure_bar":70.0,"capacity_mcmd":27.39699999999984,"length_km":22.503361,"source":"SciGRID_gas IGGIELGNC-3","source_url":"https://github.com/Netizine/SciGRID_gas-IGGIELGNC-3"}},{"type":"Feature","geometry":{"type":"LineString","coordinates":[[9.767452,49.767193],[9.702121,49.567941]]},"properties":{"kind":"gas_pipeline","name":"EntsoG_Map__ST_1091","diameter_mm":900.0,"pressure_bar":70.0,"capacity_mcmd":27.39699999999984,"length_km":22.656306,"source":"SciGRID_gas IGGIELGNC-3","source_url":"https://github.com/Netizine/SciGRID_gas-IGGIELGNC-3"}},{"type":"Feature","geometry":{"type":"LineString","coordinates":[[12.60836,47.49298],[12.791328,47.325866]]},"properties":{"kind":"gas_pipeline","name":"EntsoG_Map__ST_1100","diameter_mm":900.0,"pressure_bar":70.0,"capacity_mcmd":27.39699999999984,"length_km":23.134612,"source":"SciGRID_gas IGGIELGNC-3","source_url":"https://github.com/Netizine/SciGRID_gas-IGGIELGNC-3"}},{"type":"Feature","geometry":{"type":"LineString","coordinates":[[13.40437,49.47575],[13.417887,49.68742]]},"properties":{"kind":"gas_pipeline","name":"EntsoG_Map__ST_1110","diameter_mm":900.0,"pressure_bar":70.0,"capacity_mcmd":27.39699999999984,"length_km":23.564191,"source":"SciGRID_gas IGGIELGNC-3","source_url":"https://github.com/Netizine/SciGRID_gas-IGGIELGNC-3"}},{"type":"Feature","geometry":{"type":"LineString","coordinates":[[9.509585,49.853238],[9.246816,49.996455]]},"properties":{"kind":"gas_pipeline","name":"EntsoG_Map__ST_1129","diameter_mm":900.0,"pressure_bar":70.0,"capacity_mcmd":27.39699999999984,"length_km":24.654162,"source":"SciGRID_gas IGGIELGNC-3","source_url":"https://github.com/Netizine/SciGRID_gas-IGGIELGNC-3"}},{"type":"Feature","geometry":{"type":"LineString","coordinates":[[6.67668,49.50257],[6.711399,49.724178]]},"properties":{"kind":"gas_pipeline","name":"EntsoG_Map__ST_1131","diameter_mm":900.0,"pressure_bar":70.0,"capacity_mcmd":27.39699999999984,"length_km":24.776097,"source":"SciGRID_gas IGGIELGNC-3","source_url":"https://github.com/Netizine/SciGRID_gas-IGGIELGNC-3"}},{"type":"Feature","geometry":{"type":"LineString","coordinates":[[11.46392,49.43257],[11.539371,49.212891]]},"properties":{"kind":"gas_pipeline","name":"EntsoG_Map__ST_1137","diameter_mm":900.0,"pressure_bar":70.0,"capacity_mcmd":27.39699999999984,"length_km":25.039661,"source":"SciGRID_gas IGGIELGNC-3","source_url":"https://github.com/Netizine/SciGRID_gas-IGGIELGNC-3"}},{"type":"Feature","geometry":{"type":"LineString","coordinates":[[10.266475,50.81697],[10.450532,50.622355]]},"properties":{"kind":"gas_pipeline","name":"EntsoG_Map__ST_1143","diameter_mm":900.0,"pressure_bar":70.0,"capacity_mcmd":27.39699999999984,"length_km":25.23079,"source":"SciGRID_gas IGGIELGNC-3","source_url":"https://github.com/Netizine/SciGRID_gas-IGGIELGNC-3"}},{"type":"Feature","geometry":{"type":"LineString","coordinates":[[8.21797,47.05671],[8.325712,46.841254]]},"properties":{"kind":"gas_pipeline","name":"EntsoG_Map__ST_1144","diameter_mm":900.0,"pressure_bar":70.0,"capacity_mcmd":27.39699999999984,"length_km":25.32302,"source":"SciGRID_gas IGGIELGNC-3","source_url":"https://github.com/Netizine/SciGRID_gas-IGGIELGNC-3"}},{"type":"Feature","geometry":{"type":"LineString","coordinates":[[10.576745,51.253382],[10.676179,51.477513]]},"properties":{"kind":"gas_pipeline","name":"EntsoG_Map__ST_1151","diameter_mm":900.0,"pressure_bar":70.0,"capacity_mcmd":27.39699999999984,"length_km":25.868724,"source":"SciGRID_gas IGGIELGNC-3","source_url":"https://github.com/Netizine/SciGRID_gas-IGGIELGNC-3"}},{"type":"Feature","geometry":{"type":"LineString","coordinates":[[11.714321,50.824251],[11.742597,50.592187]]},"properties":{"kind":"gas_pipeline","name":"EntsoG_Map__ST_1153","diameter_mm":900.0,"pressure_bar":70.0,"capacity_mcmd":27.39699999999984,"length_km":25.889167,"source":"SciGRID_gas IGGIELGNC-3","source_url":"https://github.com/Netizine/SciGRID_gas-IGGIELGNC-3"}},{"type":"Feature","geometry":{"type":"LineString","coordinates":[[10.475106,53.78447],[10.114501,53.878975]]},"properties":{"kind":"gas_pipeline","name":"EntsoG_Map__ST_1154","diameter_mm":900.0,"pressure_bar":70.0,"capacity_mcmd":27.39699999999984,"length_km":25.900296,"source":"SciGRID_gas IGGIELGNC-3","source_url":"https://github.com/Netizine/SciGRID_gas-IGGIELGNC-3"}},{"type":"Feature","geometry":{"type":"LineString","coordinates":[[9.464329,49.221336],[9.288161,49.430191]]},"properties":{"kind":"gas_pipeline","name":"EntsoG_Map__ST_1157","diameter_mm":900.0,"pressure_bar":70.0,"capacity_mcmd":27.39699999999984,"length_km":26.50999,"source":"SciGRID_gas IGGIELGNC-3","source_url":"https://github.com/Netizine/SciGRID_gas-IGGIELGNC-3"}},{"type":"Feature","geometry":{"type":"LineString","coordinates":[[9.949775,51.782514],[10.130764,51.567395]]},"properties":{"kind":"gas_pipeline","name":"EntsoG_Map__ST_1162","diameter_mm":900.0,"pressure_bar":70.0,"capacity_mcmd":27.39699999999984,"length_km":26.988503,"source":"SciGRID_gas IGGIELGNC-3","source_url":"https://github.com/Netizine/SciGRID_gas-IGGIELGNC-3"}},{"type":"Feature","geometry":{"type":"LineString","coordinates":[[12.382241,49.684671],[12.17908,49.892017]]},"properties":{"kind":"gas_pipeline","name":"EntsoG_Map__ST_1167","diameter_mm":900.0,"pressure_bar":70.0,"capacity_mcmd":27.39699999999984,"length_km":27.290119,"source":"SciGRID_gas IGGIELGNC-3","source_url":"https://github.com/Netizine/SciGRID_gas-IGGIELGNC-3"}},{"type":"Feature","geometry":{"type":"LineString","coordinates":[[10.576745,51.253382],[10.226504,51.403191]]},"properties":{"kind":"gas_pipeline","name":"EntsoG_Map__ST_1189","diameter_mm":900.0,"pressure_bar":70.0,"capacity_mcmd":27.39699999999984,"length_km":29.499631,"source":"SciGRID_gas IGGIELGNC-3","source_url":"https://github.com/Netizine/SciGRID_gas-IGGIELGNC-3"}},{"type":"Feature","geometry":{"type":"LineString","coordinates":[[6.789284,50.250417],[6.448789,50.097957]]},"properties":{"kind":"gas_pipeline","name":"EntsoG_Map__ST_1191","diameter_mm":900.0,"pressure_bar":70.0,"capacity_mcmd":27.39699999999984,"length_km":29.596169,"source":"SciGRID_gas IGGIELGNC-3","source_url":"https://github.com/Netizine/SciGRID_gas-IGGIELGNC-3"}},{"type":"Feature","geometry":{"type":"LineString","coordinates":[[12.788782,48.219157],[12.852966,48.482785]]},"properties":{"kind":"gas_pipeline","name":"EntsoG_Map__ST_1192","diameter_mm":900.0,"pressure_bar":70.0,"capacity_mcmd":27.39699999999984,"length_km":29.704637,"source":"SciGRID_gas IGGIELGNC-3","source_url":"https://github.com/Netizine/SciGRID_gas-IGGIELGNC-3"}},{"type":"Feature","geometry":{"type":"LineString","coordinates":[[10.17994,49.76136],[10.311509,50.032786]]},"properties":{"kind":"gas_pipeline","name":"EntsoG_Map__ST_1207","diameter_mm":900.0,"pressure_bar":70.0,"capacity_mcmd":27.39699999999984,"length_km":31.628194,"source":"SciGRID_gas IGGIELGNC-3","source_url":"https://github.com/Netizine/SciGRID_gas-IGGIELGNC-3"}},{"type":"Feature","geometry":{"type":"LineString","coordinates":[[9.753482,50.053085],[10.22866,50.063085]]},"properties":{"kind":"gas_pipeline","name":"EntsoG_Map__ST_1208","diameter_mm":900.0,"pressure_bar":70.0,"capacity_mcmd":27.39699999999984,"length_km":33.950981,"source":"SciGRID_gas IGGIELGNC-3","source_url":"https://github.com/Netizine/SciGRID_gas-IGGIELGNC-3"}},{"type":"Feature","geometry":{"type":"LineString","coordinates":[[10.7536,47.26709],[10.611852,46.999172]]},"properties":{"kind":"gas_pipeline","name":"EntsoG_Map__ST_1209","diameter_mm":900.0,"pressure_bar":70.0,"capacity_mcmd":27.39699999999984,"length_km":31.671973,"source":"SciGRID_gas IGGIELGNC-3","source_url":"https://github.com/Netizine/SciGRID_gas-IGGIELGNC-3"}},{"type":"Feature","geometry":{"type":"LineString","coordinates":[[8.420106,48.187799],[8.494621,48.478157]]},"properties":{"kind":"gas_pipeline","name":"EntsoG_Map__ST_1214","diameter_mm":900.0,"pressure_bar":70.0,"capacity_mcmd":27.39699999999984,"length_km":32.763128,"source":"SciGRID_gas IGGIELGNC-3","source_url":"https://github.com/Netizine/SciGRID_gas-IGGIELGNC-3"}},{"type":"Feature","geometry":{"type":"LineString","coordinates":[[11.075456,50.872017],[11.292839,50.607355]]},"properties":{"kind":"gas_pipeline","name":"EntsoG_Map__ST_1217","diameter_mm":900.0,"pressure_bar":70.0,"capacity_mcmd":27.39699999999984,"length_km":33.177679,"source":"SciGRID_gas IGGIELGNC-3","source_url":"https://github.com/Netizine/SciGRID_gas-IGGIELGNC-3"}},{"type":"Feature","geometry":{"type":"LineString","coordinates":[[12.428781,50.743539],[12.228953,50.469279]]},"properties":{"kind":"gas_pipeline","name":"EntsoG_Map__ST_1226","diameter_mm":900.0,"pressure_bar":70.0,"capacity_mcmd":27.39699999999984,"length_km":33.609378,"source":"SciGRID_gas IGGIELGNC-3","source_url":"https://github.com/Netizine/SciGRID_gas-IGGIELGNC-3"}},{"type":"Feature","geometry":{"type":"LineString","coordinates":[[12.132926,48.576243],[12.594251,48.611265]]},"properties":{"kind":"gas_pipeline","name":"EntsoG_Map__ST_1229","diameter_mm":900.0,"pressure_bar":70.0,"capacity_mcmd":27.39699999999984,"length_km":34.16094,"source":"SciGRID_gas IGGIELGNC-3","source_url":"https://github.com/Netizine/SciGRID_gas-IGGIELGNC-3"}},{"type":"Feature","geometry":{"type":"LineString","coordinates":[[9.990669,50.901903],[9.928339,51.21687]]},"properties":{"kind":"gas_pipeline","name":"EntsoG_Map__ST_1237","diameter_mm":900.0,"pressure_bar":70.0,"capacity_mcmd":27.39699999999984,"length_km":35.303672,"source":"SciGRID_gas IGGIELGNC-3","source_url":"https://github.com/Netizine/SciGRID_gas-IGGIELGNC-3"}},{"type":"Feature","geometry":{"type":"LineString","coordinates":[[10.425933,50.900716],[10.6987,50.6315]]},"properties":{"kind":"gas_pipeline","name":"EntsoG_Map__ST_1238","diameter_mm":900.0,"pressure_bar":70.0,"capacity_mcmd":27.39699999999984,"length_km":35.565845,"source":"SciGRID_gas IGGIELGNC-3","source_url":"https://github.com/Netizine/SciGRID_gas-IGGIELGNC-3"}},{"type":"Feature","geometry":{"type":"LineString","coordinates":[[9.949775,51.782514],[10.468213,51.832882]]},"properties":{"kind":"gas_pipeline","name":"EntsoG_Map__ST_1242","diameter_mm":900.0,"pressure_bar":70.0,"capacity_mcmd":27.39699999999984,"length_km":36.092296,"source":"SciGRID_gas IGGIELGNC-3","source_url":"https://github.com/Netizine/SciGRID_gas-IGGIELGNC-3"}},{"type":"Feature","geometry":{"type":"LineString","coordinates":[[10.17994,49.76136],[10.524066,50.031969]]},"properties":{"kind":"gas_pipeline","name":"EntsoG_Map__ST_1256","diameter_mm":900.0,"pressure_bar":70.0,"capacity_mcmd":27.39699999999984,"length_km":38.909537,"source":"SciGRID_gas IGGIELGNC-3","source_url":"https://github.com/Netizine/SciGRID_gas-IGGIELGNC-3"}},{"type":"Feature","geometry":{"type":"LineString","coordinates":[[10.453195,49.682927],[10.453195,49.682927]]},"properties":{"kind":"gas_pipeline","name":"EntsoG_Map__ST_1257","diameter_mm":900.0,"pressure_bar":70.0,"capacity_mcmd":27.39699999999984,"length_km":77.86989,"source":"SciGRID_gas IGGIELGNC-3","source_url":"https://github.com/Netizine/SciGRID_gas-IGGIELGNC-3"}},{"type":"Feature","geometry":{"type":"LineString","coordinates":[[11.48091,49.75043],[11.461617,50.113928]]},"properties":{"kind":"gas_pipeline","name":"EntsoG_Map__ST_1265","diameter_mm":900.0,"pressure_bar":70.0,"capacity_mcmd":27.39699999999984,"length_km":40.455411,"source":"SciGRID_gas IGGIELGNC-3","source_url":"https://github.com/Netizine/SciGRID_gas-IGGIELGNC-3"}},{"type":"Feature","geometry":{"type":"LineString","coordinates":[[11.48091,49.75043],[11.159453,50.080594]]},"properties":{"kind":"gas_pipeline","name":"EntsoG_Map__ST_1281","diameter_mm":900.0,"pressure_bar":70.0,"capacity_mcmd":27.39699999999984,"length_km":43.344405,"source":"SciGRID_gas IGGIELGNC-3","source_url":"https://github.com/Netizine/SciGRID_gas-IGGIELGNC-3"}},{"type":"Feature","geometry":{"type":"LineString","coordinates":[[11.075456,50.872017],[11.134467,50.417631]]},"properties":{"kind":"gas_pipeline","name":"EntsoG_Map__ST_1304","diameter_mm":900.0,"pressure_bar":70.0,"capacity_mcmd":27.39699999999984,"length_km":50.712374,"source":"SciGRID_gas IGGIELGNC-3","source_url":"https://github.com/Netizine/SciGRID_gas-IGGIELGNC-3"}},{"type":"Feature","geometry":{"type":"LineString","coordinates":[[14.20268,47.4514],[13.689563,47.147433]]},"properties":{"kind":"gas_pipeline","name":"EntsoG_Map__ST_1306","diameter_mm":900.0,"pressure_bar":70.0,"capacity_mcmd":27.39699999999984,"length_km":51.392958,"source":"SciGRID_gas IGGIELGNC-3","source_url":"https://github.com/Netizine/SciGRID_gas-IGGIELGNC-3"}},{"type":"Feature","geometry":{"type":"LineString","coordinates":[[12.382241,49.684671],[12.016884,50.097578]]},"properties":{"kind":"gas_pipeline","name":"EntsoG_Map__ST_1312","diameter_mm":900.0,"pressure_bar":70.0,"capacity_mcmd":27.39699999999984,"length_km":52.865634,"source":"SciGRID_gas IGGIELGNC-3","source_url":"https://github.com/Netizine/SciGRID_gas-IGGIELGNC-3"}},{"type":"Feature","geometry":{"type":"LineString","coordinates":[[10.266475,50.81697],[10.729202,50.43613]]},"properties":{"kind":"gas_pipeline","name":"EntsoG_Map__ST_1315","diameter_mm":900.0,"pressure_bar":70.0,"capacity_mcmd":27.39699999999984,"length_km":53.483341,"source":"SciGRID_gas IGGIELGNC-3","source_url":"https://github.com/Netizine/SciGRID_gas-IGGIELGNC-3"}},{"type":"Feature","geometry":{"type":"LineString","coordinates":[[12.029793,50.794432],[11.881967,50.321319]]},"properties":{"kind":"gas_pipeline","name":"EntsoG_Map__ST_1316","diameter_mm":900.0,"pressure_bar":70.0,"capacity_mcmd":27.39699999999984,"length_km":53.651005,"source":"SciGRID_gas IGGIELGNC-3","source_url":"https://github.com/Netizine/SciGRID_gas-IGGIELGNC-3"}},{"type":"Feature","geometry":{"type":"LineString","coordinates":[[12.029793,50.794432],[11.869384,50.290954]]},"properties":{"kind":"gas_pipeline","name":"EntsoG_Map__ST_1327","diameter_mm":900.0,"pressure_bar":70.0,"capacity_mcmd":27.39699999999984,"length_km":57.138104,"source":"SciGRID_gas IGGIELGNC-3","source_url":"https://github.com/Netizine/SciGRID_gas-IGGIELGNC-3"}},{"type":"Feature","geometry":{"type":"LineString","coordinates":[[11.714321,50.824251],[11.382253,50.325073]]},"properties":{"kind":"gas_pipeline","name":"EntsoG_Map__ST_1335","diameter_mm":900.0,"pressure_bar":70.0,"capacity_mcmd":27.39699999999984,"length_km":60.274918,"source":"SciGRID_gas IGGIELGNC-3","source_url":"https://github.com/Netizine/SciGRID_gas-IGGIELGNC-3"}},{"type":"Feature","geometry":{"type":"LineString","coordinates":[[11.48091,49.75043],[10.945719,50.252365]]},"properties":{"kind":"gas_pipeline","name":"EntsoG_Map__ST_1344","diameter_mm":900.0,"pressure_bar":70.0,"capacity_mcmd":27.39699999999984,"length_km":67.683432,"source":"SciGRID_gas IGGIELGNC-3","source_url":"https://github.com/Netizine/SciGRID_gas-IGGIELGNC-3"}},{"type":"Feature","geometry":{"type":"LineString","coordinates":[[11.48091,49.75043],[10.945719,50.252365]]},"properties":{"kind":"gas_pipeline","name":"EntsoG_Map__ST_1345","diameter_mm":900.0,"pressure_bar":70.0,"capacity_mcmd":27.39699999999984,"length_km":67.683432,"source":"SciGRID_gas IGGIELGNC-3","source_url":"https://github.com/Netizine/SciGRID_gas-IGGIELGNC-3"}},{"type":"Feature","geometry":{"type":"LineString","coordinates":[[8.316901,49.0319],[8.2816,49.0475]]},"properties":{"kind":"gas_pipeline","name":"EntsoG_Map__ST_21","diameter_mm":900.0,"pressure_bar":70.0,"capacity_mcmd":27.39699999999984,"length_km":3.104228,"source":"SciGRID_gas IGGIELGNC-3","source_url":"https://github.com/Netizine/SciGRID_gas-IGGIELGNC-3"}},{"type":"Feature","geometry":{"type":"LineString","coordinates":[[9.029809,48.504117],[9.0715,48.5109]]},"properties":{"kind":"gas_pipeline","name":"EntsoG_Map__ST_22","diameter_mm":900.0,"pressure_bar":70.0,"capacity_mcmd":27.39699999999984,"length_km":3.163584,"source":"SciGRID_gas IGGIELGNC-3","source_url":"https://github.com/Netizine/SciGRID_gas-IGGIELGNC-3"}},{"type":"Feature","geometry":{"type":"LineString","coordinates":[[8.39872,49.471074],[8.4336,49.4531]]},"properties":{"kind":"gas_pipeline","name":"EntsoG_Map__ST_24","diameter_mm":900.0,"pressure_bar":70.0,"capacity_mcmd":27.39699999999984,"length_km":3.217998,"source":"SciGRID_gas IGGIELGNC-3","source_url":"https://github.com/Netizine/SciGRID_gas-IGGIELGNC-3"}},{"type":"Feature","geometry":{"type":"LineString","coordinates":[[12.395634,51.324072],[12.3784,51.3512]]},"properties":{"kind":"gas_pipeline","name":"EntsoG_Map__ST_25","diameter_mm":900.0,"pressure_bar":70.0,"capacity_mcmd":27.39699999999984,"length_km":3.246402,"source":"SciGRID_gas IGGIELGNC-3","source_url":"https://github.com/Netizine/SciGRID_gas-IGGIELGNC-3"}},{"type":"Feature","geometry":{"type":"LineString","coordinates":[[8.663752,49.894636],[8.62416,49.87933]]},"properties":{"kind":"gas_pipeline","name":"EntsoG_Map__ST_27","diameter_mm":900.0,"pressure_bar":70.0,"capacity_mcmd":27.39699999999984,"length_km":3.30894,"source":"SciGRID_gas IGGIELGNC-3","source_url":"https://github.com/Netizine/SciGRID_gas-IGGIELGNC-3"}},{"type":"Feature","geometry":{"type":"LineString","coordinates":[[11.81831,52.637294],[11.8325,52.6087]]},"properties":{"kind":"gas_pipeline","name":"EntsoG_Map__ST_28","diameter_mm":900.0,"pressure_bar":70.0,"capacity_mcmd":27.39699999999984,"length_km":3.321696,"source":"SciGRID_gas IGGIELGNC-3","source_url":"https://github.com/Netizine/SciGRID_gas-IGGIELGNC-3"}},{"type":"Feature","geometry":{"type":"LineString","coordinates":[[13.0777,55.60271],[13.0404,55.6261]]},"properties":{"kind":"gas_pipeline","name":"EntsoG_Map__ST_31","diameter_mm":900.0,"pressure_bar":70.0,"capacity_mcmd":27.39699999999984,"length_km":3.501265,"source":"SciGRID_gas IGGIELGNC-3","source_url":"https://github.com/Netizine/SciGRID_gas-IGGIELGNC-3"}},{"type":"Feature","geometry":{"type":"LineString","coordinates":[[9.137394,48.495637],[9.1856,48.4939]]},"properties":{"kind":"gas_pipeline","name":"EntsoG_Map__ST_32","diameter_mm":900.0,"pressure_bar":70.0,"capacity_mcmd":27.39699999999984,"length_km":3.558548,"source":"SciGRID_gas IGGIELGNC-3","source_url":"https://github.com/Netizine/SciGRID_gas-IGGIELGNC-3"}},{"type":"Feature","geometry":{"type":"LineString","coordinates":[[6.07759,48.83599],[6.0849,48.8681]]},"properties":{"kind":"gas_pipeline","name":"EntsoG_Map__ST_33","diameter_mm":900.0,"pressure_bar":70.0,"capacity_mcmd":27.39699999999984,"length_km":3.61144,"source":"SciGRID_gas IGGIELGNC-3","source_url":"https://github.com/Netizine/SciGRID_gas-IGGIELGNC-3"}},{"type":"Feature","geometry":{"type":"LineString","coordinates":[[8.481329,50.098656],[8.5311,50.0918]]},"properties":{"kind":"gas_pipeline","name":"EntsoG_Map__ST_34","diameter_mm":900.0,"pressure_bar":70.0,"capacity_mcmd":27.39699999999984,"length_km":3.632384,"source":"SciGRID_gas IGGIELGNC-3","source_url":"https://github.com/Netizine/SciGRID_gas-IGGIELGNC-3"}},{"type":"Feature","geometry":{"type":"LineString","coordinates":[[6.928419,50.804215],[6.9594,50.8305]]},"properties":{"kind":"gas_pipeline","name":"EntsoG_Map__ST_35","diameter_mm":900.0,"pressure_bar":70.0,"capacity_mcmd":27.39699999999984,"length_km":3.645265,"source":"SciGRID_gas IGGIELGNC-3","source_url":"https://github.com/Netizine/SciGRID_gas-IGGIELGNC-3"}},{"type":"Feature","geometry":{"type":"LineString","coordinates":[[10.266475,50.81697],[10.2206,50.8003]]},"properties":{"kind":"gas_pipeline","name":"EntsoG_Map__ST_37","diameter_mm":900.0,"pressure_bar":70.0,"capacity_mcmd":27.39699999999984,"length_km":3.719553,"source":"SciGRID_gas IGGIELGNC-3","source_url":"https://github.com/Netizine/SciGRID_gas-IGGIELGNC-3"}},{"type":"Feature","geometry":{"type":"LineString","coordinates":[[9.461539,51.309474],[9.484,51.2791]]},"properties":{"kind":"gas_pipeline","name":"EntsoG_Map__ST_38","diameter_mm":900.0,"pressure_bar":70.0,"capacity_mcmd":27.39699999999984,"length_km":3.722215,"source":"SciGRID_gas IGGIELGNC-3","source_url":"https://github.com/Netizine/SciGRID_gas-IGGIELGNC-3"}},{"type":"Feature","geometry":{"type":"LineString","coordinates":[[7.011397,49.240326],[6.9781,49.2137]]},"properties":{"kind":"gas_pipeline","name":"EntsoG_Map__ST_39","diameter_mm":900.0,"pressure_bar":70.0,"capacity_mcmd":27.39699999999984,"length_km":3.82377,"source":"SciGRID_gas IGGIELGNC-3","source_url":"https://github.com/Netizine/SciGRID_gas-IGGIELGNC-3"}},{"type":"Feature","geometry":{"type":"LineString","coordinates":[[6.79571,51.392262],[6.7456,51.40675]]},"properties":{"kind":"gas_pipeline","name":"EntsoG_Map__ST_40","diameter_mm":900.0,"pressure_bar":70.0,"capacity_mcmd":27.39699999999984,"length_km":3.832628,"source":"SciGRID_gas IGGIELGNC-3","source_url":"https://github.com/Netizine/SciGRID_gas-IGGIELGNC-3"}},{"type":"Feature","geometry":{"type":"LineString","coordinates":[[9.699324,52.919334],[9.65,52.9]]},"properties":{"kind":"gas_pipeline","name":"EntsoG_Map__ST_47","diameter_mm":900.0,"pressure_bar":70.0,"capacity_mcmd":27.39699999999984,"length_km":3.946117,"source":"SciGRID_gas IGGIELGNC-3","source_url":"https://github.com/Netizine/SciGRID_gas-IGGIELGNC-3"}},{"type":"Feature","geometry":{"type":"LineString","coordinates":[[9.58079,55.54185],[9.6148,55.5118]]},"properties":{"kind":"gas_pipeline","name":"EntsoG_Map__ST_48","diameter_mm":900.0,"pressure_bar":70.0,"capacity_mcmd":27.39699999999984,"length_km":3.969485,"source":"SciGRID_gas IGGIELGNC-3","source_url":"https://github.com/Netizine/SciGRID_gas-IGGIELGNC-3"}},{"type":"Feature","geometry":{"type":"LineString","coordinates":[[7.211242,53.381479],[7.23046,53.34639]]},"properties":{"kind":"gas_pipeline","name":"EntsoG_Map__ST_53","diameter_mm":900.0,"pressure_bar":70.0,"capacity_mcmd":27.39699999999984,"length_km":4.106102,"source":"SciGRID_gas IGGIELGNC-3","source_url":"https://github.com/Netizine/SciGRID_gas-IGGIELGNC-3"}},{"type":"Feature","geometry":{"type":"LineString","coordinates":[[11.031503,52.824593],[11.084801,52.844539]]},"properties":{"kind":"gas_pipeline","name":"EntsoG_Map__ST_58","diameter_mm":900.0,"pressure_bar":70.0,"capacity_mcmd":27.39699999999984,"length_km":4.212915,"source":"SciGRID_gas IGGIELGNC-3","source_url":"https://github.com/Netizine/SciGRID_gas-IGGIELGNC-3"}},{"type":"Feature","geometry":{"type":"LineString","coordinates":[[6.626949,51.432235],[6.6436,51.4693]]},"properties":{"kind":"gas_pipeline","name":"EntsoG_Map__ST_60","diameter_mm":900.0,"pressure_bar":70.0,"capacity_mcmd":27.39699999999984,"length_km":4.28125,"source":"SciGRID_gas IGGIELGNC-3","source_url":"https://github.com/Netizine/SciGRID_gas-IGGIELGNC-3"}},{"type":"Feature","geometry":{"type":"LineString","coordinates":[[12.63055,55.6595],[12.56834,55.6761]]},"properties":{"kind":"gas_pipeline","name":"EntsoG_Map__ST_61","diameter_mm":900.0,"pressure_bar":70.0,"capacity_mcmd":7.7242732851055385,"length_km":4.317345,"source":"SciGRID_gas IGGIELGNC-3","source_url":"https://github.com/Netizine/SciGRID_gas-IGGIELGNC-3"}},{"type":"Feature","geometry":{"type":"LineString","coordinates":[[7.106203,50.698214],[7.0805,50.7338]]},"properties":{"kind":"gas_pipeline","name":"EntsoG_Map__ST_62","diameter_mm":900.0,"pressure_bar":70.0,"capacity_mcmd":27.39699999999984,"length_km":4.352504,"source":"SciGRID_gas IGGIELGNC-3","source_url":"https://github.com/Netizine/SciGRID_gas-IGGIELGNC-3"}},{"type":"Feature","geometry":{"type":"LineString","coordinates":[[7.732008,51.241861],[7.70523,51.27724]]},"properties":{"kind":"gas_pipeline","name":"EntsoG_Map__ST_63","diameter_mm":900.0,"pressure_bar":70.0,"capacity_mcmd":27.39699999999984,"length_km":4.354314,"source":"SciGRID_gas IGGIELGNC-3","source_url":"https://github.com/Netizine/SciGRID_gas-IGGIELGNC-3"}},{"type":"Feature","geometry":{"type":"LineString","coordinates":[[11.665631,52.260256],[11.6796,52.2985]]},"properties":{"kind":"gas_pipeline","name":"EntsoG_Map__ST_64","diameter_mm":900.0,"pressure_bar":70.0,"capacity_mcmd":27.39699999999984,"length_km":4.358797,"source":"SciGRID_gas IGGIELGNC-3","source_url":"https://github.com/Netizine/SciGRID_gas-IGGIELGNC-3"}},{"type":"Feature","geometry":{"type":"LineString","coordinates":[[12.895701,50.82175],[12.9231,50.857]]},"properties":{"kind":"gas_pipeline","name":"EntsoG_Map__ST_65","diameter_mm":900.0,"pressure_bar":70.0,"capacity_mcmd":27.39699999999984,"length_km":4.367715,"source":"SciGRID_gas IGGIELGNC-3","source_url":"https://github.com/Netizine/SciGRID_gas-IGGIELGNC-3"}},{"type":"Feature","geometry":{"type":"LineString","coordinates":[[12.11741,50.889797],[12.061,50.9076]]},"properties":{"kind":"gas_pipeline","name":"EntsoG_Map__ST_68","diameter_mm":900.0,"pressure_bar":70.0,"capacity_mcmd":27.39699999999984,"length_km":4.425073,"source":"SciGRID_gas IGGIELGNC-3","source_url":"https://github.com/Netizine/SciGRID_gas-IGGIELGNC-3"}},{"type":"Feature","geometry":{"type":"LineString","coordinates":[[8.289212,50.051692],[8.2379,50.0264]]},"properties":{"kind":"gas_pipeline","name":"EntsoG_Map__ST_77","diameter_mm":900.0,"pressure_bar":70.0,"capacity_mcmd":27.39699999999984,"length_km":4.620764,"source":"SciGRID_gas IGGIELGNC-3","source_url":"https://github.com/Netizine/SciGRID_gas-IGGIELGNC-3"}},{"type":"Feature","geometry":{"type":"LineString","coordinates":[[7.992697,49.229089],[7.936,49.2095]]},"properties":{"kind":"gas_pipeline","name":"EntsoG_Map__ST_79","diameter_mm":900.0,"pressure_bar":70.0,"capacity_mcmd":27.39699999999984,"length_km":4.659902,"source":"SciGRID_gas IGGIELGNC-3","source_url":"https://github.com/Netizine/SciGRID_gas-IGGIELGNC-3"}},{"type":"Feature","geometry":{"type":"LineString","coordinates":[[7.808433,47.986199],[7.8452,48.0202]]},"properties":{"kind":"gas_pipeline","name":"EntsoG_Map__ST_80","diameter_mm":900.0,"pressure_bar":70.0,"capacity_mcmd":27.39699999999984,"length_km":4.668007,"source":"SciGRID_gas IGGIELGNC-3","source_url":"https://github.com/Netizine/SciGRID_gas-IGGIELGNC-3"}},{"type":"Feature","geometry":{"type":"LineString","coordinates":[[10.16835,48.607475],[10.17675,48.64952]]},"properties":{"kind":"gas_pipeline","name":"EntsoG_Map__ST_81","diameter_mm":900.0,"pressure_bar":70.0,"capacity_mcmd":27.39699999999984,"length_km":4.717254,"source":"SciGRID_gas IGGIELGNC-3","source_url":"https://github.com/Netizine/SciGRID_gas-IGGIELGNC-3"}},{"type":"Feature","geometry":{"type":"LineString","coordinates":[[7.43023,51.39235],[7.4917,51.411]]},"properties":{"kind":"gas_pipeline","name":"EntsoG_Map__ST_82","diameter_mm":900.0,"pressure_bar":70.0,"capacity_mcmd":27.39699999999984,"length_km":4.743177,"source":"SciGRID_gas IGGIELGNC-3","source_url":"https://github.com/Netizine/SciGRID_gas-IGGIELGNC-3"}},{"type":"Feature","geometry":{"type":"LineString","coordinates":[[13.370351,52.238076],[13.3019,52.2302]]},"properties":{"kind":"gas_pipeline","name":"EntsoG_Map__ST_83","diameter_mm":900.0,"pressure_bar":70.0,"capacity_mcmd":27.39699999999984,"length_km":4.744541,"source":"SciGRID_gas IGGIELGNC-3","source_url":"https://github.com/Netizine/SciGRID_gas-IGGIELGNC-3"}},{"type":"Feature","geometry":{"type":"LineString","coordinates":[[13.669939,51.07803],[13.7086,51.0421]]},"properties":{"kind":"gas_pipeline","name":"EntsoG_Map__ST_87","diameter_mm":900.0,"pressure_bar":70.0,"capacity_mcmd":27.39699999999984,"length_km":4.824592,"source":"SciGRID_gas IGGIELGNC-3","source_url":"https://github.com/Netizine/SciGRID_gas-IGGIELGNC-3"}},{"type":"Feature","geometry":{"type":"LineString","coordinates":[[13.608756,52.6136],[13.558711,52.582434]]},"properties":{"kind":"gas_pipeline","name":"EntsoG_Map__ST_88","diameter_mm":900.0,"pressure_bar":70.0,"capacity_mcmd":27.39699999999984,"length_km":4.842431,"source":"SciGRID_gas IGGIELGNC-3","source_url":"https://github.com/Netizine/SciGRID_gas-IGGIELGNC-3"}},{"type":"Feature","geometry":{"type":"LineString","coordinates":[[9.132082,49.786812],[9.1482,49.8293]]},"properties":{"kind":"gas_pipeline","name":"EntsoG_Map__ST_90","diameter_mm":900.0,"pressure_bar":70.0,"capacity_mcmd":27.39699999999984,"length_km":4.865497,"source":"SciGRID_gas IGGIELGNC-3","source_url":"https://github.com/Netizine/SciGRID_gas-IGGIELGNC-3"}},{"type":"Feature","geometry":{"type":"LineString","coordinates":[[11.959392,51.276208],[12.0193,51.2998]]},"properties":{"kind":"gas_pipeline","name":"EntsoG_Map__ST_92","diameter_mm":900.0,"pressure_bar":70.0,"capacity_mcmd":27.39699999999984,"length_km":4.924788,"source":"SciGRID_gas IGGIELGNC-3","source_url":"https://github.com/Netizine/SciGRID_gas-IGGIELGNC-3"}},{"type":"Feature","geometry":{"type":"LineString","coordinates":[[11.592456,48.143888],[11.5957,48.1889]]},"properties":{"kind":"gas_pipeline","name":"EntsoG_Map__ST_93","diameter_mm":900.0,"pressure_bar":70.0,"capacity_mcmd":27.39699999999984,"length_km":5.012458,"source":"SciGRID_gas IGGIELGNC-3","source_url":"https://github.com/Netizine/SciGRID_gas-IGGIELGNC-3"}},{"type":"Feature","geometry":{"type":"LineString","coordinates":[[7.15069,51.302947],[7.2003,51.2689]]},"properties":{"kind":"gas_pipeline","name":"EntsoG_Map__ST_96","diameter_mm":900.0,"pressure_bar":70.0,"capacity_mcmd":27.39699999999984,"length_km":5.123728,"source":"SciGRID_gas IGGIELGNC-3","source_url":"https://github.com/Netizine/SciGRID_gas-IGGIELGNC-3"}},{"type":"Feature","geometry":{"type":"LineString","coordinates":[[6.557448,50.793103],[6.49,50.7728]]},"properties":{"kind":"gas_pipeline","name":"EntsoG_Map__ST_100","diameter_mm":900.0,"pressure_bar":70.0,"capacity_mcmd":27.39699999999984,"length_km":5.25351,"source":"SciGRID_gas IGGIELGNC-3","source_url":"https://github.com/Netizine/SciGRID_gas-IGGIELGNC-3"}},{"type":"Feature","geometry":{"type":"LineString","coordinates":[[7.827246,47.616503],[7.8072,47.5708]]},"properties":{"kind":"gas_pipeline","name":"EntsoG_Map__ST_102","diameter_mm":900.0,"pressure_bar":70.0,"capacity_mcmd":27.96749974185707,"length_km":5.301265,"source":"SciGRID_gas IGGIELGNC-3","source_url":"https://github.com/Netizine/SciGRID_gas-IGGIELGNC-3"}},{"type":"Feature","geometry":{"type":"LineString","coordinates":[[8.4355,49.57269],[8.4709,49.5307]]},"properties":{"kind":"gas_pipeline","name":"EntsoG_Map__ST_104","diameter_mm":900.0,"pressure_bar":70.0,"capacity_mcmd":27.39699999999984,"length_km":5.323489,"source":"SciGRID_gas IGGIELGNC-3","source_url":"https://github.com/Netizine/SciGRID_gas-IGGIELGNC-3"}},{"type":"Feature","geometry":{"type":"LineString","coordinates":[[13.034067,52.366657],[13.1125,52.3661]]},"properties":{"kind":"gas_pipeline","name":"EntsoG_Map__ST_105","diameter_mm":900.0,"pressure_bar":70.0,"capacity_mcmd":27.39699999999984,"length_km":5.327376,"source":"SciGRID_gas IGGIELGNC-3","source_url":"https://github.com/Netizine/SciGRID_gas-IGGIELGNC-3"}},{"type":"Feature","geometry":{"type":"LineString","coordinates":[[6.429127,51.749823],[6.3586,51.7297]]},"properties":{"kind":"gas_pipeline","name":"EntsoG_Map__ST_107","diameter_mm":900.0,"pressure_bar":70.0,"capacity_mcmd":27.39699999999984,"length_km":5.348574,"source":"SciGRID_gas IGGIELGNC-3","source_url":"https://github.com/Netizine/SciGRID_gas-IGGIELGNC-3"}},{"type":"Feature","geometry":{"type":"LineString","coordinates":[[8.735758,48.897655],[8.6653,48.8832]]},"properties":{"kind":"gas_pipeline","name":"EntsoG_Map__ST_109","diameter_mm":900.0,"pressure_bar":70.0,"capacity_mcmd":27.39699999999984,"length_km":5.397874,"source":"SciGRID_gas IGGIELGNC-3","source_url":"https://github.com/Netizine/SciGRID_gas-IGGIELGNC-3"}},{"type":"Feature","geometry":{"type":"LineString","coordinates":[[8.532104,51.382782],[8.5999,51.4085]]},"properties":{"kind":"gas_pipeline","name":"EntsoG_Map__ST_114","diameter_mm":900.0,"pressure_bar":70.0,"capacity_mcmd":27.39699999999984,"length_km":5.506443,"source":"SciGRID_gas IGGIELGNC-3","source_url":"https://github.com/Netizine/SciGRID_gas-IGGIELGNC-3"}},{"type":"Feature","geometry":{"type":"LineString","coordinates":[[12.26387,51.656913],[12.327,51.6257]]},"properties":{"kind":"gas_pipeline","name":"EntsoG_Map__ST_115","diameter_mm":900.0,"pressure_bar":70.0,"capacity_mcmd":27.39699999999984,"length_km":5.571625,"source":"SciGRID_gas IGGIELGNC-3","source_url":"https://github.com/Netizine/SciGRID_gas-IGGIELGNC-3"}},{"type":"Feature","geometry":{"type":"LineString","coordinates":[[10.986763,47.768157],[11.0554,47.7895]]},"properties":{"kind":"gas_pipeline","name":"EntsoG_Map__ST_117","diameter_mm":900.0,"pressure_bar":70.0,"capacity_mcmd":27.39699999999984,"length_km":5.652967,"source":"SciGRID_gas IGGIELGNC-3","source_url":"https://github.com/Netizine/SciGRID_gas-IGGIELGNC-3"}},{"type":"Feature","geometry":{"type":"LineString","coordinates":[[13.470439,54.077018],[13.385,54.0973]]},"properties":{"kind":"gas_pipeline","name":"EntsoG_Map__ST_126","diameter_mm":900.0,"pressure_bar":70.0,"capacity_mcmd":27.39699999999984,"length_km":6.013441,"source":"SciGRID_gas IGGIELGNC-3","source_url":"https://github.com/Netizine/SciGRID_gas-IGGIELGNC-3"}},{"type":"Feature","geometry":{"type":"LineString","coordinates":[[5.664249,50.599463],[5.5837,50.6177]]},"properties":{"kind":"gas_pipeline","name":"EntsoG_Map__ST_129","diameter_mm":900.0,"pressure_bar":70.0,"capacity_mcmd":27.39699999999984,"length_km":6.036814,"source":"SciGRID_gas IGGIELGNC-3","source_url":"https://github.com/Netizine/SciGRID_gas-IGGIELGNC-3"}},{"type":"Feature","geometry":{"type":"LineString","coordinates":[[5.91481,49.55627],[5.9646,49.5119]]},"properties":{"kind":"gas_pipeline","name":"EntsoG_Map__ST_132","diameter_mm":900.0,"pressure_bar":70.0,"capacity_mcmd":4.293217953452737,"length_km":6.105351,"source":"SciGRID_gas IGGIELGNC-3","source_url":"https://github.com/Netizine/SciGRID_gas-IGGIELGNC-3"}},{"type":"Feature","geometry":{"type":"LineString","coordinates":[[13.451479,52.459472],[13.421,52.5116]]},"properties":{"kind":"gas_pipeline","name":"EntsoG_Map__ST_135","diameter_mm":900.0,"pressure_bar":70.0,"capacity_mcmd":27.39699999999984,"length_km":6.154762,"source":"SciGRID_gas IGGIELGNC-3","source_url":"https://github.com/Netizine/SciGRID_gas-IGGIELGNC-3"}},{"type":"Feature","geometry":{"type":"LineString","coordinates":[[13.106703,51.062675],[13.0166,51.0513]]},"properties":{"kind":"gas_pipeline","name":"EntsoG_Map__ST_139","diameter_mm":900.0,"pressure_bar":70.0,"capacity_mcmd":27.39699999999984,"length_km":6.425194,"source":"SciGRID_gas IGGIELGNC-3","source_url":"https://github.com/Netizine/SciGRID_gas-IGGIELGNC-3"}},{"type":"Feature","geometry":{"type":"LineString","coordinates":[[9.461539,51.309474],[9.4379,51.2531]]},"properties":{"kind":"gas_pipeline","name":"EntsoG_Map__ST_142","diameter_mm":900.0,"pressure_bar":70.0,"capacity_mcmd":27.39699999999984,"length_km":6.482569,"source":"SciGRID_gas IGGIELGNC-3","source_url":"https://github.com/Netizine/SciGRID_gas-IGGIELGNC-3"}},{"type":"Feature","geometry":{"type":"LineString","coordinates":[[11.095444,49.437584],[11.0077,49.4208]]},"properties":{"kind":"gas_pipeline","name":"EntsoG_Map__ST_145","diameter_mm":900.0,"pressure_bar":70.0,"capacity_mcmd":27.39699999999984,"length_km":6.616456,"source":"SciGRID_gas IGGIELGNC-3","source_url":"https://github.com/Netizine/SciGRID_gas-IGGIELGNC-3"}},{"type":"Feature","geometry":{"type":"LineString","coordinates":[[15.58515,51.95832],[15.488,51.9513]]},"properties":{"kind":"gas_pipeline","name":"EntsoG_Map__ST_146","diameter_mm":900.0,"pressure_bar":70.0,"capacity_mcmd":27.39699999999984,"length_km":6.705158,"source":"SciGRID_gas IGGIELGNC-3","source_url":"https://github.com/Netizine/SciGRID_gas-IGGIELGNC-3"}},{"type":"Feature","geometry":{"type":"LineString","coordinates":[[13.188612,53.588385],[13.2951,53.5745]]},"properties":{"kind":"gas_pipeline","name":"EntsoG_Map__ST_153","diameter_mm":900.0,"pressure_bar":70.0,"capacity_mcmd":27.39699999999984,"length_km":7.199526,"source":"SciGRID_gas IGGIELGNC-3","source_url":"https://github.com/Netizine/SciGRID_gas-IGGIELGNC-3"}},{"type":"Feature","geometry":{"type":"LineString","coordinates":[[8.469876,49.937039],[8.4141,49.992]]},"properties":{"kind":"gas_pipeline","name":"EntsoG_Map__ST_156","diameter_mm":900.0,"pressure_bar":70.0,"capacity_mcmd":27.39699999999984,"length_km":7.300595,"source":"SciGRID_gas IGGIELGNC-3","source_url":"https://github.com/Netizine/SciGRID_gas-IGGIELGNC-3"}},{"type":"Feature","geometry":{"type":"LineString","coordinates":[[8.91136,49.78904],[9.0117,49.8108]]},"properties":{"kind":"gas_pipeline","name":"EntsoG_Map__ST_162","diameter_mm":900.0,"pressure_bar":70.0,"capacity_mcmd":27.39699999999984,"length_km":7.599566,"source":"SciGRID_gas IGGIELGNC-3","source_url":"https://github.com/Netizine/SciGRID_gas-IGGIELGNC-3"}},{"type":"Feature","geometry":{"type":"LineString","coordinates":[[12.578414,51.395941],[12.592,51.4656]]},"properties":{"kind":"gas_pipeline","name":"EntsoG_Map__ST_165","diameter_mm":900.0,"pressure_bar":70.0,"capacity_mcmd":27.39699999999984,"length_km":7.80523,"source":"SciGRID_gas IGGIELGNC-3","source_url":"https://github.com/Netizine/SciGRID_gas-IGGIELGNC-3"}},{"type":"Feature","geometry":{"type":"LineString","coordinates":[[6.59659,49.17107],[6.7018,49.1526]]},"properties":{"kind":"gas_pipeline","name":"EntsoG_Map__ST_167","diameter_mm":900.0,"pressure_bar":70.0,"capacity_mcmd":27.39699999999984,"length_km":7.923515,"source":"SciGRID_gas IGGIELGNC-3","source_url":"https://github.com/Netizine/SciGRID_gas-IGGIELGNC-3"}},{"type":"Feature","geometry":{"type":"LineString","coordinates":[[8.892869,48.669492],[8.9992,48.6972]]},"properties":{"kind":"gas_pipeline","name":"EntsoG_Map__ST_175","diameter_mm":900.0,"pressure_bar":70.0,"capacity_mcmd":27.39699999999984,"length_km":8.394745,"source":"SciGRID_gas IGGIELGNC-3","source_url":"https://github.com/Netizine/SciGRID_gas-IGGIELGNC-3"}},{"type":"Feature","geometry":{"type":"LineString","coordinates":[[13.873388,51.559878],[13.9711,51.5122]]},"properties":{"kind":"gas_pipeline","name":"EntsoG_Map__ST_180","diameter_mm":900.0,"pressure_bar":70.0,"capacity_mcmd":27.39699999999984,"length_km":8.592302,"source":"SciGRID_gas IGGIELGNC-3","source_url":"https://github.com/Netizine/SciGRID_gas-IGGIELGNC-3"}},{"type":"Feature","geometry":{"type":"LineString","coordinates":[[10.186525,52.694735],[10.2457,52.6235]]},"properties":{"kind":"gas_pipeline","name":"EntsoG_Map__ST_183","diameter_mm":900.0,"pressure_bar":70.0,"capacity_mcmd":27.39699999999984,"length_km":8.872437,"source":"SciGRID_gas IGGIELGNC-3","source_url":"https://github.com/Netizine/SciGRID_gas-IGGIELGNC-3"}},{"type":"Feature","geometry":{"type":"LineString","coordinates":[[9.365727,48.637776],[9.3749,48.7176]]},"properties":{"kind":"gas_pipeline","name":"EntsoG_Map__ST_184","diameter_mm":900.0,"pressure_bar":70.0,"capacity_mcmd":27.39699999999984,"length_km":8.904333,"source":"SciGRID_gas IGGIELGNC-3","source_url":"https://github.com/Netizine/SciGRID_gas-IGGIELGNC-3"}},{"type":"Feature","geometry":{"type":"LineString","coordinates":[[11.292839,50.607355],[11.3293,50.6869]]},"properties":{"kind":"gas_pipeline","name":"EntsoG_Map__ST_188","diameter_mm":900.0,"pressure_bar":70.0,"capacity_mcmd":27.39699999999984,"length_km":9.213919,"source":"SciGRID_gas IGGIELGNC-3","source_url":"https://github.com/Netizine/SciGRID_gas-IGGIELGNC-3"}},{"type":"Feature","geometry":{"type":"LineString","coordinates":[[9.771525,50.629579],[9.6813,50.5691]]},"properties":{"kind":"gas_pipeline","name":"EntsoG_Map__ST_189","diameter_mm":900.0,"pressure_bar":70.0,"capacity_mcmd":27.39699999999984,"length_km":9.264509,"source":"SciGRID_gas IGGIELGNC-3","source_url":"https://github.com/Netizine/SciGRID_gas-IGGIELGNC-3"}},{"type":"Feature","geometry":{"type":"LineString","coordinates":[[12.251441,48.130798],[12.1852,48.0564]]},"properties":{"kind":"gas_pipeline","name":"EntsoG_Map__ST_191","diameter_mm":900.0,"pressure_bar":70.0,"capacity_mcmd":27.39699999999984,"length_km":9.627994,"source":"SciGRID_gas IGGIELGNC-3","source_url":"https://github.com/Netizine/SciGRID_gas-IGGIELGNC-3"}},{"type":"Feature","geometry":{"type":"LineString","coordinates":[[7.98642,53.37857],[8.1282,53.4032]]},"properties":{"kind":"gas_pipeline","name":"EntsoG_Map__ST_193","diameter_mm":900.0,"pressure_bar":70.0,"capacity_mcmd":27.39699999999984,"length_km":9.79548,"source":"SciGRID_gas IGGIELGNC-3","source_url":"https://github.com/Netizine/SciGRID_gas-IGGIELGNC-3"}},{"type":"Feature","geometry":{"type":"LineString","coordinates":[[9.997188,53.601645],[9.9508,53.5177]]},"properties":{"kind":"gas_pipeline","name":"EntsoG_Map__ST_194","diameter_mm":900.0,"pressure_bar":70.0,"capacity_mcmd":27.39699999999984,"length_km":9.827314,"source":"SciGRID_gas IGGIELGNC-3","source_url":"https://github.com/Netizine/SciGRID_gas-IGGIELGNC-3"}},{"type":"Feature","geometry":{"type":"LineString","coordinates":[[13.04785,48.82142],[12.8825,48.7874]]},"properties":{"kind":"gas_pipeline","name":"EntsoG_Map__ST_197","diameter_mm":900.0,"pressure_bar":70.0,"capacity_mcmd":27.39699999999984,"length_km":12.690731,"source":"SciGRID_gas IGGIELGNC-3","source_url":"https://github.com/Netizine/SciGRID_gas-IGGIELGNC-3"}},{"type":"Feature","geometry":{"type":"LineString","coordinates":[[12.594251,48.611265],[12.4634,48.6403]]},"properties":{"kind":"gas_pipeline","name":"EntsoG_Map__ST_198","diameter_mm":900.0,"pressure_bar":70.0,"capacity_mcmd":27.39699999999984,"length_km":10.147795,"source":"SciGRID_gas IGGIELGNC-3","source_url":"https://github.com/Netizine/SciGRID_gas-IGGIELGNC-3"}},{"type":"Feature","geometry":{"type":"LineString","coordinates":[[10.524066,50.031969],[10.6514,49.984]]},"properties":{"kind":"gas_pipeline","name":"EntsoG_Map__ST_200","diameter_mm":900.0,"pressure_bar":70.0,"capacity_mcmd":27.39699999999984,"length_km":10.551021,"source":"SciGRID_gas IGGIELGNC-3","source_url":"https://github.com/Netizine/SciGRID_gas-IGGIELGNC-3"}},{"type":"Feature","geometry":{"type":"LineString","coordinates":[[14.016687,51.260045],[13.9776,51.1514]]},"properties":{"kind":"gas_pipeline","name":"EntsoG_Map__ST_213","diameter_mm":900.0,"pressure_bar":70.0,"capacity_mcmd":27.39699999999984,"length_km":12.387752,"source":"SciGRID_gas IGGIELGNC-3","source_url":"https://github.com/Netizine/SciGRID_gas-IGGIELGNC-3"}},{"type":"Feature","geometry":{"type":"LineString","coordinates":[[8.761779,51.869276],[8.8073,51.9861]]},"properties":{"kind":"gas_pipeline","name":"EntsoG_Map__ST_220","diameter_mm":900.0,"pressure_bar":70.0,"capacity_mcmd":27.39699999999984,"length_km":13.364168,"source":"SciGRID_gas IGGIELGNC-3","source_url":"https://github.com/Netizine/SciGRID_gas-IGGIELGNC-3"}},{"type":"Feature","geometry":{"type":"LineString","coordinates":[[10.130764,51.567395],[9.9337,51.5534]]},"properties":{"kind":"gas_pipeline","name":"EntsoG_Map__ST_225","diameter_mm":900.0,"pressure_bar":70.0,"capacity_mcmd":27.39699999999984,"length_km":13.715673,"source":"SciGRID_gas IGGIELGNC-3","source_url":"https://github.com/Netizine/SciGRID_gas-IGGIELGNC-3"}},{"type":"Feature","geometry":{"type":"LineString","coordinates":[[5.12678,51.19597],[5.1056,51.0586]]},"properties":{"kind":"gas_pipeline","name":"EntsoG_Map__ST_233","diameter_mm":900.0,"pressure_bar":70.0,"capacity_mcmd":27.39699999999984,"length_km":15.351008,"source":"SciGRID_gas IGGIELGNC-3","source_url":"https://github.com/Netizine/SciGRID_gas-IGGIELGNC-3"}},{"type":"Feature","geometry":{"type":"LineString","coordinates":[[5.059157,52.281929],[5.2158,52.3883]]},"properties":{"kind":"gas_pipeline","name":"EntsoG_Map__ST_235","diameter_mm":900.0,"pressure_bar":70.0,"capacity_mcmd":27.39699999999984,"length_km":15.916448,"source":"SciGRID_gas IGGIELGNC-3","source_url":"https://github.com/Netizine/SciGRID_gas-IGGIELGNC-3"}},{"type":"Feature","geometry":{"type":"LineString","coordinates":[[13.751863,48.55443],[14.55229,48.5272]]},"properties":{"kind":"gas_pipeline","name":"PLM_2290_Seg_0_Seg_0_Seg_0","diameter_mm":800.0,"pressure_bar":70.0,"capacity_mcmd":21.35172125620859,"length_km":59.02394,"source":"SciGRID_gas IGGIELGNC-3","source_url":"https://github.com/Netizine/SciGRID_gas-IGGIELGNC-3"}},{"type":"Feature","geometry":{"type":"LineString","coordinates":[[13.655607,54.151055],[13.40411,54.19421]]},"properties":{"kind":"gas_pipeline","name":"ST_2616_Seg_0_Seg_0_Seg_0","diameter_mm":1153.0,"pressure_bar":220.0,"capacity_mcmd":153.25380481382516,"length_km":28.36872,"source":"SciGRID_gas IGGIELGNC-3","source_url":"https://github.com/Netizine/SciGRID_gas-IGGIELGNC-3"}},{"type":"Feature","geometry":{"type":"LineString","coordinates":[[13.40411,54.19421],[13.655607,54.151055]]},"properties":{"kind":"gas_pipeline","name":"ST_3275_Seg_0_Seg_0_Seg_0","diameter_mm":1153.0,"pressure_bar":220.0,"capacity_mcmd":153.25380481382516,"length_km":17.063486,"source":"SciGRID_gas IGGIELGNC-3","source_url":"https://github.com/Netizine/SciGRID_gas-IGGIELGNC-3"}},{"type":"Feature","geometry":{"type":"LineString","coordinates":[[13.655607,54.151055],[29.16691,60.96367]]},"properties":{"kind":"gas_pipeline","name":"ST_1092_Seg_0_Seg_0_Seg_0","diameter_mm":900.0,"pressure_bar":70.0,"capacity_mcmd":153.25380481382516,"length_km":1292.334939,"source":"SciGRID_gas IGGIELGNC-3","source_url":"https://github.com/Netizine/SciGRID_gas-IGGIELGNC-3"}},{"type":"Feature","geometry":{"type":"LineString","coordinates":[[5.76341,53.0835],[5.42425,53.20412]]},"properties":{"kind":"gas_pipeline","name":"ST_3887_Seg_0_Seg_0_Seg_1","diameter_mm":900.0,"pressure_bar":70.0,"capacity_mcmd":27.39699999999984,"length_km":34.190906,"source":"SciGRID_gas IGGIELGNC-3","source_url":"https://github.com/Netizine/SciGRID_gas-IGGIELGNC-3"}},{"type":"Feature","geometry":{"type":"LineString","coordinates":[[13.8079,50.49941],[13.39,50.635]]},"properties":{"kind":"gas_pipeline","name":"ST_7271_Seg_0_Seg_0_Seg_1","diameter_mm":900.0,"pressure_bar":51.93743200614409,"capacity_mcmd":8.357698884795287,"length_km":33.153576,"source":"SciGRID_gas IGGIELGNC-3","source_url":"https://github.com/Netizine/SciGRID_gas-IGGIELGNC-3"}},{"type":"Feature","geometry":{"type":"LineString","coordinates":[[6.86676,52.72223],[7.061231,52.546842]]},"properties":{"kind":"gas_pipeline","name":"PLS_5174_Seg_0_Seg_1_Seg_1","diameter_mm":900.0,"pressure_bar":70.0,"capacity_mcmd":27.39699999999984,"length_km":35.401322,"source":"SciGRID_gas IGGIELGNC-3","source_url":"https://github.com/Netizine/SciGRID_gas-IGGIELGNC-3"}},{"type":"Feature","geometry":{"type":"LineString","coordinates":[[6.47664,53.29076],[6.67328,53.4585]]},"properties":{"kind":"gas_pipeline","name":"ST_3741_Seg_0_Seg_0_Seg_1","diameter_mm":900.0,"pressure_bar":70.0,"capacity_mcmd":27.39699999999984,"length_km":28.4882,"source":"SciGRID_gas IGGIELGNC-3","source_url":"https://github.com/Netizine/SciGRID_gas-IGGIELGNC-3"}},{"type":"Feature","geometry":{"type":"LineString","coordinates":[[9.31484,47.46299],[9.59059,47.48454]]},"properties":{"kind":"gas_pipeline","name":"PLS_5735_Seg_0_Seg_1_Seg_1","diameter_mm":900.0,"pressure_bar":70.0,"capacity_mcmd":27.39699999999984,"length_km":21.198298,"source":"SciGRID_gas IGGIELGNC-3","source_url":"https://github.com/Netizine/SciGRID_gas-IGGIELGNC-3"}},{"type":"Feature","geometry":{"type":"LineString","coordinates":[[6.32509,49.54096],[6.59659,49.17107]]},"properties":{"kind":"gas_pipeline","name":"PLS_5887_Seg_0_Seg_0_Seg_0","diameter_mm":900.0,"pressure_bar":70.0,"capacity_mcmd":3.3782698650119896,"length_km":48.251677,"source":"SciGRID_gas IGGIELGNC-3","source_url":"https://github.com/Netizine/SciGRID_gas-IGGIELGNC-3"}},{"type":"Feature","geometry":{"type":"LineString","coordinates":[[8.31414,47.43922],[8.311295,47.661716]]},"properties":{"kind":"gas_pipeline","name":"PLS_6453_Seg_0_Seg_0_Seg_1","diameter_mm":900.0,"pressure_bar":70.0,"capacity_mcmd":27.39699999999984,"length_km":24.979177,"source":"SciGRID_gas IGGIELGNC-3","source_url":"https://github.com/Netizine/SciGRID_gas-IGGIELGNC-3"}},{"type":"Feature","geometry":{"type":"LineString","coordinates":[[6.83902,53.4103],[6.67328,53.4585]]},"properties":{"kind":"gas_pipeline","name":"ST_6593_Seg_0_Seg_0_Seg_0","diameter_mm":900.0,"pressure_bar":70.0,"capacity_mcmd":27.39699999999984,"length_km":12.221372,"source":"SciGRID_gas IGGIELGNC-3","source_url":"https://github.com/Netizine/SciGRID_gas-IGGIELGNC-3"}},{"type":"Feature","geometry":{"type":"LineString","coordinates":[[5.86534,53.36616],[4.88124,53.4757]]},"properties":{"kind":"gas_pipeline","name":"NSG_6722_Seg_0_Seg_0_Seg_1","diameter_mm":900.0,"pressure_bar":70.0,"capacity_mcmd":27.39699999999984,"length_km":74.851009,"source":"SciGRID_gas IGGIELGNC-3","source_url":"https://github.com/Netizine/SciGRID_gas-IGGIELGNC-3"}},{"type":"Feature","geometry":{"type":"LineString","coordinates":[[7.43965,47.67993],[7.673591,47.56344]]},"properties":{"kind":"gas_pipeline","name":"ST_1129_Seg_0_Seg_0_Seg_0_Seg_1","diameter_mm":1200.0,"pressure_bar":67.5,"capacity_mcmd":56.939223947675806,"length_km":23.641489,"source":"SciGRID_gas IGGIELGNC-3","source_url":"https://github.com/Netizine/SciGRID_gas-IGGIELGNC-3"}},{"type":"Feature","geometry":{"type":"LineString","coordinates":[[7.98802,47.42002],[7.827246,47.616503]]},"properties":{"kind":"gas_pipeline","name":"PLS_6135_Seg_0_Seg_0_Seg_0_Seg_1","diameter_mm":1200.0,"pressure_bar":67.5,"capacity_mcmd":27.96749974185707,"length_km":26.05595,"source":"SciGRID_gas IGGIELGNC-3","source_url":"https://github.com/Netizine/SciGRID_gas-IGGIELGNC-3"}},{"type":"Feature","geometry":{"type":"LineString","coordinates":[[6.207367,50.760751],[5.98559,50.7936]]},"properties":{"kind":"gas_pipeline","name":"PLM_1849_Seg_0_Seg_0_Seg_0_Seg_0","diameter_mm":900.0,"pressure_bar":70.0,"capacity_mcmd":2.0,"length_km":16.020857,"source":"SciGRID_gas IGGIELGNC-3","source_url":"https://github.com/Netizine/SciGRID_gas-IGGIELGNC-3"}},{"type":"Feature","geometry":{"type":"LineString","coordinates":[[5.84567,50.90342],[5.739351,50.753777]]},"properties":{"kind":"gas_pipeline","name":"PLM_1849_Seg_0_Seg_0_Seg_1_Seg_0","diameter_mm":900.0,"pressure_bar":70.0,"capacity_mcmd":19.988096701320938,"length_km":18.247379,"source":"SciGRID_gas IGGIELGNC-3","source_url":"https://github.com/Netizine/SciGRID_gas-IGGIELGNC-3"}},{"type":"Feature","geometry":{"type":"LineString","coordinates":[[7.80099,48.74941],[7.833856,48.523994]]},"properties":{"kind":"gas_pipeline","name":"ST_2617_Seg_0_Seg_0_Seg_0_Seg_1","diameter_mm":1100.0,"pressure_bar":80.0,"capacity_mcmd":60.2739726,"length_km":27.321256,"source":"SciGRID_gas IGGIELGNC-3","source_url":"https://github.com/Netizine/SciGRID_gas-IGGIELGNC-3"}},{"type":"Feature","geometry":{"type":"LineString","coordinates":[[4.53708,51.52079],[5.03325,51.41228]]},"properties":{"kind":"gas_pipeline","name":"PLL_884_Seg_1_Seg_0_Seg_2_Seg_1","diameter_mm":900.0,"pressure_bar":70.0,"capacity_mcmd":27.39699999999984,"length_km":36.968312,"source":"SciGRID_gas IGGIELGNC-3","source_url":"https://github.com/Netizine/SciGRID_gas-IGGIELGNC-3"}},{"type":"Feature","geometry":{"type":"LineString","coordinates":[[5.03325,51.41228],[5.11676,51.52743]]},"properties":{"kind":"gas_pipeline","name":"PLL_850_Seg_2_Seg_0_Seg_0_Seg_0","diameter_mm":900.0,"pressure_bar":70.0,"capacity_mcmd":56.480449305669204,"length_km":14.054477,"source":"SciGRID_gas IGGIELGNC-3","source_url":"https://github.com/Netizine/SciGRID_gas-IGGIELGNC-3"}},{"type":"Feature","geometry":{"type":"LineString","coordinates":[[12.63055,55.6595],[13.0777,55.60271]]},"properties":{"kind":"gas_pipeline","name":"PLM_2031_Seg_5_Seg_0_Seg_0_Seg_2","diameter_mm":900.0,"pressure_bar":70.0,"capacity_mcmd":7.7242732851055385,"length_km":30.394114,"source":"SciGRID_gas IGGIELGNC-3","source_url":"https://github.com/Netizine/SciGRID_gas-IGGIELGNC-3"}},{"type":"Feature","geometry":{"type":"LineString","coordinates":[[6.510393,51.357503],[6.12893,51.31844]]},"properties":{"kind":"gas_pipeline","name":"PLS_4529_Seg_3_Seg_0_Seg_0_Seg_1","diameter_mm":900.0,"pressure_bar":70.0,"capacity_mcmd":2.0,"length_km":32.61478,"source":"SciGRID_gas IGGIELGNC-3","source_url":"https://github.com/Netizine/SciGRID_gas-IGGIELGNC-3"}},{"type":"Feature","geometry":{"type":"LineString","coordinates":[[7.59266,47.42999],[7.43854,47.46597]]},"properties":{"kind":"gas_pipeline","name":"PLM_2090_Seg_0_Seg_0_Seg_0_Seg_0","diameter_mm":900.0,"pressure_bar":78.53718798513496,"capacity_mcmd":42.4657,"length_km":12.26428,"source":"SciGRID_gas IGGIELGNC-3","source_url":"https://github.com/Netizine/SciGRID_gas-IGGIELGNC-3"}},{"type":"Feature","geometry":{"type":"LineString","coordinates":[[6.207367,50.760751],[5.84259,50.72976]]},"properties":{"kind":"gas_pipeline","name":"PLL_823_Seg_1_Seg_0_Seg_0_Seg_0","diameter_mm":900.0,"pressure_bar":70.0,"capacity_mcmd":35.23429898274224,"length_km":25.931816,"source":"SciGRID_gas IGGIELGNC-3","source_url":"https://github.com/Netizine/SciGRID_gas-IGGIELGNC-3"}},{"type":"Feature","geometry":{"type":"LineString","coordinates":[[14.68007,52.43824],[14.543,52.427]]},"properties":{"kind":"gas_pipeline","name":"ST_2602_Seg_1_Seg_0_Seg_0_Seg_0","diameter_mm":900.0,"pressure_bar":70.0,"capacity_mcmd":81.94943695986116,"length_km":19.734561,"source":"SciGRID_gas IGGIELGNC-3","source_url":"https://github.com/Netizine/SciGRID_gas-IGGIELGNC-3"}},{"type":"Feature","geometry":{"type":"LineString","coordinates":[[7.25666,53.94168],[7.428634,53.644992]]},"properties":{"kind":"gas_pipeline","name":"PLNG_2637_Seg_0_Seg_0_Seg_0_Seg_1","diameter_mm":1067.0,"pressure_bar":49.0,"capacity_mcmd":64.14313954636046,"length_km":34.887956,"source":"SciGRID_gas IGGIELGNC-3","source_url":"https://github.com/Netizine/SciGRID_gas-IGGIELGNC-3"}},{"type":"Feature","geometry":{"type":"LineString","coordinates":[[6.67328,53.4585],[6.83902,53.4103]]},"properties":{"kind":"gas_pipeline","name":"PLL_47_Seg_1_Seg_0_Seg_0_Seg_0","diameter_mm":900.0,"pressure_bar":70.0,"capacity_mcmd":27.39699999999984,"length_km":12.36783,"source":"SciGRID_gas IGGIELGNC-3","source_url":"https://github.com/Netizine/SciGRID_gas-IGGIELGNC-3"}},{"type":"Feature","geometry":{"type":"LineString","coordinates":[[7.43246,47.51129],[7.6285,47.51811]]},"properties":{"kind":"gas_pipeline","name":"PLL_504_Seg_1_Seg_0_Seg_0_Seg_0","diameter_mm":900.0,"pressure_bar":70.0,"capacity_mcmd":19.618598434835253,"length_km":14.746975,"source":"SciGRID_gas IGGIELGNC-3","source_url":"https://github.com/Netizine/SciGRID_gas-IGGIELGNC-3"}},{"type":"Feature","geometry":{"type":"LineString","coordinates":[[5.90379,50.17681],[5.8817,49.98982]]},"properties":{"kind":"gas_pipeline","name":"PLM_1852_Seg_2_Seg_0_Seg_0_Seg_0","diameter_mm":900.0,"pressure_bar":70.0,"capacity_mcmd":4.293217953452737,"length_km":20.859396,"source":"SciGRID_gas IGGIELGNC-3","source_url":"https://github.com/Netizine/SciGRID_gas-IGGIELGNC-3"}},{"type":"Feature","geometry":{"type":"LineString","coordinates":[[5.91481,49.55627],[5.71986,49.62637]]},"properties":{"kind":"gas_pipeline","name":"PLM_1854_Seg_1_Seg_0_Seg_0_Seg_0","diameter_mm":900.0,"pressure_bar":70.0,"capacity_mcmd":4.293217953452737,"length_km":16.074248,"source":"SciGRID_gas IGGIELGNC-3","source_url":"https://github.com/Netizine/SciGRID_gas-IGGIELGNC-3"}},{"type":"Feature","geometry":{"type":"LineString","coordinates":[[13.751863,48.55443],[13.83789,48.5491]]},"properties":{"kind":"gas_pipeline","name":"PLNG_2627_Seg_13_Seg_0_Seg_0_Seg_0","diameter_mm":900.0,"pressure_bar":70.0,"capacity_mcmd":21.35172125620859,"length_km":61.645415,"source":"SciGRID_gas IGGIELGNC-3","source_url":"https://github.com/Netizine/SciGRID_gas-IGGIELGNC-3"}},{"type":"Feature","geometry":{"type":"LineString","coordinates":[[16.31449,50.45106],[15.676462,50.34772]]},"properties":{"kind":"gas_pipeline","name":"PLS_4856_Seg_0_Seg_0_Seg_5_Seg_0","diameter_mm":900.0,"pressure_bar":70.0,"capacity_mcmd":27.39699999999984,"length_km":47.779505,"source":"SciGRID_gas IGGIELGNC-3","source_url":"https://github.com/Netizine/SciGRID_gas-IGGIELGNC-3"}},{"type":"Feature","geometry":{"type":"LineString","coordinates":[[13.40411,54.19421],[13.655607,54.151055]]},"properties":{"kind":"gas_pipeline","name":"PLS_5342_Seg_1_Seg_0_Seg_0_Seg_0","diameter_mm":900.0,"pressure_bar":70.0,"capacity_mcmd":153.25380481382516,"length_km":17.148247,"source":"SciGRID_gas IGGIELGNC-3","source_url":"https://github.com/Netizine/SciGRID_gas-IGGIELGNC-3"}},{"type":"Feature","geometry":{"type":"LineString","coordinates":[[8.994275,47.847184],[9.00524,47.47335]]},"properties":{"kind":"gas_pipeline","name":"PLS_5891_Seg_3_Seg_0_Seg_0_Seg_1","diameter_mm":900.0,"pressure_bar":70.0,"capacity_mcmd":27.39699999999984,"length_km":43.605715,"source":"SciGRID_gas IGGIELGNC-3","source_url":"https://github.com/Netizine/SciGRID_gas-IGGIELGNC-3"}},{"type":"Feature","geometry":{"type":"LineString","coordinates":[[7.637349,47.849604],[7.53303,47.99838]]},"properties":{"kind":"gas_pipeline","name":"PLS_6138_Seg_1_Seg_0_Seg_0_Seg_0","diameter_mm":900.0,"pressure_bar":70.0,"capacity_mcmd":27.39699999999984,"length_km":19.615678,"source":"SciGRID_gas IGGIELGNC-3","source_url":"https://github.com/Netizine/SciGRID_gas-IGGIELGNC-3"}},{"type":"Feature","geometry":{"type":"LineString","coordinates":[[7.129816,52.137442],[6.65794,52.32544]]},"properties":{"kind":"gas_pipeline","name":"PLS_6309_Seg_1_Seg_0_Seg_0_Seg_0","diameter_mm":900.0,"pressure_bar":70.0,"capacity_mcmd":27.6507869420122,"length_km":39.118133,"source":"SciGRID_gas IGGIELGNC-3","source_url":"https://github.com/Netizine/SciGRID_gas-IGGIELGNC-3"}},{"type":"Feature","geometry":{"type":"LineString","coordinates":[[8.868479,47.770212],[8.6492,47.64837]]},"properties":{"kind":"gas_pipeline","name":"PLS_6355_Seg_2_Seg_0_Seg_0_Seg_1","diameter_mm":900.0,"pressure_bar":70.0,"capacity_mcmd":2.0,"length_km":24.527285,"source":"SciGRID_gas IGGIELGNC-3","source_url":"https://github.com/Netizine/SciGRID_gas-IGGIELGNC-3"}},{"type":"Feature","geometry":{"type":"LineString","coordinates":[[15.030811,50.618602],[14.915376,51.136773]]},"properties":{"kind":"gas_pipeline","name":"PLS_6403_Seg_0_Seg_0_Seg_0_Seg_1","diameter_mm":900.0,"pressure_bar":70.0,"capacity_mcmd":27.39699999999984,"length_km":60.657741,"source":"SciGRID_gas IGGIELGNC-3","source_url":"https://github.com/Netizine/SciGRID_gas-IGGIELGNC-3"}},{"type":"Feature","geometry":{"type":"LineString","coordinates":[[5.64438,53.28534],[5.42425,53.20412]]},"properties":{"kind":"gas_pipeline","name":"ST_6603_Seg_0_Seg_0_Seg_1_Seg_0","diameter_mm":900.0,"pressure_bar":70.0,"capacity_mcmd":27.39699999999984,"length_km":17.213061,"source":"SciGRID_gas IGGIELGNC-3","source_url":"https://github.com/Netizine/SciGRID_gas-IGGIELGNC-3"}},{"type":"Feature","geometry":{"type":"LineString","coordinates":[[7.093251,53.412719],[6.8969,53.30282]]},"properties":{"kind":"gas_pipeline","name":"PLS_5316_Seg_1_Seg_0_Seg_0_Seg_0","diameter_mm":900.0,"pressure_bar":70.0,"capacity_mcmd":27.39699999999984,"length_km":17.93639,"source":"SciGRID_gas IGGIELGNC-3","source_url":"https://github.com/Netizine/SciGRID_gas-IGGIELGNC-3"}},{"type":"Feature","geometry":{"type":"LineString","coordinates":[[5.74592,51.0019],[5.83077,51.01792]]},"properties":{"kind":"gas_pipeline","name":"PLS_5309_Seg_1_Seg_0_Seg_0_Seg_0","diameter_mm":900.0,"pressure_bar":70.0,"capacity_mcmd":9.994048350660469,"length_km":6.199755,"source":"SciGRID_gas IGGIELGNC-3","source_url":"https://github.com/Netizine/SciGRID_gas-IGGIELGNC-3"}},{"type":"Feature","geometry":{"type":"LineString","coordinates":[[5.77281,49.47807],[5.91481,49.55627]]},"properties":{"kind":"gas_pipeline","name":"PLS_5546_Seg_0_Seg_0_Seg_0_Seg_0","diameter_mm":900.0,"pressure_bar":70.0,"capacity_mcmd":4.293217953452737,"length_km":13.446436,"source":"SciGRID_gas IGGIELGNC-3","source_url":"https://github.com/Netizine/SciGRID_gas-IGGIELGNC-3"}},{"type":"Feature","geometry":{"type":"LineString","coordinates":[[6.80335,51.99243],[7.01406,51.943899]]},"properties":{"kind":"gas_pipeline","name":"LKD_PS_50_Seg_0_Seg_0_Seg_0","diameter_mm":900.0,"pressure_bar":70.0,"capacity_mcmd":15.71247390341514,"length_km":15.415678,"source":"SciGRID_gas IGGIELGNC-3","source_url":"https://github.com/Netizine/SciGRID_gas-IGGIELGNC-3"}},{"type":"Feature","geometry":{"type":"LineString","coordinates":[[12.059479,47.893174],[12.131762,47.607411]]},"properties":{"kind":"gas_pipeline","name":"LKD_PS_91_Seg_0_Seg_0_Seg_1","diameter_mm":900.0,"pressure_bar":70.0,"capacity_mcmd":2.023442887897806,"length_km":32.70535,"source":"SciGRID_gas IGGIELGNC-3","source_url":"https://github.com/Netizine/SciGRID_gas-IGGIELGNC-3"}},{"type":"Feature","geometry":{"type":"LineString","coordinates":[[7.324345,53.27081],[7.18757,53.2104]]},"properties":{"kind":"gas_pipeline","name":"LKD_PS_130_Seg_0_Seg_0_Seg_0","diameter_mm":900.0,"pressure_bar":100.0,"capacity_mcmd":98.04020670753546,"length_km":11.315639,"source":"SciGRID_gas IGGIELGNC-3","source_url":"https://github.com/Netizine/SciGRID_gas-IGGIELGNC-3"}},{"type":"Feature","geometry":{"type":"LineString","coordinates":[[12.549857,49.663384],[12.135993,49.554659]]},"properties":{"kind":"gas_pipeline","name":"LKD_PS_161_Seg_0_Seg_0_Seg_0","diameter_mm":1100.0,"pressure_bar":80.0,"capacity_mcmd":79.78523282758785,"length_km":34.877946,"source":"SciGRID_gas IGGIELGNC-3","source_url":"https://github.com/Netizine/SciGRID_gas-IGGIELGNC-3"}},{"type":"Feature","geometry":{"type":"LineString","coordinates":[[12.549857,49.663384],[12.382241,49.684671]]},"properties":{"kind":"gas_pipeline","name":"LKD_PS_167_Seg_0_Seg_0_Seg_0","diameter_mm":1200.0,"pressure_bar":80.0,"capacity_mcmd":79.78523282758785,"length_km":12.295263,"source":"SciGRID_gas IGGIELGNC-3","source_url":"https://github.com/Netizine/SciGRID_gas-IGGIELGNC-3"}},{"type":"Feature","geometry":{"type":"LineString","coordinates":[[7.18757,53.2104],[7.423593,53.233796]]},"properties":{"kind":"gas_pipeline","name":"LKD_PS_230_Seg_0_Seg_0_Seg_0","diameter_mm":1332.683107939351,"pressure_bar":70.0,"capacity_mcmd":98.04020670753546,"length_km":15.9319,"source":"SciGRID_gas IGGIELGNC-3","source_url":"https://github.com/Netizine/SciGRID_gas-IGGIELGNC-3"}},{"type":"Feature","geometry":{"type":"LineString","coordinates":[[6.67668,49.50257],[6.32509,49.54096]]},"properties":{"kind":"gas_pipeline","name":"LKD_PS_433_Seg_0_Seg_3_Seg_1","diameter_mm":900.0,"pressure_bar":80.0,"capacity_mcmd":3.3782698650119896,"length_km":25.74345,"source":"SciGRID_gas IGGIELGNC-3","source_url":"https://github.com/Netizine/SciGRID_gas-IGGIELGNC-3"}},{"type":"Feature","geometry":{"type":"LineString","coordinates":[[7.28694,53.314881],[7.18757,53.2104]]},"properties":{"kind":"gas_pipeline","name":"LKD_PS_445_Seg_0_Seg_0_Seg_1","diameter_mm":1000.0,"pressure_bar":84.0,"capacity_mcmd":98.04020670753546,"length_km":13.370336,"source":"SciGRID_gas IGGIELGNC-3","source_url":"https://github.com/Netizine/SciGRID_gas-IGGIELGNC-3"}},{"type":"Feature","geometry":{"type":"LineString","coordinates":[[7.18757,53.2104],[7.049456,52.178836]]},"properties":{"kind":"gas_pipeline","name":"LKD_PS_446_Seg_0_Seg_0_Seg_0","diameter_mm":1200.0,"pressure_bar":84.0,"capacity_mcmd":98.04020670753546,"length_km":121.250632,"source":"SciGRID_gas IGGIELGNC-3","source_url":"https://github.com/Netizine/SciGRID_gas-IGGIELGNC-3"}},{"type":"Feature","geometry":{"type":"LineString","coordinates":[[13.39,50.635],[12.97654,50.09563]]},"properties":{"kind":"gas_pipeline","name":"LKD_PS_1166_Seg_0_Seg_0_Seg_0","diameter_mm":900.0,"pressure_bar":70.0,"capacity_mcmd":8.357698884795287,"length_km":69.163739,"source":"SciGRID_gas IGGIELGNC-3","source_url":"https://github.com/Netizine/SciGRID_gas-IGGIELGNC-3"}},{"type":"Feature","geometry":{"type":"LineString","coordinates":[[14.68007,52.43824],[14.543,52.427]]},"properties":{"kind":"gas_pipeline","name":"INET_PL_273_EE_3_Seg_31_Seg_0_Seg_0_Seg_0","diameter_mm":1420.0,"pressure_bar":84.0,"capacity_mcmd":81.94943695986116,"length_km":9.379258,"source":"SciGRID_gas IGGIELGNC-3","source_url":"https://github.com/Netizine/SciGRID_gas-IGGIELGNC-3"}},{"type":"Feature","geometry":{"type":"LineString","coordinates":[[12.86439,48.19555],[12.740822,48.167435]]},"properties":{"kind":"gas_pipeline","name":"PLS_6367_Seg_0_Seg_0_Seg_0_Seg_0","diameter_mm":900.0,"pressure_bar":70.0,"capacity_mcmd":15.36057079247639,"length_km":9.6833,"source":"SciGRID_gas IGGIELGNC-3","source_url":"https://github.com/Netizine/SciGRID_gas-IGGIELGNC-3"}},{"type":"Feature","geometry":{"type":"LineString","coordinates":[[13.83789,48.5491],[13.71475,48.59774]]},"properties":{"kind":"gas_pipeline","name":"PLL_709_Seg_6_Seg_0_Seg_0_Seg_0","diameter_mm":900.0,"pressure_bar":70.0,"capacity_mcmd":27.39699999999984,"length_km":10.554716,"source":"SciGRID_gas IGGIELGNC-3","source_url":"https://github.com/Netizine/SciGRID_gas-IGGIELGNC-3"}},{"type":"Feature","geometry":{"type":"LineString","coordinates":[[7.344144,53.200758],[7.18757,53.2104]]},"properties":{"kind":"gas_pipeline","name":"PLM_2060_Seg_1_Seg_0_Seg_0_Seg_0","diameter_mm":800.0,"pressure_bar":142.18727672766664,"capacity_mcmd":98.04020670753546,"length_km":10.486044,"source":"SciGRID_gas IGGIELGNC-3","source_url":"https://github.com/Netizine/SciGRID_gas-IGGIELGNC-3"}},{"type":"Feature","geometry":{"type":"LineString","coordinates":[[15.06651,51.23989],[14.915376,51.136773]]},"properties":{"kind":"gas_pipeline","name":"PLS_6248_Seg_2_Seg_0_Seg_0_Seg_0","diameter_mm":900.0,"pressure_bar":70.0,"capacity_mcmd":4.284420375679269,"length_km":15.574539,"source":"SciGRID_gas IGGIELGNC-3","source_url":"https://github.com/Netizine/SciGRID_gas-IGGIELGNC-3"}},{"type":"Feature","geometry":{"type":"LineString","coordinates":[[6.11577,51.90844],[6.123468,51.802895]]},"properties":{"kind":"gas_pipeline","name":"ST_2611_Seg_1_Seg_0_Seg_0_Seg_0","diameter_mm":900.0,"pressure_bar":70.0,"capacity_mcmd":28.82086478588354,"length_km":11.751659,"source":"SciGRID_gas IGGIELGNC-3","source_url":"https://github.com/Netizine/SciGRID_gas-IGGIELGNC-3"}},{"type":"Feature","geometry":{"type":"LineString","coordinates":[[7.3067,49.17171],[7.14587,49.08824]]},"properties":{"kind":"gas_pipeline","name":"PLL_444_Seg_0_Seg_0_Seg_0_Seg_1","diameter_mm":900.0,"pressure_bar":70.0,"capacity_mcmd":53.28692857390006,"length_km":14.940588,"source":"SciGRID_gas IGGIELGNC-3","source_url":"https://github.com/Netizine/SciGRID_gas-IGGIELGNC-3"}},{"type":"Feature","geometry":{"type":"LineString","coordinates":[[6.82606,52.67805],[6.90044,52.589913]]},"properties":{"kind":"gas_pipeline","name":"PLM_2448_Seg_4_Seg_0_Seg_0_Seg_0","diameter_mm":900.0,"pressure_bar":70.0,"capacity_mcmd":6.334255996897481,"length_km":11.014499,"source":"SciGRID_gas IGGIELGNC-3","source_url":"https://github.com/Netizine/SciGRID_gas-IGGIELGNC-3"}},{"type":"Feature","geometry":{"type":"LineString","coordinates":[[13.40411,54.19421],[13.308192,54.050548]]},"properties":{"kind":"gas_pipeline","name":"PLNG_2643_Seg_0_Seg_0_Seg_0_Seg_0","diameter_mm":1400.0,"pressure_bar":100.0,"capacity_mcmd":150.0,"length_km":17.159232,"source":"SciGRID_gas IGGIELGNC-3","source_url":"https://github.com/Netizine/SciGRID_gas-IGGIELGNC-3"}},{"type":"Feature","geometry":{"type":"LineString","coordinates":[[13.173215,54.247802],[13.40411,54.19421]]},"properties":{"kind":"gas_pipeline","name":"PLNG_2642_Seg_2_Seg_0_Seg_0_Seg_0","diameter_mm":1422.0,"pressure_bar":100.0,"capacity_mcmd":54.7945,"length_km":16.155445,"source":"SciGRID_gas IGGIELGNC-3","source_url":"https://github.com/Netizine/SciGRID_gas-IGGIELGNC-3"}},{"type":"Feature","geometry":{"type":"LineString","coordinates":[[14.543,52.427],[14.68007,52.43824]]},"properties":{"kind":"gas_pipeline","name":"ST_2602_Seg_0_Seg_0_Seg_0_Seg_0","diameter_mm":900.0,"pressure_bar":70.0,"capacity_mcmd":81.94943695986116,"length_km":9.379258,"source":"SciGRID_gas IGGIELGNC-3","source_url":"https://github.com/Netizine/SciGRID_gas-IGGIELGNC-3"}},{"type":"Feature","geometry":{"type":"LineString","coordinates":[[6.80335,51.99243],[6.934247,51.937961]]},"properties":{"kind":"gas_pipeline","name":"ST_1012_Seg_5_Seg_0_Seg_0_Seg_0","diameter_mm":900.0,"pressure_bar":70.0,"capacity_mcmd":15.71247390341514,"length_km":10.82503,"source":"SciGRID_gas IGGIELGNC-3","source_url":"https://github.com/Netizine/SciGRID_gas-IGGIELGNC-3"}},{"type":"Feature","geometry":{"type":"LineString","coordinates":[[14.915376,51.136773],[15.06651,51.23989]]},"properties":{"kind":"gas_pipeline","name":"PLM_2281_Seg_1_Seg_0_Seg_0_Seg_0","diameter_mm":900.0,"pressure_bar":70.0,"capacity_mcmd":4.284420375679269,"length_km":15.574539,"source":"SciGRID_gas IGGIELGNC-3","source_url":"https://github.com/Netizine/SciGRID_gas-IGGIELGNC-3"}},{"type":"Feature","geometry":{"type":"LineString","coordinates":[[13.83789,48.5491],[13.71475,48.59774]]},"properties":{"kind":"gas_pipeline","name":"PLNG_2627_Seg_21_Seg_0_Seg_0_Seg_0","diameter_mm":900.0,"pressure_bar":70.0,"capacity_mcmd":27.39699999999984,"length_km":10.554716,"source":"SciGRID_gas IGGIELGNC-3","source_url":"https://github.com/Netizine/SciGRID_gas-IGGIELGNC-3"}},{"type":"Feature","geometry":{"type":"LineString","coordinates":[[14.11717,53.9655],[14.2571,53.86568]]},"properties":{"kind":"gas_pipeline","name":"PLNG_2800_Seg_1_Seg_0_Seg_0_Seg_1","diameter_mm":900.0,"pressure_bar":70.0,"capacity_mcmd":2.0,"length_km":14.398284,"source":"SciGRID_gas IGGIELGNC-3","source_url":"https://github.com/Netizine/SciGRID_gas-IGGIELGNC-3"}},{"type":"Feature","geometry":{"type":"LineString","coordinates":[[13.308192,54.050548],[13.40411,54.19421]]},"properties":{"kind":"gas_pipeline","name":"PLS_5342_Seg_0_Seg_0_Seg_0_Seg_0","diameter_mm":900.0,"pressure_bar":70.0,"capacity_mcmd":27.39699999999984,"length_km":17.159232,"source":"SciGRID_gas IGGIELGNC-3","source_url":"https://github.com/Netizine/SciGRID_gas-IGGIELGNC-3"}},{"type":"Feature","geometry":{"type":"LineString","coordinates":[[14.11717,53.9655],[14.2571,53.86568]]},"properties":{"kind":"gas_pipeline","name":"PLS_5361_Seg_1_Seg_0_Seg_0_Seg_1","diameter_mm":900.0,"pressure_bar":70.0,"capacity_mcmd":2.0,"length_km":14.398284,"source":"SciGRID_gas IGGIELGNC-3","source_url":"https://github.com/Netizine/SciGRID_gas-IGGIELGNC-3"}},{"type":"Feature","geometry":{"type":"LineString","coordinates":[[7.833856,48.523994],[7.75643,48.52908]]},"properties":{"kind":"gas_pipeline","name":"PLS_5640_Seg_0_Seg_0_Seg_0_Seg_0","diameter_mm":900.0,"pressure_bar":70.0,"capacity_mcmd":27.39699999999984,"length_km":5.731536,"source":"SciGRID_gas IGGIELGNC-3","source_url":"https://github.com/Netizine/SciGRID_gas-IGGIELGNC-3"}},{"type":"Feature","geometry":{"type":"LineString","coordinates":[[7.6285,47.51811],[7.673591,47.56344]]},"properties":{"kind":"gas_pipeline","name":"PLS_5745_Seg_0_Seg_0_Seg_0_Seg_0","diameter_mm":900.0,"pressure_bar":70.0,"capacity_mcmd":2.0,"length_km":6.073357,"source":"SciGRID_gas IGGIELGNC-3","source_url":"https://github.com/Netizine/SciGRID_gas-IGGIELGNC-3"}},{"type":"Feature","geometry":{"type":"LineString","coordinates":[[9.59059,47.48454],[9.60101,47.62449]]},"properties":{"kind":"gas_pipeline","name":"PLS_6000_Seg_0_Seg_0_Seg_0_Seg_0","diameter_mm":900.0,"pressure_bar":70.0,"capacity_mcmd":2.2345847544610558,"length_km":15.586255,"source":"SciGRID_gas IGGIELGNC-3","source_url":"https://github.com/Netizine/SciGRID_gas-IGGIELGNC-3"}},{"type":"Feature","geometry":{"type":"LineString","coordinates":[[12.740822,48.167435],[12.818238,48.118827]]},"properties":{"kind":"gas_pipeline","name":"EntsoG_Map__ST_127_Seg_0","diameter_mm":900.0,"pressure_bar":70.0,"capacity_mcmd":26.383935742632698,"length_km":7.889667,"source":"SciGRID_gas IGGIELGNC-3","source_url":"https://github.com/Netizine/SciGRID_gas-IGGIELGNC-3"}},{"type":"Feature","geometry":{"type":"LineString","coordinates":[[5.64438,53.28534],[5.591154,53.345789]]},"properties":{"kind":"gas_pipeline","name":"EntsoG_Map__ST_398_Seg_0","diameter_mm":900.0,"pressure_bar":70.0,"capacity_mcmd":27.39699999999984,"length_km":7.597224,"source":"SciGRID_gas IGGIELGNC-3","source_url":"https://github.com/Netizine/SciGRID_gas-IGGIELGNC-3"}},{"type":"Feature","geometry":{"type":"LineString","coordinates":[[6.131469,51.603189],[6.010654,51.583996]]},"properties":{"kind":"gas_pipeline","name":"EntsoG_Map__ST_492_Seg_0","diameter_mm":900.0,"pressure_bar":70.0,"capacity_mcmd":27.39699999999984,"length_km":8.616943,"source":"SciGRID_gas IGGIELGNC-3","source_url":"https://github.com/Netizine/SciGRID_gas-IGGIELGNC-3"}},{"type":"Feature","geometry":{"type":"LineString","coordinates":[[9.5783,47.36242],[9.729883,47.400157]]},"properties":{"kind":"gas_pipeline","name":"EntsoG_Map__ST_749_Seg_0","diameter_mm":900.0,"pressure_bar":70.0,"capacity_mcmd":27.39699999999984,"length_km":12.163737,"source":"SciGRID_gas IGGIELGNC-3","source_url":"https://github.com/Netizine/SciGRID_gas-IGGIELGNC-3"}},{"type":"Feature","geometry":{"type":"LineString","coordinates":[[5.03325,51.41228],[4.925052,51.52898]]},"properties":{"kind":"gas_pipeline","name":"EntsoG_Map__ST_883_Seg_0","diameter_mm":900.0,"pressure_bar":70.0,"capacity_mcmd":27.39699999999984,"length_km":14.989805,"source":"SciGRID_gas IGGIELGNC-3","source_url":"https://github.com/Netizine/SciGRID_gas-IGGIELGNC-3"}},{"type":"Feature","geometry":{"type":"LineString","coordinates":[[5.8817,49.98982],[5.72155,50.079294]]},"properties":{"kind":"gas_pipeline","name":"EntsoG_Map__ST_888_Seg_0","diameter_mm":900.0,"pressure_bar":70.0,"capacity_mcmd":4.293217953452737,"length_km":15.164626,"source":"SciGRID_gas IGGIELGNC-3","source_url":"https://github.com/Netizine/SciGRID_gas-IGGIELGNC-3"}},{"type":"Feature","geometry":{"type":"LineString","coordinates":[[13.173215,54.247802],[13.156426,54.393733]]},"properties":{"kind":"gas_pipeline","name":"EntsoG_Map__ST_931_Seg_0","diameter_mm":900.0,"pressure_bar":70.0,"capacity_mcmd":27.39699999999984,"length_km":16.268382,"source":"SciGRID_gas IGGIELGNC-3","source_url":"https://github.com/Netizine/SciGRID_gas-IGGIELGNC-3"}},{"type":"Feature","geometry":{"type":"LineString","coordinates":[[9.76448,47.22211],[9.541638,47.148053]]},"properties":{"kind":"gas_pipeline","name":"EntsoG_Map__ST_1009_Seg_0","diameter_mm":900.0,"pressure_bar":70.0,"capacity_mcmd":27.39699999999984,"length_km":18.751945,"source":"SciGRID_gas IGGIELGNC-3","source_url":"https://github.com/Netizine/SciGRID_gas-IGGIELGNC-3"}},{"type":"Feature","geometry":{"type":"LineString","coordinates":[[6.8876,49.08958],[7.011397,49.240326]]},"properties":{"kind":"gas_pipeline","name":"EntsoG_Map__ST_1016_Seg_0","diameter_mm":900.0,"pressure_bar":70.0,"capacity_mcmd":27.39699999999984,"length_km":19.032022,"source":"SciGRID_gas IGGIELGNC-3","source_url":"https://github.com/Netizine/SciGRID_gas-IGGIELGNC-3"}},{"type":"Feature","geometry":{"type":"LineString","coordinates":[[12.83699,55.89192],[13.038301,56.025904]]},"properties":{"kind":"gas_pipeline","name":"EntsoG_Map__ST_1021_Seg_0","diameter_mm":900.0,"pressure_bar":70.0,"capacity_mcmd":27.39699999999984,"length_km":19.473481,"source":"SciGRID_gas IGGIELGNC-3","source_url":"https://github.com/Netizine/SciGRID_gas-IGGIELGNC-3"}},{"type":"Feature","geometry":{"type":"LineString","coordinates":[[6.36142,49.6477],[6.686274,49.762455]]},"properties":{"kind":"gas_pipeline","name":"EntsoG_Map__ST_1158_Seg_0","diameter_mm":900.0,"pressure_bar":70.0,"capacity_mcmd":27.39699999999984,"length_km":26.62706,"source":"SciGRID_gas IGGIELGNC-3","source_url":"https://github.com/Netizine/SciGRID_gas-IGGIELGNC-3"}},{"type":"Feature","geometry":{"type":"LineString","coordinates":[[12.60836,47.49298],[12.875786,47.737397]]},"properties":{"kind":"gas_pipeline","name":"EntsoG_Map__ST_1227_Seg_1","diameter_mm":900.0,"pressure_bar":70.0,"capacity_mcmd":27.39699999999984,"length_km":33.781288,"source":"SciGRID_gas IGGIELGNC-3","source_url":"https://github.com/Netizine/SciGRID_gas-IGGIELGNC-3"}},{"type":"Feature","geometry":{"type":"LineString","coordinates":[[9.28849,54.64867],[8.727666,54.614689]]},"properties":{"kind":"gas_pipeline","name":"EntsoG_Map__ST_1243_Seg_1","diameter_mm":900.0,"pressure_bar":70.0,"capacity_mcmd":27.39699999999984,"length_km":36.304837,"source":"SciGRID_gas IGGIELGNC-3","source_url":"https://github.com/Netizine/SciGRID_gas-IGGIELGNC-3"}},{"type":"Feature","geometry":{"type":"LineString","coordinates":[[11.56079,55.46083],[11.681735,55.078021]]},"properties":{"kind":"gas_pipeline","name":"EntsoG_Map__ST_1280_Seg_2","diameter_mm":900.0,"pressure_bar":70.0,"capacity_mcmd":27.39699999999984,"length_km":43.264036,"source":"SciGRID_gas IGGIELGNC-3","source_url":"https://github.com/Netizine/SciGRID_gas-IGGIELGNC-3"}},{"type":"Feature","geometry":{"type":"LineString","coordinates":[[6.83902,53.4103],[6.86719,53.44087]]},"properties":{"kind":"gas_pipeline","name":"EntsoG_Map__ST_42_78_Seg_0","diameter_mm":900.0,"pressure_bar":70.0,"capacity_mcmd":27.39699999999984,"length_km":3.879163,"source":"SciGRID_gas IGGIELGNC-3","source_url":"https://github.com/Netizine/SciGRID_gas-IGGIELGNC-3"}},{"type":"Feature","geometry":{"type":"LineString","coordinates":[[6.8969,53.30282],[6.9542,53.3187]]},"properties":{"kind":"gas_pipeline","name":"EntsoG_Map__ST_55_63_Seg_0","diameter_mm":900.0,"pressure_bar":70.0,"capacity_mcmd":27.39699999999984,"length_km":4.197699,"source":"SciGRID_gas IGGIELGNC-3","source_url":"https://github.com/Netizine/SciGRID_gas-IGGIELGNC-3"}},{"type":"Feature","geometry":{"type":"LineString","coordinates":[[5.74592,51.0019],[5.7911,50.9721]]},"properties":{"kind":"gas_pipeline","name":"EntsoG_Map__ST_74_89_Seg_0","diameter_mm":900.0,"pressure_bar":70.0,"capacity_mcmd":9.994048350660469,"length_km":4.581955,"source":"SciGRID_gas IGGIELGNC-3","source_url":"https://github.com/Netizine/SciGRID_gas-IGGIELGNC-3"}},{"type":"Feature","geometry":{"type":"LineString","coordinates":[[12.875786,47.737397],[13.038,47.8092]]},"properties":{"kind":"gas_pipeline","name":"EntsoG_Map__ST_230_62_Seg_0","diameter_mm":900.0,"pressure_bar":70.0,"capacity_mcmd":27.39699999999984,"length_km":14.51994,"source":"SciGRID_gas IGGIELGNC-3","source_url":"https://github.com/Netizine/SciGRID_gas-IGGIELGNC-3"}},{"type":"Feature","geometry":{"type":"LineString","coordinates":[[28.179075,59.379693],[13.655607,54.151055]]},"properties":{"kind":"gas_pipeline","name":"INET_PL_1004_EE_0_Seg_0_Seg_0_Seg_0","diameter_mm":1153.0,"pressure_bar":220.0,"capacity_mcmd":153.25380481382516,"length_km":1188.938625,"source":"SciGRID_gas IGGIELGNC-3","source_url":"https://github.com/Netizine/SciGRID_gas-IGGIELGNC-3"}},{"type":"Feature","geometry":{"type":"LineString","coordinates":[[14.42764,48.52271],[13.751863,48.55443]]},"properties":{"kind":"gas_pipeline","name":"ST_972_Seg_0_Seg_0_Seg_0","diameter_mm":1200.0,"pressure_bar":90.0,"capacity_mcmd":21.35172125620859,"length_km":49.893702,"source":"SciGRID_gas IGGIELGNC-3","source_url":"https://github.com/Netizine/SciGRID_gas-IGGIELGNC-3"}},{"type":"Feature","geometry":{"type":"LineString","coordinates":[[15.5944,52.44416],[14.543,52.427]]},"properties":{"kind":"gas_pipeline","name":"PLL_705_Seg_0_Seg_0_Seg_0","diameter_mm":1420.0,"pressure_bar":84.0,"capacity_mcmd":81.94943695986116,"length_km":72.271266,"source":"SciGRID_gas IGGIELGNC-3","source_url":"https://github.com/Netizine/SciGRID_gas-IGGIELGNC-3"}},{"type":"Feature","geometry":{"type":"LineString","coordinates":[[6.56263,52.67874],[6.86676,52.72223]]},"properties":{"kind":"gas_pipeline","name":"PLS_5174_Seg_0_Seg_0_Seg_0","diameter_mm":900.0,"pressure_bar":70.0,"capacity_mcmd":27.39699999999984,"length_km":23.218666,"source":"SciGRID_gas IGGIELGNC-3","source_url":"https://github.com/Netizine/SciGRID_gas-IGGIELGNC-3"}},{"type":"Feature","geometry":{"type":"LineString","coordinates":[[9.00524,47.47335],[9.31484,47.46299]]},"properties":{"kind":"gas_pipeline","name":"PLS_5735_Seg_0_Seg_0_Seg_0","diameter_mm":900.0,"pressure_bar":70.0,"capacity_mcmd":27.39699999999984,"length_km":24.770477,"source":"SciGRID_gas IGGIELGNC-3","source_url":"https://github.com/Netizine/SciGRID_gas-IGGIELGNC-3"}},{"type":"Feature","geometry":{"type":"LineString","coordinates":[[4.67532,55.91725],[8.18126,55.69908]]},"properties":{"kind":"gas_pipeline","name":"NSG_6651_Seg_0_Seg_0_Seg_0","diameter_mm":900.0,"pressure_bar":70.0,"capacity_mcmd":34.83840798293615,"length_km":225.332814,"source":"SciGRID_gas IGGIELGNC-3","source_url":"https://github.com/Netizine/SciGRID_gas-IGGIELGNC-3"}},{"type":"Feature","geometry":{"type":"LineString","coordinates":[[5.98559,50.7936],[5.84567,50.90342]]},"properties":{"kind":"gas_pipeline","name":"PLM_1849_Seg_0_Seg_0_Seg_0_Seg_1","diameter_mm":900.0,"pressure_bar":70.0,"capacity_mcmd":2.0,"length_km":15.676966,"source":"SciGRID_gas IGGIELGNC-3","source_url":"https://github.com/Netizine/SciGRID_gas-IGGIELGNC-3"}},{"type":"Feature","geometry":{"type":"LineString","coordinates":[[9.2489,55.57256],[9.3358,55.38001]]},"properties":{"kind":"gas_pipeline","name":"PLM_1441_Seg_0_Seg_0_Seg_0_Seg_0","diameter_mm":900.0,"pressure_bar":70.0,"capacity_mcmd":27.39699999999984,"length_km":22.378997,"source":"SciGRID_gas IGGIELGNC-3","source_url":"https://github.com/Netizine/SciGRID_gas-IGGIELGNC-3"}},{"type":"Feature","geometry":{"type":"LineString","coordinates":[[9.3358,55.38001],[9.28109,54.803874]]},"properties":{"kind":"gas_pipeline","name":"PLM_1441_Seg_0_Seg_0_Seg_1_Seg_0","diameter_mm":900.0,"pressure_bar":70.0,"capacity_mcmd":10.249178106091062,"length_km":66.262714,"source":"SciGRID_gas IGGIELGNC-3","source_url":"https://github.com/Netizine/SciGRID_gas-IGGIELGNC-3"}},{"type":"Feature","geometry":{"type":"LineString","coordinates":[[5.11676,51.52743],[5.2572,51.56386]]},"properties":{"kind":"gas_pipeline","name":"PLL_850_Seg_2_Seg_0_Seg_0_Seg_1","diameter_mm":900.0,"pressure_bar":70.0,"capacity_mcmd":56.480449305669204,"length_km":10.525852,"source":"SciGRID_gas IGGIELGNC-3","source_url":"https://github.com/Netizine/SciGRID_gas-IGGIELGNC-3"}},{"type":"Feature","geometry":{"type":"LineString","coordinates":[[6.12893,51.31844],[6.06427,51.31603]]},"properties":{"kind":"gas_pipeline","name":"PLS_4529_Seg_3_Seg_0_Seg_0_Seg_2","diameter_mm":900.0,"pressure_bar":70.0,"capacity_mcmd":2.0,"length_km":4.503118,"source":"SciGRID_gas IGGIELGNC-3","source_url":"https://github.com/Netizine/SciGRID_gas-IGGIELGNC-3"}},{"type":"Feature","geometry":{"type":"LineString","coordinates":[[5.8817,49.98982],[6.07831,49.80075]]},"properties":{"kind":"gas_pipeline","name":"PLM_1852_Seg_2_Seg_0_Seg_1_Seg_0","diameter_mm":900.0,"pressure_bar":70.0,"capacity_mcmd":4.293217953452737,"length_km":25.317682,"source":"SciGRID_gas IGGIELGNC-3","source_url":"https://github.com/Netizine/SciGRID_gas-IGGIELGNC-3"}},{"type":"Feature","geometry":{"type":"LineString","coordinates":[[6.07831,49.80075],[6.09922,49.56037]]},"properties":{"kind":"gas_pipeline","name":"PLM_1852_Seg_2_Seg_0_Seg_2_Seg_0","diameter_mm":900.0,"pressure_bar":70.0,"capacity_mcmd":27.39699999999984,"length_km":29.269092,"source":"SciGRID_gas IGGIELGNC-3","source_url":"https://github.com/Netizine/SciGRID_gas-IGGIELGNC-3"}},{"type":"Feature","geometry":{"type":"LineString","coordinates":[[5.71986,49.62637],[5.57065,49.74003]]},"properties":{"kind":"gas_pipeline","name":"PLM_1854_Seg_1_Seg_0_Seg_1_Seg_0","diameter_mm":900.0,"pressure_bar":70.0,"capacity_mcmd":27.39699999999984,"length_km":16.587317,"source":"SciGRID_gas IGGIELGNC-3","source_url":"https://github.com/Netizine/SciGRID_gas-IGGIELGNC-3"}},{"type":"Feature","geometry":{"type":"LineString","coordinates":[[5.57065,49.74003],[5.40879,49.95145]]},"properties":{"kind":"gas_pipeline","name":"PLM_1854_Seg_1_Seg_0_Seg_2_Seg_0","diameter_mm":900.0,"pressure_bar":70.0,"capacity_mcmd":27.39699999999984,"length_km":28.190214,"source":"SciGRID_gas IGGIELGNC-3","source_url":"https://github.com/Netizine/SciGRID_gas-IGGIELGNC-3"}},{"type":"Feature","geometry":{"type":"LineString","coordinates":[[5.40879,49.95145],[5.3482,50.14605]]},"properties":{"kind":"gas_pipeline","name":"PLM_1854_Seg_1_Seg_0_Seg_3_Seg_0","diameter_mm":900.0,"pressure_bar":70.0,"capacity_mcmd":27.39699999999984,"length_km":22.08095,"source":"SciGRID_gas IGGIELGNC-3","source_url":"https://github.com/Netizine/SciGRID_gas-IGGIELGNC-3"}},{"type":"Feature","geometry":{"type":"LineString","coordinates":[[5.3482,50.14605],[5.26099,50.31299]]},"properties":{"kind":"gas_pipeline","name":"PLM_1854_Seg_1_Seg_0_Seg_4_Seg_0","diameter_mm":900.0,"pressure_bar":70.0,"capacity_mcmd":27.39699999999984,"length_km":19.679818,"source":"SciGRID_gas IGGIELGNC-3","source_url":"https://github.com/Netizine/SciGRID_gas-IGGIELGNC-3"}},{"type":"Feature","geometry":{"type":"LineString","coordinates":[[6.65794,52.32544],[6.38615,52.47225]]},"properties":{"kind":"gas_pipeline","name":"PLS_6309_Seg_1_Seg_0_Seg_2_Seg_0","diameter_mm":900.0,"pressure_bar":70.0,"capacity_mcmd":27.39699999999984,"length_km":25.146649,"source":"SciGRID_gas IGGIELGNC-3","source_url":"https://github.com/Netizine/SciGRID_gas-IGGIELGNC-3"}},{"type":"Feature","geometry":{"type":"LineString","coordinates":[[8.6492,47.64837],[8.58743,47.50528]]},"properties":{"kind":"gas_pipeline","name":"PLS_6355_Seg_2_Seg_0_Seg_1_Seg_0","diameter_mm":900.0,"pressure_bar":70.0,"capacity_mcmd":2.0,"length_km":16.591157,"source":"SciGRID_gas IGGIELGNC-3","source_url":"https://github.com/Netizine/SciGRID_gas-IGGIELGNC-3"}},{"type":"Feature","geometry":{"type":"LineString","coordinates":[[5.86534,53.36616],[5.64438,53.28534]]},"properties":{"kind":"gas_pipeline","name":"ST_6603_Seg_0_Seg_0_Seg_0_Seg_0","diameter_mm":900.0,"pressure_bar":70.0,"capacity_mcmd":27.39699999999984,"length_km":17.213099,"source":"SciGRID_gas IGGIELGNC-3","source_url":"https://github.com/Netizine/SciGRID_gas-IGGIELGNC-3"}},{"type":"Feature","geometry":{"type":"LineString","coordinates":[[12.382241,49.684671],[12.048434,49.591261]]},"properties":{"kind":"gas_pipeline","name":"LKD_PS_167_Seg_0_Seg_1_Seg_0","diameter_mm":1200.0,"pressure_bar":80.0,"capacity_mcmd":90.789101532,"length_km":26.194195,"source":"SciGRID_gas IGGIELGNC-3","source_url":"https://github.com/Netizine/SciGRID_gas-IGGIELGNC-3"}},{"type":"Feature","geometry":{"type":"LineString","coordinates":[[12.048434,49.591261],[11.165275,49.371161]]},"properties":{"kind":"gas_pipeline","name":"LKD_PS_167_Seg_0_Seg_1_Seg_2","diameter_mm":1200.0,"pressure_bar":80.0,"capacity_mcmd":90.789101532,"length_km":68.92297,"source":"SciGRID_gas IGGIELGNC-3","source_url":"https://github.com/Netizine/SciGRID_gas-IGGIELGNC-3"}},{"type":"Feature","geometry":{"type":"LineString","coordinates":[[7.423593,53.233796],[7.485275,53.26013]]},"properties":{"kind":"gas_pipeline","name":"LKD_PS_230_Seg_0_Seg_0_Seg_1","diameter_mm":873.9720421325028,"pressure_bar":70.0,"capacity_mcmd":33.97624536113621,"length_km":5.04316,"source":"SciGRID_gas IGGIELGNC-3","source_url":"https://github.com/Netizine/SciGRID_gas-IGGIELGNC-3"}},{"type":"Feature","geometry":{"type":"LineString","coordinates":[[7.643662,49.404181],[7.027709,49.463112]]},"properties":{"kind":"gas_pipeline","name":"LKD_PS_433_Seg_0_Seg_0_Seg_0","diameter_mm":900.0,"pressure_bar":80.0,"capacity_mcmd":44.34948622782221,"length_km":45.03497,"source":"SciGRID_gas IGGIELGNC-3","source_url":"https://github.com/Netizine/SciGRID_gas-IGGIELGNC-3"}},{"type":"Feature","geometry":{"type":"LineString","coordinates":[[7.027709,49.463112],[6.67668,49.50257]]},"properties":{"kind":"gas_pipeline","name":"LKD_PS_433_Seg_0_Seg_2_Seg_0","diameter_mm":900.0,"pressure_bar":80.0,"capacity_mcmd":44.34948622782221,"length_km":25.743381,"source":"SciGRID_gas IGGIELGNC-3","source_url":"https://github.com/Netizine/SciGRID_gas-IGGIELGNC-3"}},{"type":"Feature","geometry":{"type":"LineString","coordinates":[[7.275472,53.472621],[7.28694,53.314881]]},"properties":{"kind":"gas_pipeline","name":"LKD_PS_445_Seg_0_Seg_0_Seg_0","diameter_mm":1000.0,"pressure_bar":84.0,"capacity_mcmd":130.3449122917126,"length_km":17.583919,"source":"SciGRID_gas IGGIELGNC-3","source_url":"https://github.com/Netizine/SciGRID_gas-IGGIELGNC-3"}},{"type":"Feature","geometry":{"type":"LineString","coordinates":[[7.049456,52.178836],[7.439963,51.755052]]},"properties":{"kind":"gas_pipeline","name":"LKD_PS_446_Seg_0_Seg_6_Seg_0","diameter_mm":1200.0,"pressure_bar":84.0,"capacity_mcmd":90.789101532,"length_km":59.80004,"source":"SciGRID_gas IGGIELGNC-3","source_url":"https://github.com/Netizine/SciGRID_gas-IGGIELGNC-3"}},{"type":"Feature","geometry":{"type":"LineString","coordinates":[[7.439963,51.755052],[7.640443,51.679284]]},"properties":{"kind":"gas_pipeline","name":"LKD_PS_446_Seg_0_Seg_9_Seg_0","diameter_mm":1200.0,"pressure_bar":84.0,"capacity_mcmd":90.789101532,"length_km":16.257894,"source":"SciGRID_gas IGGIELGNC-3","source_url":"https://github.com/Netizine/SciGRID_gas-IGGIELGNC-3"}},{"type":"Feature","geometry":{"type":"LineString","coordinates":[[9.60101,47.62449],[9.559552,47.966708]]},"properties":{"kind":"gas_pipeline","name":"LKD_PS_1028_Seg_0_Seg_0_Seg_0","diameter_mm":700.0,"pressure_bar":67.0,"capacity_mcmd":2.2345847544610558,"length_km":41.850926,"source":"SciGRID_gas IGGIELGNC-3","source_url":"https://github.com/Netizine/SciGRID_gas-IGGIELGNC-3"}},{"type":"Feature","geometry":{"type":"LineString","coordinates":[[12.97654,50.09563],[12.549857,49.663384]]},"properties":{"kind":"gas_pipeline","name":"LKD_PS_1166_Seg_0_Seg_3_Seg_0","diameter_mm":900.0,"pressure_bar":70.0,"capacity_mcmd":79.78523282758785,"length_km":56.981151,"source":"SciGRID_gas IGGIELGNC-3","source_url":"https://github.com/Netizine/SciGRID_gas-IGGIELGNC-3"}},{"type":"Feature","geometry":{"type":"LineString","coordinates":[[13.71475,48.59774],[13.34393,48.74288]]},"properties":{"kind":"gas_pipeline","name":"PLL_709_Seg_6_Seg_0_Seg_0_Seg_1","diameter_mm":900.0,"pressure_bar":70.0,"capacity_mcmd":27.39699999999984,"length_km":31.66332,"source":"SciGRID_gas IGGIELGNC-3","source_url":"https://github.com/Netizine/SciGRID_gas-IGGIELGNC-3"}},{"type":"Feature","geometry":{"type":"LineString","coordinates":[[13.34393,48.74288],[13.09553,48.83897]]},"properties":{"kind":"gas_pipeline","name":"PLL_709_Seg_6_Seg_0_Seg_2_Seg_0","diameter_mm":900.0,"pressure_bar":70.0,"capacity_mcmd":27.39699999999984,"length_km":21.108457,"source":"SciGRID_gas IGGIELGNC-3","source_url":"https://github.com/Netizine/SciGRID_gas-IGGIELGNC-3"}},{"type":"Feature","geometry":{"type":"LineString","coordinates":[[13.09553,48.83897],[12.846168,48.934533]]},"properties":{"kind":"gas_pipeline","name":"PLL_709_Seg_6_Seg_3_Seg_0_Seg_0","diameter_mm":900.0,"pressure_bar":70.0,"capacity_mcmd":27.39699999999984,"length_km":21.109561,"source":"SciGRID_gas IGGIELGNC-3","source_url":"https://github.com/Netizine/SciGRID_gas-IGGIELGNC-3"}},{"type":"Feature","geometry":{"type":"LineString","coordinates":[[7.468072,49.25495],[7.3067,49.17171]]},"properties":{"kind":"gas_pipeline","name":"PLL_444_Seg_0_Seg_0_Seg_0_Seg_0","diameter_mm":900.0,"pressure_bar":70.0,"capacity_mcmd":53.28692857390006,"length_km":14.940151,"source":"SciGRID_gas IGGIELGNC-3","source_url":"https://github.com/Netizine/SciGRID_gas-IGGIELGNC-3"}},{"type":"Feature","geometry":{"type":"LineString","coordinates":[[13.71475,48.59774],[13.34393,48.74288]]},"properties":{"kind":"gas_pipeline","name":"PLNG_2627_Seg_21_Seg_0_Seg_0_Seg_1","diameter_mm":900.0,"pressure_bar":70.0,"capacity_mcmd":27.39699999999984,"length_km":31.66332,"source":"SciGRID_gas IGGIELGNC-3","source_url":"https://github.com/Netizine/SciGRID_gas-IGGIELGNC-3"}},{"type":"Feature","geometry":{"type":"LineString","coordinates":[[13.34393,48.74288],[13.09553,48.83897]]},"properties":{"kind":"gas_pipeline","name":"PLNG_2627_Seg_21_Seg_0_Seg_2_Seg_0","diameter_mm":900.0,"pressure_bar":70.0,"capacity_mcmd":27.39699999999984,"length_km":21.108457,"source":"SciGRID_gas IGGIELGNC-3","source_url":"https://github.com/Netizine/SciGRID_gas-IGGIELGNC-3"}},{"type":"Feature","geometry":{"type":"LineString","coordinates":[[13.09553,48.83897],[12.846168,48.934533]]},"properties":{"kind":"gas_pipeline","name":"PLNG_2627_Seg_21_Seg_3_Seg_0_Seg_0","diameter_mm":900.0,"pressure_bar":70.0,"capacity_mcmd":27.39699999999984,"length_km":21.109561,"source":"SciGRID_gas IGGIELGNC-3","source_url":"https://github.com/Netizine/SciGRID_gas-IGGIELGNC-3"}},{"type":"Feature","geometry":{"type":"LineString","coordinates":[[13.97656,54.065147],[14.11717,53.9655]]},"properties":{"kind":"gas_pipeline","name":"PLNG_2800_Seg_1_Seg_0_Seg_0_Seg_0","diameter_mm":900.0,"pressure_bar":70.0,"capacity_mcmd":27.39699999999984,"length_km":14.397822,"source":"SciGRID_gas IGGIELGNC-3","source_url":"https://github.com/Netizine/SciGRID_gas-IGGIELGNC-3"}},{"type":"Feature","geometry":{"type":"LineString","coordinates":[[13.97656,54.065147],[14.11717,53.9655]]},"properties":{"kind":"gas_pipeline","name":"PLS_5361_Seg_1_Seg_0_Seg_0_Seg_0","diameter_mm":900.0,"pressure_bar":70.0,"capacity_mcmd":27.39699999999984,"length_km":14.397822,"source":"SciGRID_gas IGGIELGNC-3","source_url":"https://github.com/Netizine/SciGRID_gas-IGGIELGNC-3"}},{"type":"Feature","geometry":{"type":"LineString","coordinates":[[5.769684,59.201124],[7.25666,53.94168]]},"properties":{"kind":"gas_pipeline","name":"NO_PS_21_Seg_0_Seg_0_Seg_0","diameter_mm":1067.0,"pressure_bar":49.0,"capacity_mcmd":65.7534,"length_km":700.955898,"source":"SciGRID_gas IGGIELGNC-3","source_url":"https://github.com/Netizine/SciGRID_gas-IGGIELGNC-3"}}]}