{"type":"FeatureCollection","features":[{"type":"Feature","geometry":{"type":"LineString","coordinates":[[10.033476635279385,53.625693742082916],[10.033891565277292,53.626681310195664],[10.03393416009159,53.62693857027627],[10.03388193784548,53.627376461752476]]},"properties":{"kind":"rail_tunnel","name":"Tunnel","length_m":191.0,"route":"1239","state":"Hamburg","crossing_type":null,"source":"DB InfraGO infrastructure data","source_url":"https://data.gov.de/suche/daten/infrastrukturdaten-der-db-infrago"}},{"type":"Feature","geometry":{"type":"LineString","coordinates":[[10.004981688344209,53.55559740418768],[10.003914720378335,53.55615015575431],[10.003265733432448,53.556404483695566],[10.001994764215407,53.556714137379394],[10.00126010575429,53.55679840165423],[10.00048883257857,53.55680141695815],[9.999555223611349,53.5567081417189],[9.99890966296619,53.55656304974991],[9.998377341276884,53.556395198545125],[9.997743905513033,53.55610986722118],[9.997117029353653,53.55569351628261],[9.996607051847166,53.55516363129369],[9.995946789085457,53.55406293201123],[9.995334792855475,53.5532926538721],[9.99441995361713,53.55258759087939],[9.993875302021,53.552282657373134],[9.993266725542219,53.552015937855536],[9.987472711703333,53.54988821080544],[9.986023118360654,53.54964110925923],[9.983063410220462,53.549341206434924],[9.981639055968959,53.54909563213665],[9.981006171167952,53.548867462841045],[9.980425224770585,53.54859007771405],[9.978280682907656,53.54736586543129],[9.977011616824544,53.546910957324044],[9.97490343772101,53.54648123094976],[9.972724349389113,53.5462069302635],[9.971986645069832,53.54618531399971],[9.971039034629266,53.54623977258517],[9.969771044318144,53.54644400228018],[9.968329906957278,53.54675852997469],[9.966976069076699,53.54718699043346],[9.965156948748426,53.548027842356845],[9.963883854372419,53.54853952856504],[9.963227591827414,53.548775645564206],[9.96182797319678,53.54914915223902],[9.960355932617388,53.549402898047845],[9.958851457115182,53.5495769167822],[9.955847347090128,53.5497184746327],[9.954364375846046,53.54969167175519],[9.952852258356508,53.54958777793857],[9.947076002788139,53.54868731827918],[9.945668333261924,53.5483868542889],[9.944909905515809,53.548162562247875],[9.9418437833615,53.54705046655774],[9.940878030952009,53.54687166007644],[9.94040849075397,53.54682984065728],[9.939077033251944,53.5468692917557],[9.937962914686404,53.54708664124336],[9.937251802768765,53.54733704532809],[9.93670413641461,53.54761033310887],[9.935976381559572,53.548281430983316],[9.935717645534872,53.54863892280227],[9.935122236610633,53.55027387392081]]},"properties":{"kind":"rail_tunnel","name":"Tunnel","length_m":5512.0,"route":"1270","state":"Hamburg","crossing_type":null,"source":"DB InfraGO infrastructure data","source_url":"https://data.gov.de/suche/daten/infrastrukturdaten-der-db-infrago"}},{"type":"Feature","geometry":{"type":"LineString","coordinates":[[9.99718014905342,53.46657821954267],[9.998564347474357,53.46368845913241],[9.998795746458802,53.463115857171985],[9.999021159461297,53.462372795140105],[9.999175079867836,53.461398360573796],[9.999187152046007,53.46058865144213],[9.999074422795236,53.46000848485943],[9.998829374785032,53.45942014828205],[9.998482940159226,53.45889877067857],[9.99788935638224,53.458277391041925],[9.997055432414639,53.45768005441899],[9.99635253845251,53.45734532446859],[9.995581781918132,53.45708395630729],[9.994327067003772,53.456846876308454],[9.993366846916166,53.45679856178309],[9.992209172751231,53.456865232700125],[9.990531571223546,53.457092138992884],[9.989333147546235,53.45744577592936],[9.988505697221187,53.45784217454513],[9.986348941278186,53.45916282629657],[9.985566593850084,53.459533726206445],[9.98494127291218,53.459759001528404],[9.983431058380537,53.46021312047756],[9.982256553609663,53.46048780840863],[9.978415644873586,53.46098567765021],[9.97737032329088,53.461216774843315],[9.976319963357334,53.46164098577272],[9.973476751354752,53.46298856238876],[9.972210674498285,53.46341639321709],[9.970890910926295,53.463685845100564],[9.966016940714121,53.46433676502288],[9.965371888187462,53.464462656368944],[9.964733510646418,53.4646545773978],[9.964064255239208,53.4649508756678],[9.963144074380393,53.46544985723552],[9.960443174889404,53.466678174218785],[9.957285920116432,53.468243013072104],[9.956431387664397,53.46871812543367],[9.954884854654475,53.469710878883184],[9.953945630396877,53.47024627453867]]},"properties":{"kind":"rail_tunnel","name":"S-Bahn-Tunnel Hamburg - Harburg","length_m":4409.0,"route":"1271","state":"Hamburg","crossing_type":null,"source":"DB InfraGO infrastructure data","source_url":"https://data.gov.de/suche/daten/infrastrukturdaten-der-db-infrago"}},{"type":"Feature","geometry":{"type":"LineString","coordinates":[[8.055884754653905,53.58690749171871],[8.056192702385973,53.58702110222631]]},"properties":{"kind":"rail_tunnel","name":"Galeriebauw. Sengw. 8","length_m":2278.0,"route":"1552","state":"Niedersachsen","crossing_type":null,"source":"DB InfraGO infrastructure data","source_url":"https://data.gov.de/suche/daten/infrastrukturdaten-der-db-infrago"}},{"type":"Feature","geometry":{"type":"LineString","coordinates":[[9.702229964031062,52.460673831066856],[9.70114528511793,52.46033593188345],[9.700040127306895,52.45974466012315],[9.699565997743866,52.459403646158975],[9.698783586173974,52.458716555784335],[9.69808366449909,52.45800864375593]]},"properties":{"kind":"rail_tunnel","name":"Flughafenbahnhof","length_m":418.0,"route":"1713","state":"Niedersachsen","crossing_type":null,"source":"DB InfraGO infrastructure data","source_url":"https://data.gov.de/suche/daten/infrastrukturdaten-der-db-infrago"}},{"type":"Feature","geometry":{"type":"LineString","coordinates":[[9.868501275377845,52.13652898858301],[9.877792737804123,52.11014928558119],[9.878817712406677,52.10752514485921],[9.880310198644779,52.1042091301693]]},"properties":{"kind":"rail_tunnel","name":"Escherberg-Tunnel","length_m":3687.0,"route":"1733","state":"Niedersachsen","crossing_type":null,"source":"DB InfraGO infrastructure data","source_url":"https://data.gov.de/suche/daten/infrastrukturdaten-der-db-infrago"}},{"type":"Feature","geometry":{"type":"LineString","coordinates":[[9.888652930089476,52.089443053961446],[9.891537230167293,52.084568624865895],[9.893199199376308,52.08203918658979],[9.894818017390453,52.07976861687469]]},"properties":{"kind":"rail_tunnel","name":"Eichenberg-Tunnel","length_m":1157.0,"route":"1733","state":"Niedersachsen","crossing_type":null,"source":"DB InfraGO infrastructure data","source_url":"https://data.gov.de/suche/daten/infrastrukturdaten-der-db-infrago"}},{"type":"Feature","geometry":{"type":"LineString","coordinates":[[9.899197600991167,52.07433743442863],[9.901565685131262,52.0717353410737]]},"properties":{"kind":"rail_tunnel","name":"Eggeberg-Tunnel","length_m":332.0,"route":"1733","state":"Niedersachsen","crossing_type":null,"source":"DB InfraGO infrastructure data","source_url":"https://data.gov.de/suche/daten/infrastrukturdaten-der-db-infrago"}},{"type":"Feature","geometry":{"type":"LineString","coordinates":[[9.98388423011467,51.98272664370991],[9.986876489938663,51.97921259069645],[9.98870134163308,51.97676369238613],[9.990289635681206,51.97425283940645],[9.99155252792775,51.971858974861085]]},"properties":{"kind":"rail_tunnel","name":"Riesberg-Tunnel","length_m":1322.0,"route":"1733","state":"Niedersachsen","crossing_type":null,"source":"DB InfraGO infrastructure data","source_url":"https://data.gov.de/suche/daten/infrastrukturdaten-der-db-infrago"}},{"type":"Feature","geometry":{"type":"LineString","coordinates":[[9.996379261639872,51.89826492298861],[9.99296510277723,51.887984016290396],[9.992398272243593,51.88622118075244],[9.991713826884617,51.88380368603443]]},"properties":{"kind":"rail_tunnel","name":"Helleberg-Tunnel","length_m":1641.0,"route":"1733","state":"Niedersachsen","crossing_type":null,"source":"DB InfraGO infrastructure data","source_url":"https://data.gov.de/suche/daten/infrastrukturdaten-der-db-infrago"}},{"type":"Feature","geometry":{"type":"LineString","coordinates":[[9.990230014905068,51.875897152849646],[9.989861268354138,51.87212962951267]]},"properties":{"kind":"rail_tunnel","name":"Wadenberg Tunnel","length_m":420.0,"route":"1733","state":"Niedersachsen","crossing_type":null,"source":"DB InfraGO infrastructure data","source_url":"https://data.gov.de/suche/daten/infrastrukturdaten-der-db-infrago"}},{"type":"Feature","geometry":{"type":"LineString","coordinates":[[9.987839056470937,51.85014732553943],[9.987351343457508,51.84502511115765],[9.98711307970822,51.843323611818995]]},"properties":{"kind":"rail_tunnel","name":"Hopfenberg Tunnel","length_m":761.0,"route":"1733","state":"Niedersachsen","crossing_type":null,"source":"DB InfraGO infrastructure data","source_url":"https://data.gov.de/suche/daten/infrastrukturdaten-der-db-infrago"}},{"type":"Feature","geometry":{"type":"LineString","coordinates":[[9.978090782624388,51.82203330679074],[9.974482185195372,51.815646271455044],[9.973160397289822,51.813077833986185],[9.972017292587271,51.81047667402087],[9.971355587120799,51.8087268139409],[9.970842068388443,51.80717749163296]]},"properties":{"kind":"rail_tunnel","name":"Sohlberg-Tunnel","length_m":1729.0,"route":"1733","state":"Niedersachsen","crossing_type":null,"source":"DB InfraGO infrastructure data","source_url":"https://data.gov.de/suche/daten/infrastrukturdaten-der-db-infrago"}},{"type":"Feature","geometry":{"type":"LineString","coordinates":[[9.968018312456557,51.79754858058715],[9.967532011065478,51.79545816133233],[9.967242439795832,51.79366984069151],[9.967021128227827,51.7909776898235],[9.967022725648578,51.78918052103042],[9.967196667523265,51.78648670462031],[9.96840924945356,51.7736306056316],[9.968491115085378,51.771833879576135],[9.96847991789447,51.77069935254817]]},"properties":{"kind":"rail_tunnel","name":"Krieberg-Tunnel","length_m":2994.0,"route":"1733","state":"Niedersachsen","crossing_type":null,"source":"DB InfraGO infrastructure data","source_url":"https://data.gov.de/suche/daten/infrastrukturdaten-der-db-infrago"}},{"type":"Feature","geometry":{"type":"LineString","coordinates":[[9.839357190387851,51.47966516338108],[9.83667163275202,51.477441371141985],[9.82378298390828,51.46742070175494]]},"properties":{"kind":"rail_tunnel","name":"Leinebusch-Tunnel","length_m":1740.0,"route":"1733","state":"Niedersachsen","crossing_type":null,"source":"DB InfraGO infrastructure data","source_url":"https://data.gov.de/suche/daten/infrastrukturdaten-der-db-infrago"}},{"type":"Feature","geometry":{"type":"LineString","coordinates":[[9.818362205059703,51.46326993469142],[9.812196055137392,51.458606217191594]]},"properties":{"kind":"rail_tunnel","name":"Endelskamp-Tunnel","length_m":673.0,"route":"1733","state":"Niedersachsen","crossing_type":null,"source":"DB InfraGO infrastructure data","source_url":"https://data.gov.de/suche/daten/infrastrukturdaten-der-db-infrago"}},{"type":"Feature","geometry":{"type":"LineString","coordinates":[[9.800518865050218,51.44954952824318],[9.792960618797892,51.44355621555368]]},"properties":{"kind":"rail_tunnel","name":"Mackenrodt-Tunnel","length_m":849.0,"route":"1733","state":"Niedersachsen","crossing_type":null,"source":"DB InfraGO infrastructure data","source_url":"https://data.gov.de/suche/daten/infrastrukturdaten-der-db-infrago"}},{"type":"Feature","geometry":{"type":"LineString","coordinates":[[9.785323998374144,51.437510441087625],[9.783474113560366,51.4361200211776],[9.78157280508069,51.434771412069004],[9.779610634436215,51.43345726979535],[9.776557167698243,51.431553122021946],[9.774450369455236,51.43032968111718],[9.772288572862651,51.42914433381068],[9.770073677117189,51.427998075770425],[9.766655620318376,51.426353859904374],[9.761929378902186,51.42430659652582],[9.725385567942164,51.409826069113784]]},"properties":{"kind":"rail_tunnel","name":"Rauheberg Tunnel","length_m":5210.0,"route":"1733","state":"Niedersachsen","crossing_type":null,"source":"DB InfraGO infrastructure data","source_url":"https://data.gov.de/suche/daten/infrastrukturdaten-der-db-infrago"}},{"type":"Feature","geometry":{"type":"LineString","coordinates":[[9.708821329651219,51.40327059948359],[9.706030170317895,51.40222947581066],[9.703517218374579,51.401357407279995],[9.69837718536822,51.39974953147762],[9.693099206465854,51.39832779691888],[9.689060432675111,51.39738621309964],[9.686333655965663,51.39681891815017],[9.680808415189452,51.395831437342395],[9.675202191628504,51.395042476871076],[9.672374483165129,51.39472343586448],[9.65675042174978,51.39323798790447],[9.653928731939166,51.392898804702064],[9.649728353049909,51.3922956651709],[9.644199426804574,51.39131734520461],[9.638769152124041,51.39014287216958],[9.634771812090381,51.389135488902916],[9.629556572879965,51.38762743968638],[9.625740278425974,51.38637529558575],[9.620792287464996,51.38454862915399],[9.617195557687017,51.38306417757047],[9.613704110392781,51.38148416300541],[9.610316537256775,51.3798179590198],[9.57790636604423,51.36345054158397],[9.575615669339674,51.362383536767496]]},"properties":{"kind":"rail_tunnel","name":"Münderner Tunnel","length_m":10525.0,"route":"1733","state":"Niedersachsen","crossing_type":null,"source":"DB InfraGO infrastructure data","source_url":"https://data.gov.de/suche/daten/infrastrukturdaten-der-db-infrago"}},{"type":"Feature","geometry":{"type":"LineString","coordinates":[[9.572394252946147,51.361188170543436],[9.57057569561916,51.360651327420996],[9.569244038041592,51.36031550240609],[9.566512175979193,51.35976469613233],[9.563709091948839,51.359378136114415],[9.557328565189213,51.35874631144411],[9.555239361948521,51.35842199535766],[9.553799571906262,51.3581150868033]]},"properties":{"kind":"rail_tunnel","name":"Mühlenkopf-Tunnel","length_m":1346.0,"route":"1733","state":"Niedersachsen","crossing_type":null,"source":"DB InfraGO infrastructure data","source_url":"https://data.gov.de/suche/daten/infrastrukturdaten-der-db-infrago"}},{"type":"Feature","geometry":{"type":"LineString","coordinates":[[9.541653280671724,51.35250264061578],[9.538113550151355,51.350478196870846],[9.536979066452178,51.34992813273567],[9.535505907892317,51.34937111174854]]},"properties":{"kind":"rail_tunnel","name":"Lohberg Tunnel","length_m":554.0,"route":"1733","state":"Hessen","crossing_type":null,"source":"DB InfraGO infrastructure data","source_url":"https://data.gov.de/suche/daten/infrastrukturdaten-der-db-infrago"}},{"type":"Feature","geometry":{"type":"LineString","coordinates":[[9.454400070577819,51.27763031635817],[9.453824004185291,51.276173023920585],[9.4534616352997,51.27484461210749],[9.453344581415225,51.27394895373102],[9.453358727189714,51.27260139970379],[9.45349459933125,51.271706791255184],[9.453879209150701,51.27038089478539],[9.454433708306485,51.26907845263341],[9.455297102298703,51.26749718909476]]},"properties":{"kind":"rail_tunnel","name":"Tunnel","length_m":1153.0,"route":"1733","state":"Hessen","crossing_type":null,"source":"DB InfraGO infrastructure data","source_url":"https://data.gov.de/suche/daten/infrastrukturdaten-der-db-infrago"}},{"type":"Feature","geometry":{"type":"LineString","coordinates":[[9.4579778706918,51.26277209350286],[9.463524995810905,51.25298166591291],[9.464382339929925,51.251266519242016],[9.46513361039444,51.24941147159634]]},"properties":{"kind":"rail_tunnel","name":"Rengershausen-Tunnel","length_m":1569.0,"route":"1733","state":"Hessen","crossing_type":null,"source":"DB InfraGO infrastructure data","source_url":"https://data.gov.de/suche/daten/infrastrukturdaten-der-db-infrago"}},{"type":"Feature","geometry":{"type":"LineString","coordinates":[[9.477485336227486,51.22971871722629],[9.479944283219668,51.225297677832145],[9.481043411419535,51.22346395763363]]},"properties":{"kind":"rail_tunnel","name":"Dörnhagen-Tunnel","length_m":739.0,"route":"1733","state":"Hessen","crossing_type":null,"source":"DB InfraGO infrastructure data","source_url":"https://data.gov.de/suche/daten/infrastrukturdaten-der-db-infrago"}},{"type":"Feature","geometry":{"type":"LineString","coordinates":[[9.498398056971766,51.204693617287894],[9.500673247731864,51.20281094864573],[9.50247928721499,51.20141668100632],[9.520645193579186,51.18826964432616]]},"properties":{"kind":"rail_tunnel","name":"Kehrenberg-Tunnel","length_m":2400.0,"route":"1733","state":"Hessen","crossing_type":null,"source":"DB InfraGO infrastructure data","source_url":"https://data.gov.de/suche/daten/infrastrukturdaten-der-db-infrago"}},{"type":"Feature","geometry":{"type":"LineString","coordinates":[[9.551388242888262,51.16678072769635],[9.553784114057992,51.1653779711485]]},"properties":{"kind":"rail_tunnel","name":"Erbelberg-Tunnel","length_m":229.0,"route":"1733","state":"Hessen","crossing_type":null,"source":"DB InfraGO infrastructure data","source_url":"https://data.gov.de/suche/daten/infrastrukturdaten-der-db-infrago"}},{"type":"Feature","geometry":{"type":"LineString","coordinates":[[9.560222084006439,51.16142020076092],[9.562016269507726,51.16017419177018],[9.563864351856216,51.1588026633012],[9.565638668619625,51.157393264390954],[9.567337195805601,51.15594742842609],[9.568957983088664,51.15446670076944],[9.57049950506799,51.152952826915055],[9.572882562141166,51.15036253612665]]},"properties":{"kind":"rail_tunnel","name":"Hainbuch-Tunnel","length_m":1520.0,"route":"1733","state":"Hessen","crossing_type":null,"source":"DB InfraGO infrastructure data","source_url":"https://data.gov.de/suche/daten/infrastrukturdaten-der-db-infrago"}},{"type":"Feature","geometry":{"type":"LineString","coordinates":[[9.573133511015438,51.150069801947865],[9.574630122037343,51.14822927581215],[9.57583752473096,51.1465999153052],[9.576957682227443,51.144946149977045],[9.577989654443034,51.14326990159181],[9.579367875282578,51.14071681752116],[9.582310670405546,51.13441253119621]]},"properties":{"kind":"rail_tunnel","name":"Kaiserau-Tunnel","length_m":1861.0,"route":"1733","state":"Hessen","crossing_type":null,"source":"DB InfraGO infrastructure data","source_url":"https://data.gov.de/suche/daten/infrastrukturdaten-der-db-infrago"}},{"type":"Feature","geometry":{"type":"LineString","coordinates":[[9.583941215297685,51.13074236766953],[9.584732279619905,51.12859733192252],[9.585271705611852,51.12683202517609],[9.585717357072944,51.12505643484645],[9.586068740189233,51.12327247012474],[9.586325454845856,51.121482088952014],[9.586487124302842,51.11968738825595],[9.58655361789477,51.117890148892805],[9.58651337770366,51.116128778751865]]},"properties":{"kind":"rail_tunnel","name":"Weltkugel-Tunnel","length_m":1641.0,"route":"1733","state":"Hessen","crossing_type":null,"source":"DB InfraGO infrastructure data","source_url":"https://data.gov.de/suche/daten/infrastrukturdaten-der-db-infrago"}},{"type":"Feature","geometry":{"type":"LineString","coordinates":[[9.585030027634636,51.101208496009875],[9.58503384886785,51.09995062199018],[9.585181586021903,51.097255822361966],[9.586134254658063,51.08648622828412],[9.586297091902564,51.0837915517884],[9.586312730754411,51.082892979103725],[9.586236146365748,51.080197017238156],[9.585889380877482,51.076895855110806]]},"properties":{"kind":"rail_tunnel","name":"Wildsberg-Tunnel","length_m":2708.0,"route":"1733","state":"Hessen","crossing_type":null,"source":"DB InfraGO infrastructure data","source_url":"https://data.gov.de/suche/daten/infrastrukturdaten-der-db-infrago"}},{"type":"Feature","geometry":{"type":"LineString","coordinates":[[9.579979918769403,51.06045853553724],[9.577069711242828,51.05489341173737],[9.57623852860326,51.05317364486552],[9.575161777070486,51.050564227934444],[9.574293452347582,51.04792396783787],[9.573831410215899,51.046150140203295],[9.573463243252075,51.044367579403456],[9.573088525585375,51.04168163214246],[9.572927027174446,51.03898716660594],[9.572956176187837,51.03674022360363],[9.573030657055897,51.03579641884119]]},"properties":{"kind":"rail_tunnel","name":"Sengeberg-Tunnel","length_m":2807.0,"route":"1733","state":"Hessen","crossing_type":null,"source":"DB InfraGO infrastructure data","source_url":"https://data.gov.de/suche/daten/infrastrukturdaten-der-db-infrago"}},{"type":"Feature","geometry":{"type":"LineString","coordinates":[[9.576736021133685,51.01327742826688],[9.57707552217453,51.010356433572724],[9.57719457598449,51.00766098552847],[9.577102104872303,51.00451595836557],[9.576760561706838,51.001377774145986],[9.576270351813607,50.99869895939455],[9.575597470831724,50.9960362393688],[9.573027420856095,50.988026729831596]]},"properties":{"kind":"rail_tunnel","name":"Schalkenberg-Tunnel","length_m":2835.0,"route":"1733","state":"Hessen","crossing_type":null,"source":"DB InfraGO infrastructure data","source_url":"https://data.gov.de/suche/daten/infrastrukturdaten-der-db-infrago"}},{"type":"Feature","geometry":{"type":"LineString","coordinates":[[9.572369585166458,50.98600145437692],[9.570520518432714,50.98017724291766],[9.57006357805014,50.97840283116174],[9.569688245021661,50.97662082304596],[9.569276689776796,50.97393704619548],[9.569103739728828,50.972142694301674],[9.569012141916085,50.970345814561064],[9.569027047903543,50.967649432111656],[9.569225042811482,50.96495591735607],[9.5694583925035,50.96316427737142],[9.569772441032564,50.96137754588014],[9.574722512243074,50.93813346180118]]},"properties":{"kind":"rail_tunnel","name":"Hainrode-Tunnel","length_m":5370.0,"route":"1733","state":"Hessen","crossing_type":null,"source":"DB InfraGO infrastructure data","source_url":"https://data.gov.de/suche/daten/infrastrukturdaten-der-db-infrago"}},{"type":"Feature","geometry":{"type":"LineString","coordinates":[[9.57609519607166,50.93171086501895],[9.576667170054916,50.92931273116644],[9.577184399640814,50.92754500091197],[9.577780295039688,50.925787143775764],[9.58034054359959,50.91878058095235],[9.580986799376193,50.9167798005518]]},"properties":{"kind":"rail_tunnel","name":"Mühlbach-Tunnel","length_m":1697.0,"route":"1733","state":"Hessen","crossing_type":null,"source":"DB InfraGO infrastructure data","source_url":"https://data.gov.de/suche/daten/infrastrukturdaten-der-db-infrago"}},{"type":"Feature","geometry":{"type":"LineString","coordinates":[[9.581206201322832,50.91604673922857],[9.581957757399287,50.91320086056598]]},"properties":{"kind":"rail_tunnel","name":"Schmitteberg-Tunnel","length_m":321.0,"route":"1733","state":"Hessen","crossing_type":null,"source":"DB InfraGO infrastructure data","source_url":"https://data.gov.de/suche/daten/infrastrukturdaten-der-db-infrago"}},{"type":"Feature","geometry":{"type":"LineString","coordinates":[[9.583442485599598,50.90435387702353],[9.58465463112304,50.895009924006835]]},"properties":{"kind":"rail_tunnel","name":"Kalter-Sand-Tunnel","length_m":1043.0,"route":"1733","state":"Hessen","crossing_type":null,"source":"DB InfraGO infrastructure data","source_url":"https://data.gov.de/suche/daten/infrastrukturdaten-der-db-infrago"}},{"type":"Feature","geometry":{"type":"LineString","coordinates":[[9.585036868926393,50.892062495781765],[9.586798846495244,50.8784720466295]]},"properties":{"kind":"rail_tunnel","name":"Schickeberg-Tunnel","length_m":1517.0,"route":"1733","state":"Hessen","crossing_type":null,"source":"DB InfraGO infrastructure data","source_url":"https://data.gov.de/suche/daten/infrastrukturdaten-der-db-infrago"}},{"type":"Feature","geometry":{"type":"LineString","coordinates":[[9.588360177741304,50.86642245751606],[9.58933279158572,50.85891497103084]]},"properties":{"kind":"rail_tunnel","name":"Krämerskuppe-Tunnel","length_m":838.0,"route":"1733","state":"Hessen","crossing_type":null,"source":"DB InfraGO infrastructure data","source_url":"https://data.gov.de/suche/daten/infrastrukturdaten-der-db-infrago"}},{"type":"Feature","geometry":{"type":"LineString","coordinates":[[9.591564751431024,50.84965380993257],[9.592758163110945,50.84555357502406],[9.5931467759023,50.84377285749431],[9.59342327653113,50.841983679045015],[9.593588802192986,50.840189064080604],[9.59364295911249,50.83839165794052],[9.593554076045677,50.83614541243137],[9.593417370364719,50.83479991032888],[9.593138052225866,50.833010955154286],[9.592748096532688,50.831230301151926],[9.59195616843303,50.828581097320615],[9.591301371661377,50.826831886905644],[9.587765339583372,50.818126355469666],[9.58697938670738,50.815878394709955]]},"properties":{"kind":"rail_tunnel","name":"Kirchheim-Tunnel","length_m":3820.0,"route":"1733","state":"Hessen","crossing_type":null,"source":"DB InfraGO infrastructure data","source_url":"https://data.gov.de/suche/daten/infrastrukturdaten-der-db-infrago"}},{"type":"Feature","geometry":{"type":"LineString","coordinates":[[9.585617501759268,50.806972674927124],[9.58567116008864,50.80520398025861],[9.585895812144829,50.80298672042685]]},"properties":{"kind":"rail_tunnel","name":"Hattenbergtunnel","length_m":444.0,"route":"1733","state":"Hessen","crossing_type":null,"source":"DB InfraGO infrastructure data","source_url":"https://data.gov.de/suche/daten/infrastrukturdaten-der-db-infrago"}},{"type":"Feature","geometry":{"type":"LineString","coordinates":[[9.587241780217674,50.797364736843484],[9.587785662929493,50.79587784894166],[9.588529192337859,50.79414308770026],[9.589380350950771,50.79242830405292],[9.59065997387999,50.790186744255486]]},"properties":{"kind":"rail_tunnel","name":"Warteküppeltunnel","length_m":835.0,"route":"1733","state":"Hessen","crossing_type":null,"source":"DB InfraGO infrastructure data","source_url":"https://data.gov.de/suche/daten/infrastrukturdaten-der-db-infrago"}},{"type":"Feature","geometry":{"type":"LineString","coordinates":[[9.602748915095475,50.77030926424766],[9.605073886658104,50.7664000463879],[9.60595520923411,50.764691470032915],[9.606730182365261,50.76296223422435],[9.607397427241851,50.76121502710912],[9.607956297132336,50.759452658605724],[9.60840578159176,50.75767772450162],[9.60874521918555,50.755892926347265],[9.609046706085307,50.753203365935235],[9.609098473155054,50.75050723891699],[9.608914392572599,50.747813291809315],[9.608083340255062,50.7393332209814]]},"properties":{"kind":"rail_tunnel","name":"Richthoftunnel","length_m":3510.0,"route":"1733","state":"Hessen","crossing_type":null,"source":"DB InfraGO infrastructure data","source_url":"https://data.gov.de/suche/daten/infrastrukturdaten-der-db-infrago"}},{"type":"Feature","geometry":{"type":"LineString","coordinates":[[9.609140713019016,50.729297457062785],[9.610352493915151,50.724349976731695]]},"properties":{"kind":"rail_tunnel","name":"Dornbuschtunnel","length_m":557.0,"route":"1733","state":"Hessen","crossing_type":null,"source":"DB InfraGO infrastructure data","source_url":"https://data.gov.de/suche/daten/infrastrukturdaten-der-db-infrago"}},{"type":"Feature","geometry":{"type":"LineString","coordinates":[[9.614869596656954,50.70592850518175],[9.616602344133282,50.698858297506554]]},"properties":{"kind":"rail_tunnel","name":"Witzelshöhetunnel","length_m":796.0,"route":"1733","state":"Hessen","crossing_type":null,"source":"DB InfraGO infrastructure data","source_url":"https://data.gov.de/suche/daten/infrastrukturdaten-der-db-infrago"}},{"type":"Feature","geometry":{"type":"LineString","coordinates":[[9.617699209410755,50.69438166804858],[9.619462481851768,50.68725270552505],[9.61991380460996,50.685722430894835]]},"properties":{"kind":"rail_tunnel","name":"Eichbergtunnel","length_m":976.0,"route":"1733","state":"Hessen","crossing_type":null,"source":"DB InfraGO infrastructure data","source_url":"https://data.gov.de/suche/daten/infrastrukturdaten-der-db-infrago"}},{"type":"Feature","geometry":{"type":"LineString","coordinates":[[9.633829398834878,50.665210518250085],[9.635702812492275,50.66358922665351],[9.637131785313455,50.66243710178602]]},"properties":{"kind":"rail_tunnel","name":"Ganzbergtunnel","length_m":387.0,"route":"1733","state":"Hessen","crossing_type":null,"source":"DB InfraGO infrastructure data","source_url":"https://data.gov.de/suche/daten/infrastrukturdaten-der-db-infrago"}},{"type":"Feature","geometry":{"type":"LineString","coordinates":[[9.668250226389517,50.642700747788666],[9.670248877848033,50.64112984335275],[9.671958264663825,50.63969798267074],[9.673602529153186,50.63823547680108],[9.67518026695093,50.63674375248972],[9.67669024036456,50.63522398826617],[9.678131303992854,50.63367735308254],[9.67950218025639,50.63210512447557],[9.680801839638262,50.630508591953536],[9.682029049966348,50.62888916749059],[9.683183120598004,50.627248048548765],[9.684262806720074,50.62558668295371],[9.68526729775223,50.623906219225965],[9.686196059443319,50.6222083165527],[9.687047944189445,50.62049421509956],[9.687822625136796,50.618765208502204],[9.688519202025443,50.61702297570455],[9.689137121192479,50.61526871701622],[9.6896760796275,50.61350384686935],[9.690135615631789,50.611730023204764],[9.690515764279677,50.60994856375321],[9.693740193183675,50.5920876182118],[9.694044973497455,50.59030020730509],[9.694146045190994,50.58940363397326],[9.694190961492986,50.58850521528078],[9.69415259944954,50.587157287048065],[9.693987051551284,50.58581324519798],[9.693695472340996,50.58447789182478],[9.693431426252593,50.583594833913054],[9.692931790807494,50.58228474235036],[9.692530536525235,50.581422977340225],[9.691826356860677,50.58014923937063]]},"properties":{"kind":"rail_tunnel","name":"Dietershantunnel","length_m":7375.0,"route":"1733","state":"Hessen","crossing_type":null,"source":"DB InfraGO infrastructure data","source_url":"https://data.gov.de/suche/daten/infrastrukturdaten-der-db-infrago"}},{"type":"Feature","geometry":{"type":"LineString","coordinates":[[9.690187815908113,50.57762360099439],[9.688265919599768,50.5747057537682]]},"properties":{"kind":"rail_tunnel","name":"KRBW Nord  Str. 3600","length_m":352.0,"route":"1733","state":"Hessen","crossing_type":null,"source":"DB InfraGO infrastructure data","source_url":"https://data.gov.de/suche/daten/infrastrukturdaten-der-db-infrago"}},{"type":"Feature","geometry":{"type":"LineString","coordinates":[[9.662750634719353,50.49585194992293],[9.661982155261079,50.49453927454933],[9.661078554275825,50.492836381092154],[9.660264374922512,50.49111515932548],[9.659687523269971,50.48974249111186]]},"properties":{"kind":"rail_tunnel","name":"Sulzhof-Tunnel","length_m":714.0,"route":"1733","state":"Hessen","crossing_type":null,"source":"DB InfraGO infrastructure data","source_url":"https://data.gov.de/suche/daten/infrastrukturdaten-der-db-infrago"}},{"type":"Feature","geometry":{"type":"LineString","coordinates":[[9.657581204975857,50.44900663051032],[9.658367835058861,50.44225642688008]]},"properties":{"kind":"rail_tunnel","name":"Hartbergtunnel","length_m":753.0,"route":"1733","state":"Hessen","crossing_type":null,"source":"DB InfraGO infrastructure data","source_url":"https://data.gov.de/suche/daten/infrastrukturdaten-der-db-infrago"}},{"type":"Feature","geometry":{"type":"LineString","coordinates":[[9.658479442859855,50.43621924228699],[9.658237048427102,50.43384209756522],[9.658101386370973,50.43294752515965],[9.657554670653296,50.43027351003669],[9.656797958032957,50.4276206218127],[9.655800025946707,50.42479747124167]]},"properties":{"kind":"rail_tunnel","name":"Kalbachtunnel","length_m":1287.0,"route":"1733","state":"Hessen","crossing_type":null,"source":"DB InfraGO infrastructure data","source_url":"https://data.gov.de/suche/daten/infrastrukturdaten-der-db-infrago"}},{"type":"Feature","geometry":{"type":"LineString","coordinates":[[9.653852520563703,50.41947550412218],[9.652722848275356,50.41622823105023],[9.652212562096192,50.414460195879066],[9.651744576534886,50.41250607260354]]},"properties":{"kind":"rail_tunnel","name":"Bornhecketunnel","length_m":790.0,"route":"1733","state":"Hessen","crossing_type":null,"source":"DB InfraGO infrastructure data","source_url":"https://data.gov.de/suche/daten/infrastrukturdaten-der-db-infrago"}},{"type":"Feature","geometry":{"type":"LineString","coordinates":[[9.650891058289801,50.40619490441009],[9.650826554560021,50.40192464322995],[9.651169397645956,50.384845580350536],[9.6513077959163,50.381251116396946],[9.651485337677062,50.379456750957445],[9.65203623225496,50.375878395014304],[9.663032813552704,50.30969590999093]]},"properties":{"kind":"rail_tunnel","name":"Landrückentunnel","length_m":10779.0,"route":"1733","state":"Hessen","crossing_type":null,"source":"DB InfraGO infrastructure data","source_url":"https://data.gov.de/suche/daten/infrastrukturdaten-der-db-infrago"}},{"type":"Feature","geometry":{"type":"LineString","coordinates":[[9.663492685822652,50.30345078291097],[9.663453838220121,50.302098596022155],[9.663228084886676,50.29985600898087],[9.662931977449071,50.298068232524436],[9.662533919276981,50.29628841221977],[9.66174750226969,50.293639413827904],[9.658643842749521,50.28487665886369]]},"properties":{"kind":"rail_tunnel","name":"Schwarzenfelstunnel","length_m":2100.0,"route":"1733","state":"Hessen","crossing_type":null,"source":"DB InfraGO infrastructure data","source_url":"https://data.gov.de/suche/daten/infrastrukturdaten-der-db-infrago"}},{"type":"Feature","geometry":{"type":"LineString","coordinates":[[8.98297368754032,51.77121223246684],[8.980694014405449,51.770552321838274],[8.97975420115875,51.770329510171656],[8.977980037313156,51.77003912374767],[8.976473274233404,51.769912635281315],[8.97501057793112,51.76988780572684],[8.959713030528585,51.7700569278149]]},"properties":{"kind":"rail_tunnel","name":"Rehberg Tunnel","length_m":1632.0,"route":"1760","state":"Nordrhein-Westfalen","crossing_type":null,"source":"DB InfraGO infrastructure data","source_url":"https://data.gov.de/suche/daten/infrastrukturdaten-der-db-infrago"}},{"type":"Feature","geometry":{"type":"LineString","coordinates":[[10.643110777469378,51.580715652443935],[10.646887206069922,51.58127241376671]]},"properties":{"kind":"rail_tunnel","name":"Walkenrieder Tunnel","length_m":269.0,"route":"1810","state":"Niedersachsen","crossing_type":null,"source":"DB InfraGO infrastructure data","source_url":"https://data.gov.de/suche/daten/infrastrukturdaten-der-db-infrago"}},{"type":"Feature","geometry":{"type":"LineString","coordinates":[[9.949879897506634,51.8438751597903],[9.949773635144687,51.84451674738378],[9.949795567298896,51.84496503975632],[9.949924929946537,51.84570914862767]]},"properties":{"kind":"rail_tunnel","name":"Ippenser Tunnel","length_m":205.0,"route":"1940","state":"Niedersachsen","crossing_type":null,"source":"DB InfraGO infrastructure data","source_url":"https://data.gov.de/suche/daten/infrastrukturdaten-der-db-infrago"}},{"type":"Feature","geometry":{"type":"LineString","coordinates":[[9.9113420850385,51.87305193255479],[9.89861448738914,51.8740794069231]]},"properties":{"kind":"rail_tunnel","name":"Naensener Tunnel","length_m":884.0,"route":"1940","state":"Niedersachsen","crossing_type":null,"source":"DB InfraGO infrastructure data","source_url":"https://data.gov.de/suche/daten/infrastrukturdaten-der-db-infrago"}},{"type":"Feature","geometry":{"type":"LineString","coordinates":[[7.56932709983201,51.47576861406143],[7.572885310640824,51.47010496194378],[7.573599438788841,51.46914487290417]]},"properties":{"kind":"rail_tunnel","name":"Schwerter Tunnel","length_m":795.0,"route":"2113","state":"Nordrhein-Westfalen","crossing_type":null,"source":"DB InfraGO infrastructure data","source_url":"https://data.gov.de/suche/daten/infrastrukturdaten-der-db-infrago"}},{"type":"Feature","geometry":{"type":"LineString","coordinates":[[7.336642973704082,51.47564950159967],[7.337090551483143,51.47687483560937],[7.337711137048852,51.479542945180995],[7.338059502954233,51.48064520089457]]},"properties":{"kind":"rail_tunnel","name":"Tunnel Oberstraße","length_m":565.0,"route":"2125","state":"Nordrhein-Westfalen","crossing_type":null,"source":"DB InfraGO infrastructure data","source_url":"https://data.gov.de/suche/daten/infrastrukturdaten-der-db-infrago"}},{"type":"Feature","geometry":{"type":"LineString","coordinates":[[7.299587648477724,51.30987976522647],[7.299692582026544,51.30950225028143],[7.302662333999861,51.301700877098384]]},"properties":{"kind":"rail_tunnel","name":"Linderhauser Tunnel","length_m":935.0,"route":"2143","state":"Nordrhein-Westfalen","crossing_type":null,"source":"DB InfraGO infrastructure data","source_url":"https://data.gov.de/suche/daten/infrastrukturdaten-der-db-infrago"}},{"type":"Feature","geometry":{"type":"LineString","coordinates":[[7.299855537254124,51.29148880968063],[7.298771523111214,51.29113599823099],[7.297480379228307,51.29090868959361]]},"properties":{"kind":"rail_tunnel","name":"Präsident-Hoeft-Tunnel","length_m":179.0,"route":"2143","state":"Nordrhein-Westfalen","crossing_type":null,"source":"DB InfraGO infrastructure data","source_url":"https://data.gov.de/suche/daten/infrastrukturdaten-der-db-infrago"}},{"type":"Feature","geometry":{"type":"LineString","coordinates":[[7.415495554849815,51.49036444480501],[7.4163896535647975,51.49110092210843],[7.416935253003583,51.49171373821833]]},"properties":{"kind":"rail_tunnel","name":"Unitunnel","length_m":181.0,"route":"2190","state":"Nordrhein-Westfalen","crossing_type":null,"source":"DB InfraGO infrastructure data","source_url":"https://data.gov.de/suche/daten/infrastrukturdaten-der-db-infrago"}},{"type":"Feature","geometry":{"type":"LineString","coordinates":[[7.418294834283797,51.49351860343386],[7.418779166727664,51.49436417100549],[7.419060248157302,51.495244905675015],[7.419238694575839,51.49613655799019],[7.419772057881172,51.49953478559459]]},"properties":{"kind":"rail_tunnel","name":"Unitunnel","length_m":680.0,"route":"2190","state":"Nordrhein-Westfalen","crossing_type":null,"source":"DB InfraGO infrastructure data","source_url":"https://data.gov.de/suche/daten/infrastrukturdaten-der-db-infrago"}},{"type":"Feature","geometry":{"type":"LineString","coordinates":[[7.420103218157992,51.50156392798701],[7.4201630737636535,51.5019304224088]]},"properties":{"kind":"rail_tunnel","name":"Unitunnel","length_m":41.0,"route":"2190","state":"Nordrhein-Westfalen","crossing_type":null,"source":"DB InfraGO infrastructure data","source_url":"https://data.gov.de/suche/daten/infrastrukturdaten-der-db-infrago"}},{"type":"Feature","geometry":{"type":"LineString","coordinates":[[7.4223487003145605,51.50767433965542],[7.4226687222532295,51.50797501927428],[7.42331010748183,51.50844591791872]]},"properties":{"kind":"rail_tunnel","name":"Südl. Fahrtunnel","length_m":109.0,"route":"2190","state":"Nordrhein-Westfalen","crossing_type":null,"source":"DB InfraGO infrastructure data","source_url":"https://data.gov.de/suche/daten/infrastrukturdaten-der-db-infrago"}},{"type":"Feature","geometry":{"type":"LineString","coordinates":[[7.425810446266462,51.50954376148867],[7.4259288340779275,51.50957665374351]]},"properties":{"kind":"rail_tunnel","name":"Nördl. Fahrtunnel","length_m":9.0,"route":"2190","state":"Nordrhein-Westfalen","crossing_type":null,"source":"DB InfraGO infrastructure data","source_url":"https://data.gov.de/suche/daten/infrastrukturdaten-der-db-infrago"}},{"type":"Feature","geometry":{"type":"LineString","coordinates":[[7.873026012385312,52.18950931144076],[7.8787210489642465,52.19338192174011]]},"properties":{"kind":"rail_tunnel","name":"Lengericher Tunnel","length_m":581.0,"route":"2200","state":"Nordrhein-Westfalen","crossing_type":null,"source":"DB InfraGO infrastructure data","source_url":"https://data.gov.de/suche/daten/infrastrukturdaten-der-db-infrago"}},{"type":"Feature","geometry":{"type":"LineString","coordinates":[[7.33415223494245,51.49982477445863],[7.334244912154439,51.499249928811686],[7.334383095804773,51.498817935683356],[7.334600031531897,51.498396462551995],[7.335089248584943,51.497781458222654],[7.335732763391912,51.49724512889381],[7.336240971577879,51.4969271360537],[7.336803755558223,51.4966472598628],[7.338068431441265,51.49622173530626],[7.338752264383298,51.496082099564795],[7.340174296347516,51.495955064508294],[7.3452010990588885,51.4961611156244],[7.348406571349659,51.49612252129948]]},"properties":{"kind":"rail_tunnel","name":"Tunnel","length_m":1236.0,"route":"2213","state":"Nordrhein-Westfalen","crossing_type":null,"source":"DB InfraGO infrastructure data","source_url":"https://data.gov.de/suche/daten/infrastrukturdaten-der-db-infrago"}},{"type":"Feature","geometry":{"type":"LineString","coordinates":[[7.179428907492303,51.39744795982857],[7.1809391246488,51.396857395097676]]},"properties":{"kind":"rail_tunnel","name":"Tunnel","length_m":124.0,"route":"2292","state":"Nordrhein-Westfalen","crossing_type":null,"source":"DB InfraGO infrastructure data","source_url":"https://data.gov.de/suche/daten/infrastrukturdaten-der-db-infrago"}},{"type":"Feature","geometry":{"type":"LineString","coordinates":[[6.851403235450125,51.484394655965964],[6.851764186304623,51.48477675667331],[6.85195699727353,51.48505694680683]]},"properties":{"kind":"rail_tunnel","name":"Tunnel","length_m":83.0,"route":"2321","state":"Nordrhein-Westfalen","crossing_type":null,"source":"DB InfraGO infrastructure data","source_url":"https://data.gov.de/suche/daten/infrastrukturdaten-der-db-infrago"}},{"type":"Feature","geometry":{"type":"LineString","coordinates":[[6.851650386036027,51.48464903452733],[6.851852816657432,51.48489116418939],[6.852116633655075,51.4853848872443]]},"properties":{"kind":"rail_tunnel","name":"Tunnel","length_m":88.0,"route":"2321","state":"Nordrhein-Westfalen","crossing_type":null,"source":"DB InfraGO infrastructure data","source_url":"https://data.gov.de/suche/daten/infrastrukturdaten-der-db-infrago"}},{"type":"Feature","geometry":{"type":"LineString","coordinates":[[7.449529558934081,51.42866757096787],[7.449250140256116,51.42899170353718],[7.448383915451021,51.42970715567316],[7.444577144627396,51.43240173195924],[7.443575547415766,51.433050982498344],[7.442690362473769,51.43375786683186],[7.442322180033848,51.43414110491063],[7.442045668531161,51.43455640128826],[7.441887349970009,51.4349944413219],[7.4418613571652905,51.435468515353925]]},"properties":{"kind":"rail_tunnel","name":"Ender Tunnel","length_m":944.0,"route":"2423","state":"Nordrhein-Westfalen","crossing_type":null,"source":"DB InfraGO infrastructure data","source_url":"https://data.gov.de/suche/daten/infrastrukturdaten-der-db-infrago"}},{"type":"Feature","geometry":{"type":"LineString","coordinates":[[8.058741056565568,51.40361133422624],[8.060301643454608,51.40386293824387],[8.062503459986198,51.40437437392779]]},"properties":{"kind":"rail_tunnel","name":"Schloßbergtunnel","length_m":276.0,"route":"2550","state":"Nordrhein-Westfalen","crossing_type":null,"source":"DB InfraGO infrastructure data","source_url":"https://data.gov.de/suche/daten/infrastrukturdaten-der-db-infrago"}},{"type":"Feature","geometry":{"type":"LineString","coordinates":[[8.154098510103033,51.392292958681644],[8.156546312640993,51.39150854751014],[8.157736907336348,51.391005263128676],[8.158274133926787,51.39070587696321],[8.158764583582245,51.39037664327008],[8.159589053326476,51.389641657022175],[8.160194193848783,51.38882742409115],[8.160529544534608,51.388019719765346]]},"properties":{"kind":"rail_tunnel","name":"Glösinger Tunnel","length_m":685.0,"route":"2550","state":"Nordrhein-Westfalen","crossing_type":null,"source":"DB InfraGO infrastructure data","source_url":"https://data.gov.de/suche/daten/infrastrukturdaten-der-db-infrago"}},{"type":"Feature","geometry":{"type":"LineString","coordinates":[[8.16638241160715,51.377373377586274],[8.166738095724789,51.37675369973091],[8.166870655264079,51.37631274375608],[8.167059207118411,51.37497013844414],[8.167369153219035,51.37159238440845]]},"properties":{"kind":"rail_tunnel","name":"Freienohler Tunnel","length_m":650.0,"route":"2550","state":"Nordrhein-Westfalen","crossing_type":null,"source":"DB InfraGO infrastructure data","source_url":"https://data.gov.de/suche/daten/infrastrukturdaten-der-db-infrago"}},{"type":"Feature","geometry":{"type":"LineString","coordinates":[[8.461826845146222,51.361884058111826],[8.462712439068104,51.36155566550996],[8.4633767356787,51.36138595005187],[8.46406998001964,51.361263570463095],[8.46513493771351,51.361183308823676]]},"properties":{"kind":"rail_tunnel","name":"Schellensteintunnel  TA km 232,278 TE km 232,525","length_m":247.0,"route":"2550","state":"Nordrhein-Westfalen","crossing_type":null,"source":"DB InfraGO infrastructure data","source_url":"https://data.gov.de/suche/daten/infrastrukturdaten-der-db-infrago"}},{"type":"Feature","geometry":{"type":"LineString","coordinates":[[8.55555793519649,51.34196604137078],[8.556459180110581,51.34214700851999],[8.571749892157504,51.346038956043024],[8.573030729106497,51.346441317865875],[8.573903621114464,51.34687234856313]]},"properties":{"kind":"rail_tunnel","name":"Elleringhauser Tunnel","length_m":1393.0,"route":"2550","state":"Nordrhein-Westfalen","crossing_type":null,"source":"DB InfraGO infrastructure data","source_url":"https://data.gov.de/suche/daten/infrastrukturdaten-der-db-infrago"}},{"type":"Feature","geometry":{"type":"LineString","coordinates":[[8.656410942878855,51.38743651090233],[8.660147509978142,51.38909598108628]]},"properties":{"kind":"rail_tunnel","name":"Messinghauser Tunnel","length_m":319.0,"route":"2550","state":"Nordrhein-Westfalen","crossing_type":null,"source":"DB InfraGO infrastructure data","source_url":"https://data.gov.de/suche/daten/infrastrukturdaten-der-db-infrago"}},{"type":"Feature","geometry":{"type":"LineString","coordinates":[[8.706722364639424,51.40132569626343],[8.708298575844049,51.40321365426952]]},"properties":{"kind":"rail_tunnel","name":"Beringhauser Tunnel","length_m":237.0,"route":"2550","state":"Nordrhein-Westfalen","crossing_type":null,"source":"DB InfraGO infrastructure data","source_url":"https://data.gov.de/suche/daten/infrastrukturdaten-der-db-infrago"}},{"type":"Feature","geometry":{"type":"LineString","coordinates":[[6.173374861414934,50.788016314766026],[6.171638563542457,50.787788911489606]]},"properties":{"kind":"rail_tunnel","name":"Nirmer Tunnel","length_m":125.0,"route":"2600","state":"Nordrhein-Westfalen","crossing_type":null,"source":"DB InfraGO infrastructure data","source_url":"https://data.gov.de/suche/daten/infrastrukturdaten-der-db-infrago"}},{"type":"Feature","geometry":{"type":"LineString","coordinates":[[6.895804508240953,51.01827155720878],[6.897323707179964,51.02017424603629]]},"properties":{"kind":"rail_tunnel","name":"Tunnel","length_m":237.0,"route":"2620","state":"Nordrhein-Westfalen","crossing_type":null,"source":"DB InfraGO infrastructure data","source_url":"https://data.gov.de/suche/daten/infrastrukturdaten-der-db-infrago"}},{"type":"Feature","geometry":{"type":"LineString","coordinates":[[6.898358041506824,51.0220772035105],[6.898409878380706,51.02266807447071],[6.898327243887933,51.0231139214058],[6.898148288839696,51.02354872171938],[6.897883476386855,51.02396516992352],[6.897540661210695,51.02435928029998],[6.897130210914011,51.0247262042721],[6.894803056401769,51.026427973681635],[6.8937468860673015,51.02726521070401]]},"properties":{"kind":"rail_tunnel","name":"S-Bahn-Tunnel Köln-Chorweiler","length_m":685.0,"route":"2620","state":"Nordrhein-Westfalen","crossing_type":null,"source":"DB InfraGO infrastructure data","source_url":"https://data.gov.de/suche/daten/infrastrukturdaten-der-db-infrago"}},{"type":"Feature","geometry":{"type":"LineString","coordinates":[[6.891726474312829,51.02894929730333],[6.8909522378074834,51.02966046329818],[6.8902670235168015,51.0304480526142],[6.889726343836056,51.03127900091469],[6.888577227453233,51.03340549623964],[6.887925958788232,51.03420416791988],[6.887534314810811,51.03457951670442],[6.886629708414721,51.03527308174012],[6.885600952260827,51.03589509711591],[6.8844853956310725,51.036454358403674],[6.882984001019415,51.03705829398599]]},"properties":{"kind":"rail_tunnel","name":"U Tunnel K.Volk.-K.Bl","length_m":1121.0,"route":"2620","state":"Nordrhein-Westfalen","crossing_type":null,"source":"DB InfraGO infrastructure data","source_url":"https://data.gov.de/suche/daten/infrastrukturdaten-der-db-infrago"}},{"type":"Feature","geometry":{"type":"LineString","coordinates":[[6.880050829409051,51.03786690145503],[6.878663562362459,51.038071091114645],[6.877956279748498,51.038126191953374],[6.876532174786654,51.03813960340268],[6.875131818405979,51.03804235558005],[6.8709290862622225,51.03749181044181],[6.868794636845481,51.0374520723979],[6.8666850910526405,51.037662142578995],[6.865329557578385,51.037938225567366],[6.864041607782844,51.038322435312516],[6.862840015373176,51.03880513832806],[6.8617434377871565,51.039378668440385],[6.861240099361756,51.0396967944058],[6.860770741308411,51.040034756889604],[6.859927001474524,51.04075872880192],[6.8577153270674165,51.04298551779183],[6.856631988994616,51.04416156393987]]},"properties":{"kind":"rail_tunnel","name":"Kreuzfeld Tunnel","length_m":850.0,"route":"2620","state":"Nordrhein-Westfalen","crossing_type":null,"source":"DB InfraGO infrastructure data","source_url":"https://data.gov.de/suche/daten/infrastrukturdaten-der-db-infrago"}},{"type":"Feature","geometry":{"type":"LineString","coordinates":[[7.7363060198487945,50.1313479063571],[7.736574505586898,50.130293135825546],[7.736593159536558,50.129845561676056],[7.7365099825610235,50.12939951372756],[7.736222352933292,50.12879734695451]]},"properties":{"kind":"rail_tunnel","name":"Kammerecktunnel","length_m":289.0,"route":"2630","state":"Rheinland-Pfalz","crossing_type":null,"source":"DB InfraGO infrastructure data","source_url":"https://data.gov.de/suche/daten/infrastrukturdaten-der-db-infrago"}},{"type":"Feature","geometry":{"type":"LineString","coordinates":[[6.581562965323961,50.55028974449831],[6.57594509469329,50.54801281793593]]},"properties":{"kind":"rail_tunnel","name":"Kaller Tunnel","length_m":472.0,"route":"2631","state":"Nordrhein-Westfalen","crossing_type":null,"source":"DB InfraGO infrastructure data","source_url":"https://data.gov.de/suche/daten/infrastrukturdaten-der-db-infrago"}},{"type":"Feature","geometry":{"type":"LineString","coordinates":[[6.602113741856139,50.0487839913211],[6.60228002346678,50.0485251442478],[6.602455729656503,50.04809036321779],[6.6025412306028555,50.04764499594276],[6.602538058200546,50.04723273771791]]},"properties":{"kind":"rail_tunnel","name":"TU  Dechentunnel","length_m":177.0,"route":"2631","state":"Rheinland-Pfalz","crossing_type":null,"source":"DB InfraGO infrastructure data","source_url":"https://data.gov.de/suche/daten/infrastrukturdaten-der-db-infrago"}},{"type":"Feature","geometry":{"type":"LineString","coordinates":[[6.592839729030163,50.04176100568033],[6.590671838294047,50.041764558071826],[6.589832032002936,50.04165720268695]]},"properties":{"kind":"rail_tunnel","name":"TU  Kyllberger Tunnel","length_m":217.0,"route":"2631","state":"Rheinland-Pfalz","crossing_type":null,"source":"DB InfraGO infrastructure data","source_url":"https://data.gov.de/suche/daten/infrastrukturdaten-der-db-infrago"}},{"type":"Feature","geometry":{"type":"LineString","coordinates":[[6.585018081512131,50.033187911590566],[6.584868729356972,50.03277297598553],[6.584198462323953,50.03149555097807],[6.579678411465259,50.02346610165769],[6.57901789664139,50.02249709052314]]},"properties":{"kind":"rail_tunnel","name":"TU  Wilsecker Tunnel","length_m":1266.0,"route":"2631","state":"Rheinland-Pfalz","crossing_type":null,"source":"DB InfraGO infrastructure data","source_url":"https://data.gov.de/suche/daten/infrastrukturdaten-der-db-infrago"}},{"type":"Feature","geometry":{"type":"LineString","coordinates":[[6.570982720103517,49.982177643764075],[6.571187101366084,49.981689207936675],[6.571469363311401,49.98127845079863],[6.57183199731993,49.98089495326639],[6.572274236254302,49.98054783426975],[6.57279171761783,49.98023870106723],[6.573350269962993,49.97997990273038],[6.574725196848033,49.979473797567756]]},"properties":{"kind":"rail_tunnel","name":"Mettericher Tunnel  TL=420","length_m":420.0,"route":"2631","state":"Rheinland-Pfalz","crossing_type":null,"source":"DB InfraGO infrastructure data","source_url":"https://data.gov.de/suche/daten/infrastrukturdaten-der-db-infrago"}},{"type":"Feature","geometry":{"type":"LineString","coordinates":[[6.623284828628484,49.94620219216696],[6.623034524326892,49.94563111369636],[6.622970428186767,49.94517591653813],[6.622999454308174,49.9448060458902],[6.623203902860458,49.943865167497975]]},"properties":{"kind":"rail_tunnel","name":"Philippsheimer Tunnel  TL=268m","length_m":264.0,"route":"2631","state":"Rheinland-Pfalz","crossing_type":null,"source":"DB InfraGO infrastructure data","source_url":"https://data.gov.de/suche/daten/infrastrukturdaten-der-db-infrago"}},{"type":"Feature","geometry":{"type":"LineString","coordinates":[[6.62393901605264,49.939058999999745],[6.623945820864283,49.93823718393047],[6.623835812589943,49.93780884864175],[6.623705144962097,49.937525659668125],[6.62327279783215,49.93694678876121],[6.6228205348966025,49.93655314121905],[6.622489100340156,49.93633453356351]]},"properties":{"kind":"rail_tunnel","name":"Friedrich-Wilhelm-Tunnel  TL=333m","length_m":333.0,"route":"2631","state":"Rheinland-Pfalz","crossing_type":null,"source":"DB InfraGO infrastructure data","source_url":"https://data.gov.de/suche/daten/infrastrukturdaten-der-db-infrago"}},{"type":"Feature","geometry":{"type":"LineString","coordinates":[[6.6180593636210645,49.925841167375],[6.617940404043306,49.92529558591912],[6.617761884825859,49.92491573227749],[6.616660232423587,49.923389207983064]]},"properties":{"kind":"rail_tunnel","name":"Loskyller Tunnel  TL=293m","length_m":293.0,"route":"2631","state":"Rheinland-Pfalz","crossing_type":null,"source":"DB InfraGO infrastructure data","source_url":"https://data.gov.de/suche/daten/infrastrukturdaten-der-db-infrago"}},{"type":"Feature","geometry":{"type":"LineString","coordinates":[[6.609995791798426,49.91718229418706],[6.6104015038301895,49.915404062642594]]},"properties":{"kind":"rail_tunnel","name":"Heinzkyller Tunnel","length_m":200.0,"route":"2631","state":"Rheinland-Pfalz","crossing_type":null,"source":"DB InfraGO infrastructure data","source_url":"https://data.gov.de/suche/daten/infrastrukturdaten-der-db-infrago"}},{"type":"Feature","geometry":{"type":"LineString","coordinates":[[6.605770078356919,49.87827151879199],[6.606503059280527,49.87828308283479],[6.6076432832071745,49.878481511306916]]},"properties":{"kind":"rail_tunnel","name":"Kyller-Tunnel","length_m":138.0,"route":"2631","state":"Rheinland-Pfalz","crossing_type":null,"source":"DB InfraGO infrastructure data","source_url":"https://data.gov.de/suche/daten/infrastrukturdaten-der-db-infrago"}},{"type":"Feature","geometry":{"type":"LineString","coordinates":[[7.394098326116884,50.76959408133757],[7.395242570634773,50.76988309880296],[7.395867571847523,50.77009479560435],[7.397032825301071,50.770607357196056]]},"properties":{"kind":"rail_tunnel","name":"Tunnel Merten","length_m":237.0,"route":"2651","state":"Nordrhein-Westfalen","crossing_type":null,"source":"DB InfraGO infrastructure data","source_url":"https://data.gov.de/suche/daten/infrastrukturdaten-der-db-infrago"}},{"type":"Feature","geometry":{"type":"LineString","coordinates":[[7.516643007235624,50.77678581559789],[7.516395960735291,50.777402982518076],[7.516214016296603,50.77829371700023],[7.516220727359109,50.77919177389707],[7.516419195330819,50.78008369211258]]},"properties":{"kind":"rail_tunnel","name":"Tunnel Herchen  Länge 370m","length_m":371.0,"route":"2651","state":"Nordrhein-Westfalen","crossing_type":null,"source":"DB InfraGO infrastructure data","source_url":"https://data.gov.de/suche/daten/infrastrukturdaten-der-db-infrago"}},{"type":"Feature","geometry":{"type":"LineString","coordinates":[[7.530318642149736,50.80303991455374],[7.53173575356906,50.8037879749782]]},"properties":{"kind":"rail_tunnel","name":"Hoppengartener Tunnel","length_m":130.0,"route":"2651","state":"Nordrhein-Westfalen","crossing_type":null,"source":"DB InfraGO infrastructure data","source_url":"https://data.gov.de/suche/daten/infrastrukturdaten-der-db-infrago"}},{"type":"Feature","geometry":{"type":"LineString","coordinates":[[7.602755670027499,50.80471104445838],[7.603652725274755,50.8040727711764],[7.604061344593475,50.803705535380004],[7.604650139784854,50.80299174547097]]},"properties":{"kind":"rail_tunnel","name":"Tunnel  Länge 238m","length_m":235.0,"route":"2651","state":"Nordrhein-Westfalen","crossing_type":null,"source":"DB InfraGO infrastructure data","source_url":"https://data.gov.de/suche/daten/infrastrukturdaten-der-db-infrago"}},{"type":"Feature","geometry":{"type":"LineString","coordinates":[[7.757499971570748,50.785078455990096],[7.758174500551608,50.78577679879436],[7.759116729437416,50.786447143981015],[7.760229724443584,50.7870023223055],[7.760873990775938,50.78724102800996]]},"properties":{"kind":"rail_tunnel","name":"Schönsteintunnel","length_m":344.0,"route":"2651","state":"Rheinland-Pfalz","crossing_type":null,"source":"DB InfraGO infrastructure data","source_url":"https://data.gov.de/suche/daten/infrastrukturdaten-der-db-infrago"}},{"type":"Feature","geometry":{"type":"LineString","coordinates":[[7.80364794034766,50.79470937605236],[7.80652734122867,50.795714304626365]]},"properties":{"kind":"rail_tunnel","name":"Staade Tunnel","length_m":232.0,"route":"2651","state":"Rheinland-Pfalz","crossing_type":null,"source":"DB InfraGO infrastructure data","source_url":"https://data.gov.de/suche/daten/infrastrukturdaten-der-db-infrago"}},{"type":"Feature","geometry":{"type":"LineString","coordinates":[[7.83188921598985,50.79209139989315],[7.832314021012666,50.79199119491231]]},"properties":{"kind":"rail_tunnel","name":"Mahlberg-Tunnel","length_m":32.0,"route":"2651","state":"Rheinland-Pfalz","crossing_type":null,"source":"DB InfraGO infrastructure data","source_url":"https://data.gov.de/suche/daten/infrastrukturdaten-der-db-infrago"}},{"type":"Feature","geometry":{"type":"LineString","coordinates":[[7.883949816125602,50.782045644879354],[7.885805257681806,50.78209323403476]]},"properties":{"kind":"rail_tunnel","name":"Alsdorfer Tunnel","length_m":131.0,"route":"2651","state":"Rheinland-Pfalz","crossing_type":null,"source":"DB InfraGO infrastructure data","source_url":"https://data.gov.de/suche/daten/infrastrukturdaten-der-db-infrago"}},{"type":"Feature","geometry":{"type":"LineString","coordinates":[[7.935980081788145,50.77626283469037],[7.93788698537907,50.776031667453026]]},"properties":{"kind":"rail_tunnel","name":"Herdorfer Tunnel","length_m":137.0,"route":"2651","state":"Rheinland-Pfalz","crossing_type":null,"source":"DB InfraGO infrastructure data","source_url":"https://data.gov.de/suche/daten/infrastrukturdaten-der-db-infrago"}},{"type":"Feature","geometry":{"type":"LineString","coordinates":[[7.226183614251828,50.91663196312111],[7.240977528538973,50.91381230317974]]},"properties":{"kind":"rail_tunnel","name":"Hoffnungsthaler Tunnel","length_m":1087.0,"route":"2655","state":"Nordrhein-Westfalen","crossing_type":null,"source":"DB InfraGO infrastructure data","source_url":"https://data.gov.de/suche/daten/infrastrukturdaten-der-db-infrago"}},{"type":"Feature","geometry":{"type":"LineString","coordinates":[[7.171213378384685,51.1791523055189],[7.171742229228606,51.17922805410063],[7.172711975452181,51.17923306882397]]},"properties":{"kind":"rail_tunnel","name":"Büchener Tunnel","length_m":106.0,"route":"2675","state":"Nordrhein-Westfalen","crossing_type":null,"source":"DB InfraGO infrastructure data","source_url":"https://data.gov.de/suche/daten/infrastrukturdaten-der-db-infrago"}},{"type":"Feature","geometry":{"type":"LineString","coordinates":[[7.131573381071788,50.81993616743302],[7.13949801350474,50.81741681491429]]},"properties":{"kind":"rail_tunnel","name":"Tunnel","length_m":625.0,"route":"2690","state":"Nordrhein-Westfalen","crossing_type":null,"source":"DB InfraGO infrastructure data","source_url":"https://data.gov.de/suche/daten/infrastrukturdaten-der-db-infrago"}},{"type":"Feature","geometry":{"type":"LineString","coordinates":[[7.215793939413389,50.78394072645771],[7.216731886118151,50.78283108801723],[7.2176194161564835,50.781605680278474],[7.218383817749075,50.780347338432385],[7.219001273889979,50.779105125716434]]},"properties":{"kind":"rail_tunnel","name":"Tunnel","length_m":2502.0,"route":"2690","state":"Nordrhein-Westfalen","crossing_type":null,"source":"DB InfraGO infrastructure data","source_url":"https://data.gov.de/suche/daten/infrastrukturdaten-der-db-infrago"}},{"type":"Feature","geometry":{"type":"LineString","coordinates":[[7.270567459124283,50.68944660029233],[7.271015260941,50.68898825642446]]},"properties":{"kind":"rail_tunnel","name":"Tunnel","length_m":60.0,"route":"2690","state":"Nordrhein-Westfalen","crossing_type":null,"source":"DB InfraGO infrastructure data","source_url":"https://data.gov.de/suche/daten/infrastrukturdaten-der-db-infrago"}},{"type":"Feature","geometry":{"type":"LineString","coordinates":[[7.272731950840814,50.68723133927956],[7.275632839613182,50.68427151463328],[7.277985522397736,50.68202782151275],[7.279694666964293,50.68059552231072],[7.281914452206526,50.67896351263827]]},"properties":{"kind":"rail_tunnel","name":"Tunnel Ittenbach","length_m":1128.0,"route":"2690","state":"Nordrhein-Westfalen","crossing_type":null,"source":"DB InfraGO infrastructure data","source_url":"https://data.gov.de/suche/daten/infrastrukturdaten-der-db-infrago"}},{"type":"Feature","geometry":{"type":"LineString","coordinates":[[7.28401373336156,50.67760370766099],[7.286703779578241,50.67607763672571]]},"properties":{"kind":"rail_tunnel","name":"Tunnel","length_m":255.0,"route":"2690","state":"Nordrhein-Westfalen","crossing_type":null,"source":"DB InfraGO infrastructure data","source_url":"https://data.gov.de/suche/daten/infrastrukturdaten-der-db-infrago"}},{"type":"Feature","geometry":{"type":"LineString","coordinates":[[7.292141584347225,50.67359076377811],[7.294807746079675,50.672589439556894],[7.304694383952712,50.669093750070004],[7.30732520724674,50.668022913914086]]},"properties":{"kind":"rail_tunnel","name":"Tunnel Aegidienberg","length_m":1240.0,"route":"2690","state":"Nordrhein-Westfalen","crossing_type":null,"source":"DB InfraGO infrastructure data","source_url":"https://data.gov.de/suche/daten/infrastrukturdaten-der-db-infrago"}},{"type":"Feature","geometry":{"type":"LineString","coordinates":[[7.309902660824997,50.66682279500438],[7.312057653967942,50.665687091904964]]},"properties":{"kind":"rail_tunnel","name":"Tunnel","length_m":198.0,"route":"2690","state":"Nordrhein-Westfalen","crossing_type":null,"source":"DB InfraGO infrastructure data","source_url":"https://data.gov.de/suche/daten/infrastrukturdaten-der-db-infrago"}},{"type":"Feature","geometry":{"type":"LineString","coordinates":[[7.325414568392761,50.65421373239705],[7.327609455360083,50.65183247605865],[7.329598770165077,50.64997574020608],[7.331337066584382,50.6485583654643],[7.333529970174056,50.64698620056679]]},"properties":{"kind":"rail_tunnel","name":"Tunnel Rottbitze","length_m":991.0,"route":"2690","state":"Nordrhein-Westfalen","crossing_type":null,"source":"DB InfraGO infrastructure data","source_url":"https://data.gov.de/suche/daten/infrastrukturdaten-der-db-infrago"}},{"type":"Feature","geometry":{"type":"LineString","coordinates":[[7.350335926445591,50.63863231577365],[7.355165946475151,50.63679895811124]]},"properties":{"kind":"rail_tunnel","name":"Tunnel","length_m":398.0,"route":"2690","state":"Rheinland-Pfalz","crossing_type":null,"source":"DB InfraGO infrastructure data","source_url":"https://data.gov.de/suche/daten/infrastrukturdaten-der-db-infrago"}},{"type":"Feature","geometry":{"type":"LineString","coordinates":[[7.3694149168807614,50.63146394836085],[7.383174168687202,50.62631009574728]]},"properties":{"kind":"rail_tunnel","name":"Tunnel Günterscheid  ","length_m":1130.0,"route":"2690","state":"Rheinland-Pfalz","crossing_type":null,"source":"DB InfraGO infrastructure data","source_url":"https://data.gov.de/suche/daten/infrastrukturdaten-der-db-infrago"}},{"type":"Feature","geometry":{"type":"LineString","coordinates":[[7.423098951478631,50.61224364066537],[7.425176518585247,50.610892105240275],[7.427028441953394,50.609534881838705],[7.428335663239248,50.60847390625114],[7.429722207294733,50.607241599691946]]},"properties":{"kind":"rail_tunnel","name":"Tunnel Ammerich","length_m":729.0,"route":"2690","state":"Rheinland-Pfalz","crossing_type":null,"source":"DB InfraGO infrastructure data","source_url":"https://data.gov.de/suche/daten/infrastrukturdaten-der-db-infrago"}},{"type":"Feature","geometry":{"type":"LineString","coordinates":[[7.4304749401391765,50.60653475616913],[7.4350426392074525,50.602138659709624],[7.436727582197915,50.60069623839624],[7.437617089074684,50.59999807211826],[7.439487899921355,50.59865158331549],[7.441457209497311,50.597363036761486],[7.443888216757949,50.595851918382344]]},"properties":{"kind":"rail_tunnel","name":"Tunnel Fernthal","length_m":1527.0,"route":"2690","state":"Rheinland-Pfalz","crossing_type":null,"source":"DB InfraGO infrastructure data","source_url":"https://data.gov.de/suche/daten/infrastrukturdaten-der-db-infrago"}},{"type":"Feature","geometry":{"type":"LineString","coordinates":[[7.698916405996109,50.514424521172536],[7.7025476707533596,50.51245741334161]]},"properties":{"kind":"rail_tunnel","name":"Tunnel Deesen","length_m":338.0,"route":"2690","state":"Rheinland-Pfalz","crossing_type":null,"source":"DB InfraGO infrastructure data","source_url":"https://data.gov.de/suche/daten/infrastrukturdaten-der-db-infrago"}},{"type":"Feature","geometry":{"type":"LineString","coordinates":[[7.71810939897968,50.50398005547432],[7.720966883509992,50.50237990681192],[7.724016830125595,50.500512713975674],[7.72596655199138,50.499214579151584],[7.730668983989907,50.49586535221947]]},"properties":{"kind":"rail_tunnel","name":"Tunnel Oberhaider Wald","length_m":1270.0,"route":"2690","state":"Rheinland-Pfalz","crossing_type":null,"source":"DB InfraGO infrastructure data","source_url":"https://data.gov.de/suche/daten/infrastrukturdaten-der-db-infrago"}},{"type":"Feature","geometry":{"type":"LineString","coordinates":[[7.749331185219483,50.485048813454036],[7.750704810550211,50.48402438369137]]},"properties":{"kind":"rail_tunnel","name":"TO  Oberhaider Tunnel","length_m":150.0,"route":"2690","state":"Rheinland-Pfalz","crossing_type":null,"source":"DB InfraGO infrastructure data","source_url":"https://data.gov.de/suche/daten/infrastrukturdaten-der-db-infrago"}},{"type":"Feature","geometry":{"type":"LineString","coordinates":[[7.763992853361861,50.464420773598974],[7.76490943865803,50.46310063689568],[7.765529651078963,50.462293638033444],[7.7668753807796085,50.460714620788394],[7.76835813906535,50.459186500585254],[7.769973305899744,50.45771396201083],[7.771715617458131,50.456302014560634],[7.773579738855614,50.45495470038409],[7.7755595109802735,50.45367661479582],[7.777648661367517,50.45247159487424],[7.779840846844402,50.451343681148735],[7.782128877005683,50.45029628432553],[7.784505469074543,50.44933276076591],[7.786963267352076,50.448455983270605],[7.789494498042094,50.44766912281715],[7.7920908943851215,50.44697440264527],[7.794744401311332,50.44637399519883],[7.798067892490552,50.44577211731488]]},"properties":{"kind":"rail_tunnel","name":"Tunnel Dernbach","length_m":3306.0,"route":"2690","state":"Rheinland-Pfalz","crossing_type":null,"source":"DB InfraGO infrastructure data","source_url":"https://data.gov.de/suche/daten/infrastrukturdaten-der-db-infrago"}},{"type":"Feature","geometry":{"type":"LineString","coordinates":[[7.837220672990322,50.44463626844682],[7.84235017525909,50.444563980782334],[7.845158144591223,50.44443590323844],[7.84934336561666,50.444080250726465],[7.853476674063846,50.44353008421162],[7.857535650806234,50.44278827773598],[7.861498895168747,50.441858815183984],[7.865344763749262,50.440746699204375],[7.867833490596586,50.439906718407094],[7.869420424334297,50.4393148655858]]},"properties":{"kind":"rail_tunnel","name":"Tunnel Himmelberg","length_m":2395.0,"route":"2690","state":"Rheinland-Pfalz","crossing_type":null,"source":"DB InfraGO infrastructure data","source_url":"https://data.gov.de/suche/daten/infrastrukturdaten-der-db-infrago"}},{"type":"Feature","geometry":{"type":"LineString","coordinates":[[7.871019363710286,50.438676136338906],[7.872603478475176,50.43799921353771],[7.874873371127251,50.436936331685445],[7.877059473705196,50.435803903710635],[7.879233511495617,50.434557562738114]]},"properties":{"kind":"rail_tunnel","name":"Tunnel Wahnscheid","length_m":743.0,"route":"2690","state":"Rheinland-Pfalz","crossing_type":null,"source":"DB InfraGO infrastructure data","source_url":"https://data.gov.de/suche/daten/infrastrukturdaten-der-db-infrago"}},{"type":"Feature","geometry":{"type":"LineString","coordinates":[[7.879751685251924,50.434240321242704],[7.885425850757977,50.43055548525793]]},"properties":{"kind":"rail_tunnel","name":"Tunnel Dickheck","length_m":575.0,"route":"2690","state":"Rheinland-Pfalz","crossing_type":null,"source":"DB InfraGO infrastructure data","source_url":"https://data.gov.de/suche/daten/infrastrukturdaten-der-db-infrago"}},{"type":"Feature","geometry":{"type":"LineString","coordinates":[[7.889359615456856,50.4279584659878],[7.893946506536878,50.424985532492904],[7.896014711519696,50.42376641781767],[7.898172336427091,50.422612571456895],[7.900415417989434,50.42152718307199],[7.902738582681058,50.42051301316394],[7.9051362107543826,50.419572302863145],[7.908679670011574,50.41836189354429]]},"properties":{"kind":"rail_tunnel","name":"Tunnel Eichheide","length_m":1750.0,"route":"2690","state":"Rheinland-Pfalz","crossing_type":null,"source":"DB InfraGO infrastructure data","source_url":"https://data.gov.de/suche/daten/infrastrukturdaten-der-db-infrago"}},{"type":"Feature","geometry":{"type":"LineString","coordinates":[[7.9180473020591755,50.41604201337566],[7.920758336743976,50.415584611062144],[7.923519736629364,50.415209674923325]]},"properties":{"kind":"rail_tunnel","name":"Tunnel Eichen Diekenscheid","length_m":400.0,"route":"2690","state":"Rheinland-Pfalz","crossing_type":null,"source":"DB InfraGO infrastructure data","source_url":"https://data.gov.de/suche/daten/infrastrukturdaten-der-db-infrago"}},{"type":"Feature","geometry":{"type":"LineString","coordinates":[[7.9289527622959115,50.4147296990771],[7.9432050176738604,50.41417473241801]]},"properties":{"kind":"rail_tunnel","name":"Tunnel Lange Issel","length_m":1015.0,"route":"2690","state":"Rheinland-Pfalz","crossing_type":null,"source":"DB InfraGO infrastructure data","source_url":"https://data.gov.de/suche/daten/infrastrukturdaten-der-db-infrago"}},{"type":"Feature","geometry":{"type":"LineString","coordinates":[[7.944497244316791,50.414128220475526],[7.94674457978953,50.41404717004284]]},"properties":{"kind":"rail_tunnel","name":"Eichheidetunnel","length_m":160.0,"route":"2690","state":"Rheinland-Pfalz","crossing_type":null,"source":"DB InfraGO infrastructure data","source_url":"https://data.gov.de/suche/daten/infrastrukturdaten-der-db-infrago"}},{"type":"Feature","geometry":{"type":"LineString","coordinates":[[7.969802181655757,50.41297943473118],[7.973903180942948,50.41242232575282],[7.977945673839276,50.41165036133756],[7.981876899123412,50.4106715557883],[7.984575452557133,50.409862658873585]]},"properties":{"kind":"rail_tunnel","name":"Tunnel Elzer Berg","length_m":1110.0,"route":"2690","state":"Hessen","crossing_type":null,"source":"DB InfraGO infrastructure data","source_url":"https://data.gov.de/suche/daten/infrastrukturdaten-der-db-infrago"}},{"type":"Feature","geometry":{"type":"LineString","coordinates":[[8.05635944580967,50.40299318777758],[8.05977277503259,50.40253902507459],[8.063816143712053,50.40177187279573],[8.067735669114926,50.400776568121856],[8.07150045164411,50.399561245822895],[8.075079607121301,50.39813459441278],[8.077348784909955,50.39707187222529],[8.078445155620154,50.396508356261286],[8.080556458480372,50.3953200806467],[8.081569615976965,50.39469614067503],[8.083505980344004,50.39339259322854],[8.084846840375416,50.39238569739857]]},"properties":{"kind":"rail_tunnel","name":"Tunnel Limburg","length_m":2395.0,"route":"2690","state":"Hessen","crossing_type":null,"source":"DB InfraGO infrastructure data","source_url":"https://data.gov.de/suche/daten/infrastrukturdaten-der-db-infrago"}},{"type":"Feature","geometry":{"type":"LineString","coordinates":[[8.242189046912664,50.27923465829561],[8.242394707096027,50.2776445735544],[8.242710998022464,50.27607127152852]]},"properties":{"kind":"rail_tunnel","name":"Tunnel Hessenweiler","length_m":354.0,"route":"2690","state":"Hessen","crossing_type":null,"source":"DB InfraGO infrastructure data","source_url":"https://data.gov.de/suche/daten/infrastrukturdaten-der-db-infrago"}},{"type":"Feature","geometry":{"type":"LineString","coordinates":[[8.245540525615075,50.24593382756079],[8.24585822654497,50.243764484145224],[8.246438059878374,50.2414249119624]]},"properties":{"kind":"rail_tunnel","name":"Wörsdorfer Tunnel","length_m":506.0,"route":"2690","state":"Hessen","crossing_type":null,"source":"DB InfraGO infrastructure data","source_url":"https://data.gov.de/suche/daten/infrastrukturdaten-der-db-infrago"}},{"type":"Feature","geometry":{"type":"LineString","coordinates":[[8.252530397042724,50.21838635536414],[8.252317879714536,50.21181369089119],[8.252394604357258,50.21001681548582],[8.252622379045889,50.20822514049531],[8.253000517610609,50.20644385684577],[8.253527986112976,50.20467847639519],[8.253847437087938,50.20380323775536],[8.254596236346616,50.2020703693577],[8.25567858869888,50.20004854160399]]},"properties":{"kind":"rail_tunnel","name":"Tunnel Idstein","length_m":2069.0,"route":"2690","state":"Hessen","crossing_type":null,"source":"DB InfraGO infrastructure data","source_url":"https://data.gov.de/suche/daten/infrastrukturdaten-der-db-infrago"}},{"type":"Feature","geometry":{"type":"LineString","coordinates":[[8.270277210283073,50.18272087842826],[8.274252856927273,50.17828593567684],[8.275755151606306,50.176769019564695],[8.277370329973724,50.1753007741783],[8.280002026203734,50.1732001538051],[8.28237745266553,50.17155048406352],[8.284894234363149,50.16998937669894],[8.29521371119862,50.16397325613857]]},"properties":{"kind":"rail_tunnel","name":"Tunnel Niedernhausen","length_m":2765.0,"route":"2690","state":"Hessen","crossing_type":null,"source":"DB InfraGO infrastructure data","source_url":"https://data.gov.de/suche/daten/infrastrukturdaten-der-db-infrago"}},{"type":"Feature","geometry":{"type":"LineString","coordinates":[[8.313162701388409,50.14947326285516],[8.314450576171632,50.148547019094984],[8.318498500169628,50.145887904439256]]},"properties":{"kind":"rail_tunnel","name":"Tunnel Hellenberg","length_m":552.0,"route":"2690","state":"Hessen","crossing_type":null,"source":"DB InfraGO infrastructure data","source_url":"https://data.gov.de/suche/daten/infrastrukturdaten-der-db-infrago"}},{"type":"Feature","geometry":{"type":"LineString","coordinates":[[8.335817658156849,50.131653214502144],[8.338212762613255,50.128723978328914],[8.34835440916825,50.11590151880225],[8.350103959099288,50.1134510759327],[8.351624567230663,50.1109381638994],[8.352506969810575,50.1092323155802],[8.353282430514659,50.10750513346233],[8.353949893309954,50.105759412585584],[8.35450792763411,50.10399783251409],[8.35514493153856,50.101332705851554],[8.356135291839825,50.095975186757556],[8.35656942653301,50.093908505858124]]},"properties":{"kind":"rail_tunnel","name":"Schulwaldtunnel","length_m":4500.0,"route":"2690","state":"Hessen","crossing_type":null,"source":"DB InfraGO infrastructure data","source_url":"https://data.gov.de/suche/daten/infrastrukturdaten-der-db-infrago"}},{"type":"Feature","geometry":{"type":"LineString","coordinates":[[8.362607200169881,50.08174746794563],[8.364202154956436,50.079829297482405],[8.366399315852176,50.07753329534308],[8.36882644956485,50.07533533492357],[8.371485405300323,50.073204984611195]]},"properties":{"kind":"rail_tunnel","name":"Tunnel Breckenheim","length_m":1146.0,"route":"2690","state":"Hessen","crossing_type":null,"source":"DB InfraGO infrastructure data","source_url":"https://data.gov.de/suche/daten/infrastrukturdaten-der-db-infrago"}},{"type":"Feature","geometry":{"type":"LineString","coordinates":[[8.540950509107343,50.04607171061349],[8.543716708590605,50.04713225099205],[8.546224760235487,50.047921800791414],[8.548816485877138,50.04858971062334],[8.553645606317538,50.04962181473886]]},"properties":{"kind":"rail_tunnel","name":"Tunnel Kelsterbach","length_m":995.0,"route":"2690","state":"Hessen","crossing_type":null,"source":"DB InfraGO infrastructure data","source_url":"https://data.gov.de/suche/daten/infrastrukturdaten-der-db-infrago"}},{"type":"Feature","geometry":{"type":"LineString","coordinates":[[8.581133793970789,50.05435330733561],[8.583824894723376,50.0544170386784],[8.585917486634003,50.054373946709426],[8.597018958346167,50.05357669367696],[8.607353919881641,50.05330401347657]]},"properties":{"kind":"rail_tunnel","name":"Frankfurter-Kreuz-Tunnel","length_m":1883.0,"route":"2690","state":"Hessen","crossing_type":null,"source":"DB InfraGO infrastructure data","source_url":"https://data.gov.de/suche/daten/infrastrukturdaten-der-db-infrago"}},{"type":"Feature","geometry":{"type":"LineString","coordinates":[[8.617929657523796,50.055959174979165],[8.618639669576556,50.05644861200071],[8.619468973907942,50.05713269381115]]},"properties":{"kind":"rail_tunnel","name":"Rahmenbauwerk B 43  Tunnel","length_m":171.0,"route":"2690","state":"Hessen","crossing_type":null,"source":"DB InfraGO infrastructure data","source_url":"https://data.gov.de/suche/daten/infrastrukturdaten-der-db-infrago"}},{"type":"Feature","geometry":{"type":"LineString","coordinates":[[7.079913744949856,50.90504770259829],[7.087572111523374,50.896897645094526]]},"properties":{"kind":"rail_tunnel","name":"Schloß-Röttgen-Tunnel","length_m":1054.0,"route":"2691","state":"Nordrhein-Westfalen","crossing_type":null,"source":"DB InfraGO infrastructure data","source_url":"https://data.gov.de/suche/daten/infrastrukturdaten-der-db-infrago"}},{"type":"Feature","geometry":{"type":"LineString","coordinates":[[7.104316407164205,50.88497654336328],[7.1057152567286925,50.88502904672733],[7.107106299779476,50.88519973615522],[7.1097207790351655,50.88569687565964],[7.116032419415634,50.88703063781419],[7.11720574306115,50.88708451985655],[7.1182357047660005,50.88695224285314],[7.119361922911848,50.88661061071946],[7.119866600463727,50.88633342338252],[7.120360364559149,50.88601393592622],[7.1209353310093215,50.8853385979847],[7.121205219684941,50.88465833159517],[7.121324795157888,50.88386899755286],[7.121175860508629,50.88279007188262],[7.120916741971608,50.88216603303887]]},"properties":{"kind":"rail_tunnel","name":"Flughafentunnel Nord - Köln/Bonn","length_m":1644.0,"route":"2691","state":"Nordrhein-Westfalen","crossing_type":null,"source":"DB InfraGO infrastructure data","source_url":"https://data.gov.de/suche/daten/infrastrukturdaten-der-db-infrago"}},{"type":"Feature","geometry":{"type":"LineString","coordinates":[[7.118323850781851,50.877043978460186],[7.117153289125629,50.87482602181625],[7.116841803135015,50.8744638016144],[7.115831090885041,50.873713260926074],[7.114927714475465,50.87320504275737],[7.114389129870958,50.8729805293513],[7.113316801078044,50.87272257981513],[7.112747050395162,50.87264887212856],[7.110547822345332,50.87255371951527],[7.0980993704561595,50.87263665570635],[7.096463572982123,50.87256532162493],[7.094326168238342,50.87230108291094]]},"properties":{"kind":"rail_tunnel","name":"Flughafentunnel Süd - Köln/Bonn","length_m":1968.0,"route":"2691","state":"Nordrhein-Westfalen","crossing_type":null,"source":"DB InfraGO infrastructure data","source_url":"https://data.gov.de/suche/daten/infrastrukturdaten-der-db-infrago"}},{"type":"Feature","geometry":{"type":"LineString","coordinates":[[7.637342913873795,51.33331392893739],[7.642043229626895,51.33149180876489],[7.643201434517386,51.330963329648725],[7.643721026012219,51.330656299157205],[7.644182510100045,51.330311172715135],[7.644502343059389,51.32999424870275]]},"properties":{"kind":"rail_tunnel","name":"Nachrodter Tunnel","length_m":627.0,"route":"2800","state":"Nordrhein-Westfalen","crossing_type":null,"source":"DB InfraGO infrastructure data","source_url":"https://data.gov.de/suche/daten/infrastrukturdaten-der-db-infrago"}},{"type":"Feature","geometry":{"type":"LineString","coordinates":[[7.6543838738121766,51.30914580411654],[7.6549928208772915,51.308508093263974]]},"properties":{"kind":"rail_tunnel","name":"Pragpauler Tunnel","length_m":83.0,"route":"2800","state":"Nordrhein-Westfalen","crossing_type":null,"source":"DB InfraGO infrastructure data","source_url":"https://data.gov.de/suche/daten/infrastrukturdaten-der-db-infrago"}},{"type":"Feature","geometry":{"type":"LineString","coordinates":[[7.6612242308772815,51.30678214817704],[7.6618011638855785,51.306658305039484],[7.662439053115813,51.30645367893466],[7.663042637605296,51.306188011014676]]},"properties":{"kind":"rail_tunnel","name":"Hünengrabentunnel","length_m":144.0,"route":"2800","state":"Nordrhein-Westfalen","crossing_type":null,"source":"DB InfraGO infrastructure data","source_url":"https://data.gov.de/suche/daten/infrastrukturdaten-der-db-infrago"}},{"type":"Feature","geometry":{"type":"LineString","coordinates":[[7.678969320368805,51.28740650734248],[7.685905923562114,51.284289621174594],[7.687104308532535,51.283792203878356],[7.688220447944412,51.28322988266369],[7.688720740741052,51.28291064307756],[7.689160405892202,51.28255502281064],[7.6894384224329535,51.28224819086392]]},"properties":{"kind":"rail_tunnel","name":"Buchholzer Tunnel","length_m":935.0,"route":"2800","state":"Nordrhein-Westfalen","crossing_type":null,"source":"DB InfraGO infrastructure data","source_url":"https://data.gov.de/suche/daten/infrastrukturdaten-der-db-infrago"}},{"type":"Feature","geometry":{"type":"LineString","coordinates":[[7.7487988173136255,51.2586814528146],[7.749776521276752,51.258491068390164],[7.750486773418809,51.25843568524751],[7.751919913611269,51.25851320044131]]},"properties":{"kind":"rail_tunnel","name":"Ütterlingser Tunnel","length_m":222.0,"route":"2800","state":"Nordrhein-Westfalen","crossing_type":null,"source":"DB InfraGO infrastructure data","source_url":"https://data.gov.de/suche/daten/infrastrukturdaten-der-db-infrago"}},{"type":"Feature","geometry":{"type":"LineString","coordinates":[[7.9971157951859695,51.035969464585875],[7.99692293440974,51.034779931162156],[7.99626666939935,51.02972057789598]]},"properties":{"kind":"rail_tunnel","name":"Rahrbacher-Tunnel","length_m":698.0,"route":"2800","state":"Nordrhein-Westfalen","crossing_type":null,"source":"DB InfraGO infrastructure data","source_url":"https://data.gov.de/suche/daten/infrastrukturdaten-der-db-infrago"}},{"type":"Feature","geometry":{"type":"LineString","coordinates":[[8.032063953428292,50.88309446872633],[8.032740092089876,50.882364234033176],[8.03354438566394,50.88162430364848],[8.034554757219562,50.880994664750745],[8.03574213243307,50.8805036472745],[8.039660182588543,50.879319390371414]]},"properties":{"kind":"rail_tunnel","name":"Unterer Giersbergtunnel","length_m":700.0,"route":"2800","state":"Nordrhein-Westfalen","crossing_type":null,"source":"DB InfraGO infrastructure data","source_url":"https://data.gov.de/suche/daten/infrastrukturdaten-der-db-infrago"}},{"type":"Feature","geometry":{"type":"LineString","coordinates":[[8.16018289656323,50.82634596769562],[8.189852559807115,50.81169174121113]]},"properties":{"kind":"rail_tunnel","name":"Rudersdorfer Tunnel  Tunnellänge = 2651m","length_m":2652.0,"route":"2800","state":"Nordrhein-Westfalen","crossing_type":null,"source":"DB InfraGO infrastructure data","source_url":"https://data.gov.de/suche/daten/infrastrukturdaten-der-db-infrago"}},{"type":"Feature","geometry":{"type":"LineString","coordinates":[[7.526234135654595,51.29784019635593],[7.526286002884636,51.29642059691914],[7.5262844179586965,51.295972282952874],[7.526235057289759,51.295752667449364]]},"properties":{"kind":"rail_tunnel","name":"HengstenbergO Tunnel","length_m":233.0,"route":"2810","state":"Nordrhein-Westfalen","crossing_type":null,"source":"DB InfraGO infrastructure data","source_url":"https://data.gov.de/suche/daten/infrastrukturdaten-der-db-infrago"}},{"type":"Feature","geometry":{"type":"LineString","coordinates":[[7.520138881187433,51.26342751531184],[7.519925402062709,51.26207120938041]]},"properties":{"kind":"rail_tunnel","name":"Twieströmer W Tunnel","length_m":152.0,"route":"2810","state":"Nordrhein-Westfalen","crossing_type":null,"source":"DB InfraGO infrastructure data","source_url":"https://data.gov.de/suche/daten/infrastrukturdaten-der-db-infrago"}},{"type":"Feature","geometry":{"type":"LineString","coordinates":[[7.560719335742886,51.22199250022206],[7.561169686558719,51.22151549811768],[7.561800937190222,51.22070627316103],[7.562068012888126,51.22029124000466],[7.562142056127242,51.220065014099426]]},"properties":{"kind":"rail_tunnel","name":"Winkhauser Tunnel","length_m":238.0,"route":"2810","state":"Nordrhein-Westfalen","crossing_type":null,"source":"DB InfraGO infrastructure data","source_url":"https://data.gov.de/suche/daten/infrastrukturdaten-der-db-infrago"}},{"type":"Feature","geometry":{"type":"LineString","coordinates":[[7.627039279834956,51.102825533542486],[7.626259904484321,51.10221085212859],[7.62523371665106,51.101587110144436],[7.62408411424454,51.1010552255312],[7.622896673867079,51.10061498002966]]},"properties":{"kind":"rail_tunnel","name":"Meinerzhagener Tunnel","length_m":384.0,"route":"2810","state":"Nordrhein-Westfalen","crossing_type":null,"source":"DB InfraGO infrastructure data","source_url":"https://data.gov.de/suche/daten/infrastrukturdaten-der-db-infrago"}},{"type":"Feature","geometry":{"type":"LineString","coordinates":[[7.614547957696628,51.22305926294734],[7.615362824833682,51.223791626399496],[7.6171334877369326,51.22574482005195],[7.6175651309557555,51.2261241574712]]},"properties":{"kind":"rail_tunnel","name":"Lüdenscheider Tunnel","length_m":400.0,"route":"2813","state":"Nordrhein-Westfalen","crossing_type":null,"source":"DB InfraGO infrastructure data","source_url":"https://data.gov.de/suche/daten/infrastrukturdaten-der-db-infrago"}},{"type":"Feature","geometry":{"type":"LineString","coordinates":[[7.628823049922501,51.10356737972356],[7.628973210544718,51.10328997044069],[7.629299819348161,51.102890761677095],[7.629734541462594,51.10253455168744],[7.630251182689933,51.10222497433209],[7.6308465673561034,51.101977700223294],[7.631495617686924,51.101791526808746],[7.632186679201495,51.10168044363745],[7.633146020478316,51.101655567356346]]},"properties":{"kind":"rail_tunnel","name":"Schwarzenbergtunnel","length_m":400.0,"route":"2815","state":"Nordrhein-Westfalen","crossing_type":null,"source":"DB InfraGO infrastructure data","source_url":"https://data.gov.de/suche/daten/infrastrukturdaten-der-db-infrago"}},{"type":"Feature","geometry":{"type":"LineString","coordinates":[[7.452845868665077,51.34744055469044],[7.454262772212465,51.34709503980091],[7.456123755653744,51.3468904012735],[7.457245855176775,51.346898704211384],[7.458183796841998,51.34697450887428],[7.459956707668549,51.34729953624797],[7.461367239817818,51.347768710877816],[7.471542608673781,51.35213509708332],[7.472127509674266,51.352325316746324],[7.472868687961912,51.35247871474248],[7.474102857960855,51.352540133795564],[7.474802529606469,51.35246909127627],[7.475471840295451,51.35233910788914],[7.476114233599624,51.352167479080514],[7.477232800921343,51.351779307684176],[7.478825473552256,51.35102875414963]]},"properties":{"kind":"rail_tunnel","name":"Goldbergtunnel","length_m":2200.0,"route":"2819","state":"Nordrhein-Westfalen","crossing_type":null,"source":"DB InfraGO infrastructure data","source_url":"https://data.gov.de/suche/daten/infrastrukturdaten-der-db-infrago"}},{"type":"Feature","geometry":{"type":"LineString","coordinates":[[7.582206611528076,51.47006171422921],[7.578860324153605,51.477462999696975]]},"properties":{"kind":"rail_tunnel","name":"Ostberger Tunnel","length_m":856.0,"route":"2840","state":"Nordrhein-Westfalen","crossing_type":null,"source":"DB InfraGO infrastructure data","source_url":"https://data.gov.de/suche/daten/infrastrukturdaten-der-db-infrago"}},{"type":"Feature","geometry":{"type":"LineString","coordinates":[[7.849426963123823,51.38706643094182],[7.849966789430121,51.38607150179237]]},"properties":{"kind":"rail_tunnel","name":"Uhu-Tunnel","length_m":117.0,"route":"2853","state":"Nordrhein-Westfalen","crossing_type":null,"source":"DB InfraGO infrastructure data","source_url":"https://data.gov.de/suche/daten/infrastrukturdaten-der-db-infrago"}},{"type":"Feature","geometry":{"type":"LineString","coordinates":[[7.854075703444597,51.37812068429173],[7.856287545091716,51.37605322244001]]},"properties":{"kind":"rail_tunnel","name":"Binoler Tunnel","length_m":277.0,"route":"2853","state":"Nordrhein-Westfalen","crossing_type":null,"source":"DB InfraGO infrastructure data","source_url":"https://data.gov.de/suche/daten/infrastrukturdaten-der-db-infrago"}},{"type":"Feature","geometry":{"type":"LineString","coordinates":[[7.849057952841775,51.10615555108161],[7.849204845705711,51.10558526672232],[7.849392290250979,51.10515197149533],[7.853607788588307,51.096954889578214]]},"properties":{"kind":"rail_tunnel","name":"Bausenbergtunnel","length_m":1073.0,"route":"2864","state":"Nordrhein-Westfalen","crossing_type":null,"source":"DB InfraGO infrastructure data","source_url":"https://data.gov.de/suche/daten/infrastrukturdaten-der-db-infrago"}},{"type":"Feature","geometry":{"type":"LineString","coordinates":[[7.850516140244184,51.08369232588528],[7.84970163967983,51.08282278398925],[7.848917417889779,51.08207197739859],[7.844139468447251,51.0775971702874],[7.843543025003059,51.07678261039517],[7.843358901272636,51.076348939543095],[7.843178541869956,51.07571493648334]]},"properties":{"kind":"rail_tunnel","name":"Erbscheidttunnel","length_m":1034.0,"route":"2864","state":"Nordrhein-Westfalen","crossing_type":null,"source":"DB InfraGO infrastructure data","source_url":"https://data.gov.de/suche/daten/infrastrukturdaten-der-db-infrago"}},{"type":"Feature","geometry":{"type":"LineString","coordinates":[[7.841355896760947,51.06789953760131],[7.841021061607013,51.06703211111658],[7.840743223489826,51.066618756918984],[7.840238187911014,51.06608064663147]]},"properties":{"kind":"rail_tunnel","name":"-Hanemickertunnel-","length_m":219.0,"route":"2864","state":"Nordrhein-Westfalen","crossing_type":null,"source":"DB InfraGO infrastructure data","source_url":"https://data.gov.de/suche/daten/infrastrukturdaten-der-db-infrago"}},{"type":"Feature","geometry":{"type":"LineString","coordinates":[[8.126171140390685,50.986161898113075],[8.125590077051788,50.985990899146316],[8.123608763200396,50.98557251150744]]},"properties":{"kind":"rail_tunnel","name":"Vormwalder Tunnel","length_m":192.0,"route":"2870","state":"Nordrhein-Westfalen","crossing_type":null,"source":"DB InfraGO infrastructure data","source_url":"https://data.gov.de/suche/daten/infrastrukturdaten-der-db-infrago"}},{"type":"Feature","geometry":{"type":"LineString","coordinates":[[8.146311503075756,50.97522779240868],[8.147326159179922,50.97324433807043]]},"properties":{"kind":"rail_tunnel","name":"Schloßberg-Tunnel","length_m":282.0,"route":"2870","state":"Nordrhein-Westfalen","crossing_type":null,"source":"DB InfraGO infrastructure data","source_url":"https://data.gov.de/suche/daten/infrastrukturdaten-der-db-infrago"}},{"type":"Feature","geometry":{"type":"LineString","coordinates":[[8.144458357600959,50.96768020241604],[8.144843417297706,50.9672297308975],[8.145324089924499,50.96689093889769],[8.145913677516594,50.96663090504369],[8.146633885884878,50.96645054493619]]},"properties":{"kind":"rail_tunnel","name":"Kronprinz-Eiche-Tunnel","length_m":213.0,"route":"2870","state":"Nordrhein-Westfalen","crossing_type":null,"source":"DB InfraGO infrastructure data","source_url":"https://data.gov.de/suche/daten/infrastrukturdaten-der-db-infrago"}},{"type":"Feature","geometry":{"type":"LineString","coordinates":[[8.307949050357982,50.986332514243564],[8.308222273938203,50.984515697806536],[8.308132360703762,50.98402659212405],[8.307817348102532,50.98349844996005]]},"properties":{"kind":"rail_tunnel","name":"Leimstruther Tunnel","length_m":321.0,"route":"2870","state":"Nordrhein-Westfalen","crossing_type":null,"source":"DB InfraGO infrastructure data","source_url":"https://data.gov.de/suche/daten/infrastrukturdaten-der-db-infrago"}},{"type":"Feature","geometry":{"type":"LineString","coordinates":[[7.916320682094172,50.82119504142724],[7.913207179525293,50.82057599227015]]},"properties":{"kind":"rail_tunnel","name":"Büderholzer Tunnel","length_m":232.0,"route":"2880","state":"Rheinland-Pfalz","crossing_type":null,"source":"DB InfraGO infrastructure data","source_url":"https://data.gov.de/suche/daten/infrastrukturdaten-der-db-infrago"}},{"type":"Feature","geometry":{"type":"LineString","coordinates":[[7.88745233195696,50.8173000553284],[7.886700293106738,50.81720664298547],[7.885733704340758,50.81700078316626]]},"properties":{"kind":"rail_tunnel","name":"Freusburger Tunnel","length_m":127.0,"route":"2880","state":"Rheinland-Pfalz","crossing_type":null,"source":"DB InfraGO infrastructure data","source_url":"https://data.gov.de/suche/daten/infrastrukturdaten-der-db-infrago"}},{"type":"Feature","geometry":{"type":"LineString","coordinates":[[8.031840663294807,50.88347014372741],[8.033217963641851,50.88323292160407],[8.033856979071233,50.883038600205],[8.034452549690537,50.88279453925309],[8.035003501044924,50.88251418354016],[8.036016815107782,50.88188515175707],[8.037897107611165,50.880533402775626],[8.038900316941588,50.87989762027311],[8.039802811576962,50.87943952262421]]},"properties":{"kind":"rail_tunnel","name":"Unterer Giersbergtunnel","length_m":732.0,"route":"2881","state":"Nordrhein-Westfalen","crossing_type":null,"source":"DB InfraGO infrastructure data","source_url":"https://data.gov.de/suche/daten/infrastrukturdaten-der-db-infrago"}},{"type":"Feature","geometry":{"type":"LineString","coordinates":[[8.590733981437419,51.37818545190156],[8.590515994825612,51.37746507598211],[8.59045022806945,51.377018060015835],[8.590451897699305,51.37656892407319],[8.590566526323473,51.37568589929664]]},"properties":{"kind":"rail_tunnel","name":"Gudenhagener Tunnel","length_m":280.0,"route":"2961","state":"Nordrhein-Westfalen","crossing_type":null,"source":"DB InfraGO infrastructure data","source_url":"https://data.gov.de/suche/daten/infrastrukturdaten-der-db-infrago"}},{"type":"Feature","geometry":{"type":"LineString","coordinates":[[8.963522450447867,51.64878523126137],[8.96500399352865,51.647595560407616],[8.966602464625936,51.646459716459255],[8.96897134004791,51.64498164217263],[8.971154077032924,51.64380223378884],[8.973467037684427,51.64271718148283],[8.975881167039589,51.64173121751777],[8.987191921997978,51.637750181673645],[8.989602688269372,51.6367615525738],[8.991284293723737,51.635911947862496],[8.992842665459264,51.634976010565644],[8.994266680174787,51.63396051300881],[8.99564007660921,51.63278249332834]]},"properties":{"kind":"rail_tunnel","name":"Eggetunnel","length_m":2880.0,"route":"2970","state":"Nordrhein-Westfalen","crossing_type":null,"source":"DB InfraGO infrastructure data","source_url":"https://data.gov.de/suche/daten/infrastrukturdaten-der-db-infrago"}},{"type":"Feature","geometry":{"type":"LineString","coordinates":[[8.892418501231466,51.224531383004376],[8.893022256506413,51.22277444030553]]},"properties":{"kind":"rail_tunnel","name":"Itter I Tunnel","length_m":200.0,"route":"2972","state":"Hessen","crossing_type":null,"source":"DB InfraGO infrastructure data","source_url":"https://data.gov.de/suche/daten/infrastrukturdaten-der-db-infrago"}},{"type":"Feature","geometry":{"type":"LineString","coordinates":[[8.894782919948092,51.21913408898336],[8.895007515209217,51.21868214974441],[8.895083321716315,51.2183241950176]]},"properties":{"kind":"rail_tunnel","name":"Itter II Tunnel","length_m":93.0,"route":"2972","state":"Hessen","crossing_type":null,"source":"DB InfraGO infrastructure data","source_url":"https://data.gov.de/suche/daten/infrastrukturdaten-der-db-infrago"}},{"type":"Feature","geometry":{"type":"LineString","coordinates":[[8.745370511267094,51.01846332667183],[8.746385237758869,51.01785230081073],[8.747342869954608,51.0173626530401]]},"properties":{"kind":"rail_tunnel","name":"Wiesenfelder Tunnel","length_m":185.0,"route":"2972","state":"Hessen","crossing_type":null,"source":"DB InfraGO infrastructure data","source_url":"https://data.gov.de/suche/daten/infrastrukturdaten-der-db-infrago"}},{"type":"Feature","geometry":{"type":"LineString","coordinates":[[9.026997282028315,51.75270729071031],[9.027303308225285,51.75208110952859],[9.027465374665452,51.751595030259715],[9.027644959204912,51.750549245586726]]},"properties":{"kind":"rail_tunnel","name":"Reelsener Tunnel","length_m":245.0,"route":"2974","state":"Nordrhein-Westfalen","crossing_type":null,"source":"DB InfraGO infrastructure data","source_url":"https://data.gov.de/suche/daten/infrastrukturdaten-der-db-infrago"}},{"type":"Feature","geometry":{"type":"LineString","coordinates":[[9.503053917313586,51.65073722175046],[9.503890113572988,51.65010372995288],[9.504939839894714,51.64947291671282],[9.50569890692329,51.649103273708306],[9.506702478601195,51.648699160073626],[9.507959337975478,51.648301237383265],[9.50876740221445,51.648118192253406],[9.510597536462058,51.64783987714097]]},"properties":{"kind":"rail_tunnel","name":"Wahmbecker-Tunnel","length_m":630.0,"route":"2975","state":"Niedersachsen","crossing_type":null,"source":"DB InfraGO infrastructure data","source_url":"https://data.gov.de/suche/daten/infrastrukturdaten-der-db-infrago"}},{"type":"Feature","geometry":{"type":"LineString","coordinates":[[9.76488345744282,51.66051378405257],[9.770435187366395,51.66246534960229],[9.771757608272958,51.66282473914941],[9.7731499920755,51.663058893775776],[9.77458050099138,51.66316556758016],[9.775302620454118,51.66317477511862],[9.777712478080316,51.66307035114185]]},"properties":{"kind":"rail_tunnel","name":"Ertinghäuser-Tunnel  Länge = 960 m","length_m":960.0,"route":"2975","state":"Niedersachsen","crossing_type":null,"source":"DB InfraGO infrastructure data","source_url":"https://data.gov.de/suche/daten/infrastrukturdaten-der-db-infrago"}},{"type":"Feature","geometry":{"type":"LineString","coordinates":[[7.025402966111524,50.51831453382239],[7.024734219571294,50.51838253642154],[7.024029845964975,50.51838384527152],[7.023334379078712,50.518310673947056],[7.022398318822452,50.51808579340841]]},"properties":{"kind":"rail_tunnel","name":"Tunnel","length_m":219.0,"route":"3000","state":"Rheinland-Pfalz","crossing_type":null,"source":"DB InfraGO infrastructure data","source_url":"https://data.gov.de/suche/daten/infrastrukturdaten-der-db-infrago"}},{"type":"Feature","geometry":{"type":"LineString","coordinates":[[7.007975743157237,50.51477234825636],[7.008331209298832,50.515744692139116],[7.008380798837827,50.51619057112136],[7.008304789291485,50.51663716520273],[7.008106594322223,50.51706794464148],[7.007802976527904,50.51747321141347],[7.007158926401845,50.517981934845245]]},"properties":{"kind":"rail_tunnel","name":"Tunnel","length_m":384.0,"route":"3000","state":"Rheinland-Pfalz","crossing_type":null,"source":"DB InfraGO infrastructure data","source_url":"https://data.gov.de/suche/daten/infrastrukturdaten-der-db-infrago"}},{"type":"Feature","geometry":{"type":"LineString","coordinates":[[7.005943821317655,50.51854251593247],[7.005048069511027,50.51880458297616],[7.0038998150082294,50.5190490493729]]},"properties":{"kind":"rail_tunnel","name":"EÜ Zürcherstrasse","length_m":156.0,"route":"3000","state":"Rheinland-Pfalz","crossing_type":null,"source":"DB InfraGO infrastructure data","source_url":"https://data.gov.de/suche/daten/infrastrukturdaten-der-db-infrago"}},{"type":"Feature","geometry":{"type":"LineString","coordinates":[[7.000295589669636,50.519117899233486],[6.999599727340293,50.51892039157262],[6.99919108704184,50.51874642340304]]},"properties":{"kind":"rail_tunnel","name":"EÜ Zürcherstrasse","length_m":89.0,"route":"3000","state":"Rheinland-Pfalz","crossing_type":null,"source":"DB InfraGO infrastructure data","source_url":"https://data.gov.de/suche/daten/infrastrukturdaten-der-db-infrago"}},{"type":"Feature","geometry":{"type":"LineString","coordinates":[[6.996354990470184,50.51662771697043],[6.9955207136630655,50.51637061979019]]},"properties":{"kind":"rail_tunnel","name":"Tunnel","length_m":66.0,"route":"3000","state":"Rheinland-Pfalz","crossing_type":null,"source":"DB InfraGO infrastructure data","source_url":"https://data.gov.de/suche/daten/infrastrukturdaten-der-db-infrago"}},{"type":"Feature","geometry":{"type":"LineString","coordinates":[[7.192612330358603,50.31141167556085],[7.185965786885545,50.310788632452415]]},"properties":{"kind":"rail_tunnel","name":"Geisbüsch- Tunnel  3005/29,991/1310","length_m":479.0,"route":"3005","state":"Rheinland-Pfalz","crossing_type":null,"source":"DB InfraGO infrastructure data","source_url":"https://data.gov.de/suche/daten/infrastrukturdaten-der-db-infrago"}},{"type":"Feature","geometry":{"type":"LineString","coordinates":[[7.1622521034399815,50.300368238941445],[7.161583348526287,50.300301535194635],[7.160885546333329,50.300309735163154],[7.159672804808994,50.3004538200117]]},"properties":{"kind":"rail_tunnel","name":"Monrealer- Tunnel","length_m":186.0,"route":"3005","state":"Rheinland-Pfalz","crossing_type":null,"source":"DB InfraGO infrastructure data","source_url":"https://data.gov.de/suche/daten/infrastrukturdaten-der-db-infrago"}},{"type":"Feature","geometry":{"type":"LineString","coordinates":[[7.163589673283204,50.14688451174697],[7.14313902933452,50.11110085369897]]},"properties":{"kind":"rail_tunnel","name":"Neuer Kaiser-Wilhelm-Tunnel","length_m":4242.0,"route":"3010","state":"Rheinland-Pfalz","crossing_type":null,"source":"DB InfraGO infrastructure data","source_url":"https://data.gov.de/suche/daten/infrastrukturdaten-der-db-infrago"}},{"type":"Feature","geometry":{"type":"LineString","coordinates":[[7.1370442252583315,50.09970657247415],[7.136747072144014,50.09884343778786],[7.13669794566434,50.09839523978743],[7.136720076924048,50.09794615339034],[7.136811013516679,50.09750080113737],[7.136970716237676,50.09706339009393],[7.137365700024709,50.09639529063737]]},"properties":{"kind":"rail_tunnel","name":"Petersberg Tunnel","length_m":378.0,"route":"3010","state":"Rheinland-Pfalz","crossing_type":null,"source":"DB InfraGO infrastructure data","source_url":"https://data.gov.de/suche/daten/infrastrukturdaten-der-db-infrago"}},{"type":"Feature","geometry":{"type":"LineString","coordinates":[[7.131539219334908,50.04774365665577],[7.129986191567292,50.04709142847771],[7.128717289049428,50.046718060745796],[7.127384495526193,50.04645210475677],[7.125641964846615,50.046269446163386]]},"properties":{"kind":"rail_tunnel","name":"Prinzenkopf Tunnel","length_m":459.0,"route":"3010","state":"Rheinland-Pfalz","crossing_type":null,"source":"DB InfraGO infrastructure data","source_url":"https://data.gov.de/suche/daten/infrastrukturdaten-der-db-infrago"}},{"type":"Feature","geometry":{"type":"LineString","coordinates":[[7.111701678428768,50.03566741757259],[7.111212962638547,50.03499795519265],[7.110842861044637,50.034617072091706],[7.109962462928123,50.033920772591905],[7.108915443667353,50.03332804559467],[7.108336183437012,50.03307837613841],[7.106830139656554,50.03257385207024]]},"properties":{"kind":"rail_tunnel","name":"Reilerhals-Tunnel","length_m":504.0,"route":"3010","state":"Rheinland-Pfalz","crossing_type":null,"source":"DB InfraGO infrastructure data","source_url":"https://data.gov.de/suche/daten/infrastrukturdaten-der-db-infrago"}},{"type":"Feature","geometry":{"type":"LineString","coordinates":[[7.024401645334808,50.00124835708874],[7.017226901091187,50.000638393958035]]},"properties":{"kind":"rail_tunnel","name":"Kinderbeuener Tunnel","length_m":519.0,"route":"3010","state":"Rheinland-Pfalz","crossing_type":null,"source":"DB InfraGO infrastructure data","source_url":"https://data.gov.de/suche/daten/infrastrukturdaten-der-db-infrago"}},{"type":"Feature","geometry":{"type":"LineString","coordinates":[[6.720896326132334,49.82614637514499],[6.719708068738988,49.82622778291129],[6.711481892849488,49.82713519574441],[6.7100403162764595,49.82724758182669]]},"properties":{"kind":"rail_tunnel","name":"Meulenwalt-Tunnel","length_m":791.0,"route":"3010","state":"Rheinland-Pfalz","crossing_type":null,"source":"DB InfraGO infrastructure data","source_url":"https://data.gov.de/suche/daten/infrastrukturdaten-der-db-infrago"}},{"type":"Feature","geometry":{"type":"LineString","coordinates":[[6.430454955419916,49.666017442771505],[6.430345670786042,49.66556978295656],[6.43031814221142,49.66512082511234],[6.430366455281309,49.66467257070542],[6.430495302433726,49.66423110841061],[6.430699103056486,49.66380161067053],[6.430979617593787,49.66339073014719],[6.431329027310042,49.66300300933686],[6.431746132719667,49.66264449992698],[6.432221441405942,49.66231774230558],[6.4333279361579985,49.66178032230215],[6.4344838247370095,49.661440419532724]]},"properties":{"kind":"rail_tunnel","name":"Nitteler Tunnel","length_m":642.0,"route":"3010","state":"Rheinland-Pfalz","crossing_type":null,"source":"DB InfraGO infrastructure data","source_url":"https://data.gov.de/suche/daten/infrastrukturdaten-der-db-infrago"}},{"type":"Feature","geometry":{"type":"LineString","coordinates":[[7.544990446796418,50.2215976250442],[7.544197628795002,50.2218630876709]]},"properties":{"kind":"rail_tunnel","name":"Hinterburden-Tunnel I","length_m":64.0,"route":"3020","state":"Rheinland-Pfalz","crossing_type":null,"source":"DB InfraGO infrastructure data","source_url":"https://data.gov.de/suche/daten/infrastrukturdaten-der-db-infrago"}},{"type":"Feature","geometry":{"type":"LineString","coordinates":[[7.542277279424154,50.22328002754543],[7.541875759036574,50.2238028434695]]},"properties":{"kind":"rail_tunnel","name":"Hinterburden-Tunnel II","length_m":65.0,"route":"3020","state":"Rheinland-Pfalz","crossing_type":null,"source":"DB InfraGO infrastructure data","source_url":"https://data.gov.de/suche/daten/infrastrukturdaten-der-db-infrago"}},{"type":"Feature","geometry":{"type":"LineString","coordinates":[[7.551896139251678,50.232521744899515],[7.552130449522127,50.23362690525782]]},"properties":{"kind":"rail_tunnel","name":"Rauherberg-Tunnel","length_m":124.0,"route":"3020","state":"Rheinland-Pfalz","crossing_type":null,"source":"DB InfraGO infrastructure data","source_url":"https://data.gov.de/suche/daten/infrastrukturdaten-der-db-infrago"}},{"type":"Feature","geometry":{"type":"LineString","coordinates":[[7.554771094092806,50.236625468743206],[7.555358818355368,50.23703264808797],[7.556330608886468,50.23742556471824]]},"properties":{"kind":"rail_tunnel","name":"Talberg-Tunnel","length_m":144.0,"route":"3020","state":"Rheinland-Pfalz","crossing_type":null,"source":"DB InfraGO infrastructure data","source_url":"https://data.gov.de/suche/daten/infrastrukturdaten-der-db-infrago"}},{"type":"Feature","geometry":{"type":"LineString","coordinates":[[7.567108740231767,50.238433191354055],[7.567965164871444,50.23812163246281],[7.5685282188926175,50.237801481127924]]},"properties":{"kind":"rail_tunnel","name":"Kalmut-Tunnel","length_m":124.0,"route":"3020","state":"Rheinland-Pfalz","crossing_type":null,"source":"DB InfraGO infrastructure data","source_url":"https://data.gov.de/suche/daten/infrastrukturdaten-der-db-infrago"}},{"type":"Feature","geometry":{"type":"LineString","coordinates":[[7.600859078636625,50.33756117738956],[7.601555583077417,50.33662534521201],[7.601826448305343,50.33621015128195],[7.602023849328,50.335781838600255],[7.602102217131817,50.33533529698935],[7.602057869776105,50.33488745619561],[7.601900001727474,50.334449884713926],[7.601621832539184,50.33403739307155],[7.601246626303505,50.33365783894876],[7.600773005019085,50.33332615582481],[7.6000670883557175,50.33298810072449]]},"properties":{"kind":"rail_tunnel","name":"Horchheimer Tunnel","length_m":576.0,"route":"3031","state":"Rheinland-Pfalz","crossing_type":null,"source":"DB InfraGO infrastructure data","source_url":"https://data.gov.de/suche/daten/infrastrukturdaten-der-db-infrago"}},{"type":"Feature","geometry":{"type":"LineString","coordinates":[[7.664427928350491,50.72785877389711],[7.664713400540069,50.728341591012835],[7.665104437908326,50.72920369763952],[7.665407190171632,50.730081936196235],[7.668146657016365,50.73698978524851]]},"properties":{"kind":"rail_tunnel","name":"Marienthaler-Tunnel","length_m":1050.0,"route":"3032","state":"Rheinland-Pfalz","crossing_type":null,"source":"DB InfraGO infrastructure data","source_url":"https://data.gov.de/suche/daten/infrastrukturdaten-der-db-infrago"}},{"type":"Feature","geometry":{"type":"LineString","coordinates":[[6.599734627853283,49.47927955736322],[6.599544952558997,49.48084699521374],[6.599468613366879,49.48219515296842],[6.598794686308098,49.49000602793975]]},"properties":{"kind":"rail_tunnel","name":"Mettlacher-Tunnel","length_m":1195.0,"route":"3230","state":"Saarland","crossing_type":null,"source":"DB InfraGO infrastructure data","source_url":"https://data.gov.de/suche/daten/infrastrukturdaten-der-db-infrago"}},{"type":"Feature","geometry":{"type":"LineString","coordinates":[[6.956802715821207,49.22901153939733],[6.955957606170067,49.22916610932429],[6.955202862722361,49.22942504060679],[6.954545512727713,49.229780029412666],[6.954011106772199,49.23021854640688]]},"properties":{"kind":"rail_tunnel","name":"Schanzenbergtunnel  3232/3,491/1310","length_m":251.0,"route":"3232","state":"Saarland","crossing_type":null,"source":"DB InfraGO infrastructure data","source_url":"https://data.gov.de/suche/daten/infrastrukturdaten-der-db-infrago"}},{"type":"Feature","geometry":{"type":"LineString","coordinates":[[7.066346604797872,49.35720742651687],[7.069627478949925,49.362354235002776]]},"properties":{"kind":"rail_tunnel","name":"Merchweilertunnel","length_m":622.0,"route":"3240","state":"Saarland","crossing_type":null,"source":"DB InfraGO infrastructure data","source_url":"https://data.gov.de/suche/daten/infrastrukturdaten-der-db-infrago"}},{"type":"Feature","geometry":{"type":"LineString","coordinates":[[7.066346604797872,49.35720742651687],[7.06962259831429,49.362345857553535]]},"properties":{"kind":"rail_tunnel","name":"Merchweilertunnel Röhre 2","length_m":621.0,"route":"3240","state":"Saarland","crossing_type":null,"source":"DB InfraGO infrastructure data","source_url":"https://data.gov.de/suche/daten/infrastrukturdaten-der-db-infrago"}},{"type":"Feature","geometry":{"type":"LineString","coordinates":[[6.974531723049772,49.24293647160049],[6.9724522241144,49.24256680378649]]},"properties":{"kind":"rail_tunnel","name":"Schleifmühler Tunnel","length_m":157.0,"route":"3242","state":"Saarland","crossing_type":null,"source":"DB InfraGO infrastructure data","source_url":"https://data.gov.de/suche/daten/infrastrukturdaten-der-db-infrago"}},{"type":"Feature","geometry":{"type":"LineString","coordinates":[[7.852197230142991,49.43169065367739],[7.868023967686996,49.438057387445205]]},"properties":{"kind":"rail_tunnel","name":"Heiligenberg-Tunnel","length_m":1349.0,"route":"3280","state":"Rheinland-Pfalz","crossing_type":null,"source":"DB InfraGO infrastructure data","source_url":"https://data.gov.de/suche/daten/infrastrukturdaten-der-db-infrago"}},{"type":"Feature","geometry":{"type":"LineString","coordinates":[[7.928703939073633,49.441017913435275],[7.929637313954428,49.440618094214884]]},"properties":{"kind":"rail_tunnel","name":"Franzosenwoog-Tunnel","length_m":81.0,"route":"3280","state":"Rheinland-Pfalz","crossing_type":null,"source":"DB InfraGO infrastructure data","source_url":"https://data.gov.de/suche/daten/infrastrukturdaten-der-db-infrago"}},{"type":"Feature","geometry":{"type":"LineString","coordinates":[[7.973260197754837,49.43904431964521],[7.974974608193414,49.4389937858285],[7.976056509089109,49.438810052425204]]},"properties":{"kind":"rail_tunnel","name":"Schloßberg-Tunnel","length_m":206.0,"route":"3280","state":"Rheinland-Pfalz","crossing_type":null,"source":"DB InfraGO infrastructure data","source_url":"https://data.gov.de/suche/daten/infrastrukturdaten-der-db-infrago"}},{"type":"Feature","geometry":{"type":"LineString","coordinates":[[7.980696758301043,49.4356990486782],[7.980891636131568,49.43512176788416],[7.980953601237394,49.43467423418755],[7.980947707655756,49.43422491118659],[7.9808717487358125,49.43377825271322],[7.98058126062592,49.43303725407933]]},"properties":{"kind":"rail_tunnel","name":"Kehre-Tunnel","length_m":301.0,"route":"3280","state":"Rheinland-Pfalz","crossing_type":null,"source":"DB InfraGO infrastructure data","source_url":"https://data.gov.de/suche/daten/infrastrukturdaten-der-db-infrago"}},{"type":"Feature","geometry":{"type":"LineString","coordinates":[[7.980311234633641,49.427796781862924],[7.980407708180586,49.42721602058587]]},"properties":{"kind":"rail_tunnel","name":"Eisenkeil- Tunnel","length_m":65.0,"route":"3280","state":"Rheinland-Pfalz","crossing_type":null,"source":"DB InfraGO infrastructure data","source_url":"https://data.gov.de/suche/daten/infrastrukturdaten-der-db-infrago"}},{"type":"Feature","geometry":{"type":"LineString","coordinates":[[7.98438764938663,49.423150798360936],[7.985981600816028,49.422183775473165]]},"properties":{"kind":"rail_tunnel","name":"Köpfl-Tunnel","length_m":158.0,"route":"3280","state":"Rheinland-Pfalz","crossing_type":null,"source":"DB InfraGO infrastructure data","source_url":"https://data.gov.de/suche/daten/infrastrukturdaten-der-db-infrago"}},{"type":"Feature","geometry":{"type":"LineString","coordinates":[[7.986697521264755,49.42174898430268],[7.988875376610522,49.42042615773037]]},"properties":{"kind":"rail_tunnel","name":"Gipp-Tunnel","length_m":215.0,"route":"3280","state":"Rheinland-Pfalz","crossing_type":null,"source":"DB InfraGO infrastructure data","source_url":"https://data.gov.de/suche/daten/infrastrukturdaten-der-db-infrago"}},{"type":"Feature","geometry":{"type":"LineString","coordinates":[[8.007419311295399,49.41135904629707],[8.009493221482861,49.41000510410842]]},"properties":{"kind":"rail_tunnel","name":"Mainzerberg - Tunnel","length_m":212.0,"route":"3280","state":"Rheinland-Pfalz","crossing_type":null,"source":"DB InfraGO infrastructure data","source_url":"https://data.gov.de/suche/daten/infrastrukturdaten-der-db-infrago"}},{"type":"Feature","geometry":{"type":"LineString","coordinates":[[8.01550132436595,49.40355728149491],[8.018759745933256,49.40104773901488]]},"properties":{"kind":"rail_tunnel","name":"Schönberg - Langeck - Tunnel","length_m":366.0,"route":"3280","state":"Rheinland-Pfalz","crossing_type":null,"source":"DB InfraGO infrastructure data","source_url":"https://data.gov.de/suche/daten/infrastrukturdaten-der-db-infrago"}},{"type":"Feature","geometry":{"type":"LineString","coordinates":[[8.02335747791194,49.39794592981978],[8.02554378964123,49.39691336038467]]},"properties":{"kind":"rail_tunnel","name":"Retschbach - Tunnel","length_m":196.0,"route":"3280","state":"Rheinland-Pfalz","crossing_type":null,"source":"DB InfraGO infrastructure data","source_url":"https://data.gov.de/suche/daten/infrastrukturdaten-der-db-infrago"}},{"type":"Feature","geometry":{"type":"LineString","coordinates":[[8.040273995198081,49.39131361310334],[8.041234544678058,49.39077465979215]]},"properties":{"kind":"rail_tunnel","name":"Tunnel Lichtensteiner Kopf","length_m":92.0,"route":"3280","state":"Rheinland-Pfalz","crossing_type":null,"source":"DB InfraGO infrastructure data","source_url":"https://data.gov.de/suche/daten/infrastrukturdaten-der-db-infrago"}},{"type":"Feature","geometry":{"type":"LineString","coordinates":[[8.106360231926649,49.36118435604602],[8.106203762825064,49.36042007335013],[8.106230746297527,49.35952214387578],[8.106347019632645,49.359079907831024],[8.106545667782864,49.358649727399204],[8.106730796420734,49.358376086447215]]},"properties":{"kind":"rail_tunnel","name":"Wolfsbergtunnel","length_m":320.0,"route":"3280","state":"Rheinland-Pfalz","crossing_type":null,"source":"DB InfraGO infrastructure data","source_url":"https://data.gov.de/suche/daten/infrastrukturdaten-der-db-infrago"}},{"type":"Feature","geometry":{"type":"LineString","coordinates":[[7.605449485117324,49.58864852399092],[7.6050601900705646,49.589133498558766],[7.604991951532282,49.58939669936642]]},"properties":{"kind":"rail_tunnel","name":"Eisenknopf-Tunnel","length_m":91.0,"route":"3302","state":"Rheinland-Pfalz","crossing_type":null,"source":"DB InfraGO infrastructure data","source_url":"https://data.gov.de/suche/daten/infrastrukturdaten-der-db-infrago"}},{"type":"Feature","geometry":{"type":"LineString","coordinates":[[7.892183671687712,49.48069873198061],[7.892940394636079,49.48079991824413]]},"properties":{"kind":"rail_tunnel","name":"-Schützenkanzeltunnel-","length_m":56.0,"route":"3303","state":"Rheinland-Pfalz","crossing_type":null,"source":"DB InfraGO infrastructure data","source_url":"https://data.gov.de/suche/daten/infrastrukturdaten-der-db-infrago"}},{"type":"Feature","geometry":{"type":"LineString","coordinates":[[7.597983938625225,49.2256818229342],[7.589036036659117,49.22029713176118]]},"properties":{"kind":"rail_tunnel","name":"Neuer Fehrbacher Tunnel","length_m":886.0,"route":"3310","state":"Rheinland-Pfalz","crossing_type":null,"source":"DB InfraGO infrastructure data","source_url":"https://data.gov.de/suche/daten/infrastrukturdaten-der-db-infrago"}},{"type":"Feature","geometry":{"type":"LineString","coordinates":[[7.9119391989168735,49.47275796401674],[7.908559638592419,49.47601065836198]]},"properties":{"kind":"rail_tunnel","name":"Altenhoftunnel","length_m":437.0,"route":"3320","state":"Rheinland-Pfalz","crossing_type":null,"source":"DB InfraGO infrastructure data","source_url":"https://data.gov.de/suche/daten/infrastrukturdaten-der-db-infrago"}},{"type":"Feature","geometry":{"type":"LineString","coordinates":[[7.848040134454831,49.57560494648936],[7.847720747905838,49.575965298748244],[7.847411998786595,49.57622661571623]]},"properties":{"kind":"rail_tunnel","name":"Kupferschmelztunnel","length_m":83.0,"route":"3320","state":"Rheinland-Pfalz","crossing_type":null,"source":"DB InfraGO infrastructure data","source_url":"https://data.gov.de/suche/daten/infrastrukturdaten-der-db-infrago"}},{"type":"Feature","geometry":{"type":"LineString","coordinates":[[7.807657126891704,49.599088170948605],[7.807750130222344,49.59977630508857],[7.807912730179489,49.6002130555509],[7.8081453727265355,49.600636261781965],[7.8084507798347405,49.601039315703204],[7.808822993811577,49.60141781709987],[7.809259649208267,49.60176611687914],[7.809668353273505,49.60201927026608]]},"properties":{"kind":"rail_tunnel","name":"Imsweiler Tunnel","length_m":368.0,"route":"3320","state":"Rheinland-Pfalz","crossing_type":null,"source":"DB InfraGO infrastructure data","source_url":"https://data.gov.de/suche/daten/infrastrukturdaten-der-db-infrago"}},{"type":"Feature","geometry":{"type":"LineString","coordinates":[[7.8162342515269145,49.722359890111136],[7.816686055080579,49.724894923708966]]},"properties":{"kind":"rail_tunnel","name":"Alsenz-Tunnel","length_m":284.0,"route":"3320","state":"Rheinland-Pfalz","crossing_type":null,"source":"DB InfraGO infrastructure data","source_url":"https://data.gov.de/suche/daten/infrastrukturdaten-der-db-infrago"}},{"type":"Feature","geometry":{"type":"LineString","coordinates":[[8.438659740468266,49.483636403389355],[8.439447516120754,49.48407904858606],[8.440385714223675,49.48474030406],[8.441297069008481,49.48541656319603],[8.441693671517358,49.48578180811631],[8.441979977131016,49.486189142971],[8.442344785985073,49.48705641532329],[8.442434316442576,49.487502141834526],[8.442429432048863,49.48816625081072]]},"properties":{"kind":"rail_tunnel","name":"BASF-Verbindungstunnel","length_m":600.0,"route":"3405","state":"Rheinland-Pfalz","crossing_type":null,"source":"DB InfraGO infrastructure data","source_url":"https://data.gov.de/suche/daten/infrastrukturdaten-der-db-infrago"}},{"type":"Feature","geometry":{"type":"LineString","coordinates":[[8.02898969685122,49.216725220376595],[8.02803372085444,49.217278471855394]]},"properties":{"kind":"rail_tunnel","name":"Kirchberg Tunnel","length_m":93.0,"route":"3450","state":"Rheinland-Pfalz","crossing_type":null,"source":"DB InfraGO infrastructure data","source_url":"https://data.gov.de/suche/daten/infrastrukturdaten-der-db-infrago"}},{"type":"Feature","geometry":{"type":"LineString","coordinates":[[7.9192342099998845,49.22046761077239],[7.9189711209373295,49.22084836802218],[7.91847106015671,49.221292014310954]]},"properties":{"kind":"rail_tunnel","name":"Schwerwoogkopftunnel","length_m":108.0,"route":"3450","state":"Rheinland-Pfalz","crossing_type":null,"source":"DB InfraGO infrastructure data","source_url":"https://data.gov.de/suche/daten/infrastrukturdaten-der-db-infrago"}},{"type":"Feature","geometry":{"type":"LineString","coordinates":[[7.728034961496922,49.2137883212766],[7.726598968345765,49.21427552519573],[7.719052711921841,49.216440158025264],[7.717559933085767,49.21694466637273]]},"properties":{"kind":"rail_tunnel","name":"Münchweiler-Tunnel","length_m":841.0,"route":"3450","state":"Rheinland-Pfalz","crossing_type":null,"source":"DB InfraGO infrastructure data","source_url":"https://data.gov.de/suche/daten/infrastrukturdaten-der-db-infrago"}},{"type":"Feature","geometry":{"type":"LineString","coordinates":[[7.667830863866974,49.23510729537172],[7.667043512364201,49.235828906458316],[7.666564802826308,49.23615109270584],[7.666032311194806,49.236433779322596],[7.665450224858787,49.2366719055255],[7.66475663541314,49.23687225078493]]},"properties":{"kind":"rail_tunnel","name":"Neuhof-Tunnel","length_m":304.0,"route":"3450","state":"Rheinland-Pfalz","crossing_type":null,"source":"DB InfraGO infrastructure data","source_url":"https://data.gov.de/suche/daten/infrastrukturdaten-der-db-infrago"}},{"type":"Feature","geometry":{"type":"LineString","coordinates":[[7.726708507341742,50.11234615866236],[7.726219122368914,50.11286988105101],[7.725957100515626,50.11328649729005],[7.725780458233381,50.1137213164163],[7.725685948970779,50.1141666206586],[7.725681161337086,50.11461603818822],[7.725760030790887,50.11506267854522],[7.7259274693349145,50.11549908824229],[7.726175227860588,50.11591929654431],[7.726431285434831,50.11622779098598]]},"properties":{"kind":"rail_tunnel","name":"Neuer Roßsteintunnel","length_m":457.0,"route":"3507","state":"Rheinland-Pfalz","crossing_type":null,"source":"DB InfraGO infrastructure data","source_url":"https://data.gov.de/suche/daten/infrastrukturdaten-der-db-infrago"}},{"type":"Feature","geometry":{"type":"LineString","coordinates":[[7.72642420122299,50.11263395435492],[7.725957100515626,50.11328649729005],[7.725780458233381,50.1137213164163],[7.725685948970779,50.1141666206586],[7.725681161337086,50.11461603818822],[7.725760030790887,50.11506267854522],[7.7259274693349145,50.11549908824229],[7.726164845305753,50.115901687471954]]},"properties":{"kind":"rail_tunnel","name":"Alter Roßsteintunnel","length_m":378.0,"route":"3507","state":"Rheinland-Pfalz","crossing_type":null,"source":"DB InfraGO infrastructure data","source_url":"https://data.gov.de/suche/daten/infrastrukturdaten-der-db-infrago"}},{"type":"Feature","geometry":{"type":"LineString","coordinates":[[8.379593775875712,50.05801347629319],[8.378956159846105,50.057431672041545],[8.378121778824683,50.056804307691834],[8.37702792148485,50.05615569609397],[8.37586364933829,50.05559758415533],[8.37496283443041,50.0552648274072],[8.373615027745617,50.054881131725544],[8.372338916279222,50.05462694698839],[8.37046369575548,50.054425509069894]]},"properties":{"kind":"rail_tunnel","name":"Tunnel Wandersmann Süd","length_m":794.0,"route":"3509","state":"Hessen","crossing_type":null,"source":"DB InfraGO infrastructure data","source_url":"https://data.gov.de/suche/daten/infrastrukturdaten-der-db-infrago"}},{"type":"Feature","geometry":{"type":"LineString","coordinates":[[7.822774209502972,49.81556838608234],[7.822139504067697,49.81514737209331],[7.821713228685487,49.81479220690632],[7.8213290428346856,49.81441861793867],[7.820888947016095,49.81387244130972]]},"properties":{"kind":"rail_tunnel","name":"Gr. Norheimer Tunnel","length_m":234.0,"route":"3511","state":"Rheinland-Pfalz","crossing_type":null,"source":"DB InfraGO infrastructure data","source_url":"https://data.gov.de/suche/daten/infrastrukturdaten-der-db-infrago"}},{"type":"Feature","geometry":{"type":"LineString","coordinates":[[7.820368852683315,49.81322696559696],[7.8198627343496945,49.812627897224424]]},"properties":{"kind":"rail_tunnel","name":"Kl. Norheimer Tunnel","length_m":76.0,"route":"3511","state":"Rheinland-Pfalz","crossing_type":null,"source":"DB InfraGO infrastructure data","source_url":"https://data.gov.de/suche/daten/infrastrukturdaten-der-db-infrago"}},{"type":"Feature","geometry":{"type":"LineString","coordinates":[[7.716351172640152,49.78555152894286],[7.715473908537563,49.785124546005484],[7.714242433092955,49.78471192718827],[7.7109392342356395,49.784043084361706]]},"properties":{"kind":"rail_tunnel","name":"Booser Tunnel","length_m":428.0,"route":"3511","state":"Rheinland-Pfalz","crossing_type":null,"source":"DB InfraGO infrastructure data","source_url":"https://data.gov.de/suche/daten/infrastrukturdaten-der-db-infrago"}},{"type":"Feature","geometry":{"type":"LineString","coordinates":[[7.350038020390848,49.70452118391385],[7.347212057329095,49.70407191293323]]},"properties":{"kind":"rail_tunnel","name":"Gefallener Fels-Tunnel","length_m":210.0,"route":"3511","state":"Rheinland-Pfalz","crossing_type":null,"source":"DB InfraGO infrastructure data","source_url":"https://data.gov.de/suche/daten/infrastrukturdaten-der-db-infrago"}},{"type":"Feature","geometry":{"type":"LineString","coordinates":[[7.312653500380885,49.697438132056384],[7.307527948640428,49.69627214138625]]},"properties":{"kind":"rail_tunnel","name":"Homerischer-Tunnel","length_m":392.0,"route":"3511","state":"Rheinland-Pfalz","crossing_type":null,"source":"DB InfraGO infrastructure data","source_url":"https://data.gov.de/suche/daten/infrastrukturdaten-der-db-infrago"}},{"type":"Feature","geometry":{"type":"LineString","coordinates":[[7.304297896796035,49.695538377477575],[7.298215391390482,49.69416033534541]]},"properties":{"kind":"rail_tunnel","name":"Enzweiler-Tunnel","length_m":465.0,"route":"3511","state":"Rheinland-Pfalz","crossing_type":null,"source":"DB InfraGO infrastructure data","source_url":"https://data.gov.de/suche/daten/infrastrukturdaten-der-db-infrago"}},{"type":"Feature","geometry":{"type":"LineString","coordinates":[[7.289381984193697,49.69094759757088],[7.289060909790499,49.690451084743174]]},"properties":{"kind":"rail_tunnel","name":"Hammersteiner-Tunnel","length_m":60.0,"route":"3511","state":"Rheinland-Pfalz","crossing_type":null,"source":"DB InfraGO infrastructure data","source_url":"https://data.gov.de/suche/daten/infrastrukturdaten-der-db-infrago"}},{"type":"Feature","geometry":{"type":"LineString","coordinates":[[7.259622156191567,49.65179898759188],[7.259054369952068,49.651383735684895],[7.258528258968847,49.651091788438826],[7.257956918010687,49.650838231412465],[7.257096637208351,49.65056744876281]]},"properties":{"kind":"rail_tunnel","name":"Kupferheck-Tunnel","length_m":231.0,"route":"3511","state":"Rheinland-Pfalz","crossing_type":null,"source":"DB InfraGO infrastructure data","source_url":"https://data.gov.de/suche/daten/infrastrukturdaten-der-db-infrago"}},{"type":"Feature","geometry":{"type":"LineString","coordinates":[[7.244083937006572,49.64276815292224],[7.243506643332171,49.64175686620997]]},"properties":{"kind":"rail_tunnel","name":"Bockspiel-Tunnel","length_m":120.0,"route":"3511","state":"Rheinland-Pfalz","crossing_type":null,"source":"DB InfraGO infrastructure data","source_url":"https://data.gov.de/suche/daten/infrastrukturdaten-der-db-infrago"}},{"type":"Feature","geometry":{"type":"LineString","coordinates":[[7.229471804267959,49.630837653905104],[7.229068150215419,49.62895042019633]]},"properties":{"kind":"rail_tunnel","name":"Brämericher Tunnel","length_m":212.0,"route":"3511","state":"Rheinland-Pfalz","crossing_type":null,"source":"DB InfraGO infrastructure data","source_url":"https://data.gov.de/suche/daten/infrastrukturdaten-der-db-infrago"}},{"type":"Feature","geometry":{"type":"LineString","coordinates":[[7.227260466698898,49.61304387808265],[7.226463113859176,49.61265878874021],[7.225644457017103,49.61239697334996]]},"properties":{"kind":"rail_tunnel","name":"Jährodter Tunnel","length_m":138.0,"route":"3511","state":"Rheinland-Pfalz","crossing_type":null,"source":"DB InfraGO infrastructure data","source_url":"https://data.gov.de/suche/daten/infrastrukturdaten-der-db-infrago"}},{"type":"Feature","geometry":{"type":"LineString","coordinates":[[7.2170160358309206,49.612947262228],[7.215866697395958,49.61318575120078],[7.21481656539228,49.613331948480976]]},"properties":{"kind":"rail_tunnel","name":"Mausenmühlen Tunnel","length_m":165.0,"route":"3511","state":"Rheinland-Pfalz","crossing_type":null,"source":"DB InfraGO infrastructure data","source_url":"https://data.gov.de/suche/daten/infrastrukturdaten-der-db-infrago"}},{"type":"Feature","geometry":{"type":"LineString","coordinates":[[7.1749673195891575,49.3759876385772],[7.1757883607683866,49.373885643247235],[7.175969250095434,49.37325229474574]]},"properties":{"kind":"rail_tunnel","name":"Wiebelskircher Tunnel","length_m":313.0,"route":"3511","state":"Saarland","crossing_type":null,"source":"DB InfraGO infrastructure data","source_url":"https://data.gov.de/suche/daten/infrastrukturdaten-der-db-infrago"}},{"type":"Feature","geometry":{"type":"LineString","coordinates":[[7.0917132766994095,49.33414101771341],[7.091444215463485,49.333462539998465],[7.091308101439572,49.332568971794366],[7.091400634895982,49.33167309666077],[7.091569410128161,49.331144659562646]]},"properties":{"kind":"rail_tunnel","name":"Bildstock Tunnel","length_m":338.0,"route":"3511","state":"Saarland","crossing_type":null,"source":"DB InfraGO infrastructure data","source_url":"https://data.gov.de/suche/daten/infrastrukturdaten-der-db-infrago"}},{"type":"Feature","geometry":{"type":"LineString","coordinates":[[8.22083286663632,49.944257892192304],[8.224160657738468,49.9468906356003]]},"properties":{"kind":"rail_tunnel","name":"Klein-Winternheim Tunnel","length_m":378.0,"route":"3523","state":"Rheinland-Pfalz","crossing_type":null,"source":"DB InfraGO infrastructure data","source_url":"https://data.gov.de/suche/daten/infrastrukturdaten-der-db-infrago"}},{"type":"Feature","geometry":{"type":"LineString","coordinates":[[8.478468014546822,50.02591821731698],[8.479804372448461,50.02621168857242],[8.481124081994011,50.026395160166146]]},"properties":{"kind":"rail_tunnel","name":"Tunnel A3","length_m":198.0,"route":"3539","state":"Hessen","crossing_type":null,"source":"DB InfraGO infrastructure data","source_url":"https://data.gov.de/suche/daten/infrastrukturdaten-der-db-infrago"}},{"type":"Feature","geometry":{"type":"LineString","coordinates":[[8.807247042489758,49.83028577601095],[8.809797389738542,49.82892399857896]]},"properties":{"kind":"rail_tunnel","name":"Engelberg-Tunnel","length_m":238.0,"route":"3554","state":"Hessen","crossing_type":null,"source":"DB InfraGO infrastructure data","source_url":"https://data.gov.de/suche/daten/infrastrukturdaten-der-db-infrago"}},{"type":"Feature","geometry":{"type":"LineString","coordinates":[[9.71989635926564,50.71024213965128],[9.719095270360587,50.71159194137775],[9.718659307972741,50.712231464274794]]},"properties":{"kind":"rail_tunnel","name":"Burghauner Tunnel","length_m":238.0,"route":"3600","state":"Hessen","crossing_type":null,"source":"DB InfraGO infrastructure data","source_url":"https://data.gov.de/suche/daten/infrastrukturdaten-der-db-infrago"}},{"type":"Feature","geometry":{"type":"LineString","coordinates":[[9.842746650573735,51.02537260328057],[9.852025852361397,51.02810565757018]]},"properties":{"kind":"rail_tunnel","name":"Cornberger Tunnel","length_m":719.0,"route":"3600","state":"Hessen","crossing_type":null,"source":"DB InfraGO infrastructure data","source_url":"https://data.gov.de/suche/daten/infrastrukturdaten-der-db-infrago"}},{"type":"Feature","geometry":{"type":"LineString","coordinates":[[9.934978791511437,51.30827155017575],[9.93403400007739,51.30970954397047]]},"properties":{"kind":"rail_tunnel","name":"Schürzeberg-Tunnel","length_m":173.0,"route":"3600","state":"Hessen","crossing_type":null,"source":"DB InfraGO infrastructure data","source_url":"https://data.gov.de/suche/daten/infrastrukturdaten-der-db-infrago"}},{"type":"Feature","geometry":{"type":"LineString","coordinates":[[8.662758724352242,50.107336600627725],[8.652473804043469,50.103388913314845]]},"properties":{"kind":"rail_tunnel","name":"Tunnel","length_m":857.0,"route":"3610","state":"Hessen","crossing_type":null,"source":"DB InfraGO infrastructure data","source_url":"https://data.gov.de/suche/daten/infrastrukturdaten-der-db-infrago"}},{"type":"Feature","geometry":{"type":"LineString","coordinates":[[8.385744471156423,50.140534922823356],[8.384619919270405,50.14090570929135],[8.38329615616508,50.14113432864898],[8.381897301472115,50.14116667177273],[8.381194990405609,50.14110434627001]]},"properties":{"kind":"rail_tunnel","name":"Eppstein Tunnel","length_m":340.0,"route":"3610","state":"Hessen","crossing_type":null,"source":"DB InfraGO infrastructure data","source_url":"https://data.gov.de/suche/daten/infrastrukturdaten-der-db-infrago"}},{"type":"Feature","geometry":{"type":"LineString","coordinates":[[8.662601678663815,50.10749927990282],[8.652351524007207,50.10352180722381]]},"properties":{"kind":"rail_tunnel","name":"Tunnel","length_m":855.0,"route":"3611","state":"Hessen","crossing_type":null,"source":"DB InfraGO infrastructure data","source_url":"https://data.gov.de/suche/daten/infrastrukturdaten-der-db-infrago"}},{"type":"Feature","geometry":{"type":"LineString","coordinates":[[8.66291259733098,50.107177411776306],[8.659374547891506,50.105889103622964],[8.652345773513629,50.102798080172896],[8.65121263345236,50.10235948934232]]},"properties":{"kind":"rail_tunnel","name":"Tunnel","length_m":993.0,"route":"3612","state":"Hessen","crossing_type":null,"source":"DB InfraGO infrastructure data","source_url":"https://data.gov.de/suche/daten/infrastrukturdaten-der-db-infrago"}},{"type":"Feature","geometry":{"type":"LineString","coordinates":[[8.602017370379555,50.05236390148899],[8.603614617727663,50.05164008206758],[8.604654985405139,50.051040974468094],[8.605324992892287,50.05058295436558]]},"properties":{"kind":"rail_tunnel","name":"Tunnel Kapitän-Lehmann-Straße","length_m":611.0,"route":"3656","state":"Hessen","crossing_type":null,"source":"DB InfraGO infrastructure data","source_url":"https://data.gov.de/suche/daten/infrastrukturdaten-der-db-infrago"}},{"type":"Feature","geometry":{"type":"LineString","coordinates":[[8.608581893646045,50.042120758256495],[8.608317465479423,50.04150511472932],[8.607546230020562,50.04026253569217]]},"properties":{"kind":"rail_tunnel","name":"Tunnel  KRBW Zeppelinheim","length_m":220.0,"route":"3656","state":"Hessen","crossing_type":null,"source":"DB InfraGO infrastructure data","source_url":"https://data.gov.de/suche/daten/infrastrukturdaten-der-db-infrago"}},{"type":"Feature","geometry":{"type":"LineString","coordinates":[[8.697834501793876,50.10447233818615],[8.697981591085531,50.1038956472791],[8.698396845125878,50.103217482642556],[8.698940945012227,50.10270722987466],[8.699840406913614,50.10215525997514],[8.700946391701535,50.10169999287686],[8.701911412788943,50.10143474239149],[8.703081433484734,50.10125231840914],[8.703985931735724,50.10120207986194],[8.705522558269568,50.10128729350678],[8.706181142549521,50.10139209165801],[8.70717967209458,50.10164740448867],[8.708492442234437,50.102172204291996],[8.711005031852865,50.10345185584972],[8.712275938508004,50.10385848355626],[8.712939835860118,50.10399835467702],[8.714315652944148,50.10414929560971],[8.717173647495454,50.10419962197001]]},"properties":{"kind":"rail_tunnel","name":"Los 20 vor Mühlberg","length_m":1663.0,"route":"3680","state":"Hessen","crossing_type":null,"source":"DB InfraGO infrastructure data","source_url":"https://data.gov.de/suche/daten/infrastrukturdaten-der-db-infrago"}},{"type":"Feature","geometry":{"type":"LineString","coordinates":[[8.731717878136674,50.10491569604648],[8.739968896584097,50.10522394245561],[8.757460605851426,50.10653470320262],[8.758850790130113,50.10659736459419],[8.759479212064956,50.1065740631745],[8.760952631800041,50.10638022021032],[8.767490325215393,50.10502529188241],[8.768198737171234,50.10481561678989],[8.769413185166549,50.10436466988125],[8.773943487813462,50.10293862811151]]},"properties":{"kind":"rail_tunnel","name":"Tunnel","length_m":2240.0,"route":"3680","state":"Hessen","crossing_type":null,"source":"DB InfraGO infrastructure data","source_url":"https://data.gov.de/suche/daten/infrastrukturdaten-der-db-infrago"}},{"type":"Feature","geometry":{"type":"LineString","coordinates":[[8.874996887737966,50.12140805136158],[8.878223997174263,50.12184842194568]]},"properties":{"kind":"rail_tunnel","name":"Tunnel","length_m":236.0,"route":"3680","state":"Hessen","crossing_type":null,"source":"DB InfraGO infrastructure data","source_url":"https://data.gov.de/suche/daten/infrastrukturdaten-der-db-infrago"}},{"type":"Feature","geometry":{"type":"LineString","coordinates":[[8.663658053328811,50.10771267974218],[8.664245414889677,50.10803499308467],[8.664847149816474,50.1084475643928],[8.665079519943308,50.10862954180543],[8.665614314180985,50.10922211845689],[8.666094922747279,50.11012367404858],[8.666604877150768,50.11134825765214],[8.667150850428786,50.11209812233437],[8.66759148545483,50.11254415647528],[8.66851441244248,50.113292565119266],[8.669464284827404,50.1139418391881],[8.669937220416413,50.11421153898028],[8.6705543654563,50.11448592482123],[8.671661782943229,50.11476740139387],[8.672522184066526,50.11483548810092],[8.673370024236407,50.11479362649341],[8.676892298566974,50.114103559969905],[8.67937455756068,50.11388329362662],[8.68026522919807,50.11390830681554],[8.680737135651974,50.11396827850784],[8.682906142643155,50.11444657265529],[8.684085875493091,50.11460622807226],[8.686873033953049,50.11460175403115],[8.689242786656733,50.11478411312572],[8.691047884226538,50.11478441776487],[8.69225156460077,50.11466917033971],[8.693516027385064,50.1144082971128],[8.694531311723887,50.11409489533086],[8.695632345685912,50.11357428895277],[8.69607946211549,50.11327419700769],[8.696542584806382,50.11287042827084],[8.697931049090705,50.11150950955027],[8.698300645398694,50.11106252602768],[8.698538182592811,50.1106753308786],[8.69876705958246,50.10996487021195],[8.698813803963155,50.10956025587038],[8.698601555861092,50.10803428160023],[8.697998191292305,50.10568148492316],[8.697651418186714,50.10473056672581],[8.697445831157626,50.10438736560794],[8.697158292214974,50.104047713202675],[8.69652661109469,50.10353208936649],[8.69605410525933,50.10325484777926],[8.695429943570428,50.10298131579595],[8.694682427605905,50.102742127912734],[8.690762291200201,50.10169920824957],[8.690256093701135,50.10151341544602],[8.688178787745768,50.10051949538389]]},"properties":{"kind":"rail_tunnel","name":"Lokalbahnhof-Ffm Süd","length_m":4686.0,"route":"3681","state":"Hessen","crossing_type":null,"source":"DB InfraGO infrastructure data","source_url":"https://data.gov.de/suche/daten/infrastrukturdaten-der-db-infrago"}},{"type":"Feature","geometry":{"type":"LineString","coordinates":[[8.662758747713537,50.10733661047766],[8.664081164143498,50.1079981798569],[8.664907806932248,50.108644123964666],[8.665481659190222,50.10934108359946],[8.665751714404017,50.10977708189935],[8.666385829718216,50.11127850735052],[8.666593531654772,50.1116367246862],[8.666894325810894,50.112043293063],[8.667576161634473,50.112733435412814],[8.668383252908441,50.11337958612337],[8.669430176774037,50.114063075623676],[8.670254829906604,50.114486500890074],[8.671178112507437,50.11476603038764],[8.672035949228928,50.114884072656004],[8.673265313653689,50.11485613874092],[8.67693171235084,50.11423240185701],[8.67998408001285,50.113993283235516],[8.68108715065247,50.11407454240704],[8.683109021940725,50.11452835313157],[8.68402482952031,50.11464517911889],[8.686818984904674,50.1146422267652],[8.689071830469823,50.11482427449716],[8.690993707483411,50.114847457795456],[8.69262373488978,50.11469237851943],[8.693969017654647,50.11439467830038],[8.694988331415182,50.11405164654264],[8.695858649280305,50.113597104982055],[8.6964332300101,50.113171408515974],[8.697322145472075,50.112327246031455],[8.698159005069376,50.11149041252354],[8.698515420406059,50.11104939515145],[8.698766490622736,50.11059934281071],[8.698911847844816,50.1101927811919],[8.698989103347843,50.109801362655205],[8.69899940815051,50.109330777318064],[8.698942092421941,50.10884703940295],[8.698089254171773,50.10567152629858],[8.697799850636589,50.104858992787484],[8.697429260265976,50.10422728559154],[8.696917464072744,50.10372703002736],[8.696506749224094,50.10343224483401],[8.69576320586682,50.10302926591194],[8.694595557285979,50.1025988141511],[8.690717189106376,50.10155522493584],[8.689580367150857,50.1010994203129],[8.68905695705314,50.10083652543092]]},"properties":{"kind":"rail_tunnel","name":"Los 14","length_m":4721.0,"route":"3682","state":"Hessen","crossing_type":null,"source":"DB InfraGO infrastructure data","source_url":"https://data.gov.de/suche/daten/infrastrukturdaten-der-db-infrago"}},{"type":"Feature","geometry":{"type":"LineString","coordinates":[[8.609009214770468,50.057664588533775],[8.607873889815586,50.05696981914839],[8.606645324110142,50.05652473248638],[8.605100853392145,50.05621963311133],[8.60411602600469,50.056128073298545],[8.603226038494796,50.056142655220725],[8.597143999135405,50.0564946510122]]},"properties":{"kind":"rail_tunnel","name":"S-Bahn Tunnel Gateway Gardens Ost","length_m":968.0,"route":"3683","state":"Hessen","crossing_type":null,"source":"DB InfraGO infrastructure data","source_url":"https://data.gov.de/suche/daten/infrastrukturdaten-der-db-infrago"}},{"type":"Feature","geometry":{"type":"LineString","coordinates":[[8.582732358014646,50.05507831139608],[8.58218499976003,50.054680144119395]]},"properties":{"kind":"rail_tunnel","name":"Tunnel","length_m":799.0,"route":"3683","state":"Hessen","crossing_type":null,"source":"DB InfraGO infrastructure data","source_url":"https://data.gov.de/suche/daten/infrastrukturdaten-der-db-infrago"}},{"type":"Feature","geometry":{"type":"LineString","coordinates":[[8.58218499976003,50.054680144119395],[8.581100630631038,50.05400396726714],[8.57998092507967,50.053445989324025],[8.57876939422559,50.053033452100586],[8.576177723959269,50.052363596462655],[8.571342297797782,50.05137709200286],[8.568419683436,50.05061274221937]]},"properties":{"kind":"rail_tunnel","name":"Tunnel Flughafen Ost","length_m":1095.0,"route":"3683","state":"Hessen","crossing_type":null,"source":"DB InfraGO infrastructure data","source_url":"https://data.gov.de/suche/daten/infrastrukturdaten-der-db-infrago"}},{"type":"Feature","geometry":{"type":"LineString","coordinates":[[8.568419683436,50.05061274221937],[8.566305077430076,50.05017064805239],[8.562183911287194,50.049641889511676],[8.560689177709419,50.049515371805654],[8.559525235354217,50.04950219552479],[8.558006903715825,50.04962595567197],[8.556190376408225,50.05001739486969]]},"properties":{"kind":"rail_tunnel","name":"Tunnel Flughafen West","length_m":899.0,"route":"3683","state":"Hessen","crossing_type":null,"source":"DB InfraGO infrastructure data","source_url":"https://data.gov.de/suche/daten/infrastrukturdaten-der-db-infrago"}},{"type":"Feature","geometry":{"type":"LineString","coordinates":[[8.679049436925737,50.096878391200306],[8.677865560469062,50.09660848061056],[8.677119363866643,50.09638162996859],[8.674956983997342,50.09546823680973],[8.674006437225298,50.095184839133246]]},"properties":{"kind":"rail_tunnel","name":"Tunnel","length_m":409.0,"route":"3688","state":"Hessen","crossing_type":null,"source":"DB InfraGO infrastructure data","source_url":"https://data.gov.de/suche/daten/infrastrukturdaten-der-db-infrago"}},{"type":"Feature","geometry":{"type":"LineString","coordinates":[[8.677544681294956,50.09651617752627],[8.676572127498638,50.09616920464694],[8.67502697748514,50.09549797001224]]},"properties":{"kind":"rail_tunnel","name":"Krbw Tu Ri Stresemannallee","length_m":213.0,"route":"3688","state":"Hessen","crossing_type":null,"source":"DB InfraGO infrastructure data","source_url":"https://data.gov.de/suche/daten/infrastrukturdaten-der-db-infrago"}},{"type":"Feature","geometry":{"type":"LineString","coordinates":[[8.654417713991235,49.97757643116834],[8.654297459577473,49.97668348275812],[8.654340799442192,49.97488606964564],[8.654316432504771,49.97398749113866],[8.653978817964289,49.97178412986542]]},"properties":{"kind":"rail_tunnel","name":"Tunnel","length_m":646.0,"route":"3688","state":"Hessen","crossing_type":null,"source":"DB InfraGO infrastructure data","source_url":"https://data.gov.de/suche/daten/infrastrukturdaten-der-db-infrago"}},{"type":"Feature","geometry":{"type":"LineString","coordinates":[[8.99370413355216,50.34897531993211],[9.000346333696111,50.34466932520493]]},"properties":{"kind":"rail_tunnel","name":"Tunnel","length_m":673.0,"route":"3701","state":"Hessen","crossing_type":null,"source":"DB InfraGO infrastructure data","source_url":"https://data.gov.de/suche/daten/infrastrukturdaten-der-db-infrago"}},{"type":"Feature","geometry":{"type":"LineString","coordinates":[[9.122557314573173,50.262642218670074],[9.122325122106574,50.261824666495556],[9.120994872393938,50.257939564157454]]},"properties":{"kind":"rail_tunnel","name":"Büdinger Tunnel","length_m":535.0,"route":"3701","state":"Hessen","crossing_type":null,"source":"DB InfraGO infrastructure data","source_url":"https://data.gov.de/suche/daten/infrastrukturdaten-der-db-infrago"}},{"type":"Feature","geometry":{"type":"LineString","coordinates":[[8.266763822062284,50.4839526810349],[8.26638465309049,50.483175810408014],[8.266054105868875,50.48228460641547],[8.265953837029219,50.48184088361015],[8.265929484702964,50.481300447319114]]},"properties":{"kind":"rail_tunnel","name":"Weilburger Tunnel","length_m":302.0,"route":"3710","state":"Hessen","crossing_type":null,"source":"DB InfraGO infrastructure data","source_url":"https://data.gov.de/suche/daten/infrastrukturdaten-der-db-infrago"}},{"type":"Feature","geometry":{"type":"LineString","coordinates":[[8.248957634713447,50.46172927540981],[8.251431549036852,50.4604946379835]]},"properties":{"kind":"rail_tunnel","name":"Schmidskopf Tunnel","length_m":223.0,"route":"3710","state":"Hessen","crossing_type":null,"source":"DB InfraGO infrastructure data","source_url":"https://data.gov.de/suche/daten/infrastrukturdaten-der-db-infrago"}},{"type":"Feature","geometry":{"type":"LineString","coordinates":[[8.253072744874633,50.446744109759685],[8.252370695144343,50.445694316087796]]},"properties":{"kind":"rail_tunnel","name":"Grävenecker Tunnel","length_m":127.0,"route":"3710","state":"Hessen","crossing_type":null,"source":"DB InfraGO infrastructure data","source_url":"https://data.gov.de/suche/daten/infrastrukturdaten-der-db-infrago"}},{"type":"Feature","geometry":{"type":"LineString","coordinates":[[8.184805738393747,50.40385886185057],[8.185498746597062,50.403351449198105],[8.186512701459423,50.40272867882646],[8.186966717951567,50.40235087185764]]},"properties":{"kind":"rail_tunnel","name":"Villmarer Tunnel","length_m":228.0,"route":"3710","state":"Hessen","crossing_type":null,"source":"DB InfraGO infrastructure data","source_url":"https://data.gov.de/suche/daten/infrastrukturdaten-der-db-infrago"}},{"type":"Feature","geometry":{"type":"LineString","coordinates":[[8.129957407320951,50.40021731287176],[8.126668958960984,50.398563509503184],[8.125488369072178,50.39807556255227],[8.12428235999076,50.397687000948046]]},"properties":{"kind":"rail_tunnel","name":"Ennericher Tunnel","length_m":494.0,"route":"3710","state":"Hessen","crossing_type":null,"source":"DB InfraGO infrastructure data","source_url":"https://data.gov.de/suche/daten/infrastrukturdaten-der-db-infrago"}},{"type":"Feature","geometry":{"type":"LineString","coordinates":[[8.028496769281512,50.37219361587283],[8.02772338999563,50.371881921010235]]},"properties":{"kind":"rail_tunnel","name":"Freiendiezer Tunnel","length_m":65.0,"route":"3710","state":"Rheinland-Pfalz","crossing_type":null,"source":"DB InfraGO infrastructure data","source_url":"https://data.gov.de/suche/daten/infrastrukturdaten-der-db-infrago"}},{"type":"Feature","geometry":{"type":"LineString","coordinates":[[8.012213678325736,50.36978537017004],[8.010711280610167,50.369769466243845]]},"properties":{"kind":"rail_tunnel","name":"Diezer Tunnel","length_m":107.0,"route":"3710","state":"Rheinland-Pfalz","crossing_type":null,"source":"DB InfraGO infrastructure data","source_url":"https://data.gov.de/suche/daten/infrastrukturdaten-der-db-infrago"}},{"type":"Feature","geometry":{"type":"LineString","coordinates":[[7.99860999136485,50.365243082185565],[7.997995623529716,50.365087623884065],[7.996793687135965,50.364625554326345],[7.993947909941582,50.362928122625696]]},"properties":{"kind":"rail_tunnel","name":"Fachinger Tunnel","length_m":424.0,"route":"3710","state":"Rheinland-Pfalz","crossing_type":null,"source":"DB InfraGO infrastructure data","source_url":"https://data.gov.de/suche/daten/infrastrukturdaten-der-db-infrago"}},{"type":"Feature","geometry":{"type":"LineString","coordinates":[[7.973616645175753,50.35773730618774],[7.970620241041565,50.35636538586069]]},"properties":{"kind":"rail_tunnel","name":"Kehrberg - Tunnel","length_m":262.0,"route":"3710","state":"Rheinland-Pfalz","crossing_type":null,"source":"DB InfraGO infrastructure data","source_url":"https://data.gov.de/suche/daten/infrastrukturdaten-der-db-infrago"}},{"type":"Feature","geometry":{"type":"LineString","coordinates":[[7.969713444657849,50.35595446941127],[7.96752019695036,50.35493204798433]]},"properties":{"kind":"rail_tunnel","name":"Daubach Tunnel","length_m":193.0,"route":"3710","state":"Rheinland-Pfalz","crossing_type":null,"source":"DB InfraGO infrastructure data","source_url":"https://data.gov.de/suche/daten/infrastrukturdaten-der-db-infrago"}},{"type":"Feature","geometry":{"type":"LineString","coordinates":[[7.957841955476635,50.341540138400106],[7.956882907534349,50.34122486242558],[7.956337756220295,50.340943145852535],[7.954891136657344,50.33996430286274],[7.9525831956466515,50.33826851960751],[7.952158768618769,50.337912013175476],[7.951815821947003,50.337519977870706],[7.951558470097139,50.33710262827414],[7.95139387702812,50.336618983311844]]},"properties":{"kind":"rail_tunnel","name":"Cramberger Tunnel","length_m":732.0,"route":"3710","state":"Rheinland-Pfalz","crossing_type":null,"source":"DB InfraGO infrastructure data","source_url":"https://data.gov.de/suche/daten/infrastrukturdaten-der-db-infrago"}},{"type":"Feature","geometry":{"type":"LineString","coordinates":[[7.90059905586786,50.32689169715651],[7.900221785710868,50.326451319416115],[7.899980202714921,50.32602946111439],[7.899836626056758,50.32558965819048],[7.8998043640645665,50.32497043666287]]},"properties":{"kind":"rail_tunnel","name":"Laurenburger Tunnel","length_m":225.0,"route":"3710","state":"Rheinland-Pfalz","crossing_type":null,"source":"DB InfraGO infrastructure data","source_url":"https://data.gov.de/suche/daten/infrastrukturdaten-der-db-infrago"}},{"type":"Feature","geometry":{"type":"LineString","coordinates":[[7.8762266509282455,50.31978248826037],[7.875742885556293,50.32008570939239],[7.875172848599667,50.32034797480705],[7.874553402792381,50.320558024921894],[7.87389447657391,50.320712030418335],[7.873207676821936,50.320803198034675],[7.872507888747088,50.32083485482032],[7.871121659637051,50.320708882297964],[7.870463080635114,50.320554036485476],[7.869841997787429,50.32034499814735],[7.869274999482274,50.32008044124071],[7.8688310441301015,50.31980502868363]]},"properties":{"kind":"rail_tunnel","name":"Kalkofener-Tunnel","length_m":592.0,"route":"3710","state":"Rheinland-Pfalz","crossing_type":null,"source":"DB InfraGO infrastructure data","source_url":"https://data.gov.de/suche/daten/infrastrukturdaten-der-db-infrago"}},{"type":"Feature","geometry":{"type":"LineString","coordinates":[[7.849140456499189,50.31532905870682],[7.843010834457799,50.314352856839605]]},"properties":{"kind":"rail_tunnel","name":"Obernhofer Tunnel","length_m":450.0,"route":"3710","state":"Rheinland-Pfalz","crossing_type":null,"source":"DB InfraGO infrastructure data","source_url":"https://data.gov.de/suche/daten/infrastrukturdaten-der-db-infrago"}},{"type":"Feature","geometry":{"type":"LineString","coordinates":[[7.84068184460395,50.31398129928297],[7.837490707351315,50.31348653467545]]},"properties":{"kind":"rail_tunnel","name":"Langenauer Tunnel","length_m":234.0,"route":"3710","state":"Rheinland-Pfalz","crossing_type":null,"source":"DB InfraGO infrastructure data","source_url":"https://data.gov.de/suche/daten/infrastrukturdaten-der-db-infrago"}},{"type":"Feature","geometry":{"type":"LineString","coordinates":[[7.831294205108804,50.307998715452655],[7.83070916050193,50.30760723583437],[7.830149827435554,50.30733615738547],[7.829534992644604,50.307119785318775],[7.828881485425139,50.30695672401334],[7.82819811577651,50.306855993608224],[7.827349386757785,50.30681993518621]]},"properties":{"kind":"rail_tunnel","name":"Hollricher Tunnel","length_m":321.0,"route":"3710","state":"Rheinland-Pfalz","crossing_type":null,"source":"DB InfraGO infrastructure data","source_url":"https://data.gov.de/suche/daten/infrastrukturdaten-der-db-infrago"}},{"type":"Feature","geometry":{"type":"LineString","coordinates":[[8.843359636131401,50.21584893376851],[8.843345846169742,50.21630953186691],[8.843445218877868,50.216738818868805],[8.843669600657284,50.217180882114825],[8.843985434457213,50.21756751658889]]},"properties":{"kind":"rail_tunnel","name":"Büdesheimer Tunnel","length_m":200.0,"route":"3745","state":"Hessen","crossing_type":null,"source":"DB InfraGO infrastructure data","source_url":"https://data.gov.de/suche/daten/infrastrukturdaten-der-db-infrago"}},{"type":"Feature","geometry":{"type":"LineString","coordinates":[[9.568674926917605,50.36231999019885],[9.568597395142676,50.361740835525005],[9.56861461897357,50.36129155740719],[9.568695531872626,50.36084515906311],[9.568924926396704,50.36022105021067]]},"properties":{"kind":"rail_tunnel","name":"Ebertsberg-Tunnel","length_m":233.0,"route":"3825","state":"Hessen","crossing_type":null,"source":"DB InfraGO infrastructure data","source_url":"https://data.gov.de/suche/daten/infrastrukturdaten-der-db-infrago"}},{"type":"Feature","geometry":{"type":"LineString","coordinates":[[9.57263427197827,50.35713071632787],[9.574331435440277,50.356315520656565]]},"properties":{"kind":"rail_tunnel","name":"Brandenstein-Tunnel","length_m":151.0,"route":"3825","state":"Hessen","crossing_type":null,"source":"DB InfraGO infrastructure data","source_url":"https://data.gov.de/suche/daten/infrastrukturdaten-der-db-infrago"}},{"type":"Feature","geometry":{"type":"LineString","coordinates":[[9.607078277812569,50.33077955825834],[9.60610344360075,50.33053490078808],[9.603102879385526,50.32993379534113],[9.602144334605477,50.32965956240397],[9.60095083129462,50.329173732762875]]},"properties":{"kind":"rail_tunnel","name":"Neuer Ramholz Tunnel","length_m":474.0,"route":"3825","state":"Hessen","crossing_type":null,"source":"DB InfraGO infrastructure data","source_url":"https://data.gov.de/suche/daten/infrastrukturdaten-der-db-infrago"}},{"type":"Feature","geometry":{"type":"LineString","coordinates":[[9.627977726830036,50.308121581512985],[9.628304242085452,50.30749428619246],[9.628591662600265,50.30708317930234],[9.629330809309153,50.30631989802147],[9.630254421070932,50.30564669906357],[9.630786098172766,50.30535416674635],[9.631957034364554,50.30486233475215],[9.632585954797321,50.304665549077356],[9.633913356029296,50.30437923535537],[9.635290161820668,50.304203740382015],[9.6404120099886,50.30369841785325]]},"properties":{"kind":"rail_tunnel","name":"Sterbfritz-Tunnel","length_m":1092.0,"route":"3825","state":"Hessen","crossing_type":null,"source":"DB InfraGO infrastructure data","source_url":"https://data.gov.de/suche/daten/infrastrukturdaten-der-db-infrago"}},{"type":"Feature","geometry":{"type":"LineString","coordinates":[[9.613280773993788,50.25259186818996],[9.610730506247528,50.251685864477764]]},"properties":{"kind":"rail_tunnel","name":"Ziegenberg-Tunnel","length_m":208.0,"route":"3825","state":"Hessen","crossing_type":null,"source":"DB InfraGO infrastructure data","source_url":"https://data.gov.de/suche/daten/infrastrukturdaten-der-db-infrago"}},{"type":"Feature","geometry":{"type":"LineString","coordinates":[[9.324187825004998,51.37230575479785],[9.326091386842165,51.37322779684889],[9.333735686412929,51.37645575714588],[9.33485355654294,51.37686689418877]]},"properties":{"kind":"rail_tunnel","name":"Zierenberger Tunnel","length_m":900.0,"route":"3903","state":"Hessen","crossing_type":null,"source":"DB InfraGO infrastructure data","source_url":"https://data.gov.de/suche/daten/infrastrukturdaten-der-db-infrago"}},{"type":"Feature","geometry":{"type":"LineString","coordinates":[[8.229026212826561,47.61302989386535],[8.229822499635743,47.61276360903132],[8.230461317164105,47.612639560380416],[8.231118714699875,47.61257348389854],[8.232442613848406,47.6126295903746],[8.233511900335566,47.6128762996513]]},"properties":{"kind":"rail_tunnel","name":"Aarberg-Tunnel","length_m":352.0,"route":"4000","state":"Baden-Württemberg","crossing_type":null,"source":"DB InfraGO infrastructure data","source_url":"https://data.gov.de/suche/daten/infrastrukturdaten-der-db-infrago"}},{"type":"Feature","geometry":{"type":"LineString","coordinates":[[8.530549418444577,49.44966161697019],[8.532967131457111,49.448779591614425],[8.534681762951777,49.44802609208621],[8.536275272075489,49.44716692735165],[8.538180582551218,49.44588561490309],[8.539435958579523,49.44481443302415],[8.540181442209,49.444058192318586],[8.540850175471228,49.44327205157903],[8.541704238934473,49.442044298622086],[8.542173306755041,49.44119896907306],[8.542560527659598,49.440336153988106],[8.542864384869132,49.43945924694707],[8.543161957187548,49.43812508647316],[8.543672039357151,49.43364198227383],[8.544070845872152,49.43186318592315],[8.544692916351158,49.43011188524818],[8.547303804797139,49.42405311461222],[8.547880816914113,49.422294883870194],[8.548302899916784,49.4205180533731],[8.548455486143183,49.419624556192964],[8.548644183683276,49.417830628353045],[8.548697289855854,49.416482448849635],[8.548664635038573,49.41468432539932],[8.54857118761698,49.41333718312928],[8.548234426148555,49.41064902467036],[8.547312207573832,49.40519073648821]]},"properties":{"kind":"rail_tunnel","name":"Tunnel","length_m":5360.0,"route":"4080","state":"Baden-Württemberg","crossing_type":null,"source":"DB InfraGO infrastructure data","source_url":"https://data.gov.de/suche/daten/infrastrukturdaten-der-db-infrago"}},{"type":"Feature","geometry":{"type":"LineString","coordinates":[[8.571608416714424,49.167105894239775],[8.57881353017891,49.16555636277569],[8.583950314365884,49.16429741625788],[8.588968851478029,49.16284790485728],[8.593526868442058,49.1613276241174]]},"properties":{"kind":"rail_tunnel","name":"Tunnel","length_m":1726.0,"route":"4080","state":"Baden-Württemberg","crossing_type":null,"source":"DB InfraGO infrastructure data","source_url":"https://data.gov.de/suche/daten/infrastrukturdaten-der-db-infrago"}},{"type":"Feature","geometry":{"type":"LineString","coordinates":[[8.62201448039124,49.14595472704503],[8.648519948937443,49.12628490630176],[8.65213469711041,49.12379183549593]]},"properties":{"kind":"rail_tunnel","name":"Tunnel Rollenberg","length_m":3303.0,"route":"4080","state":"Baden-Württemberg","crossing_type":null,"source":"DB InfraGO infrastructure data","source_url":"https://data.gov.de/suche/daten/infrastrukturdaten-der-db-infrago"}},{"type":"Feature","geometry":{"type":"LineString","coordinates":[[8.668937290824497,49.11487856448536],[8.671489795187352,49.113827257612265]]},"properties":{"kind":"rail_tunnel","name":"- Tunnel Altenberg -","length_m":220.0,"route":"4080","state":"Baden-Württemberg","crossing_type":null,"source":"DB InfraGO infrastructure data","source_url":"https://data.gov.de/suche/daten/infrastrukturdaten-der-db-infrago"}},{"type":"Feature","geometry":{"type":"LineString","coordinates":[[8.67847451168695,49.11107081883699],[8.687410177035444,49.10754842732012]]},"properties":{"kind":"rail_tunnel","name":"- Tunnel Neuenberg -","length_m":761.0,"route":"4080","state":"Baden-Württemberg","crossing_type":null,"source":"DB InfraGO infrastructure data","source_url":"https://data.gov.de/suche/daten/infrastrukturdaten-der-db-infrago"}},{"type":"Feature","geometry":{"type":"LineString","coordinates":[[8.703481916979394,49.101210201342234],[8.708394507886462,49.099263819094844]]},"properties":{"kind":"rail_tunnel","name":"-Tunnel Simonsweingarten-","length_m":419.0,"route":"4080","state":"Baden-Württemberg","crossing_type":null,"source":"DB InfraGO infrastructure data","source_url":"https://data.gov.de/suche/daten/infrastrukturdaten-der-db-infrago"}},{"type":"Feature","geometry":{"type":"LineString","coordinates":[[8.778964899806985,49.05764684812753],[8.781566952144546,49.05585497292958],[8.783523420537925,49.05459729330341],[8.78655794207136,49.052781936648415],[8.788969796215689,49.0514466521864]]},"properties":{"kind":"rail_tunnel","name":"Wilfenbergtunnel  km 60,425... 61,431","length_m":1006.0,"route":"4080","state":"Baden-Württemberg","crossing_type":null,"source":"DB InfraGO infrastructure data","source_url":"https://data.gov.de/suche/daten/infrastrukturdaten-der-db-infrago"}},{"type":"Feature","geometry":{"type":"LineString","coordinates":[[8.7960217443201,49.04794750018961],[8.835949746178379,49.028799523593634],[8.840298408871393,49.026618153325124],[8.842421991933213,49.02548521648898],[8.846563534914527,49.023136335855625],[8.850558421985292,49.02068028208981],[8.864002289000528,49.011720285412544],[8.867863178010914,49.00904363020943]]},"properties":{"kind":"rail_tunnel","name":"Freudensteintunnel  km 62,098 ... 68,901","length_m":6824.0,"route":"4080","state":"Baden-Württemberg","crossing_type":null,"source":"DB InfraGO infrastructure data","source_url":"https://data.gov.de/suche/daten/infrastrukturdaten-der-db-infrago"}},{"type":"Feature","geometry":{"type":"LineString","coordinates":[[8.892627326282811,48.989499631141825],[8.89924958340339,48.984239643187436],[8.902489424020082,48.981861056590276]]},"properties":{"kind":"rail_tunnel","name":"Burgbergtunnel  km 71,739 ... 72,856","length_m":1115.0,"route":"4080","state":"Baden-Württemberg","crossing_type":null,"source":"DB InfraGO infrastructure data","source_url":"https://data.gov.de/suche/daten/infrastrukturdaten-der-db-infrago"}},{"type":"Feature","geometry":{"type":"LineString","coordinates":[[8.906249539686904,48.979377385822715],[8.907796502551442,48.97842973715913],[8.910348936856685,48.97695961022057]]},"properties":{"kind":"rail_tunnel","name":"Saubuckeltunnel  km 73,245 ... 73,649","length_m":403.0,"route":"4080","state":"Baden-Württemberg","crossing_type":null,"source":"DB InfraGO infrastructure data","source_url":"https://data.gov.de/suche/daten/infrastrukturdaten-der-db-infrago"}},{"type":"Feature","geometry":{"type":"LineString","coordinates":[[8.96480059070918,48.94377711403106],[8.973944743201308,48.938281349828124],[8.984353547414488,48.932465144052024],[8.993259525082696,48.92716811449175]]},"properties":{"kind":"rail_tunnel","name":"Marksteintunnel  km 79,093...81,879","length_m":2786.0,"route":"4080","state":"Baden-Württemberg","crossing_type":null,"source":"DB InfraGO infrastructure data","source_url":"https://data.gov.de/suche/daten/infrastrukturdaten-der-db-infrago"}},{"type":"Feature","geometry":{"type":"LineString","coordinates":[[9.016398993549913,48.91337129005381],[9.019865904869075,48.911423766144985],[9.024149974926809,48.90919640916351],[9.03678837732637,48.903161813966044]]},"properties":{"kind":"rail_tunnel","name":"Pulverdinger Tunnel  km 84,163...86,045","length_m":1878.0,"route":"4080","state":"Baden-Württemberg","crossing_type":null,"source":"DB InfraGO infrastructure data","source_url":"https://data.gov.de/suche/daten/infrastrukturdaten-der-db-infrago"}},{"type":"Feature","geometry":{"type":"LineString","coordinates":[[9.134905157736657,48.871264769899476],[9.138600130498261,48.87030175295089],[9.145036341045278,48.86882289783336],[9.147576711027,48.86817162552567],[9.149415386472453,48.867582540666206],[9.150601816352578,48.86713999069957],[9.152866594070993,48.86614035118082],[9.161255713383644,48.86179840531639],[9.162971972082888,48.86080047918482],[9.163918464858508,48.86015712297242],[9.165594997743579,48.85879778928408],[9.166733535465019,48.85764155358471],[9.167933215421662,48.85609054356428],[9.168252493472375,48.85560634488545],[9.16874468131926,48.85465137188538]]},"properties":{"kind":"rail_tunnel","name":"Tunnel Langes Feld (Los Langes Feld)  km 94,108 ... 96,873","length_m":3204.0,"route":"4080","state":"Baden-Württemberg","crossing_type":null,"source":"DB InfraGO infrastructure data","source_url":"https://data.gov.de/suche/daten/infrastrukturdaten-der-db-infrago"}},{"type":"Feature","geometry":{"type":"LineString","coordinates":[[9.16874468131926,48.85465137188538],[9.170467014705988,48.850684752078976],[9.170841539146247,48.85008802493682],[9.171213841273465,48.84962535171956],[9.171691122977366,48.849144214750325]]},"properties":{"kind":"rail_tunnel","name":"Tunnel Langes Feld (Los Lechler)  km 97,312 ... 97,964","length_m":767.0,"route":"4080","state":"Baden-Württemberg","crossing_type":null,"source":"DB InfraGO infrastructure data","source_url":"https://data.gov.de/suche/daten/infrastrukturdaten-der-db-infrago"}},{"type":"Feature","geometry":{"type":"LineString","coordinates":[[9.170704342971046,48.850293866028274],[9.171213841273465,48.84962535171956],[9.17315172230391,48.847777259554704],[9.173808403905857,48.84699152150237],[9.174256667718451,48.846142155641374],[9.17443677636143,48.84525161858863],[9.174437501641158,48.84485180619954]]},"properties":{"kind":"rail_tunnel","name":"Tunnel","length_m":1442.0,"route":"4080","state":"Baden-Württemberg","crossing_type":null,"source":"DB InfraGO infrastructure data","source_url":"https://data.gov.de/suche/daten/infrastrukturdaten-der-db-infrago"}},{"type":"Feature","geometry":{"type":"LineString","coordinates":[[8.692661824951488,49.399766327485246],[8.713281657723517,49.40854845695929],[8.714961231024052,49.409332002868986],[8.715882774113027,49.409998174743876],[8.716259589464237,49.41037433005261],[8.716573200686511,49.41077445780673],[8.717005553797229,49.41162661828907],[8.717335033610249,49.41249949375494],[8.717577750114849,49.412920220093135],[8.71788078770589,49.41332326746888],[8.718257018457262,49.41370879040974]]},"properties":{"kind":"rail_tunnel","name":"Königstuhltunnel 2487 m","length_m":2487.0,"route":"4100","state":"Baden-Württemberg","crossing_type":null,"source":"DB InfraGO infrastructure data","source_url":"https://data.gov.de/suche/daten/infrastrukturdaten-der-db-infrago"}},{"type":"Feature","geometry":{"type":"LineString","coordinates":[[8.67761430269059,49.55484564145952],[8.678177152264475,49.55445447702959],[8.678708927704136,49.55426880536006],[8.679089982506168,49.554195398383015]]},"properties":{"kind":"rail_tunnel","name":"4104/1,545/1310  Weinheim-Tal-Tunnel 1","length_m":132.0,"route":"4104","state":"Baden-Württemberg","crossing_type":null,"source":"DB InfraGO infrastructure data","source_url":"https://data.gov.de/suche/daten/infrastrukturdaten-der-db-infrago"}},{"type":"Feature","geometry":{"type":"LineString","coordinates":[[8.685107638021842,49.55501538752202],[8.68614272444713,49.55521967837686],[8.68686832399459,49.555454282830524]]},"properties":{"kind":"rail_tunnel","name":"Tunnel","length_m":137.0,"route":"4104","state":"Baden-Württemberg","crossing_type":null,"source":"DB InfraGO infrastructure data","source_url":"https://data.gov.de/suche/daten/infrastrukturdaten-der-db-infrago"}},{"type":"Feature","geometry":{"type":"LineString","coordinates":[[8.688739201749607,49.55637476494577],[8.689294139551444,49.55682040340385],[8.689378205641798,49.557002177138955]]},"properties":{"kind":"rail_tunnel","name":"4104/2,433/1310  Weinheim-Tal-Tunnel 3","length_m":85.0,"route":"4104","state":"Baden-Württemberg","crossing_type":null,"source":"DB InfraGO infrastructure data","source_url":"https://data.gov.de/suche/daten/infrastrukturdaten-der-db-infrago"}},{"type":"Feature","geometry":{"type":"LineString","coordinates":[[8.799002484749215,49.39218531786033],[8.799936234391097,49.39203055311414],[8.800993056731901,49.3920207435463]]},"properties":{"kind":"rail_tunnel","name":"Reichensteintunnel","length_m":147.0,"route":"4111","state":"Baden-Württemberg","crossing_type":null,"source":"DB InfraGO infrastructure data","source_url":"https://data.gov.de/suche/daten/infrastrukturdaten-der-db-infrago"}},{"type":"Feature","geometry":{"type":"LineString","coordinates":[[8.827324922497322,49.408899638121845],[8.82798522492932,49.40942926077549],[8.82863866706265,49.409800810480974]]},"properties":{"kind":"rail_tunnel","name":"Hinterburgtunnel","length_m":139.0,"route":"4111","state":"Baden-Württemberg","crossing_type":null,"source":"DB InfraGO infrastructure data","source_url":"https://data.gov.de/suche/daten/infrastrukturdaten-der-db-infrago"}},{"type":"Feature","geometry":{"type":"LineString","coordinates":[[8.896584727606573,49.448671296338304],[8.897184305040033,49.44915953246338],[8.897690931376982,49.44946365412085],[8.89824735436468,49.449729042132816],[8.900306784705355,49.45048315602185]]},"properties":{"kind":"rail_tunnel","name":"Schloßbergtunnel","length_m":341.0,"route":"4111","state":"Baden-Württemberg","crossing_type":null,"source":"DB InfraGO infrastructure data","source_url":"https://data.gov.de/suche/daten/infrastrukturdaten-der-db-infrago"}},{"type":"Feature","geometry":{"type":"LineString","coordinates":[[8.913873119801442,49.45152165760768],[8.914484374890847,49.45086373032733],[8.91489769348865,49.450503895691085],[8.915850469062944,49.449855511390794],[8.916956949024978,49.449320515639904],[8.91818418055155,49.44891260158289],[8.918832591015184,49.448760128158696],[8.919498013181729,49.44864263019679],[8.920862387763194,49.448518531267126],[8.922239371275879,49.44854428770908],[8.923590411053016,49.448719370151274],[8.924244485059246,49.448861381150856],[8.92524075585388,49.449162911174234]]},"properties":{"kind":"rail_tunnel","name":"Feuerbergtunnel  Länge = 966m","length_m":965.0,"route":"4111","state":"Baden-Württemberg","crossing_type":null,"source":"DB InfraGO infrastructure data","source_url":"https://data.gov.de/suche/daten/infrastrukturdaten-der-db-infrago"}},{"type":"Feature","geometry":{"type":"LineString","coordinates":[[8.98858573717565,49.463863307463605],[8.988971857488467,49.46360687820423],[8.98939041399686,49.463248509906094],[8.989723450470606,49.462856374885575],[8.989973477413734,49.462437766026284],[8.990128362761533,49.461999920845706],[8.990179029999707,49.46155348016988],[8.990161766868676,49.461103590164754],[8.990010544795004,49.459758542115985],[8.990034161423864,49.459310570530334],[8.990098734123526,49.45905061601301]]},"properties":{"kind":"rail_tunnel","name":"Scheuerbergtunnel","length_m":569.0,"route":"4111","state":"Baden-Württemberg","crossing_type":null,"source":"DB InfraGO infrastructure data","source_url":"https://data.gov.de/suche/daten/infrastrukturdaten-der-db-infrago"}},{"type":"Feature","geometry":{"type":"LineString","coordinates":[[9.078709459080331,49.38096228177264],[9.078631056227985,49.38064975663805],[9.078594071710322,49.380201047208125],[9.078635998981339,49.37975250875591],[9.078755069188446,49.37931027454925],[9.078944586563502,49.37887808037108],[9.07920092245766,49.378461318723566],[9.082524608781728,49.37383513346679]]},"properties":{"kind":"rail_tunnel","name":"Binauer Tunnel","length_m":853.0,"route":"4111","state":"Baden-Württemberg","crossing_type":null,"source":"DB InfraGO infrastructure data","source_url":"https://data.gov.de/suche/daten/infrastrukturdaten-der-db-infrago"}},{"type":"Feature","geometry":{"type":"LineString","coordinates":[[9.150087238218473,49.29339583200605],[9.14958777278429,49.29294395938681],[9.149259605698624,49.29254903385411],[9.148999113322713,49.29213341577767],[9.148809647896478,49.291701453210045],[9.148696584337006,49.29125823329779],[9.148657374487387,49.29080959508074],[9.14869683027638,49.29036097233598],[9.148810463751248,49.289917725257986],[9.149000572829387,49.289485812079164],[9.149260041793488,49.28906972393448],[9.149590083804638,49.28867564949119],[9.14998322369747,49.28830714055116],[9.150437836530172,49.28797026791266],[9.150946289319675,49.2876683317627],[9.151551572435146,49.28738501100349]]},"properties":{"kind":"rail_tunnel","name":"Böttinger Tunnel","length_m":766.0,"route":"4111","state":"Baden-Württemberg","crossing_type":null,"source":"DB InfraGO infrastructure data","source_url":"https://data.gov.de/suche/daten/infrastrukturdaten-der-db-infrago"}},{"type":"Feature","geometry":{"type":"LineString","coordinates":[[9.041078572237279,49.57874673933137],[9.026464602322875,49.58076816854223],[9.024051150219119,49.58117197563304],[9.011880797107269,49.582895942658276],[8.99921049627693,49.58462928129935]]},"properties":{"kind":"rail_tunnel","name":"Krähberg-Tunnel","length_m":3100.0,"route":"4113","state":"Hessen","crossing_type":null,"source":"DB InfraGO infrastructure data","source_url":"https://data.gov.de/suche/daten/infrastrukturdaten-der-db-infrago"}},{"type":"Feature","geometry":{"type":"LineString","coordinates":[[8.976912681970834,49.81268953416098],[8.96537783792211,49.820549067161295]]},"properties":{"kind":"rail_tunnel","name":"Frau-Nauses-Tunnel","length_m":1205.0,"route":"4113","state":"Hessen","crossing_type":null,"source":"DB InfraGO infrastructure data","source_url":"https://data.gov.de/suche/daten/infrastrukturdaten-der-db-infrago"}},{"type":"Feature","geometry":{"type":"LineString","coordinates":[[9.198645568005125,49.39731576713783],[9.200289837001772,49.398661014726905],[9.20119113046212,49.39934071206138],[9.20196431731745,49.39983325830756]]},"properties":{"kind":"rail_tunnel","name":"Dallauer Tunnel","length_m":370.0,"route":"4120","state":"Baden-Württemberg","crossing_type":null,"source":"DB InfraGO infrastructure data","source_url":"https://data.gov.de/suche/daten/infrastrukturdaten-der-db-infrago"}},{"type":"Feature","geometry":{"type":"LineString","coordinates":[[9.260737830954819,49.4138022959248],[9.262036866970178,49.41390802233448],[9.263375582966335,49.41411984882432],[9.267982198893687,49.41497911869195]]},"properties":{"kind":"rail_tunnel","name":"Schefflenzer Tunnel","length_m":543.0,"route":"4120","state":"Baden-Württemberg","crossing_type":null,"source":"DB InfraGO infrastructure data","source_url":"https://data.gov.de/suche/daten/infrastrukturdaten-der-db-infrago"}},{"type":"Feature","geometry":{"type":"LineString","coordinates":[[9.299910849858797,49.43500176300392],[9.304857640885395,49.43451794669494]]},"properties":{"kind":"rail_tunnel","name":"Eicholzheimer Tunnel","length_m":363.0,"route":"4120","state":"Baden-Württemberg","crossing_type":null,"source":"DB InfraGO infrastructure data","source_url":"https://data.gov.de/suche/daten/infrastrukturdaten-der-db-infrago"}},{"type":"Feature","geometry":{"type":"LineString","coordinates":[[9.35496166983669,49.43584455422647],[9.356643863418485,49.435534610636445],[9.358166403422455,49.43509550256107]]},"properties":{"kind":"rail_tunnel","name":"Seckacher Tunnel","length_m":248.0,"route":"4120","state":"Baden-Württemberg","crossing_type":null,"source":"DB InfraGO infrastructure data","source_url":"https://data.gov.de/suche/daten/infrastrukturdaten-der-db-infrago"}},{"type":"Feature","geometry":{"type":"LineString","coordinates":[[9.368219667699925,49.4317024134822],[9.370347427442171,49.430983895210474]]},"properties":{"kind":"rail_tunnel","name":"Zimmerner Tunnel","length_m":174.0,"route":"4120","state":"Baden-Württemberg","crossing_type":null,"source":"DB InfraGO infrastructure data","source_url":"https://data.gov.de/suche/daten/infrastrukturdaten-der-db-infrago"}},{"type":"Feature","geometry":{"type":"LineString","coordinates":[[9.401180954833963,49.42170984258746],[9.404704536937652,49.42141710808719]]},"properties":{"kind":"rail_tunnel","name":"Adelsheimer Tunnel","length_m":258.0,"route":"4120","state":"Baden-Württemberg","crossing_type":null,"source":"DB InfraGO infrastructure data","source_url":"https://data.gov.de/suche/daten/infrastrukturdaten-der-db-infrago"}},{"type":"Feature","geometry":{"type":"LineString","coordinates":[[9.566014045469117,49.519011839690236],[9.567659548168118,49.52048183793048],[9.568309359220706,49.520942355854]]},"properties":{"kind":"rail_tunnel","name":"Eubigheimer Tunnel  TL=268m","length_m":272.0,"route":"4120","state":"Baden-Württemberg","crossing_type":null,"source":"DB InfraGO infrastructure data","source_url":"https://data.gov.de/suche/daten/infrastrukturdaten-der-db-infrago"}},{"type":"Feature","geometry":{"type":"LineString","coordinates":[[8.586698735867255,49.116021725653134],[8.587258506031196,49.11579133325089],[8.58788798121157,49.11561489867849],[8.5885551508565,49.115514486398034],[8.589237964603546,49.11548334087612],[8.589918407255185,49.11553201728406],[8.590578949754178,49.11564951490907],[8.59119743604663,49.11584186115936],[8.59176295025454,49.116094932348105],[8.592019429855188,49.116260156815954]]},"properties":{"kind":"rail_tunnel","name":"Tunnel","length_m":424.0,"route":"4130","state":"Baden-Württemberg","crossing_type":null,"source":"DB InfraGO infrastructure data","source_url":"https://data.gov.de/suche/daten/infrastrukturdaten-der-db-infrago"}},{"type":"Feature","geometry":{"type":"LineString","coordinates":[[8.602261073751682,49.12047129802791],[8.603858694893109,49.12021805914566]]},"properties":{"kind":"rail_tunnel","name":"Tunnel","length_m":120.0,"route":"4130","state":"Baden-Württemberg","crossing_type":null,"source":"DB InfraGO infrastructure data","source_url":"https://data.gov.de/suche/daten/infrastrukturdaten-der-db-infrago"}},{"type":"Feature","geometry":{"type":"LineString","coordinates":[[8.583206404780523,49.11370768350036],[8.587499614164065,49.11379097534479],[8.588843395231457,49.11394494619347],[8.589495589884233,49.11409515980393],[8.590698633849483,49.114535350813355],[8.591234220362317,49.1148193450999],[8.591720015252676,49.11513983427077],[8.592147228739071,49.11549461187909],[8.592599866781173,49.115997657536084]]},"properties":{"kind":"rail_tunnel","name":"Güterzug-Tunnel","length_m":779.0,"route":"4131","state":"Baden-Württemberg","crossing_type":null,"source":"DB InfraGO infrastructure data","source_url":"https://data.gov.de/suche/daten/infrastrukturdaten-der-db-infrago"}},{"type":"Feature","geometry":{"type":"LineString","coordinates":[[8.634651180324148,48.931338666567704],[8.637054964104209,48.93101027828885]]},"properties":{"kind":"rail_tunnel","name":"Ersinger Tunnel  km 19,459 ... 19,640","length_m":180.0,"route":"4200","state":"Baden-Württemberg","crossing_type":null,"source":"DB InfraGO infrastructure data","source_url":"https://data.gov.de/suche/daten/infrastrukturdaten-der-db-infrago"}},{"type":"Feature","geometry":{"type":"LineString","coordinates":[[8.687597990411325,48.90452899801971],[8.693164568019201,48.89723439865742]]},"properties":{"kind":"rail_tunnel","name":"Pforzheimer Tunnel","length_m":909.0,"route":"4200","state":"Baden-Württemberg","crossing_type":null,"source":"DB InfraGO infrastructure data","source_url":"https://data.gov.de/suche/daten/infrastrukturdaten-der-db-infrago"}},{"type":"Feature","geometry":{"type":"LineString","coordinates":[[8.243103102803785,48.13743476560909],[8.243902832921332,48.13779544717332],[8.24436115425864,48.13812381916235],[8.244737509808033,48.13849588494627],[8.24500984920873,48.13890661698165],[8.245184214780721,48.13934059142204],[8.245241616244089,48.13978831277494],[8.245194097361807,48.1402364510713],[8.245030159257306,48.14067223185323],[8.244751774362133,48.14107825174166],[8.243648591189201,48.14220663210551],[8.243384408655288,48.14262009425929],[8.243222253408673,48.14305505217435],[8.24316857566583,48.14350297798469],[8.24327503289118,48.144054084740354]]},"properties":{"kind":"rail_tunnel","name":"Großer Triberger Tunnel","length_m":834.0,"route":"4250","state":"Baden-Württemberg","crossing_type":null,"source":"DB InfraGO infrastructure data","source_url":"https://data.gov.de/suche/daten/infrastrukturdaten-der-db-infrago"}},{"type":"Feature","geometry":{"type":"LineString","coordinates":[[8.256816704124825,48.13451973860775],[8.258093008480085,48.13394224711383],[8.258602217199307,48.13377242758694],[8.259475480754496,48.13360727408914]]},"properties":{"kind":"rail_tunnel","name":"Krähenlochtunnel","length_m":225.0,"route":"4250","state":"Baden-Württemberg","crossing_type":null,"source":"DB InfraGO infrastructure data","source_url":"https://data.gov.de/suche/daten/infrastrukturdaten-der-db-infrago"}},{"type":"Feature","geometry":{"type":"LineString","coordinates":[[8.261347045247293,48.133674654054936],[8.261993448515762,48.13384746967678]]},"properties":{"kind":"rail_tunnel","name":"Sommerbergtunnel","length_m":52.0,"route":"4250","state":"Baden-Württemberg","crossing_type":null,"source":"DB InfraGO infrastructure data","source_url":"https://data.gov.de/suche/daten/infrastrukturdaten-der-db-infrago"}},{"type":"Feature","geometry":{"type":"LineString","coordinates":[[8.22298847339786,48.29773412492334],[8.223736889925386,48.29819755746142],[8.224308295171017,48.29843606083764],[8.224929292377345,48.29860916857872],[8.225583244938202,48.298716587974965],[8.226374487939143,48.29873792325534]]},"properties":{"kind":"rail_tunnel","name":"Wolfacher Tunnel","length_m":285.0,"route":"4251","state":"Baden-Württemberg","crossing_type":null,"source":"DB InfraGO infrastructure data","source_url":"https://data.gov.de/suche/daten/infrastrukturdaten-der-db-infrago"}},{"type":"Feature","geometry":{"type":"LineString","coordinates":[[8.293104625460105,48.290256589902285],[8.293644342249065,48.29040760197149],[8.294144370799074,48.29061266885029]]},"properties":{"kind":"rail_tunnel","name":"Tunnel an der Schmelze","length_m":87.0,"route":"4251","state":"Baden-Württemberg","crossing_type":null,"source":"DB InfraGO infrastructure data","source_url":"https://data.gov.de/suche/daten/infrastrukturdaten-der-db-infrago"}},{"type":"Feature","geometry":{"type":"LineString","coordinates":[[7.560125300465868,47.742235094198186],[7.5599887268527235,47.74046547932474],[7.5599751970356,47.738489789386385],[7.560119809154158,47.736413265295184],[7.5603545896878295,47.73478159216017],[7.57460338789444,47.66208219947335],[7.575395111085825,47.658455214332065]]},"properties":{"kind":"rail_tunnel","name":"Katzenbergtunnel Weströhre","length_m":9385.0,"route":"4280","state":"Baden-Württemberg","crossing_type":null,"source":"DB InfraGO infrastructure data","source_url":"https://data.gov.de/suche/daten/infrastrukturdaten-der-db-infrago"}},{"type":"Feature","geometry":{"type":"LineString","coordinates":[[7.560125300465868,47.742235094198186],[7.5599887268527235,47.74046547932474],[7.5599751970356,47.738489789386385],[7.560119809154158,47.736413265295184],[7.5603545896878295,47.73478159216017],[7.57460338789444,47.66208219947335],[7.575395111085825,47.658455214332065]]},"properties":{"kind":"rail_tunnel","name":"Katzenbergtunnel Oströhre","length_m":9385.0,"route":"4280","state":"Baden-Württemberg","crossing_type":null,"source":"DB InfraGO infrastructure data","source_url":"https://data.gov.de/suche/daten/infrastrukturdaten-der-db-infrago"}},{"type":"Feature","geometry":{"type":"LineString","coordinates":[[8.015876705039082,47.940432379381484],[8.016716676075458,47.940118813283625]]},"properties":{"kind":"rail_tunnel","name":"Falkensteintunnel","length_m":72.0,"route":"4300","state":"Baden-Württemberg","crossing_type":null,"source":"DB InfraGO infrastructure data","source_url":"https://data.gov.de/suche/daten/infrastrukturdaten-der-db-infrago"}},{"type":"Feature","geometry":{"type":"LineString","coordinates":[[8.019517408730257,47.93864411737362],[8.020761626632357,47.93797845661776]]},"properties":{"kind":"rail_tunnel","name":"Unterer Hirschsprungtunnel","length_m":119.0,"route":"4300","state":"Baden-Württemberg","crossing_type":null,"source":"DB InfraGO infrastructure data","source_url":"https://data.gov.de/suche/daten/infrastrukturdaten-der-db-infrago"}},{"type":"Feature","geometry":{"type":"LineString","coordinates":[[8.021693937613552,47.93713677550085],[8.022296651200254,47.936666938655094]]},"properties":{"kind":"rail_tunnel","name":"Oberer Hirschsprungtunnel","length_m":69.0,"route":"4300","state":"Baden-Württemberg","crossing_type":null,"source":"DB InfraGO infrastructure data","source_url":"https://data.gov.de/suche/daten/infrastrukturdaten-der-db-infrago"}},{"type":"Feature","geometry":{"type":"LineString","coordinates":[[8.03159178280316,47.92694474990481],[8.031741931117525,47.92649930251017],[8.032028990339336,47.9260841565687],[8.032439852330086,47.925719038004104],[8.032946340359118,47.925424893306705]]},"properties":{"kind":"rail_tunnel","name":"Kehre-Tunnel","length_m":203.0,"route":"4300","state":"Baden-Württemberg","crossing_type":null,"source":"DB InfraGO infrastructure data","source_url":"https://data.gov.de/suche/daten/infrastrukturdaten-der-db-infrago"}},{"type":"Feature","geometry":{"type":"LineString","coordinates":[[8.076592012799637,47.91680154083368],[8.077107362810183,47.91654403803666]]},"properties":{"kind":"rail_tunnel","name":"Ravennatunnel","length_m":48.0,"route":"4300","state":"Baden-Württemberg","crossing_type":null,"source":"DB InfraGO infrastructure data","source_url":"https://data.gov.de/suche/daten/infrastrukturdaten-der-db-infrago"}},{"type":"Feature","geometry":{"type":"LineString","coordinates":[[8.07907014012729,47.91439118738407],[8.079684996412583,47.91402108752737],[8.080421610224965,47.91376822639309],[8.081216538331216,47.91365103618051],[8.082058635005861,47.9136715307397]]},"properties":{"kind":"rail_tunnel","name":"Finsterranktunnel","length_m":248.0,"route":"4300","state":"Baden-Württemberg","crossing_type":null,"source":"DB InfraGO infrastructure data","source_url":"https://data.gov.de/suche/daten/infrastrukturdaten-der-db-infrago"}},{"type":"Feature","geometry":{"type":"LineString","coordinates":[[8.087737759991882,47.91251285269492],[8.088823738425111,47.91243184337884]]},"properties":{"kind":"rail_tunnel","name":"Löffeltaltunnel","length_m":82.0,"route":"4300","state":"Baden-Württemberg","crossing_type":null,"source":"DB InfraGO infrastructure data","source_url":"https://data.gov.de/suche/daten/infrastrukturdaten-der-db-infrago"}},{"type":"Feature","geometry":{"type":"LineString","coordinates":[[8.265309545345554,47.868733395889315],[8.266368216697424,47.868574275941484],[8.267508833919642,47.86860717945711]]},"properties":{"kind":"rail_tunnel","name":"Finsterbühltunnel","length_m":167.0,"route":"4300","state":"Baden-Württemberg","crossing_type":null,"source":"DB InfraGO infrastructure data","source_url":"https://data.gov.de/suche/daten/infrastrukturdaten-der-db-infrago"}},{"type":"Feature","geometry":{"type":"LineString","coordinates":[[8.275768448080003,47.867165670731794],[8.27649216216576,47.867125879580335],[8.277236842891504,47.86717008149658],[8.277947138382892,47.8672952634308],[8.278612124005162,47.867496277100436]]},"properties":{"kind":"rail_tunnel","name":"Hörnle-Tunnel","length_m":220.0,"route":"4300","state":"Baden-Württemberg","crossing_type":null,"source":"DB InfraGO infrastructure data","source_url":"https://data.gov.de/suche/daten/infrastrukturdaten-der-db-infrago"}},{"type":"Feature","geometry":{"type":"LineString","coordinates":[[8.280839857329639,47.86964221604148],[8.28089097271201,47.87010964231324],[8.280830284759306,47.870582505275195]]},"properties":{"kind":"rail_tunnel","name":"Setze-Tunnel","length_m":105.0,"route":"4300","state":"Baden-Württemberg","crossing_type":null,"source":"DB InfraGO infrastructure data","source_url":"https://data.gov.de/suche/daten/infrastrukturdaten-der-db-infrago"}},{"type":"Feature","geometry":{"type":"LineString","coordinates":[[8.282650465630207,47.87647416138153],[8.282898445636551,47.876836739831255],[8.283119996315056,47.87728887334202],[8.283280383354263,47.87775299551922],[8.283380088184673,47.87823051122315]]},"properties":{"kind":"rail_tunnel","name":"Kapf-Tunnel","length_m":204.0,"route":"4300","state":"Baden-Württemberg","crossing_type":null,"source":"DB InfraGO infrastructure data","source_url":"https://data.gov.de/suche/daten/infrastrukturdaten-der-db-infrago"}},{"type":"Feature","geometry":{"type":"LineString","coordinates":[[8.43010338026494,47.89506382796284],[8.432289044271066,47.89544295659613],[8.4329552673484,47.89547456663529],[8.433633203668224,47.895429778652414],[8.434290106604399,47.89530850300952],[8.4349018753094,47.89511622007055],[8.436670500393285,47.89425178233491]]},"properties":{"kind":"rail_tunnel","name":"Dögginger Tunnel","length_m":535.0,"route":"4300","state":"Baden-Württemberg","crossing_type":null,"source":"DB InfraGO infrastructure data","source_url":"https://data.gov.de/suche/daten/infrastrukturdaten-der-db-infrago"}},{"type":"Feature","geometry":{"type":"LineString","coordinates":[[8.957060723933491,47.77013476918412],[8.95705420611619,47.77053157088553],[8.957129169098286,47.77097817554097],[8.957291708809269,47.77141406082873],[8.957532880204857,47.771833044194786],[8.958021165893555,47.77237784599517]]},"properties":{"kind":"rail_tunnel","name":"Brandbühl Tunnel  km 4,759... 5,018","length_m":265.0,"route":"4330","state":"Baden-Württemberg","crossing_type":null,"source":"DB InfraGO infrastructure data","source_url":"https://data.gov.de/suche/daten/infrastrukturdaten-der-db-infrago"}},{"type":"Feature","geometry":{"type":"LineString","coordinates":[[9.15021530043469,47.76961176791449],[9.151816541222047,47.77014372926011],[9.153653216090945,47.77067519631522],[9.154943747635127,47.77090005746078],[9.156270443762576,47.7709860020216],[9.15760109772442,47.770934053248915],[9.158904263475424,47.770745315759804],[9.15953569399062,47.77060065059735],[9.160739895684873,47.770215624418135],[9.16198619573205,47.76962560263572]]},"properties":{"kind":"rail_tunnel","name":"Überlinger West-Tunnel  km 17,866...18,814","length_m":948.0,"route":"4331","state":"Baden-Württemberg","crossing_type":null,"source":"DB InfraGO infrastructure data","source_url":"https://data.gov.de/suche/daten/infrastrukturdaten-der-db-infrago"}},{"type":"Feature","geometry":{"type":"LineString","coordinates":[[9.163532177399153,47.76866024368342],[9.165715623599207,47.767237635313975],[9.166530917575997,47.76652659658458],[9.167187068514579,47.765744376101516],[9.168083661717342,47.76416285159009]]},"properties":{"kind":"rail_tunnel","name":"Überlinger Ost-Tunnel  km 18,972...19,587","length_m":616.0,"route":"4331","state":"Baden-Württemberg","crossing_type":null,"source":"DB InfraGO infrastructure data","source_url":"https://data.gov.de/suche/daten/infrastrukturdaten-der-db-infrago"}},{"type":"Feature","geometry":{"type":"LineString","coordinates":[[7.6392693740691815,47.59302764848676],[7.644096739020124,47.59622759336792],[7.64508300616626,47.59683028619132],[7.6456192231011775,47.59709372072557],[7.646816254721712,47.597480979306376],[7.6474544674470035,47.597606114045504],[7.648187652524466,47.597683353423555]]},"properties":{"kind":"rail_tunnel","name":"Tüllinger Tunnel","length_m":864.0,"route":"4410","state":"Baden-Württemberg","crossing_type":null,"source":"DB InfraGO infrastructure data","source_url":"https://data.gov.de/suche/daten/infrastrukturdaten-der-db-infrago"}},{"type":"Feature","geometry":{"type":"LineString","coordinates":[[9.294701681151079,48.06877103724195],[9.293707803462263,48.06930188560913]]},"properties":{"kind":"rail_tunnel","name":"Schloßbergtunnel  km 86,269...86,364","length_m":95.0,"route":"4540","state":"Baden-Württemberg","crossing_type":null,"source":"DB InfraGO infrastructure data","source_url":"https://data.gov.de/suche/daten/infrastrukturdaten-der-db-infrago"}},{"type":"Feature","geometry":{"type":"LineString","coordinates":[[8.830008232658681,48.44166463638958],[8.823711982634276,48.44311526750199]]},"properties":{"kind":"rail_tunnel","name":"Sulzauer Tunnel  km 68,759 ... 69,241","length_m":493.0,"route":"4600","state":"Baden-Württemberg","crossing_type":null,"source":"DB InfraGO infrastructure data","source_url":"https://data.gov.de/suche/daten/infrastrukturdaten-der-db-infrago"}},{"type":"Feature","geometry":{"type":"LineString","coordinates":[[8.633321782415123,48.36471113495544],[8.629648562355891,48.363668341702294]]},"properties":{"kind":"rail_tunnel","name":"Sulzer Tunnel  km 94,700 ... 94,996","length_m":296.0,"route":"4600","state":"Baden-Württemberg","crossing_type":null,"source":"DB InfraGO infrastructure data","source_url":"https://data.gov.de/suche/daten/infrastrukturdaten-der-db-infrago"}},{"type":"Feature","geometry":{"type":"LineString","coordinates":[[8.61100740735034,48.20947427588004],[8.611532016297046,48.20861741615068]]},"properties":{"kind":"rail_tunnel","name":"Hohensteintunnel  km 117,391 ... 117,494","length_m":103.0,"route":"4600","state":"Baden-Württemberg","crossing_type":null,"source":"DB InfraGO infrastructure data","source_url":"https://data.gov.de/suche/daten/infrastrukturdaten-der-db-infrago"}},{"type":"Feature","geometry":{"type":"LineString","coordinates":[[8.620777270066759,48.187589624941815],[8.62068775056636,48.18171127087932]]},"properties":{"kind":"rail_tunnel","name":"Tiersteintunnel  km 120,026 ... 120,682","length_m":654.0,"route":"4600","state":"Baden-Württemberg","crossing_type":null,"source":"DB InfraGO infrastructure data","source_url":"https://data.gov.de/suche/daten/infrastrukturdaten-der-db-infrago"}},{"type":"Feature","geometry":{"type":"LineString","coordinates":[[8.6207965934309,48.18061806413353],[8.621121613633234,48.179772000740556],[8.621372735946306,48.17935501570965],[8.621678977168752,48.17895482679168],[8.622212153706425,48.178418618476485]]},"properties":{"kind":"rail_tunnel","name":"Bernburgtunnel  km 120,805 ... 121,074","length_m":269.0,"route":"4600","state":"Baden-Württemberg","crossing_type":null,"source":"DB InfraGO infrastructure data","source_url":"https://data.gov.de/suche/daten/infrastrukturdaten-der-db-infrago"}},{"type":"Feature","geometry":{"type":"LineString","coordinates":[[8.629202690111919,48.16905536823002],[8.629984907245888,48.168401702365564],[8.6301201208949,48.168237534123925]]},"properties":{"kind":"rail_tunnel","name":"Autunnel  km 122,308 ... 122,422","length_m":114.0,"route":"4600","state":"Baden-Württemberg","crossing_type":null,"source":"DB InfraGO infrastructure data","source_url":"https://data.gov.de/suche/daten/infrastrukturdaten-der-db-infrago"}},{"type":"Feature","geometry":{"type":"LineString","coordinates":[[9.368803521165104,48.66560746264766],[9.369142075189714,48.66503574037485],[9.369451266192712,48.66471145834583],[9.370000472810098,48.664288629199866]]},"properties":{"kind":"rail_tunnel","name":"TU Unterführung BAB","length_m":172.0,"route":"4615","state":"Baden-Württemberg","crossing_type":null,"source":"DB InfraGO infrastructure data","source_url":"https://data.gov.de/suche/daten/infrastrukturdaten-der-db-infrago"}},{"type":"Feature","geometry":{"type":"LineString","coordinates":[[9.373055496674745,48.66222869566597],[9.374779257381958,48.660860024448915]]},"properties":{"kind":"rail_tunnel","name":"Abzweig Albvorlandtunnel","length_m":197.0,"route":"4615","state":"Baden-Württemberg","crossing_type":null,"source":"DB InfraGO infrastructure data","source_url":"https://data.gov.de/suche/daten/infrastrukturdaten-der-db-infrago"}},{"type":"Feature","geometry":{"type":"LineString","coordinates":[[9.144675220534857,48.09952967096498],[9.145128546262951,48.09884150424498],[9.145228000886503,48.098477111511585]]},"properties":{"kind":"rail_tunnel","name":"Wendenbühltunnel  km 78,716 ... 78,840","length_m":125.0,"route":"4630","state":"Baden-Württemberg","crossing_type":null,"source":"DB InfraGO infrastructure data","source_url":"https://data.gov.de/suche/daten/infrastrukturdaten-der-db-infrago"}},{"type":"Feature","geometry":{"type":"LineString","coordinates":[[9.152321580044406,48.086617352909066],[9.151752147908395,48.083711826599355]]},"properties":{"kind":"rail_tunnel","name":"Hönbergtunnel  80,435 ... 80,761","length_m":326.0,"route":"4630","state":"Baden-Württemberg","crossing_type":null,"source":"DB InfraGO infrastructure data","source_url":"https://data.gov.de/suche/daten/infrastrukturdaten-der-db-infrago"}},{"type":"Feature","geometry":{"type":"LineString","coordinates":[[8.944810834919089,48.0330538279519],[8.951562120182691,48.03386033987725],[8.95283254287555,48.03413863633203],[8.953624718274162,48.034504167379765]]},"properties":{"kind":"rail_tunnel","name":"Schanztunnel  km 14,382 ... 15,066","length_m":684.0,"route":"4660","state":"Baden-Württemberg","crossing_type":null,"source":"DB InfraGO infrastructure data","source_url":"https://data.gov.de/suche/daten/infrastrukturdaten-der-db-infrago"}},{"type":"Feature","geometry":{"type":"LineString","coordinates":[[8.988223175054694,48.056884947431044],[8.988674095149218,48.057044675471445],[8.989203289557969,48.05732055817485],[8.98965266437679,48.05765376928789],[8.98996342225015,48.057978056822066]]},"properties":{"kind":"rail_tunnel","name":"Käpfletunnel  km 19,260 ... 19,441","length_m":181.0,"route":"4660","state":"Baden-Württemberg","crossing_type":null,"source":"DB InfraGO infrastructure data","source_url":"https://data.gov.de/suche/daten/infrastrukturdaten-der-db-infrago"}},{"type":"Feature","geometry":{"type":"LineString","coordinates":[[9.101165183056795,48.08675464224991],[9.102009228293046,48.08658422581593],[9.102600117843284,48.08637161661612],[9.10312579005638,48.086092596624255],[9.103578125118785,48.08576142418184],[9.103989204507272,48.085307143030214]]},"properties":{"kind":"rail_tunnel","name":"Thiergartener Tunnel  km 31,036 ... 31,311","length_m":275.0,"route":"4660","state":"Baden-Württemberg","crossing_type":null,"source":"DB InfraGO infrastructure data","source_url":"https://data.gov.de/suche/daten/infrastrukturdaten-der-db-infrago"}},{"type":"Feature","geometry":{"type":"LineString","coordinates":[[9.131815420284456,48.0802269185588],[9.132659791326128,48.080572448730834]]},"properties":{"kind":"rail_tunnel","name":"Dietfurter Tunnel  km 34,211 ... 34,285","length_m":74.0,"route":"4660","state":"Baden-Württemberg","crossing_type":null,"source":"DB InfraGO infrastructure data","source_url":"https://data.gov.de/suche/daten/infrastrukturdaten-der-db-infrago"}},{"type":"Feature","geometry":{"type":"LineString","coordinates":[[9.203924445623127,48.79864938194111],[9.207615483810425,48.80035586694769]]},"properties":{"kind":"rail_tunnel","name":"Rosensteintunnel (Ferngleise)  km 2,318 ... 2,649","length_m":331.0,"route":"4700","state":"Baden-Württemberg","crossing_type":null,"source":"DB InfraGO infrastructure data","source_url":"https://data.gov.de/suche/daten/infrastrukturdaten-der-db-infrago"}},{"type":"Feature","geometry":{"type":"LineString","coordinates":[[9.203827215544173,48.79873320455305],[9.207523585700203,48.800435196636755]]},"properties":{"kind":"rail_tunnel","name":"Rosensteintunnel (S-Bahn)  km 2,356 ... 2,687","length_m":331.0,"route":"4701","state":"Baden-Württemberg","crossing_type":null,"source":"DB InfraGO infrastructure data","source_url":"https://data.gov.de/suche/daten/infrastrukturdaten-der-db-infrago"}},{"type":"Feature","geometry":{"type":"LineString","coordinates":[[10.281219633770052,48.87022348644743],[10.288757450164413,48.86885005599173]]},"properties":{"kind":"rail_tunnel","name":"Bildwasentunnel  km 92,179...92,753","length_m":574.0,"route":"4710","state":"Baden-Württemberg","crossing_type":null,"source":"DB InfraGO infrastructure data","source_url":"https://data.gov.de/suche/daten/infrastrukturdaten-der-db-infrago"}},{"type":"Feature","geometry":{"type":"LineString","coordinates":[[9.203097322608192,48.82750765456142],[9.20362576638407,48.828977572505835],[9.203879122113962,48.82989653402598]]},"properties":{"kind":"rail_tunnel","name":"Schnarrenbergtunnel  6,632 ... 6,904","length_m":272.0,"route":"4720","state":"Baden-Württemberg","crossing_type":null,"source":"DB InfraGO infrastructure data","source_url":"https://data.gov.de/suche/daten/infrastrukturdaten-der-db-infrago"}},{"type":"Feature","geometry":{"type":"LineString","coordinates":[[10.146076092003469,48.72707529652659],[10.147714646976691,48.72500428429729]]},"properties":{"kind":"rail_tunnel","name":"Brunnenkopftunnel  km 16,511 ... 16,769","length_m":260.0,"route":"4760","state":"Baden-Württemberg","crossing_type":null,"source":"DB InfraGO infrastructure data","source_url":"https://data.gov.de/suche/daten/infrastrukturdaten-der-db-infrago"}},{"type":"Feature","geometry":{"type":"LineString","coordinates":[[9.180329865634418,48.80764927993268],[9.173126370977128,48.811500972506465]]},"properties":{"kind":"rail_tunnel","name":"Pragtunnel  km 3,613...4,294","length_m":680.0,"route":"4800","state":"Baden-Württemberg","crossing_type":null,"source":"DB InfraGO infrastructure data","source_url":"https://data.gov.de/suche/daten/infrastrukturdaten-der-db-infrago"}},{"type":"Feature","geometry":{"type":"LineString","coordinates":[[9.180153459509057,48.80750178462198],[9.172961341411497,48.81135637023707]]},"properties":{"kind":"rail_tunnel","name":"Pragtunnel  km 3,613...4,294","length_m":680.0,"route":"4801","state":"Baden-Württemberg","crossing_type":null,"source":"DB InfraGO infrastructure data","source_url":"https://data.gov.de/suche/daten/infrastrukturdaten-der-db-infrago"}},{"type":"Feature","geometry":{"type":"LineString","coordinates":[[9.1721830235155,48.84940808862141],[9.171400756913005,48.85047775214633]]},"properties":{"kind":"rail_tunnel","name":"Tunnel","length_m":132.0,"route":"4812","state":"Baden-Württemberg","crossing_type":null,"source":"DB InfraGO infrastructure data","source_url":"https://data.gov.de/suche/daten/infrastrukturdaten-der-db-infrago"}},{"type":"Feature","geometry":{"type":"LineString","coordinates":[[9.536761230014246,48.631095594366265],[9.54012567625243,48.631493451508405]]},"properties":{"kind":"rail_tunnel","name":"Tunnel Aichelberg","length_m":253.0,"route":"4813","state":"Baden-Württemberg","crossing_type":null,"source":"DB InfraGO infrastructure data","source_url":"https://data.gov.de/suche/daten/infrastrukturdaten-der-db-infrago"}},{"type":"Feature","geometry":{"type":"LineString","coordinates":[[9.690680428633335,48.53172887906089],[9.693287530131407,48.53109298557799],[9.695536739715902,48.530666375732466]]},"properties":{"kind":"rail_tunnel","name":"Tunnel unter BAB","length_m":378.0,"route":"4813","state":"Baden-Württemberg","crossing_type":null,"source":"DB InfraGO infrastructure data","source_url":"https://data.gov.de/suche/daten/infrastrukturdaten-der-db-infrago"}},{"type":"Feature","geometry":{"type":"LineString","coordinates":[[9.707209150423946,48.5288689018129],[9.719884175097107,48.526881219732275]]},"properties":{"kind":"rail_tunnel","name":"Tunnel Widderstall","length_m":962.0,"route":"4813","state":"Baden-Württemberg","crossing_type":null,"source":"DB InfraGO infrastructure data","source_url":"https://data.gov.de/suche/daten/infrastrukturdaten-der-db-infrago"}},{"type":"Feature","geometry":{"type":"LineString","coordinates":[[9.755550860189715,48.517909768048646],[9.757287472724512,48.5177852459851],[9.760871306326932,48.51769942798402]]},"properties":{"kind":"rail_tunnel","name":"Tunnel AS Merklingen","length_m":394.0,"route":"4813","state":"Baden-Württemberg","crossing_type":null,"source":"DB InfraGO infrastructure data","source_url":"https://data.gov.de/suche/daten/infrastrukturdaten-der-db-infrago"}},{"type":"Feature","geometry":{"type":"LineString","coordinates":[[9.843416955166918,48.49724045255002],[9.844262206525304,48.496038599131985],[9.844914666160788,48.4952263666846],[9.845614529724482,48.49443982560007],[9.846722118321745,48.49333729947916]]},"properties":{"kind":"rail_tunnel","name":"Tunnel Imberg","length_m":499.0,"route":"4813","state":"Baden-Württemberg","crossing_type":null,"source":"DB InfraGO infrastructure data","source_url":"https://data.gov.de/suche/daten/infrastrukturdaten-der-db-infrago"}},{"type":"Feature","geometry":{"type":"LineString","coordinates":[[9.94709717241832,48.452913079033564],[9.948321792014923,48.451842165120375],[9.949210261726579,48.4509810429305],[9.950379486712306,48.44971251846361],[9.951485814222723,48.44832565029049],[9.952543901797226,48.446781424007625],[9.95877657498662,48.43676810773265],[9.960666028131577,48.4338185546955],[9.963181063825846,48.430101996187226],[9.966354670049292,48.42570656362181],[9.96897725170256,48.42228804689468],[9.972321225923743,48.41817176263327],[9.975498635251425,48.41448156881609],[9.980959408972932,48.40836734237178],[9.98218788329914,48.40674001848241],[9.982538601541806,48.40615685781081],[9.982779246466658,48.405621724686604]]},"properties":{"kind":"rail_tunnel","name":"Albabstiegstunnel Weströhre","length_m":5897.0,"route":"4813","state":"Baden-Württemberg","crossing_type":null,"source":"DB InfraGO infrastructure data","source_url":"https://data.gov.de/suche/daten/infrastrukturdaten-der-db-infrago"}},{"type":"Feature","geometry":{"type":"LineString","coordinates":[[9.947139844601532,48.45287821844298],[9.948321792014923,48.451842165120375],[9.949210261726579,48.4509810429305],[9.950379486712306,48.44971251846361],[9.951485814222723,48.44832565029049],[9.952543901797226,48.446781424007625],[9.95877657498662,48.43676810773265],[9.960666028131577,48.4338185546955],[9.963181063825846,48.430101996187226],[9.966354670049292,48.42570656362181],[9.96897725170256,48.42228804689468],[9.972321225923743,48.41817176263327],[9.975498635251425,48.41448156881609],[9.980959408972932,48.40836734237178],[9.98218788329914,48.40674001848241],[9.982538601541806,48.40615685781081],[9.982831296528513,48.40549146764201]]},"properties":{"kind":"rail_tunnel","name":"Albabstiegstunnel Oströhre","length_m":5907.0,"route":"4813","state":"Baden-Württemberg","crossing_type":null,"source":"DB InfraGO infrastructure data","source_url":"https://data.gov.de/suche/daten/infrastrukturdaten-der-db-infrago"}},{"type":"Feature","geometry":{"type":"LineString","coordinates":[[8.981359715656923,48.94412090086738],[8.979640282865388,48.94370990504972],[8.975023179426572,48.94271955072282],[8.973486124972156,48.94250825416117],[8.971848993904722,48.94245619303093]]},"properties":{"kind":"rail_tunnel","name":"Nebenwegtunnel Röhre III  km 136,833 ... 137,558","length_m":725.0,"route":"4842","state":"Baden-Württemberg","crossing_type":null,"source":"DB InfraGO infrastructure data","source_url":"https://data.gov.de/suche/daten/infrastrukturdaten-der-db-infrago"}},{"type":"Feature","geometry":{"type":"LineString","coordinates":[[8.971848993904722,48.94245619303093],[8.970755574588843,48.94251835576489],[8.969935293537684,48.94261908657041],[8.968626256582194,48.94288070180653],[8.967371503787799,48.943239025010506]]},"properties":{"kind":"rail_tunnel","name":"Nebenwegtunnel Röhre I  km 137,558 ... 137,900","length_m":342.0,"route":"4842","state":"Baden-Württemberg","crossing_type":null,"source":"DB InfraGO infrastructure data","source_url":"https://data.gov.de/suche/daten/infrastrukturdaten-der-db-infrago"}},{"type":"Feature","geometry":{"type":"LineString","coordinates":[[8.971835367348458,48.942456739320335],[8.970755574588843,48.94251835576489],[8.969264291353571,48.94273646869792],[8.968015342330382,48.943046650330956],[8.96694484256796,48.943380720907264]]},"properties":{"kind":"rail_tunnel","name":"Nebenwegtunnel Röhre II  km 137,559 ... 137,935","length_m":376.0,"route":"4842","state":"Baden-Württemberg","crossing_type":null,"source":"DB InfraGO infrastructure data","source_url":"https://data.gov.de/suche/daten/infrastrukturdaten-der-db-infrago"}},{"type":"Feature","geometry":{"type":"LineString","coordinates":[[8.66915087360549,48.88255245289809],[8.672410321496978,48.87960535506935]]},"properties":{"kind":"rail_tunnel","name":"Brötzinger Tunnel  km 3,614 ... 4,020","length_m":406.0,"route":"4850","state":"Baden-Württemberg","crossing_type":null,"source":"DB InfraGO infrastructure data","source_url":"https://data.gov.de/suche/daten/infrastrukturdaten-der-db-infrago"}},{"type":"Feature","geometry":{"type":"LineString","coordinates":[[8.6773131942801,48.86998808327852],[8.67773788886566,48.86917889563086],[8.677922996340513,48.86874660657946],[8.678042351698359,48.86830394546555],[8.678091970262331,48.86785613486039],[8.678065716601976,48.86740692548127],[8.677866081703437,48.866741122614165]]},"properties":{"kind":"rail_tunnel","name":"Weißensteiner Tunnel  km 5,157 ... 5,528","length_m":371.0,"route":"4850","state":"Baden-Württemberg","crossing_type":null,"source":"DB InfraGO infrastructure data","source_url":"https://data.gov.de/suche/daten/infrastrukturdaten-der-db-infrago"}},{"type":"Feature","geometry":{"type":"LineString","coordinates":[[8.678537758877756,48.853263681311354],[8.67969290895259,48.852804837926115],[8.680228688394289,48.852527321301814],[8.681186142443801,48.85188887205049],[8.681601098229114,48.851532399968136],[8.68197044659055,48.85115476318427],[8.682560233522915,48.85034522597176],[8.682775890241402,48.84991887936472],[8.682961205521146,48.84938778482007]]},"properties":{"kind":"rail_tunnel","name":"Zelgenbergtunnel  km 7,402 ... 7,962","length_m":560.0,"route":"4850","state":"Baden-Württemberg","crossing_type":null,"source":"DB InfraGO infrastructure data","source_url":"https://data.gov.de/suche/daten/infrastrukturdaten-der-db-infrago"}},{"type":"Feature","geometry":{"type":"LineString","coordinates":[[8.733521105273919,48.700441285060556],[8.731793875445046,48.69630490043136]]},"properties":{"kind":"rail_tunnel","name":"Rudersbergtunnel  km 27,645 ... 28,123","length_m":478.0,"route":"4850","state":"Baden-Württemberg","crossing_type":null,"source":"DB InfraGO infrastructure data","source_url":"https://data.gov.de/suche/daten/infrastrukturdaten-der-db-infrago"}},{"type":"Feature","geometry":{"type":"LineString","coordinates":[[8.729206625090672,48.671993844936885],[8.730009327278077,48.66953346155784]]},"properties":{"kind":"rail_tunnel","name":"Schloßbergtunnel (Teinach)  km 31,072...31,352","length_m":280.0,"route":"4850","state":"Baden-Württemberg","crossing_type":null,"source":"DB InfraGO infrastructure data","source_url":"https://data.gov.de/suche/daten/infrastrukturdaten-der-db-infrago"}},{"type":"Feature","geometry":{"type":"LineString","coordinates":[[8.741342912106933,48.642841906716676],[8.742064287764942,48.642586784552584],[8.742610917622084,48.64232090916442],[8.7431063162494,48.64201370836698],[8.743669438386755,48.64155702509567]]},"properties":{"kind":"rail_tunnel","name":"Kengeltunnel  km 34,940...35,166","length_m":226.0,"route":"4850","state":"Baden-Württemberg","crossing_type":null,"source":"DB InfraGO infrastructure data","source_url":"https://data.gov.de/suche/daten/infrastrukturdaten-der-db-infrago"}},{"type":"Feature","geometry":{"type":"LineString","coordinates":[[8.742968747269709,48.62412255769637],[8.743113813028385,48.62184735193255]]},"properties":{"kind":"rail_tunnel","name":"Wildberger Tunnel  km 37,216...37,469","length_m":253.0,"route":"4850","state":"Baden-Württemberg","crossing_type":null,"source":"DB InfraGO infrastructure data","source_url":"https://data.gov.de/suche/daten/infrastrukturdaten-der-db-infrago"}},{"type":"Feature","geometry":{"type":"LineString","coordinates":[[8.737939411744529,48.59994395687054],[8.737354271522594,48.59850082948318]]},"properties":{"kind":"rail_tunnel","name":"Bettenberg Tunnel  km 40,175...40,341","length_m":166.0,"route":"4850","state":"Baden-Württemberg","crossing_type":null,"source":"DB InfraGO infrastructure data","source_url":"https://data.gov.de/suche/daten/infrastrukturdaten-der-db-infrago"}},{"type":"Feature","geometry":{"type":"LineString","coordinates":[[8.698332320227202,48.49453287055788],[8.71300072711194,48.484488200848986]]},"properties":{"kind":"rail_tunnel","name":"Hochdorfer Tunnel  km 53,832... 55,389","length_m":1557.0,"route":"4850","state":"Baden-Württemberg","crossing_type":null,"source":"DB InfraGO infrastructure data","source_url":"https://data.gov.de/suche/daten/infrastrukturdaten-der-db-infrago"}},{"type":"Feature","geometry":{"type":"LineString","coordinates":[[9.173271196895051,48.79129676011705],[9.165684197568305,48.78990276068775]]},"properties":{"kind":"rail_tunnel","name":"Kriegsbergtunnel  km 4,485...5,064","length_m":579.0,"route":"4860","state":"Baden-Württemberg","crossing_type":null,"source":"DB InfraGO infrastructure data","source_url":"https://data.gov.de/suche/daten/infrastrukturdaten-der-db-infrago"}},{"type":"Feature","geometry":{"type":"LineString","coordinates":[[9.14796172971321,48.765990980169526],[9.148045753332385,48.7657485310552],[9.148109594593576,48.76530105028072],[9.148091929866624,48.76485182181681],[9.147986599583094,48.7644078406334],[9.147801405130535,48.76397543612353],[9.14763874598379,48.76372500651417]]},"properties":{"kind":"rail_tunnel","name":"Hasenbergtunnel  km 8,923...9,181","length_m":258.0,"route":"4860","state":"Baden-Württemberg","crossing_type":null,"source":"DB InfraGO infrastructure data","source_url":"https://data.gov.de/suche/daten/infrastrukturdaten-der-db-infrago"}},{"type":"Feature","geometry":{"type":"LineString","coordinates":[[9.107603796000305,48.711408668006264],[9.105280571582389,48.71047434308776]]},"properties":{"kind":"rail_tunnel","name":"Berghautunnel  km 17,617...17,817","length_m":200.0,"route":"4860","state":"Baden-Württemberg","crossing_type":null,"source":"DB InfraGO infrastructure data","source_url":"https://data.gov.de/suche/daten/infrastrukturdaten-der-db-infrago"}},{"type":"Feature","geometry":{"type":"LineString","coordinates":[[9.18099207073371,48.78428528198526],[9.175973720975955,48.77885191625895],[9.175160935883117,48.77813108114618],[9.173390057978295,48.77676635333662],[9.17092310116661,48.774617962569245],[9.169960621565842,48.773984727345166],[9.169408622580711,48.77372302615614],[9.16820478759322,48.773306977919475],[9.162552455901313,48.771752235508025],[9.154682056351492,48.769753184377436]]},"properties":{"kind":"rail_tunnel","name":"S-Bahn-Tunnel (Los 4) Hst Stg Hbf  km -0,008...0,068","length_m":2628.0,"route":"4861","state":"Baden-Württemberg","crossing_type":null,"source":"DB InfraGO infrastructure data","source_url":"https://data.gov.de/suche/daten/infrastrukturdaten-der-db-infrago"}},{"type":"Feature","geometry":{"type":"LineString","coordinates":[[9.154682056351492,48.769753184377436],[9.150831361989551,48.76888663490547],[9.147956831202608,48.767998268130626],[9.131056247711943,48.76142174327843],[9.128938289097213,48.76058451303404],[9.126366676349914,48.75948767273045]]},"properties":{"kind":"rail_tunnel","name":"Tunnel","length_m":2380.0,"route":"4861","state":"Baden-Württemberg","crossing_type":null,"source":"DB InfraGO infrastructure data","source_url":"https://data.gov.de/suche/daten/infrastrukturdaten-der-db-infrago"}},{"type":"Feature","geometry":{"type":"LineString","coordinates":[[9.15466926086819,48.76975002189574],[9.150831361989551,48.76888663490547],[9.147956831202608,48.767998268130626],[9.131056247711943,48.76142174327843],[9.128938289097213,48.76058451303404],[9.126366676349914,48.75948767273045]]},"properties":{"kind":"rail_tunnel","name":"Tunnel","length_m":2379.0,"route":"4861","state":"Baden-Württemberg","crossing_type":null,"source":"DB InfraGO infrastructure data","source_url":"https://data.gov.de/suche/daten/infrastrukturdaten-der-db-infrago"}},{"type":"Feature","geometry":{"type":"LineString","coordinates":[[9.126366676349914,48.75948767273045],[9.108215001505833,48.7523999381185],[9.107112941297986,48.75187456589557],[9.106616247663778,48.751568470840084],[9.106169894919459,48.75122943746734],[9.105442603919771,48.750471276050256],[9.105169186804828,48.75005984417713],[9.104957729942232,48.74963269038],[9.104813304993376,48.74919349727242],[9.104736845081701,48.74874712016161],[9.104724746486635,48.74829757307758],[9.104776840926117,48.747849766054756],[9.104974848863794,48.746959488781584],[9.105292454547245,48.74607670540207]]},"properties":{"kind":"rail_tunnel","name":"Tunnel","length_m":2351.0,"route":"4861","state":"Baden-Württemberg","crossing_type":null,"source":"DB InfraGO infrastructure data","source_url":"https://data.gov.de/suche/daten/infrastrukturdaten-der-db-infrago"}},{"type":"Feature","geometry":{"type":"LineString","coordinates":[[9.105292454547245,48.74607670540207],[9.105857290682525,48.745123259705],[9.106421689617472,48.744456144420646],[9.10760635644309,48.74335943309834],[9.108879364683622,48.74230470596129],[9.109328451938888,48.74196750945656],[9.110353969340347,48.74137936598043],[9.112759360287416,48.740345511644826]]},"properties":{"kind":"rail_tunnel","name":"Tunnel","length_m":860.0,"route":"4861","state":"Baden-Württemberg","crossing_type":null,"source":"DB InfraGO infrastructure data","source_url":"https://data.gov.de/suche/daten/infrastrukturdaten-der-db-infrago"}},{"type":"Feature","geometry":{"type":"LineString","coordinates":[[9.16067195270345,48.69239268144454],[9.165969609712791,48.69244245278886],[9.16736201953254,48.69237696327816]]},"properties":{"kind":"rail_tunnel","name":"Tunnel","length_m":493.0,"route":"4861","state":"Baden-Württemberg","crossing_type":null,"source":"DB InfraGO infrastructure data","source_url":"https://data.gov.de/suche/daten/infrastrukturdaten-der-db-infrago"}},{"type":"Feature","geometry":{"type":"LineString","coordinates":[[9.164310525542291,48.692436353239486],[9.165969609712791,48.69244245278886],[9.167348697666425,48.69237870602456]]},"properties":{"kind":"rail_tunnel","name":"Tunnel","length_m":224.0,"route":"4861","state":"Baden-Württemberg","crossing_type":null,"source":"DB InfraGO infrastructure data","source_url":"https://data.gov.de/suche/daten/infrastrukturdaten-der-db-infrago"}},{"type":"Feature","geometry":{"type":"LineString","coordinates":[[9.184723421089194,48.68999083037119],[9.185921554962077,48.68988765234423],[9.187278841899854,48.68986999010989],[9.189978659994656,48.6900667519555],[9.19131745394196,48.690218253061275],[9.19271605711177,48.690442028143565],[9.196630791802049,48.691310011050334],[9.199121002484052,48.691787755785896]]},"properties":{"kind":"rail_tunnel","name":"Tunnel","length_m":1090.0,"route":"4861","state":"Baden-Württemberg","crossing_type":null,"source":"DB InfraGO infrastructure data","source_url":"https://data.gov.de/suche/daten/infrastrukturdaten-der-db-infrago"}},{"type":"Feature","geometry":{"type":"LineString","coordinates":[[9.199121002484052,48.691787755785896],[9.20042496140184,48.692008283344],[9.201775749175784,48.69205920925249],[9.203107466060484,48.69189163077],[9.204263416802196,48.691537338372605]]},"properties":{"kind":"rail_tunnel","name":"Tunnel","length_m":404.0,"route":"4861","state":"Baden-Württemberg","crossing_type":null,"source":"DB InfraGO infrastructure data","source_url":"https://data.gov.de/suche/daten/infrastrukturdaten-der-db-infrago"}},{"type":"Feature","geometry":{"type":"LineString","coordinates":[[9.204263416802196,48.691537338372605],[9.204896512840783,48.69125831182993],[9.205407452543401,48.690962523974626],[9.205862087803533,48.690628746781705],[9.206244477183136,48.690258025618284],[9.20654692274543,48.689855950355835],[9.206764166136056,48.68942998584353],[9.206900596471561,48.688990133326676],[9.206955580054132,48.68854201004618],[9.206929476393912,48.68809327708364],[9.205655942748065,48.68185474418675],[9.205605019249148,48.68140672916586],[9.205616436198877,48.680957231426014],[9.205691106912981,48.680510844492524],[9.205834110888125,48.68007147540431],[9.206044101803974,48.67964406320959],[9.206316136454785,48.67923224488277],[9.207040362156889,48.678473176940685],[9.207485148678476,48.678133682102946],[9.207977805315712,48.67782457922251],[9.209091106119363,48.67731220603652],[9.209700373496363,48.67711415739568],[9.210992529121834,48.676842538409176],[9.214590732116193,48.67648822299471]]},"properties":{"kind":"rail_tunnel","name":"S-Bahn-TU Los 601","length_m":2174.0,"route":"4861","state":"Baden-Württemberg","crossing_type":null,"source":"DB InfraGO infrastructure data","source_url":"https://data.gov.de/suche/daten/infrastrukturdaten-der-db-infrago"}},{"type":"Feature","geometry":{"type":"LineString","coordinates":[[9.214590732116193,48.67648822299471],[9.216080391592243,48.67643560842404]]},"properties":{"kind":"rail_tunnel","name":"S-Bahn-Tunnel (Los602,Einf.Bauwerk) Bf Filderstadt  km 27,568 ... 27,678","length_m":110.0,"route":"4861","state":"Baden-Württemberg","crossing_type":null,"source":"DB InfraGO infrastructure data","source_url":"https://data.gov.de/suche/daten/infrastrukturdaten-der-db-infrago"}},{"type":"Feature","geometry":{"type":"LineString","coordinates":[[9.216080391592243,48.67643560842404],[9.219334979099921,48.67652534153267]]},"properties":{"kind":"rail_tunnel","name":"S-Bahn-Tunnel (Los 602, Stat.Ber.) Bf Filderstadt  km 27,678 ... 27,938","length_m":240.0,"route":"4861","state":"Baden-Württemberg","crossing_type":null,"source":"DB InfraGO infrastructure data","source_url":"https://data.gov.de/suche/daten/infrastrukturdaten-der-db-infrago"}},{"type":"Feature","geometry":{"type":"LineString","coordinates":[[9.219172115378218,48.67652759736328],[9.22044935514903,48.676529799908906],[9.221122079781399,48.676579737659104]]},"properties":{"kind":"rail_tunnel","name":"Tunnel","length_m":154.0,"route":"4861","state":"Baden-Württemberg","crossing_type":null,"source":"DB InfraGO infrastructure data","source_url":"https://data.gov.de/suche/daten/infrastrukturdaten-der-db-infrago"}},{"type":"Feature","geometry":{"type":"LineString","coordinates":[[9.153316149835033,48.76949053007379],[9.152544871797376,48.7694438221807],[9.152109315390765,48.76947414496497],[9.151229188327159,48.769702321164736],[9.1504104107034,48.77008883846418],[9.150077598628023,48.77019229384898],[9.149120498051108,48.77032387698851],[9.148422800104603,48.770268022590564],[9.147811111762087,48.770120695458175],[9.147257419932934,48.7698545329572],[9.146854036906436,48.76948609015259],[9.146574550702832,48.76907859174455],[9.146491169868877,48.76863544486033],[9.146506767334326,48.768432403794904],[9.146558943925758,48.76818479934836],[9.146832563803988,48.76776960484671],[9.147231634420368,48.76740538913067],[9.147530810407012,48.76724281504345],[9.148086539683774,48.7670338650899],[9.148763305048785,48.76691713956497],[9.149869027976711,48.76694702679782],[9.150719598731149,48.76715884794411],[9.1512744766181,48.76744776111357],[9.152611114025454,48.76869380497377],[9.153119271774203,48.76903452229224],[9.153487156527365,48.7692083529666]]},"properties":{"kind":"rail_tunnel","name":"Tunnel","length_m":1367.0,"route":"4864","state":"Baden-Württemberg","crossing_type":null,"source":"DB InfraGO infrastructure data","source_url":"https://data.gov.de/suche/daten/infrastrukturdaten-der-db-infrago"}},{"type":"Feature","geometry":{"type":"LineString","coordinates":[[8.451299782668064,48.41398838238584],[8.448969976783992,48.41094536938823]]},"properties":{"kind":"rail_tunnel","name":"Loßburger Tunnel","length_m":380.0,"route":"4880","state":"Baden-Württemberg","crossing_type":null,"source":"DB InfraGO infrastructure data","source_url":"https://data.gov.de/suche/daten/infrastrukturdaten-der-db-infrago"}},{"type":"Feature","geometry":{"type":"LineString","coordinates":[[8.438402550020543,48.390913329285745],[8.43846612108424,48.39045249991749],[8.43863382246023,48.39001865359067],[8.439571606891032,48.388330121034265],[8.439809677711963,48.38773777115604]]},"properties":{"kind":"rail_tunnel","name":"Schwenkenhardt Tunnel","length_m":370.0,"route":"4880","state":"Baden-Württemberg","crossing_type":null,"source":"DB InfraGO infrastructure data","source_url":"https://data.gov.de/suche/daten/infrastrukturdaten-der-db-infrago"}},{"type":"Feature","geometry":{"type":"LineString","coordinates":[[8.41302630195869,48.349192867332825],[8.412858920020373,48.34888925016396],[8.41250572406219,48.34846505469242]]},"properties":{"kind":"rail_tunnel","name":"Farbmühltunnel","length_m":90.0,"route":"4880","state":"Baden-Württemberg","crossing_type":null,"source":"DB InfraGO infrastructure data","source_url":"https://data.gov.de/suche/daten/infrastrukturdaten-der-db-infrago"}},{"type":"Feature","geometry":{"type":"LineString","coordinates":[[8.38806867352217,48.3185511502498],[8.387606843583523,48.31813059715387]]},"properties":{"kind":"rail_tunnel","name":"Daistunnel","length_m":58.0,"route":"4880","state":"Baden-Württemberg","crossing_type":null,"source":"DB InfraGO infrastructure data","source_url":"https://data.gov.de/suche/daten/infrastrukturdaten-der-db-infrago"}},{"type":"Feature","geometry":{"type":"LineString","coordinates":[[8.384782841045064,48.31570152610254],[8.384103367440536,48.315166957542274]]},"properties":{"kind":"rail_tunnel","name":"Stocktunnel","length_m":78.0,"route":"4880","state":"Baden-Württemberg","crossing_type":null,"source":"DB InfraGO infrastructure data","source_url":"https://data.gov.de/suche/daten/infrastrukturdaten-der-db-infrago"}},{"type":"Feature","geometry":{"type":"LineString","coordinates":[[8.366181070108341,48.303026710952075],[8.365876441756752,48.30285853544589],[8.365044745478407,48.30255323159124]]},"properties":{"kind":"rail_tunnel","name":"Schenkenberg Tunnel","length_m":100.0,"route":"4880","state":"Baden-Württemberg","crossing_type":null,"source":"DB InfraGO infrastructure data","source_url":"https://data.gov.de/suche/daten/infrastrukturdaten-der-db-infrago"}},{"type":"Feature","geometry":{"type":"LineString","coordinates":[[8.340017764164287,48.29133956425588],[8.338504005968437,48.29105506107321]]},"properties":{"kind":"rail_tunnel","name":"Schiltacher Tunnel","length_m":117.0,"route":"4880","state":"Baden-Württemberg","crossing_type":null,"source":"DB InfraGO infrastructure data","source_url":"https://data.gov.de/suche/daten/infrastrukturdaten-der-db-infrago"}},{"type":"Feature","geometry":{"type":"LineString","coordinates":[[9.148102497017987,49.04918685087184],[9.146869842955965,49.05437383052061]]},"properties":{"kind":"rail_tunnel","name":"Kirchheimer Tunnel (Nr. 20)  km 36,463 ... 37,048","length_m":584.0,"route":"4900","state":"Baden-Württemberg","crossing_type":null,"source":"DB InfraGO infrastructure data","source_url":"https://data.gov.de/suche/daten/infrastrukturdaten-der-db-infrago"}},{"type":"Feature","geometry":{"type":"LineString","coordinates":[[9.148102497017987,49.04918685087184],[9.146869842955965,49.05437383052061]]},"properties":{"kind":"rail_tunnel","name":"Kirchheimer Tunnel (Nr. 19)  km 36,464 ... 37,048","length_m":584.0,"route":"4900","state":"Baden-Württemberg","crossing_type":null,"source":"DB InfraGO infrastructure data","source_url":"https://data.gov.de/suche/daten/infrastrukturdaten-der-db-infrago"}},{"type":"Feature","geometry":{"type":"LineString","coordinates":[[9.592313993110315,49.69707486517176],[9.591793886295473,49.696909859869756],[9.590764983594367,49.69669562250986],[9.589639394452186,49.69662984669756]]},"properties":{"kind":"rail_tunnel","name":"Gamburger Tunnel","length_m":202.0,"route":"4920","state":"Baden-Württemberg","crossing_type":null,"source":"DB InfraGO infrastructure data","source_url":"https://data.gov.de/suche/daten/infrastrukturdaten-der-db-infrago"}},{"type":"Feature","geometry":{"type":"LineString","coordinates":[[9.565606449892712,49.701667937189875],[9.564533581486405,49.70166340647142],[9.56362917211436,49.7017980387877],[9.56261266747508,49.70210252227146],[9.561220882975316,49.7027414200889]]},"properties":{"kind":"rail_tunnel","name":"Bronnebach Tunnel","length_m":349.0,"route":"4920","state":"Baden-Württemberg","crossing_type":null,"source":"DB InfraGO infrastructure data","source_url":"https://data.gov.de/suche/daten/infrastrukturdaten-der-db-infrago"}},{"type":"Feature","geometry":{"type":"LineString","coordinates":[[9.518790847008615,49.73790969941356],[9.518876796820257,49.7384368955909],[9.518854558906709,49.73883793566855],[9.518757443403825,49.739259369983536],[9.51852830458585,49.739727213259435],[9.518158087353086,49.740221451022734],[9.517672437235813,49.7406618043561],[9.517150417736802,49.741007801248145],[9.516759404387058,49.74121001296876],[9.515296867645528,49.741803296460276]]},"properties":{"kind":"rail_tunnel","name":"Reicholzheimer Tunnel","length_m":542.0,"route":"4920","state":"Baden-Württemberg","crossing_type":null,"source":"DB InfraGO infrastructure data","source_url":"https://data.gov.de/suche/daten/infrastrukturdaten-der-db-infrago"}},{"type":"Feature","geometry":{"type":"LineString","coordinates":[[9.34539225532485,48.86348719881583],[9.34628314650945,48.86405543652341],[9.348277731997387,48.86550820963974]]},"properties":{"kind":"rail_tunnel","name":"Schwaikheimer Tunnel (neu)  km 5,909...6,218","length_m":309.0,"route":"4930","state":"Baden-Württemberg","crossing_type":null,"source":"DB InfraGO infrastructure data","source_url":"https://data.gov.de/suche/daten/infrastrukturdaten-der-db-infrago"}},{"type":"Feature","geometry":{"type":"LineString","coordinates":[[9.675741263191648,48.984273758094076],[9.686699919086989,48.98705956342008]]},"properties":{"kind":"rail_tunnel","name":"Schanztunnel (bei Fichtenberg)  km 42,256...43,116","length_m":860.0,"route":"4930","state":"Baden-Württemberg","crossing_type":null,"source":"DB InfraGO infrastructure data","source_url":"https://data.gov.de/suche/daten/infrastrukturdaten-der-db-infrago"}},{"type":"Feature","geometry":{"type":"LineString","coordinates":[[9.750766465153507,48.99601157483849],[9.752921725272953,48.99946182869854]]},"properties":{"kind":"rail_tunnel","name":"Kappelesbergtunnel  km 48,260...48,675","length_m":415.0,"route":"4930","state":"Baden-Württemberg","crossing_type":null,"source":"DB InfraGO infrastructure data","source_url":"https://data.gov.de/suche/daten/infrastrukturdaten-der-db-infrago"}},{"type":"Feature","geometry":{"type":"LineString","coordinates":[[9.762083512579151,49.089292368871426],[9.762932092242362,49.08812461012681]]},"properties":{"kind":"rail_tunnel","name":"Hessentaler Tunnel  km 58,700...58,844","length_m":144.0,"route":"4950","state":"Baden-Württemberg","crossing_type":null,"source":"DB InfraGO infrastructure data","source_url":"https://data.gov.de/suche/daten/infrastrukturdaten-der-db-infrago"}},{"type":"Feature","geometry":{"type":"LineString","coordinates":[[9.73909715595093,49.088228793193124],[9.73919590452043,49.08938609482965]]},"properties":{"kind":"rail_tunnel","name":"Tullauer Tunnel  km 62,210 ... 62,339","length_m":129.0,"route":"4950","state":"Baden-Württemberg","crossing_type":null,"source":"DB InfraGO infrastructure data","source_url":"https://data.gov.de/suche/daten/infrastrukturdaten-der-db-infrago"}},{"type":"Feature","geometry":{"type":"LineString","coordinates":[[9.730005550672288,49.122907378262006],[9.729480255383224,49.12378365807469],[9.728419382668509,49.12526568605604]]},"properties":{"kind":"rail_tunnel","name":"Gottwollshauser Tunnel  km 66,496 ... 66,782","length_m":287.0,"route":"4950","state":"Baden-Württemberg","crossing_type":null,"source":"DB InfraGO infrastructure data","source_url":"https://data.gov.de/suche/daten/infrastrukturdaten-der-db-infrago"}},{"type":"Feature","geometry":{"type":"LineString","coordinates":[[9.267204360051837,49.14856702566202],[9.258097672696737,49.143228210503956]]},"properties":{"kind":"rail_tunnel","name":"Weinsberger Tunnel  km 113,032 ... 113,923","length_m":891.0,"route":"4950","state":"Baden-Württemberg","crossing_type":null,"source":"DB InfraGO infrastructure data","source_url":"https://data.gov.de/suche/daten/infrastrukturdaten-der-db-infrago"}},{"type":"Feature","geometry":{"type":"LineString","coordinates":[[9.91578786798089,49.39640364269181],[9.914976623453214,49.397575915227115],[9.914782096417548,49.39800408700963],[9.914599786577892,49.39870671254241]]},"properties":{"kind":"rail_tunnel","name":"Niederstettener Tunnel","length_m":272.0,"route":"4953","state":"Baden-Württemberg","crossing_type":null,"source":"DB InfraGO infrastructure data","source_url":"https://data.gov.de/suche/daten/infrastrukturdaten-der-db-infrago"}},{"type":"Feature","geometry":{"type":"LineString","coordinates":[[11.004504680436336,50.21092450004208],[11.005462323412056,50.21382537670136],[11.005728342878896,50.21739935874846],[11.005758608356048,50.22033624227609],[11.005484698948448,50.22089986311133]]},"properties":{"kind":"rail_tunnel","name":"Tunnel Füllbach Nord","length_m":1113.0,"route":"5125","state":"Bayern","crossing_type":null,"source":"DB InfraGO infrastructure data","source_url":"https://data.gov.de/suche/daten/infrastrukturdaten-der-db-infrago"}},{"type":"Feature","geometry":{"type":"LineString","coordinates":[[11.162399329394267,48.871589916876914],[11.162452666017398,48.87201112836526],[11.16262459368157,48.87240929412935],[11.16293126515096,48.8728017335918],[11.163327929900076,48.87312828750452]]},"properties":{"kind":"rail_tunnel","name":"Schneckenbergtunnel","length_m":189.0,"route":"5323","state":"Bayern","crossing_type":null,"source":"DB InfraGO infrastructure data","source_url":"https://data.gov.de/suche/daten/infrastrukturdaten-der-db-infrago"}},{"type":"Feature","geometry":{"type":"LineString","coordinates":[[10.028359472167542,47.54953140393489],[10.027664681373047,47.550457698849605],[10.027446799983856,47.55082831265952]]},"properties":{"kind":"rail_tunnel","name":"Oberstaufener Tunnel","length_m":160.0,"route":"5362","state":"Bayern","crossing_type":null,"source":"DB InfraGO infrastructure data","source_url":"https://data.gov.de/suche/daten/infrastrukturdaten-der-db-infrago"}},{"type":"Feature","geometry":{"type":"LineString","coordinates":[[11.04189643125027,48.886657649248626],[11.03327918708096,48.88636147291104]]},"properties":{"kind":"rail_tunnel","name":"Esslinger-Berg-Tunnel","length_m":633.0,"route":"5501","state":"Bayern","crossing_type":null,"source":"DB InfraGO infrastructure data","source_url":"https://data.gov.de/suche/daten/infrastrukturdaten-der-db-infrago"}},{"type":"Feature","geometry":{"type":"LineString","coordinates":[[10.981403541553268,48.921695797428306],[10.980141092732804,48.92219263283353]]},"properties":{"kind":"rail_tunnel","name":"Kirchbergtunnel","length_m":108.0,"route":"5501","state":"Bayern","crossing_type":null,"source":"DB InfraGO infrastructure data","source_url":"https://data.gov.de/suche/daten/infrastrukturdaten-der-db-infrago"}},{"type":"Feature","geometry":{"type":"LineString","coordinates":[[11.55837447712167,48.14172350382843],[11.555698164660866,48.142221444157045],[11.554842545727944,48.14232573449208],[11.553619152071128,48.142298012206105],[11.552285375655774,48.142083486913684]]},"properties":{"kind":"rail_tunnel","name":"Tunnel","length_m":465.0,"route":"5540","state":"Bayern","crossing_type":null,"source":"DB InfraGO infrastructure data","source_url":"https://data.gov.de/suche/daten/infrastrukturdaten-der-db-infrago"}},{"type":"Feature","geometry":{"type":"LineString","coordinates":[[11.561648243998622,48.140864490122944],[11.564050816362942,48.140171973534265],[11.566219143538623,48.139185008240865],[11.567291273127719,48.138826111016925],[11.56843112113736,48.13859105155783],[11.570166631091395,48.13842059080398],[11.5712355404523,48.1382390420512],[11.573806017184134,48.1374883003427],[11.576168958710948,48.13694816196287],[11.578216012537391,48.136217111508564],[11.579921376624053,48.13584746973675],[11.580664321596796,48.135621217717315],[11.581673961743649,48.13514000293263],[11.583927904832446,48.1336841899044],[11.58569668392944,48.13268971944108],[11.586524565047045,48.132371964516516],[11.588650315420121,48.13182973149414],[11.589772254524261,48.13137725347023],[11.59043402515275,48.13097544055298],[11.594085982025712,48.1284525956274],[11.598041810084082,48.12615561563618],[11.598749099754402,48.12588975256019],[11.599688454470293,48.12568082724448],[11.600890394661576,48.12562022614991]]},"properties":{"kind":"rail_tunnel","name":"Tunnel","length_m":3451.0,"route":"5550","state":"Bayern","crossing_type":null,"source":"DB InfraGO infrastructure data","source_url":"https://data.gov.de/suche/daten/infrastrukturdaten-der-db-infrago"}},{"type":"Feature","geometry":{"type":"LineString","coordinates":[[11.676246186168829,48.21552474650798],[11.67710760692451,48.21701925277841],[11.677502519612508,48.21787883250387],[11.677830609291359,48.218750910276114],[11.678191579138305,48.22007777623064],[11.679219215422869,48.22500148926585]]},"properties":{"kind":"rail_tunnel","name":"Tunnel","length_m":1081.0,"route":"5556","state":"Bayern","crossing_type":null,"source":"DB InfraGO infrastructure data","source_url":"https://data.gov.de/suche/daten/infrastrukturdaten-der-db-infrago"}},{"type":"Feature","geometry":{"type":"LineString","coordinates":[[11.679688439475731,48.22716385750833],[11.67997841029402,48.22808072952516],[11.680777812883285,48.23017901927122]]},"properties":{"kind":"rail_tunnel","name":"Tunnel","length_m":345.0,"route":"5556","state":"Bayern","crossing_type":null,"source":"DB InfraGO infrastructure data","source_url":"https://data.gov.de/suche/daten/infrastrukturdaten-der-db-infrago"}},{"type":"Feature","geometry":{"type":"LineString","coordinates":[[11.775905257525471,48.35301280497766],[11.783864944523794,48.353625600579115]]},"properties":{"kind":"rail_tunnel","name":"Tunnel","length_m":594.0,"route":"5556","state":"Bayern","crossing_type":null,"source":"DB InfraGO infrastructure data","source_url":"https://data.gov.de/suche/daten/infrastrukturdaten-der-db-infrago"}},{"type":"Feature","geometry":{"type":"LineString","coordinates":[[11.788313860416734,48.35396789661084],[11.79323275790108,48.3543404576174]]},"properties":{"kind":"rail_tunnel","name":"Tunnel","length_m":367.0,"route":"5556","state":"Bayern","crossing_type":null,"source":"DB InfraGO infrastructure data","source_url":"https://data.gov.de/suche/daten/infrastrukturdaten-der-db-infrago"}},{"type":"Feature","geometry":{"type":"LineString","coordinates":[[12.982489558267428,48.85996242844424],[12.982367119704202,48.8605452188909],[12.982182695037425,48.860977806920005],[12.981923556721984,48.86139339237369],[12.981594639711208,48.86178641594378],[12.980754906681522,48.86249239319297],[12.97919496086324,48.86350489209302]]},"properties":{"kind":"rail_tunnel","name":"Kuhberg-Tunnel  Länge 476m","length_m":476.0,"route":"5634","state":"Bayern","crossing_type":null,"source":"DB InfraGO infrastructure data","source_url":"https://data.gov.de/suche/daten/infrastrukturdaten-der-db-infrago"}},{"type":"Feature","geometry":{"type":"LineString","coordinates":[[12.979187931848516,48.9441869775166],[12.97916421182171,48.94930220979456]]},"properties":{"kind":"rail_tunnel","name":"Hochbuhl Tunnel","length_m":569.0,"route":"5634","state":"Bayern","crossing_type":null,"source":"DB InfraGO infrastructure data","source_url":"https://data.gov.de/suche/daten/infrastrukturdaten-der-db-infrago"}},{"type":"Feature","geometry":{"type":"LineString","coordinates":[[12.875148569272351,49.31679704823508],[12.874783246824821,49.3167119592625],[12.873808968240402,49.31661901230346]]},"properties":{"kind":"rail_tunnel","name":"Klöpfelsberg Tunnel  Tunnellänge 100m","length_m":100.0,"route":"5801","state":"Bayern","crossing_type":null,"source":"DB InfraGO infrastructure data","source_url":"https://data.gov.de/suche/daten/infrastrukturdaten-der-db-infrago"}},{"type":"Feature","geometry":{"type":"LineString","coordinates":[[11.000420060876912,49.60876377347134],[11.000811501416898,49.61015053087897],[11.001095573190113,49.61149742829545]]},"properties":{"kind":"rail_tunnel","name":"Burgberg Tunnel  länge=306,65","length_m":308.0,"route":"5900","state":"Bayern","crossing_type":null,"source":"DB InfraGO infrastructure data","source_url":"https://data.gov.de/suche/daten/infrastrukturdaten-der-db-infrago"}},{"type":"Feature","geometry":{"type":"LineString","coordinates":[[11.481835497054778,49.58143298151388],[11.479714934974941,49.58327939450968]]},"properties":{"kind":"rail_tunnel","name":"Vogelherd-Tunnel  TL=256m","length_m":256.0,"route":"5903","state":"Bayern","crossing_type":null,"source":"DB InfraGO infrastructure data","source_url":"https://data.gov.de/suche/daten/infrastrukturdaten-der-db-infrago"}},{"type":"Feature","geometry":{"type":"LineString","coordinates":[[11.474753483703255,49.592240983465025],[11.475041379566331,49.5931032324504],[11.475257692041273,49.5935301215478],[11.475518138761727,49.59394487464104],[11.475957342493205,49.59450327236778]]},"properties":{"kind":"rail_tunnel","name":"Platte-Tunnel  w=8,20; hl=6,40m; TL=268m","length_m":268.0,"route":"5903","state":"Bayern","crossing_type":null,"source":"DB InfraGO infrastructure data","source_url":"https://data.gov.de/suche/daten/infrastrukturdaten-der-db-infrago"}},{"type":"Feature","geometry":{"type":"LineString","coordinates":[[11.49339974369941,49.60277994275511],[11.496198182922901,49.603520668144576]]},"properties":{"kind":"rail_tunnel","name":"Rothenfels-Tunnel  w=8,20m; hl=6,40m; Tl=218m","length_m":218.0,"route":"5903","state":"Bayern","crossing_type":null,"source":"DB InfraGO infrastructure data","source_url":"https://data.gov.de/suche/daten/infrastrukturdaten-der-db-infrago"}},{"type":"Feature","geometry":{"type":"LineString","coordinates":[[11.501453061954045,49.60512012849158],[11.5024374232963,49.60545191510895]]},"properties":{"kind":"rail_tunnel","name":"Hufstätte-Tunnel  w=8,20m; hl=6,40m; TL=80m","length_m":80.0,"route":"5903","state":"Bayern","crossing_type":null,"source":"DB InfraGO infrastructure data","source_url":"https://data.gov.de/suche/daten/infrastrukturdaten-der-db-infrago"}},{"type":"Feature","geometry":{"type":"LineString","coordinates":[[11.505161797490786,49.60637215624179],[11.507429578736737,49.60713700761963]]},"properties":{"kind":"rail_tunnel","name":"Sonnenburg-Tunnel  w=8,20m; hl=6,60m; TL=185m","length_m":185.0,"route":"5903","state":"Bayern","crossing_type":null,"source":"DB InfraGO infrastructure data","source_url":"https://data.gov.de/suche/daten/infrastrukturdaten-der-db-infrago"}},{"type":"Feature","geometry":{"type":"LineString","coordinates":[[11.51108885430066,49.60837063185995],[11.514995868979664,49.60968607303391]]},"properties":{"kind":"rail_tunnel","name":"Gotthard-Tunnel  w=8,20; hl=6,40m; TL=318m","length_m":318.0,"route":"5903","state":"Bayern","crossing_type":null,"source":"DB InfraGO infrastructure data","source_url":"https://data.gov.de/suche/daten/infrastrukturdaten-der-db-infrago"}},{"type":"Feature","geometry":{"type":"LineString","coordinates":[[11.521022068729554,49.61171598386953],[11.523143510009536,49.612375357730436]]},"properties":{"kind":"rail_tunnel","name":"Haidenhübel-Tunnel  w=8,20m; hl=6,40m; TL=170m","length_m":170.0,"route":"5903","state":"Bayern","crossing_type":null,"source":"DB InfraGO infrastructure data","source_url":"https://data.gov.de/suche/daten/infrastrukturdaten-der-db-infrago"}},{"type":"Feature","geometry":{"type":"LineString","coordinates":[[11.756386035960215,49.8319527324834],[11.760741991019824,49.835113598784254]]},"properties":{"kind":"rail_tunnel","name":"Katzenbühl-Tunnel  w=8,20m; h=6,40m, TL=471m","length_m":471.0,"route":"5903","state":"Bayern","crossing_type":null,"source":"DB InfraGO infrastructure data","source_url":"https://data.gov.de/suche/daten/infrastrukturdaten-der-db-infrago"}},{"type":"Feature","geometry":{"type":"LineString","coordinates":[[11.933302672596731,49.907568437240236],[11.94449315805579,49.90975944721434]]},"properties":{"kind":"rail_tunnel","name":"ArmannsbergTunnel","length_m":840.0,"route":"5903","state":"Bayern","crossing_type":null,"source":"DB InfraGO infrastructure data","source_url":"https://data.gov.de/suche/daten/infrastrukturdaten-der-db-infrago"}},{"type":"Feature","geometry":{"type":"LineString","coordinates":[[12.013327691777988,49.95175695498818],[12.020236005883536,49.956947012343356]]},"properties":{"kind":"rail_tunnel","name":"Langentheilentunnel","length_m":761.0,"route":"5903","state":"Bayern","crossing_type":null,"source":"DB InfraGO infrastructure data","source_url":"https://data.gov.de/suche/daten/infrastrukturdaten-der-db-infrago"}},{"type":"Feature","geometry":{"type":"LineString","coordinates":[[11.000467406089843,49.608754860120825],[11.000879302881962,49.610197761760844],[11.001142119083534,49.61148840443639]]},"properties":{"kind":"rail_tunnel","name":"Burgbergtunnel Ost","length_m":308.0,"route":"5919","state":"Bayern","crossing_type":null,"source":"DB InfraGO infrastructure data","source_url":"https://data.gov.de/suche/daten/infrastrukturdaten-der-db-infrago"}},{"type":"Feature","geometry":{"type":"LineString","coordinates":[[10.957490071547962,50.10905601990971],[10.956076547046083,50.11099110367595],[10.950375406850776,50.11807156222939],[10.94917311194859,50.11969337244417],[10.948239567875829,50.121107691304346],[10.947381448665553,50.12256980555347],[10.946404861663238,50.12450480236779],[10.945810963713601,50.12589373433561],[10.945144726411565,50.12777150996957],[10.944689886002458,50.12940313527055],[10.944374496893408,50.130883443214735],[10.944213756792983,50.13187922077492],[10.944043790550438,50.133439890117685],[10.943971650520481,50.13544749672082],[10.944040241156234,50.13716514163889],[10.944226935096056,50.138864933824024],[10.944649993041523,50.14105299726021]]},"properties":{"kind":"rail_tunnel","name":"Tunnel Eierberge","length_m":3756.0,"route":"5919","state":"Bayern","crossing_type":null,"source":"DB InfraGO infrastructure data","source_url":"https://data.gov.de/suche/daten/infrastrukturdaten-der-db-infrago"}},{"type":"Feature","geometry":{"type":"LineString","coordinates":[[10.951849302613784,50.154318181973004],[10.953008255212382,50.15557264283036],[10.954376169587011,50.156914990722576],[10.956916681540354,50.159124779806206],[10.95947368257102,50.161053092383284],[10.963385434207806,50.163658074032114]]},"properties":{"kind":"rail_tunnel","name":"Tunnel Kulch  Notausgang 1","length_m":1331.0,"route":"5919","state":"Bayern","crossing_type":null,"source":"DB InfraGO infrastructure data","source_url":"https://data.gov.de/suche/daten/infrastrukturdaten-der-db-infrago"}},{"type":"Feature","geometry":{"type":"LineString","coordinates":[[10.974525133349552,50.17277682413124],[10.980861416604524,50.18008927162499]]},"properties":{"kind":"rail_tunnel","name":"Tunnel Lichtholz","length_m":931.0,"route":"5919","state":"Bayern","crossing_type":null,"source":"DB InfraGO infrastructure data","source_url":"https://data.gov.de/suche/daten/infrastrukturdaten-der-db-infrago"}},{"type":"Feature","geometry":{"type":"LineString","coordinates":[[11.004780288202866,50.212590144202345],[11.00530118667871,50.214502537743115],[11.005652228498462,50.21627188084796],[11.005947832051138,50.21890147341003],[11.005980927902222,50.21994542871191]]},"properties":{"kind":"rail_tunnel","name":"Tunnel Höhnberg Süd","length_m":824.0,"route":"5919","state":"Bayern","crossing_type":null,"source":"DB InfraGO infrastructure data","source_url":"https://data.gov.de/suche/daten/infrastrukturdaten-der-db-infrago"}},{"type":"Feature","geometry":{"type":"LineString","coordinates":[[11.007331084137613,50.23348731192976],[11.007549488875883,50.23420285953236],[11.00832055702378,50.23621326653121],[11.009266717646696,50.23823752401367],[11.010009572078427,50.239610976011384],[11.010752604198714,50.24085004847054],[11.011944389268214,50.24263398269196]]},"properties":{"kind":"rail_tunnel","name":"Rennbergtunnel","length_m":1072.0,"route":"5919","state":"Bayern","crossing_type":null,"source":"DB InfraGO infrastructure data","source_url":"https://data.gov.de/suche/daten/infrastrukturdaten-der-db-infrago"}},{"type":"Feature","geometry":{"type":"LineString","coordinates":[[11.01794867917551,50.25407601258792],[11.018196124117207,50.255190378756005],[11.018465352155737,50.25695980296294],[11.01876871752396,50.26342765511314]]},"properties":{"kind":"rail_tunnel","name":"Feuerfelsentunnel","length_m":1043.0,"route":"5919","state":"Bayern","crossing_type":null,"source":"DB InfraGO infrastructure data","source_url":"https://data.gov.de/suche/daten/infrastrukturdaten-der-db-infrago"}},{"type":"Feature","geometry":{"type":"LineString","coordinates":[[11.005986433804459,50.31283478996494],[11.00589449305027,50.31416645676379],[11.005864304329675,50.31625886680237],[11.005979434383613,50.318672387468446],[11.006196901305659,50.32067157724833],[11.006545447743164,50.32277156568571],[11.007121091652724,50.32526483161456],[11.007973555799344,50.32804258502599],[11.00895354717593,50.33066525392026],[11.012280639715549,50.33913721886114]]},"properties":{"kind":"rail_tunnel","name":"Tunnel Reitersberg  Notausgang","length_m":2975.0,"route":"5919","state":"Bayern","crossing_type":null,"source":"DB InfraGO infrastructure data","source_url":"https://data.gov.de/suche/daten/infrastrukturdaten-der-db-infrago"}},{"type":"Feature","geometry":{"type":"LineString","coordinates":[[11.035479645602367,50.37436046575031],[11.036014562115428,50.376589395900154],[11.03615538662802,50.37777643399424],[11.03625714706124,50.37958188914499],[11.036207239112619,50.38102517141761]]},"properties":{"kind":"rail_tunnel","name":"Tunnel Müss","length_m":745.0,"route":"5919","state":"Thüringen","crossing_type":null,"source":"DB InfraGO infrastructure data","source_url":"https://data.gov.de/suche/daten/infrastrukturdaten-der-db-infrago"}},{"type":"Feature","geometry":{"type":"LineString","coordinates":[[11.031807608044467,50.39581153683614],[11.027446843885944,50.407315968165655]]},"properties":{"kind":"rail_tunnel","name":"Tunnel Baumleite","length_m":1317.0,"route":"5919","state":"Thüringen","crossing_type":null,"source":"DB InfraGO infrastructure data","source_url":"https://data.gov.de/suche/daten/infrastrukturdaten-der-db-infrago"}},{"type":"Feature","geometry":{"type":"LineString","coordinates":[[11.02060531753615,50.425354117817555],[11.019585806908044,50.42799402919655],[11.01834558320491,50.4307317093905],[11.016813638638924,50.43355125680679],[11.014939410950108,50.43651661975898],[11.00905275239528,50.445209007400415],[11.006843884301775,50.44884731632777],[11.005050015927978,50.45233631655063],[11.003445694835548,50.456118860314014],[11.002255008566074,50.4596490747643],[11.001533594123783,50.462367104727676],[11.000931841708695,50.46535826842023],[10.995803955759655,50.49792954048825]]},"properties":{"kind":"rail_tunnel","name":"Tunnel Blessberg","length_m":8326.0,"route":"5919","state":"Thüringen","crossing_type":null,"source":"DB InfraGO infrastructure data","source_url":"https://data.gov.de/suche/daten/infrastrukturdaten-der-db-infrago"}},{"type":"Feature","geometry":{"type":"LineString","coordinates":[[10.995650528354503,50.49890432905975],[10.994013199498136,50.50930504181986]]},"properties":{"kind":"rail_tunnel","name":"Tunnel Goldberg","length_m":1163.0,"route":"5919","state":"Thüringen","crossing_type":null,"source":"DB InfraGO infrastructure data","source_url":"https://data.gov.de/suche/daten/infrastrukturdaten-der-db-infrago"}},{"type":"Feature","geometry":{"type":"LineString","coordinates":[[10.992933020562004,50.516164307736666],[10.992085014195716,50.521547972114874]]},"properties":{"kind":"rail_tunnel","name":"Tunnel Rehberg","length_m":602.0,"route":"5919","state":"Thüringen","crossing_type":null,"source":"DB InfraGO infrastructure data","source_url":"https://data.gov.de/suche/daten/infrastrukturdaten-der-db-infrago"}},{"type":"Feature","geometry":{"type":"LineString","coordinates":[[10.991721887346943,50.52387334177014],[10.991555072005514,50.52506861442236],[10.991292666915804,50.52797264078393],[10.991262738075095,50.531651247664726],[10.991398531846025,50.533307817522676]]},"properties":{"kind":"rail_tunnel","name":"Tunnel Masserberg","length_m":1051.0,"route":"5919","state":"Thüringen","crossing_type":null,"source":"DB InfraGO infrastructure data","source_url":"https://data.gov.de/suche/daten/infrastrukturdaten-der-db-infrago"}},{"type":"Feature","geometry":{"type":"LineString","coordinates":[[10.992413231433405,50.54227193739594],[10.994042121452498,50.555623636098844]]},"properties":{"kind":"rail_tunnel","name":"Tunnel Fleckberg","length_m":1490.0,"route":"5919","state":"Thüringen","crossing_type":null,"source":"DB InfraGO infrastructure data","source_url":"https://data.gov.de/suche/daten/infrastrukturdaten-der-db-infrago"}},{"type":"Feature","geometry":{"type":"LineString","coordinates":[[10.99469928306325,50.561009109788024],[10.994833302288127,50.562107234718844],[10.995151458221237,50.566981352453894],[10.995127134640693,50.570391514324314],[10.9948392179491,50.574392340567],[10.99459079860547,50.57638537670235],[10.994271398442857,50.57838248683392],[10.993916172760706,50.58021337480898],[10.993310978904098,50.58282172086315],[10.983178651648373,50.623788480994556],[10.982458909363974,50.6269736200988]]},"properties":{"kind":"rail_tunnel","name":"Tunnel Silberberg","length_m":7407.0,"route":"5919","state":"Thüringen","crossing_type":null,"source":"DB InfraGO infrastructure data","source_url":"https://data.gov.de/suche/daten/infrastrukturdaten-der-db-infrago"}},{"type":"Feature","geometry":{"type":"LineString","coordinates":[[10.982098702792603,50.62904599612394],[10.981952844989673,50.6301418315287],[10.981735008459122,50.632759105999085],[10.981692480181406,50.63558950485793],[10.981791939786572,50.6377108901989],[10.982259162119876,50.64244658977323]]},"properties":{"kind":"rail_tunnel","name":"Tunnel Brandkopf","length_m":1493.0,"route":"5919","state":"Thüringen","crossing_type":null,"source":"DB InfraGO infrastructure data","source_url":"https://data.gov.de/suche/daten/infrastrukturdaten-der-db-infrago"}},{"type":"Feature","geometry":{"type":"LineString","coordinates":[[10.982530186733502,50.64506535725119],[10.983168900744658,50.651235595642994]]},"properties":{"kind":"rail_tunnel","name":"Tunnel Lohmeberg","length_m":688.0,"route":"5919","state":"Thüringen","crossing_type":null,"source":"DB InfraGO infrastructure data","source_url":"https://data.gov.de/suche/daten/infrastrukturdaten-der-db-infrago"}},{"type":"Feature","geometry":{"type":"LineString","coordinates":[[10.983835950576568,50.655861851609345],[10.984111160117399,50.65737776147481],[10.984888467960603,50.660304249568405]]},"properties":{"kind":"rail_tunnel","name":"Tunnel Tragberg","length_m":500.0,"route":"5919","state":"Thüringen","crossing_type":null,"source":"DB InfraGO infrastructure data","source_url":"https://data.gov.de/suche/daten/infrastrukturdaten-der-db-infrago"}},{"type":"Feature","geometry":{"type":"LineString","coordinates":[[11.005916847569734,50.74828506394061],[11.003636001427997,50.757300751590634],[11.003156309426846,50.76001624036323]]},"properties":{"kind":"rail_tunnel","name":"Sandbergtunnel","length_m":1320.0,"route":"5919","state":"Thüringen","crossing_type":null,"source":"DB InfraGO infrastructure data","source_url":"https://data.gov.de/suche/daten/infrastrukturdaten-der-db-infrago"}},{"type":"Feature","geometry":{"type":"LineString","coordinates":[[11.003633492762917,50.77513737175904],[11.004003791658816,50.77929190957916]]},"properties":{"kind":"rail_tunnel","name":"Behringer Tunnel","length_m":463.0,"route":"5919","state":"Thüringen","crossing_type":null,"source":"DB InfraGO infrastructure data","source_url":"https://data.gov.de/suche/daten/infrastrukturdaten-der-db-infrago"}},{"type":"Feature","geometry":{"type":"LineString","coordinates":[[10.959892538576973,50.929264025530685],[10.97605848362845,50.93667107736747]]},"properties":{"kind":"rail_tunnel","name":"Augustaburgtunnel","length_m":1404.0,"route":"5919","state":"Thüringen","crossing_type":null,"source":"DB InfraGO infrastructure data","source_url":"https://data.gov.de/suche/daten/infrastrukturdaten-der-db-infrago"}},{"type":"Feature","geometry":{"type":"LineString","coordinates":[[11.221236980059679,49.23026971184199],[11.22450569141561,49.220982333257126],[11.226235076082334,49.21711455429535],[11.229531842815254,49.21206155208723],[11.230680369237776,49.21075321047342]]},"properties":{"kind":"rail_tunnel","name":"Tunnel Göggelsbuch","length_m":2287.0,"route":"5934","state":"Bayern","crossing_type":null,"source":"DB InfraGO infrastructure data","source_url":"https://data.gov.de/suche/daten/infrastrukturdaten-der-db-infrago"}},{"type":"Feature","geometry":{"type":"LineString","coordinates":[[11.27002533358865,49.13294860375913],[11.270589450011556,49.131384149124266],[11.273465691180796,49.12504447761501],[11.27492095158476,49.1214031008146]]},"properties":{"kind":"rail_tunnel","name":"Tunnel","length_m":1333.0,"route":"5934","state":"Bayern","crossing_type":null,"source":"DB InfraGO infrastructure data","source_url":"https://data.gov.de/suche/daten/infrastrukturdaten-der-db-infrago"}},{"type":"Feature","geometry":{"type":"LineString","coordinates":[[11.306260631086687,49.059882313397004],[11.307201495235649,49.05740834878174],[11.307913753467458,49.05478425691163],[11.30906646373685,49.046306614310204],[11.309577319445529,49.043080353834924],[11.310077188109833,49.04083477572087],[11.31074420135254,49.03855761627556],[11.311888173317968,49.035760189219026],[11.3130409997133,49.03356817258923],[11.31529470438096,49.02998663693946],[11.316875256942053,49.02788660404634],[11.318588923261055,49.02599303241078],[11.320475662146574,49.02402622792753],[11.322614808607605,49.022010542411266],[11.324707431257636,49.020212792586555],[11.328732590640605,49.0174248266677],[11.331941072684545,49.01545780347961],[11.334030931818722,49.0143013672808],[11.34076093369076,49.01074047181261],[11.356084088734052,49.00287122367686]]},"properties":{"kind":"rail_tunnel","name":"Tunnel Euerwang","length_m":7700.0,"route":"5934","state":"Bayern","crossing_type":null,"source":"DB InfraGO infrastructure data","source_url":"https://data.gov.de/suche/daten/infrastrukturdaten-der-db-infrago"}},{"type":"Feature","geometry":{"type":"LineString","coordinates":[[11.366748090911253,48.997392076211824],[11.373748424307367,48.99379415759813]]},"properties":{"kind":"rail_tunnel","name":"Tunnel Schellenberg","length_m":650.0,"route":"5934","state":"Bayern","crossing_type":null,"source":"DB InfraGO infrastructure data","source_url":"https://data.gov.de/suche/daten/infrastrukturdaten-der-db-infrago"}},{"type":"Feature","geometry":{"type":"LineString","coordinates":[[11.385261400065904,48.98786271541644],[11.399716515370997,48.98039819442074],[11.405479453793067,48.97729970198101],[11.410520136558738,48.97419143049163],[11.413704116117962,48.97186101320896],[11.417353681790182,48.96901254186496],[11.453295748587239,48.94071687769026]]},"properties":{"kind":"rail_tunnel","name":"Tunnel Irlahüll  --","length_m":7260.0,"route":"5934","state":"Bayern","crossing_type":null,"source":"DB InfraGO infrastructure data","source_url":"https://data.gov.de/suche/daten/infrastrukturdaten-der-db-infrago"}},{"type":"Feature","geometry":{"type":"LineString","coordinates":[[11.459763401118947,48.935432447803755],[11.46295616511993,48.932334309503645],[11.464931360842042,48.92975104773037],[11.466949061478662,48.926612419547794],[11.468925531485153,48.92264302022119],[11.469749492702643,48.91960328658619]]},"properties":{"kind":"rail_tunnel","name":"Tunnel","length_m":1925.0,"route":"5934","state":"Bayern","crossing_type":null,"source":"DB InfraGO infrastructure data","source_url":"https://data.gov.de/suche/daten/infrastrukturdaten-der-db-infrago"}},{"type":"Feature","geometry":{"type":"LineString","coordinates":[[11.46686170295201,48.86145201776922],[11.46522553543158,48.85364872470641],[11.464638947046074,48.85185346760844],[11.46380141045439,48.84976913626678]]},"properties":{"kind":"rail_tunnel","name":"Tunnel Stammham","length_m":1320.0,"route":"5934","state":"Bayern","crossing_type":null,"source":"DB InfraGO infrastructure data","source_url":"https://data.gov.de/suche/daten/infrastrukturdaten-der-db-infrago"}},{"type":"Feature","geometry":{"type":"LineString","coordinates":[[11.459968337318438,48.843303765120005],[11.458948903145846,48.842005726061245],[11.458086697274688,48.840997307895044],[11.456605931933504,48.83940247782843],[11.454851618675336,48.837714719485845],[11.452479942488939,48.83567682698488],[11.449205246282025,48.833155870066115],[11.44355322000199,48.829117707224356],[11.439628059203272,48.826059152983596],[11.43691331116587,48.823436898815494],[11.434390543197308,48.820440920517974],[11.433716042240272,48.8195026714617]]},"properties":{"kind":"rail_tunnel","name":"Tunnel Geisberg","length_m":3289.0,"route":"5934","state":"Bayern","crossing_type":null,"source":"DB InfraGO infrastructure data","source_url":"https://data.gov.de/suche/daten/infrastrukturdaten-der-db-infrago"}},{"type":"Feature","geometry":{"type":"LineString","coordinates":[[11.427569288746149,48.78802915713513],[11.427879648179331,48.7869896677223],[11.427968239155389,48.78609722106415],[11.427943331176808,48.78489765004885],[11.427465399310393,48.781665937485734],[11.427488216083889,48.78037110910282],[11.427544002437207,48.779960104313446],[11.427944363949594,48.77865434576828],[11.428405263897076,48.77777011146619],[11.429008697910797,48.77692378541873]]},"properties":{"kind":"rail_tunnel","name":"Tunnel","length_m":1258.0,"route":"5934","state":"Bayern","crossing_type":null,"source":"DB InfraGO infrastructure data","source_url":"https://data.gov.de/suche/daten/infrastrukturdaten-der-db-infrago"}},{"type":"Feature","geometry":{"type":"LineString","coordinates":[[13.38331070348541,52.535107419417294],[13.381935162009396,52.535984066752754]]},"properties":{"kind":"rail_tunnel","name":"Tunnel","length_m":401.0,"route":"6002","state":"Berlin","crossing_type":null,"source":"DB InfraGO infrastructure data","source_url":"https://data.gov.de/suche/daten/infrastrukturdaten-der-db-infrago"}},{"type":"Feature","geometry":{"type":"LineString","coordinates":[[13.381935162009396,52.535984066752754],[13.381660387445429,52.53616602768319],[13.381213532318442,52.53659343728586]]},"properties":{"kind":"rail_tunnel","name":"Tunnel","length_m":84.0,"route":"6002","state":"Berlin","crossing_type":null,"source":"DB InfraGO infrastructure data","source_url":"https://data.gov.de/suche/daten/infrastrukturdaten-der-db-infrago"}},{"type":"Feature","geometry":{"type":"LineString","coordinates":[[13.38192500070964,52.53599057698111],[13.381296758212695,52.53649513610604],[13.380873606883695,52.53707156870852]]},"properties":{"kind":"rail_tunnel","name":"Tunnel","length_m":141.0,"route":"6002","state":"Berlin","crossing_type":null,"source":"DB InfraGO infrastructure data","source_url":"https://data.gov.de/suche/daten/infrastrukturdaten-der-db-infrago"}},{"type":"Feature","geometry":{"type":"LineString","coordinates":[[13.39402256426764,52.549360215048424],[13.397940608752702,52.54943702842097]]},"properties":{"kind":"rail_tunnel","name":"Bw43 Tunnel GSR-SAL","length_m":266.0,"route":"6020","state":"Berlin","crossing_type":null,"source":"DB InfraGO infrastructure data","source_url":"https://data.gov.de/suche/daten/infrastrukturdaten-der-db-infrago"}},{"type":"Feature","geometry":{"type":"LineString","coordinates":[[13.386022796964678,52.533382941275164],[13.38849102118887,52.53181460957201]]},"properties":{"kind":"rail_tunnel","name":"Tunnel","length_m":242.0,"route":"6032","state":"Berlin","crossing_type":null,"source":"DB InfraGO infrastructure data","source_url":"https://data.gov.de/suche/daten/infrastrukturdaten-der-db-infrago"}},{"type":"Feature","geometry":{"type":"LineString","coordinates":[[13.38849102118887,52.53181460957201],[13.3891460824121,52.53139753928244],[13.390047297394977,52.53068994215205],[13.390911412577113,52.52992628965011],[13.391937030663522,52.52891829209482],[13.39242220169669,52.528247381959446],[13.39322545337636,52.526955599031595],[13.393398641909773,52.52644426919715],[13.393398970485316,52.52624478388255],[13.393316834102706,52.525957048701684]]},"properties":{"kind":"rail_tunnel","name":"Tunnel","length_m":748.0,"route":"6032","state":"Berlin","crossing_type":null,"source":"DB InfraGO infrastructure data","source_url":"https://data.gov.de/suche/daten/infrastrukturdaten-der-db-infrago"}},{"type":"Feature","geometry":{"type":"LineString","coordinates":[[13.393316834102706,52.525957048701684],[13.392762898056432,52.52497799985028],[13.392339990993792,52.52411156104385]]},"properties":{"kind":"rail_tunnel","name":"Tunnel","length_m":216.0,"route":"6032","state":"Berlin","crossing_type":null,"source":"DB InfraGO infrastructure data","source_url":"https://data.gov.de/suche/daten/infrastrukturdaten-der-db-infrago"}},{"type":"Feature","geometry":{"type":"LineString","coordinates":[[13.392339990993792,52.52411156104385],[13.391771451962443,52.522905791746126],[13.391536715817784,52.52262869678921],[13.39128090606771,52.52244662195467],[13.390536885512708,52.52215117213139],[13.388506801632323,52.521938470805274],[13.387770779121908,52.52164931139345]]},"properties":{"kind":"rail_tunnel","name":"Tunnel","length_m":462.0,"route":"6032","state":"Berlin","crossing_type":null,"source":"DB InfraGO infrastructure data","source_url":"https://data.gov.de/suche/daten/infrastrukturdaten-der-db-infrago"}},{"type":"Feature","geometry":{"type":"LineString","coordinates":[[13.387770779121908,52.52164931139345],[13.387378514954916,52.52141249710629],[13.38644394192146,52.52071451563346],[13.385604461379142,52.519911211307104]]},"properties":{"kind":"rail_tunnel","name":"Tunnel","length_m":244.0,"route":"6032","state":"Berlin","crossing_type":null,"source":"DB InfraGO infrastructure data","source_url":"https://data.gov.de/suche/daten/infrastrukturdaten-der-db-infrago"}},{"type":"Feature","geometry":{"type":"LineString","coordinates":[[13.385604461379142,52.519911211307104],[13.385369339735588,52.519521115729745],[13.38531608487284,52.519296937106745],[13.385313309392874,52.51910385385789],[13.385575183626017,52.51795151971473],[13.385437823812351,52.517503111988674],[13.385025094726663,52.517081417549555],[13.384656950020995,52.51687951451646],[13.38378966675294,52.51662781102761],[13.383115899756712,52.51656708170581]]},"properties":{"kind":"rail_tunnel","name":"Tunnel","length_m":474.0,"route":"6032","state":"Berlin","crossing_type":null,"source":"DB InfraGO infrastructure data","source_url":"https://data.gov.de/suche/daten/infrastrukturdaten-der-db-infrago"}},{"type":"Feature","geometry":{"type":"LineString","coordinates":[[13.383115899756712,52.51656708170581],[13.380480665265013,52.51639831431526]]},"properties":{"kind":"rail_tunnel","name":"Tunnel","length_m":180.0,"route":"6032","state":"Berlin","crossing_type":null,"source":"DB InfraGO infrastructure data","source_url":"https://data.gov.de/suche/daten/infrastrukturdaten-der-db-infrago"}},{"type":"Feature","geometry":{"type":"LineString","coordinates":[[13.380480665265013,52.51639831431526],[13.379240382787374,52.51629004303394],[13.378477320849376,52.516133390320604],[13.377911243729114,52.515886962290196],[13.377515268191807,52.515570648690115],[13.377386151287453,52.51539656424403]]},"properties":{"kind":"rail_tunnel","name":"Tunnel","length_m":253.0,"route":"6032","state":"Berlin","crossing_type":null,"source":"DB InfraGO infrastructure data","source_url":"https://data.gov.de/suche/daten/infrastrukturdaten-der-db-infrago"}},{"type":"Feature","geometry":{"type":"LineString","coordinates":[[13.377386151287453,52.51539656424403],[13.377276437658287,52.5151778176774],[13.377160866089316,52.51461668097996],[13.376985432933852,52.51283388660354],[13.376795261246585,52.51150280686844],[13.37666313043564,52.510963128114696]]},"properties":{"kind":"rail_tunnel","name":"Tunnel","length_m":497.0,"route":"6032","state":"Berlin","crossing_type":null,"source":"DB InfraGO infrastructure data","source_url":"https://data.gov.de/suche/daten/infrastrukturdaten-der-db-infrago"}},{"type":"Feature","geometry":{"type":"LineString","coordinates":[[13.37666313043564,52.510963128114696],[13.376395296504276,52.50998906735166],[13.376362635238955,52.50961762978054],[13.37640515112976,52.50915546954694],[13.37660918682093,52.50875377575803]]},"properties":{"kind":"rail_tunnel","name":"Tunnel","length_m":250.0,"route":"6032","state":"Berlin","crossing_type":null,"source":"DB InfraGO infrastructure data","source_url":"https://data.gov.de/suche/daten/infrastrukturdaten-der-db-infrago"}},{"type":"Feature","geometry":{"type":"LineString","coordinates":[[13.37660918682093,52.50875377575803],[13.376914783957272,52.50844277844582],[13.378010807160718,52.50785088372279],[13.378877505354623,52.50712730233389],[13.381332784394171,52.50532233910049],[13.381533593430381,52.50510639596497],[13.38170821364084,52.504658406481006]]},"properties":{"kind":"rail_tunnel","name":"Tunnel","length_m":580.0,"route":"6032","state":"Berlin","crossing_type":null,"source":"DB InfraGO infrastructure data","source_url":"https://data.gov.de/suche/daten/infrastrukturdaten-der-db-infrago"}},{"type":"Feature","geometry":{"type":"LineString","coordinates":[[13.38170821364084,52.504658406481006],[13.381700399907581,52.504301480152144],[13.381461469214415,52.503680144714345],[13.381031547339912,52.50300110183395],[13.380417686399584,52.50218954792387]]},"properties":{"kind":"rail_tunnel","name":"Tunnel","length_m":291.0,"route":"6032","state":"Berlin","crossing_type":null,"source":"DB InfraGO infrastructure data","source_url":"https://data.gov.de/suche/daten/infrastrukturdaten-der-db-infrago"}},{"type":"Feature","geometry":{"type":"LineString","coordinates":[[13.380417686399584,52.50218954792387],[13.37999218543126,52.50161788328945],[13.379265054170528,52.50048595919881]]},"properties":{"kind":"rail_tunnel","name":"Tunnel","length_m":205.0,"route":"6032","state":"Berlin","crossing_type":null,"source":"DB InfraGO infrastructure data","source_url":"https://data.gov.de/suche/daten/infrastrukturdaten-der-db-infrago"}},{"type":"Feature","geometry":{"type":"LineString","coordinates":[[13.379265054170528,52.50048595919881],[13.378992314479369,52.50011687200862],[13.37837661891536,52.499587366058506],[13.377912113783907,52.499306705370756],[13.376000644321904,52.49849957794182],[13.375295443278688,52.49814219820971],[13.374411059256616,52.49757195912476],[13.372824800000924,52.49636688779286]]},"properties":{"kind":"rail_tunnel","name":"Tunnel","length_m":642.0,"route":"6032","state":"Berlin","crossing_type":null,"source":"DB InfraGO infrastructure data","source_url":"https://data.gov.de/suche/daten/infrastrukturdaten-der-db-infrago"}},{"type":"Feature","geometry":{"type":"LineString","coordinates":[[13.372824800000924,52.49636688779286],[13.371802619749609,52.49558966027816]]},"properties":{"kind":"rail_tunnel","name":"Tunnel","length_m":111.0,"route":"6032","state":"Berlin","crossing_type":null,"source":"DB InfraGO infrastructure data","source_url":"https://data.gov.de/suche/daten/infrastrukturdaten-der-db-infrago"}},{"type":"Feature","geometry":{"type":"LineString","coordinates":[[13.373029588987,52.49625939237153],[13.372535103924427,52.495287624669004]]},"properties":{"kind":"rail_tunnel","name":"Tunnel","length_m":111.0,"route":"6034","state":"Berlin","crossing_type":null,"source":"DB InfraGO infrastructure data","source_url":"https://data.gov.de/suche/daten/infrastrukturdaten-der-db-infrago"}},{"type":"Feature","geometry":{"type":"LineString","coordinates":[[11.993411941555289,51.471127634188285],[11.994254339953368,51.47034437080543],[11.995209717852463,51.469626357772775]]},"properties":{"kind":"rail_tunnel","name":"Tunnel","length_m":209.0,"route":"6053","state":"Sachsen-Anhalt","crossing_type":null,"source":"DB InfraGO infrastructure data","source_url":"https://data.gov.de/suche/daten/infrastrukturdaten-der-db-infrago"}},{"type":"Feature","geometry":{"type":"LineString","coordinates":[[10.606896788064315,52.43203542950406],[10.603339792655529,52.433536037471065],[10.595499540051224,52.437241588520024]]},"properties":{"kind":"rail_tunnel","name":"Elbeseitenkanal - Tunnel","length_m":968.0,"route":"6107","state":"Niedersachsen","crossing_type":null,"source":"DB InfraGO infrastructure data","source_url":"https://data.gov.de/suche/daten/infrastrukturdaten-der-db-infrago"}},{"type":"Feature","geometry":{"type":"LineString","coordinates":[[13.36336374909978,52.53166383522378],[13.366057506516949,52.529115930412914]]},"properties":{"kind":"rail_tunnel","name":"Tunnel","length_m":338.0,"route":"6134","state":"Berlin","crossing_type":null,"source":"DB InfraGO infrastructure data","source_url":"https://data.gov.de/suche/daten/infrastrukturdaten-der-db-infrago"}},{"type":"Feature","geometry":{"type":"LineString","coordinates":[[13.373084497606298,52.51795349668872],[13.373167208499702,52.51754526493667],[13.373489451234258,52.51662686444684],[13.374983824747318,52.513613909823746],[13.37549998792897,52.51184343536342]]},"properties":{"kind":"rail_tunnel","name":"Tunnel","length_m":702.0,"route":"6134","state":"Berlin","crossing_type":null,"source":"DB InfraGO infrastructure data","source_url":"https://data.gov.de/suche/daten/infrastrukturdaten-der-db-infrago"}},{"type":"Feature","geometry":{"type":"LineString","coordinates":[[13.372456833318603,52.49831251021687],[13.372592811726934,52.49755461608167]]},"properties":{"kind":"rail_tunnel","name":"Tunnel","length_m":85.0,"route":"6134","state":"Berlin","crossing_type":null,"source":"DB InfraGO infrastructure data","source_url":"https://data.gov.de/suche/daten/infrastrukturdaten-der-db-infrago"}},{"type":"Feature","geometry":{"type":"LineString","coordinates":[[14.091632800973308,51.27183584209656],[14.091560888907008,51.271444299821916],[14.09157327865734,51.270781591189646]]},"properties":{"kind":"rail_tunnel","name":"Kamenz Tunnel","length_m":118.0,"route":"6200","state":"Sachsen","crossing_type":null,"source":"DB InfraGO infrastructure data","source_url":"https://data.gov.de/suche/daten/infrastrukturdaten-der-db-infrago"}},{"type":"Feature","geometry":{"type":"LineString","coordinates":[[14.267614270114834,50.97019868237124],[14.267472474786803,50.96997851610424],[14.267080810872677,50.96960362548053],[14.266595314413413,50.9692754193799],[14.266359073905504,50.96916833389593]]},"properties":{"kind":"rail_tunnel","name":"Sebnitzer Tunnel","length_m":147.0,"route":"6216","state":"Sachsen","crossing_type":null,"source":"DB InfraGO infrastructure data","source_url":"https://data.gov.de/suche/daten/infrastrukturdaten-der-db-infrago"}},{"type":"Feature","geometry":{"type":"LineString","coordinates":[[14.22935932843233,50.96527332051643],[14.228189568827517,50.96496841851479]]},"properties":{"kind":"rail_tunnel","name":"Amtshainersdorfer Tunnel 1","length_m":89.0,"route":"6216","state":"Sachsen","crossing_type":null,"source":"DB InfraGO infrastructure data","source_url":"https://data.gov.de/suche/daten/infrastrukturdaten-der-db-infrago"}},{"type":"Feature","geometry":{"type":"LineString","coordinates":[[14.226036029375525,50.96364940631432],[14.225839944704752,50.96339039848111],[14.225616456250197,50.9628617691155]]},"properties":{"kind":"rail_tunnel","name":"Amtshainersdorfer Tunnel  2","length_m":93.0,"route":"6216","state":"Sachsen","crossing_type":null,"source":"DB InfraGO infrastructure data","source_url":"https://data.gov.de/suche/daten/infrastrukturdaten-der-db-infrago"}},{"type":"Feature","geometry":{"type":"LineString","coordinates":[[14.226760222483575,50.95849577704672],[14.226609974836638,50.95818949363561],[14.226295673625305,50.95778665894802],[14.226107028104478,50.95762558165526]]},"properties":{"kind":"rail_tunnel","name":"Ulbersdorfer Tunnel 1","length_m":108.0,"route":"6216","state":"Sachsen","crossing_type":null,"source":"DB InfraGO infrastructure data","source_url":"https://data.gov.de/suche/daten/infrastrukturdaten-der-db-infrago"}},{"type":"Feature","geometry":{"type":"LineString","coordinates":[[14.21322203693871,50.95392147763769],[14.212795463731304,50.953150373899696]]},"properties":{"kind":"rail_tunnel","name":"Ulbersdorfer Tunnel 2","length_m":91.0,"route":"6216","state":"Sachsen","crossing_type":null,"source":"DB InfraGO infrastructure data","source_url":"https://data.gov.de/suche/daten/infrastrukturdaten-der-db-infrago"}},{"type":"Feature","geometry":{"type":"LineString","coordinates":[[14.210484276465916,50.95013050340601],[14.209698437980109,50.94965018493512]]},"properties":{"kind":"rail_tunnel","name":"Ulbersdorfer Tunnel 3","length_m":77.0,"route":"6216","state":"Sachsen","crossing_type":null,"source":"DB InfraGO infrastructure data","source_url":"https://data.gov.de/suche/daten/infrastrukturdaten-der-db-infrago"}},{"type":"Feature","geometry":{"type":"LineString","coordinates":[[14.133412249509751,50.938817264382585],[14.1316868577644,50.935610174525166]]},"properties":{"kind":"rail_tunnel","name":"Rathmannsdorfer Tunnel","length_m":377.0,"route":"6216","state":"Sachsen","crossing_type":null,"source":"DB InfraGO infrastructure data","source_url":"https://data.gov.de/suche/daten/infrastrukturdaten-der-db-infrago"}},{"type":"Feature","geometry":{"type":"LineString","coordinates":[[13.582853275855008,50.94835921589094],[13.582327755988786,50.94795832017679],[13.581703579953011,50.94763367455225]]},"properties":{"kind":"rail_tunnel","name":"Tunnel","length_m":115.0,"route":"6258","state":"Sachsen","crossing_type":null,"source":"DB InfraGO infrastructure data","source_url":"https://data.gov.de/suche/daten/infrastrukturdaten-der-db-infrago"}},{"type":"Feature","geometry":{"type":"LineString","coordinates":[[12.689925569674573,50.614213727935635],[12.686053925573404,50.61613037732127]]},"properties":{"kind":"rail_tunnel","name":"Niederschlemaer Tunnel","length_m":347.0,"route":"6264","state":"Sachsen","crossing_type":null,"source":"DB InfraGO infrastructure data","source_url":"https://data.gov.de/suche/daten/infrastrukturdaten-der-db-infrago"}},{"type":"Feature","geometry":{"type":"LineString","coordinates":[[12.165350173415236,50.86306353976269],[12.163225688524859,50.86426997104077]]},"properties":{"kind":"rail_tunnel","name":"Tunnel","length_m":201.0,"route":"6268","state":"Thüringen","crossing_type":null,"source":"DB InfraGO infrastructure data","source_url":"https://data.gov.de/suche/daten/infrastrukturdaten-der-db-infrago"}},{"type":"Feature","geometry":{"type":"LineString","coordinates":[[12.104814998596314,50.77528230796414],[12.104493556490608,50.77478426885962]]},"properties":{"kind":"rail_tunnel","name":"Lochgut Tunnel","length_m":60.0,"route":"6269","state":"Thüringen","crossing_type":null,"source":"DB InfraGO infrastructure data","source_url":"https://data.gov.de/suche/daten/infrastrukturdaten-der-db-infrago"}},{"type":"Feature","geometry":{"type":"LineString","coordinates":[[12.156697215647537,50.71685790415471],[12.15887378971632,50.71491875618732]]},"properties":{"kind":"rail_tunnel","name":"Tunnel Rüßdorf","length_m":265.0,"route":"6269","state":"Thüringen","crossing_type":null,"source":"DB InfraGO infrastructure data","source_url":"https://data.gov.de/suche/daten/infrastrukturdaten-der-db-infrago"}},{"type":"Feature","geometry":{"type":"LineString","coordinates":[[12.182448989832224,50.688882594386634],[12.182695672830318,50.68872226724789],[12.183099275464723,50.68835471769444],[12.183368196776083,50.68802656027088]]},"properties":{"kind":"rail_tunnel","name":"Tunnel","length_m":116.0,"route":"6269","state":"Thüringen","crossing_type":null,"source":"DB InfraGO infrastructure data","source_url":"https://data.gov.de/suche/daten/infrastrukturdaten-der-db-infrago"}},{"type":"Feature","geometry":{"type":"LineString","coordinates":[[12.19625337441395,50.6595219770033],[12.196426873744436,50.65909176722761],[12.196539236115768,50.6586492401775],[12.196573886394702,50.65820058274375],[12.196492969750523,50.65775490912429],[12.196268580531369,50.65713534945538]]},"properties":{"kind":"rail_tunnel","name":"Schloßbergtunnel","length_m":270.0,"route":"6269","state":"Thüringen","crossing_type":null,"source":"DB InfraGO infrastructure data","source_url":"https://data.gov.de/suche/daten/infrastrukturdaten-der-db-infrago"}},{"type":"Feature","geometry":{"type":"LineString","coordinates":[[12.19108689680341,50.63613568010913],[12.190684555367719,50.635702629325515],[12.189999842295324,50.635096928870794]]},"properties":{"kind":"rail_tunnel","name":"Rothenthaltunnel (139m lang)","length_m":139.0,"route":"6269","state":"Thüringen","crossing_type":null,"source":"DB InfraGO infrastructure data","source_url":"https://data.gov.de/suche/daten/infrastrukturdaten-der-db-infrago"}},{"type":"Feature","geometry":{"type":"LineString","coordinates":[[12.165690385584893,50.610068773582675],[12.164744771107227,50.608205897266245],[12.164284284140345,50.607652278416296],[12.163673672661172,50.60718555125691]]},"properties":{"kind":"rail_tunnel","name":"Elsterbergtunnel","length_m":355.0,"route":"6269","state":"Sachsen","crossing_type":null,"source":"DB InfraGO infrastructure data","source_url":"https://data.gov.de/suche/daten/infrastrukturdaten-der-db-infrago"}},{"type":"Feature","geometry":{"type":"LineString","coordinates":[[12.160042794174688,50.583366167770556],[12.159870891202832,50.582887489769284],[12.159848852917206,50.58258758097543]]},"properties":{"kind":"rail_tunnel","name":"Tunnel","length_m":88.0,"route":"6269","state":"Sachsen","crossing_type":null,"source":"DB InfraGO infrastructure data","source_url":"https://data.gov.de/suche/daten/infrastrukturdaten-der-db-infrago"}},{"type":"Feature","geometry":{"type":"LineString","coordinates":[[12.16980206052712,50.54041452290193],[12.170049092682612,50.53947944781281],[12.170329968577347,50.53906568191834],[12.170690074294392,50.538677955190536]]},"properties":{"kind":"rail_tunnel","name":"Tunnel","length_m":206.0,"route":"6269","state":"Sachsen","crossing_type":null,"source":"DB InfraGO infrastructure data","source_url":"https://data.gov.de/suche/daten/infrastrukturdaten-der-db-infrago"}},{"type":"Feature","geometry":{"type":"LineString","coordinates":[[10.789398105574252,50.71688436433522],[10.78893365090478,50.71629347501103],[10.788810092096137,50.71603209104033]]},"properties":{"kind":"rail_tunnel","name":"Tunnel am Zwang","length_m":104.0,"route":"6298","state":"Thüringen","crossing_type":null,"source":"DB InfraGO infrastructure data","source_url":"https://data.gov.de/suche/daten/infrastrukturdaten-der-db-infrago"}},{"type":"Feature","geometry":{"type":"LineString","coordinates":[[10.754300284328604,50.687388444984165],[10.714309347253783,50.68509353150002],[10.711540327841544,50.684850960852806]]},"properties":{"kind":"rail_tunnel","name":"Tunnel","length_m":3039.0,"route":"6298","state":"Thüringen","crossing_type":null,"source":"DB InfraGO infrastructure data","source_url":"https://data.gov.de/suche/daten/infrastrukturdaten-der-db-infrago"}},{"type":"Feature","geometry":{"type":"LineString","coordinates":[[10.676227839681063,50.64253261790424],[10.67686491638222,50.64221199849805],[10.677472159325307,50.64198258352294],[10.67812053945684,50.64180417634374],[10.679044527502773,50.641646443059535]]},"properties":{"kind":"rail_tunnel","name":"Zellaer Tunnel","length_m":233.0,"route":"6298","state":"Thüringen","crossing_type":null,"source":"DB InfraGO infrastructure data","source_url":"https://data.gov.de/suche/daten/infrastrukturdaten-der-db-infrago"}},{"type":"Feature","geometry":{"type":"LineString","coordinates":[[10.270316614844848,50.95265070039885],[10.27090534084101,50.94894760597113],[10.270928872431906,50.94804995307423],[10.27087166734847,50.94773811170701]]},"properties":{"kind":"rail_tunnel","name":"Förthaer Tunnel","length_m":549.0,"route":"6311","state":"Thüringen","crossing_type":null,"source":"DB InfraGO infrastructure data","source_url":"https://data.gov.de/suche/daten/infrastrukturdaten-der-db-infrago"}},{"type":"Feature","geometry":{"type":"LineString","coordinates":[[9.936263521367424,50.93526861993994],[9.922835121247873,50.93774109171308]]},"properties":{"kind":"rail_tunnel","name":"Hönebach Tunnel","length_m":983.0,"route":"6340","state":"Hessen","crossing_type":null,"source":"DB InfraGO infrastructure data","source_url":"https://data.gov.de/suche/daten/infrastrukturdaten-der-db-infrago"}},{"type":"Feature","geometry":{"type":"LineString","coordinates":[[9.561342282435808,51.07741200629362],[9.559597081618477,51.077698419135956],[9.558145047871825,51.078116844781086]]},"properties":{"kind":"rail_tunnel","name":"Beiseförther Tunnel","length_m":239.0,"route":"6340","state":"Hessen","crossing_type":null,"source":"DB InfraGO infrastructure data","source_url":"https://data.gov.de/suche/daten/infrastrukturdaten-der-db-infrago"}},{"type":"Feature","geometry":{"type":"LineString","coordinates":[[9.492855356086666,51.19875414568547],[9.48803174183303,51.201210731117946]]},"properties":{"kind":"rail_tunnel","name":"Guxhagener Tunnel","length_m":434.0,"route":"6340","state":"Hessen","crossing_type":null,"source":"DB InfraGO infrastructure data","source_url":"https://data.gov.de/suche/daten/infrastrukturdaten-der-db-infrago"}},{"type":"Feature","geometry":{"type":"LineString","coordinates":[[11.439447596907948,51.50948446888675],[11.430188642776345,51.50414770624444]]},"properties":{"kind":"rail_tunnel","name":"Blankenheimer Tunnel  km 47,189-48,064","length_m":875.0,"route":"6343","state":"Sachsen-Anhalt","crossing_type":null,"source":"DB InfraGO infrastructure data","source_url":"https://data.gov.de/suche/daten/infrastrukturdaten-der-db-infrago"}},{"type":"Feature","geometry":{"type":"LineString","coordinates":[[11.920288193459198,51.481732778060056],[11.920154973724157,51.48248232827562]]},"properties":{"kind":"rail_tunnel","name":"Tunnel","length_m":84.0,"route":"6356","state":"Sachsen-Anhalt","crossing_type":null,"source":"DB InfraGO infrastructure data","source_url":"https://data.gov.de/suche/daten/infrastrukturdaten-der-db-infrago"}},{"type":"Feature","geometry":{"type":"LineString","coordinates":[[12.381872471705757,51.32864099164483],[12.38328823572455,51.325858959401835]]},"properties":{"kind":"rail_tunnel","name":"City-Tunnel Leipzig","length_m":325.0,"route":"6377","state":"Sachsen","crossing_type":null,"source":"DB InfraGO infrastructure data","source_url":"https://data.gov.de/suche/daten/infrastrukturdaten-der-db-infrago"}},{"type":"Feature","geometry":{"type":"LineString","coordinates":[[11.69918353733168,50.716670954978845],[11.697544372452873,50.71653110432008]]},"properties":{"kind":"rail_tunnel","name":"Harrasmühlentunnel","length_m":117.0,"route":"6383","state":"Thüringen","crossing_type":null,"source":"DB InfraGO infrastructure data","source_url":"https://data.gov.de/suche/daten/infrastrukturdaten-der-db-infrago"}},{"type":"Feature","geometry":{"type":"LineString","coordinates":[[13.863502437705101,50.94082230796402],[13.863333376190536,50.94003981288516],[13.863325058262049,50.93959088539942],[13.863389342485092,50.9390538797467]]},"properties":{"kind":"rail_tunnel","name":"Köttewitzer Tunnel","length_m":198.0,"route":"6605","state":"Sachsen","crossing_type":null,"source":"DB InfraGO infrastructure data","source_url":"https://data.gov.de/suche/daten/infrastrukturdaten-der-db-infrago"}},{"type":"Feature","geometry":{"type":"LineString","coordinates":[[13.861266987923067,50.93548908739127],[13.8585489800625,50.93418777553563]]},"properties":{"kind":"rail_tunnel","name":"Weesensteiner Tunnel","length_m":240.0,"route":"6605","state":"Sachsen","crossing_type":null,"source":"DB InfraGO infrastructure data","source_url":"https://data.gov.de/suche/daten/infrastrukturdaten-der-db-infrago"}},{"type":"Feature","geometry":{"type":"LineString","coordinates":[[13.79388225848293,50.85552864919286],[13.793488445010718,50.855239962136416],[13.79295735220929,50.85494615903755],[13.792343805001853,50.85472068178379],[13.791673140606367,50.854574391707004],[13.790974621830536,50.854511417838],[13.790263599359466,50.85451418275254]]},"properties":{"kind":"rail_tunnel","name":"Pilztunnel","length_m":292.0,"route":"6605","state":"Sachsen","crossing_type":null,"source":"DB InfraGO infrastructure data","source_url":"https://data.gov.de/suche/daten/infrastrukturdaten-der-db-infrago"}},{"type":"Feature","geometry":{"type":"LineString","coordinates":[[13.773038866144727,50.84216288331596],[13.77108874810616,50.83748471866127]]},"properties":{"kind":"rail_tunnel","name":"Gleisbergtunnel","length_m":539.0,"route":"6605","state":"Sachsen","crossing_type":null,"source":"DB InfraGO infrastructure data","source_url":"https://data.gov.de/suche/daten/infrastrukturdaten-der-db-infrago"}},{"type":"Feature","geometry":{"type":"LineString","coordinates":[[13.788799703823804,50.763028861645275],[13.7896052788559,50.762531670643824],[13.79002902578794,50.762185708348596],[13.790249487032035,50.76175498855351],[13.790117935568956,50.761256781272365]]},"properties":{"kind":"rail_tunnel","name":"Geising-Tunnel","length_m":235.0,"route":"6605","state":"Sachsen","crossing_type":null,"source":"DB InfraGO infrastructure data","source_url":"https://data.gov.de/suche/daten/infrastrukturdaten-der-db-infrago"}},{"type":"Feature","geometry":{"type":"LineString","coordinates":[[13.772559833173215,51.1278383022523],[13.77066188027394,51.12743149712026],[13.769558518416739,51.12708580703582],[13.768767632300825,51.126682231531284],[13.76780850906229,51.12600085997078]]},"properties":{"kind":"rail_tunnel","name":"Tunnel","length_m":400.0,"route":"6607","state":"Sachsen","crossing_type":null,"source":"DB InfraGO infrastructure data","source_url":"https://data.gov.de/suche/daten/infrastrukturdaten-der-db-infrago"}},{"type":"Feature","geometry":{"type":"LineString","coordinates":[[13.036917054725192,50.51236860016647],[13.037299015968207,50.51269186366577],[13.03754405948918,50.51310217543961]]},"properties":{"kind":"rail_tunnel","name":"Tunnel","length_m":94.0,"route":"6623","state":"Sachsen","crossing_type":null,"source":"DB InfraGO infrastructure data","source_url":"https://data.gov.de/suche/daten/infrastrukturdaten-der-db-infrago"}},{"type":"Feature","geometry":{"type":"LineString","coordinates":[[12.996830202425572,50.57241786160352],[12.996792925936054,50.57267534519982]]},"properties":{"kind":"rail_tunnel","name":"Tunnel","length_m":29.0,"route":"6623","state":"Sachsen","crossing_type":null,"source":"DB InfraGO infrastructure data","source_url":"https://data.gov.de/suche/daten/infrastrukturdaten-der-db-infrago"}},{"type":"Feature","geometry":{"type":"LineString","coordinates":[[12.791845843496425,50.53857470309568],[12.792600790293806,50.54061203532325]]},"properties":{"kind":"rail_tunnel","name":"Schwarzenberger Tunnel","length_m":233.0,"route":"6626","state":"Sachsen","crossing_type":null,"source":"DB InfraGO infrastructure data","source_url":"https://data.gov.de/suche/daten/infrastrukturdaten-der-db-infrago"}},{"type":"Feature","geometry":{"type":"LineString","coordinates":[[12.055015978492643,50.77225065827317],[12.054791494136166,50.77155541771369]]},"properties":{"kind":"rail_tunnel","name":"Osterburg-Tunnel","length_m":79.0,"route":"6653","state":"Thüringen","crossing_type":null,"source":"DB InfraGO infrastructure data","source_url":"https://data.gov.de/suche/daten/infrastrukturdaten-der-db-infrago"}},{"type":"Feature","geometry":{"type":"LineString","coordinates":[[12.062590049453712,50.76053036026032],[12.062770112471807,50.760271222418034],[12.063085399323148,50.759978058980934]]},"properties":{"kind":"rail_tunnel","name":"Vipsburg-Tunnel","length_m":71.0,"route":"6653","state":"Thüringen","crossing_type":null,"source":"DB InfraGO infrastructure data","source_url":"https://data.gov.de/suche/daten/infrastrukturdaten-der-db-infrago"}},{"type":"Feature","geometry":{"type":"LineString","coordinates":[[11.681398645359113,50.42571419943933],[11.6817246747514,50.425466312765714],[11.682204448080526,50.42493722813088],[11.682444851370779,50.42447122366151],[11.682544275400858,50.423922076117684]]},"properties":{"kind":"rail_tunnel","name":"Tunnel","length_m":221.0,"route":"6683","state":"Thüringen","crossing_type":null,"source":"DB InfraGO infrastructure data","source_url":"https://data.gov.de/suche/daten/infrastrukturdaten-der-db-infrago"}},{"type":"Feature","geometry":{"type":"LineString","coordinates":[[10.643664422228518,50.659507891269286],[10.642972478207216,50.65954029958633],[10.642009720693952,50.65946296150466]]},"properties":{"kind":"rail_tunnel","name":"Mehliser Tunnel","length_m":118.0,"route":"6698","state":"Thüringen","crossing_type":null,"source":"DB InfraGO infrastructure data","source_url":"https://data.gov.de/suche/daten/infrastrukturdaten-der-db-infrago"}},{"type":"Feature","geometry":{"type":"LineString","coordinates":[[10.606316565852788,50.65528154423923],[10.60550215640898,50.655344274787076],[10.604493457815215,50.65557051592159]]},"properties":{"kind":"rail_tunnel","name":"Rote Wand-Tunnel","length_m":136.0,"route":"6698","state":"Thüringen","crossing_type":null,"source":"DB InfraGO infrastructure data","source_url":"https://data.gov.de/suche/daten/infrastrukturdaten-der-db-infrago"}},{"type":"Feature","geometry":{"type":"LineString","coordinates":[[10.600261449578701,50.658268763775936],[10.598314575500288,50.65962588772046],[10.597564324280421,50.66001346283957]]},"properties":{"kind":"rail_tunnel","name":"Rote Bügel-Tunnel","length_m":273.0,"route":"6698","state":"Thüringen","crossing_type":null,"source":"DB InfraGO infrastructure data","source_url":"https://data.gov.de/suche/daten/infrastrukturdaten-der-db-infrago"}},{"type":"Feature","geometry":{"type":"LineString","coordinates":[[10.524597237079316,50.69382623922943],[10.524094731681734,50.693971291533806],[10.52353906887268,50.69420257777967]]},"properties":{"kind":"rail_tunnel","name":"Hirschergtunnel","length_m":86.0,"route":"6698","state":"Thüringen","crossing_type":null,"source":"DB InfraGO infrastructure data","source_url":"https://data.gov.de/suche/daten/infrastrukturdaten-der-db-infrago"}},{"type":"Feature","geometry":{"type":"LineString","coordinates":[[10.565155994404606,50.86258839848364],[10.568784590999861,50.86156063561067]]},"properties":{"kind":"rail_tunnel","name":"Friedrichrodaer Tunnel","length_m":280.0,"route":"6702","state":"Thüringen","crossing_type":null,"source":"DB InfraGO infrastructure data","source_url":"https://data.gov.de/suche/daten/infrastrukturdaten-der-db-infrago"}},{"type":"Feature","geometry":{"type":"LineString","coordinates":[[10.093273487184113,54.35609310831405],[10.093015827282212,54.35690572545484]]},"properties":{"kind":"rail_bridge","name":"EÜ Steenbeker Weg","length_m":93.0,"route":"1020","state":"Schleswig-Holstein","crossing_type":"EÜ über andere Straße/Weg KFZ-Verkehr","source":"DB InfraGO infrastructure data","source_url":"https://data.gov.de/suche/daten/infrastrukturdaten-der-db-infrago"}},{"type":"Feature","geometry":{"type":"LineString","coordinates":[[10.07674223644364,54.367198999268965],[10.075112763405357,54.36852611677183]]},"properties":{"kind":"rail_bridge","name":"KBR ü. Nord-Ostsee-Kanal","length_m":195.0,"route":"1020","state":"Schleswig-Holstein","crossing_type":"EÜ über künstliche Wasserstraße (Kanal)","source":"DB InfraGO infrastructure data","source_url":"https://data.gov.de/suche/daten/infrastrukturdaten-der-db-infrago"}},{"type":"Feature","geometry":{"type":"LineString","coordinates":[[9.820823492609565,54.58287072335566],[9.819851788018134,54.58388134182529]]},"properties":{"kind":"rail_bridge","name":"EÜ mit Klappbrücke","length_m":128.0,"route":"1020","state":"Schleswig-Holstein","crossing_type":"EÜ über natürlich schiffbaren Fluß","source":"DB InfraGO infrastructure data","source_url":"https://data.gov.de/suche/daten/infrastrukturdaten-der-db-infrago"}},{"type":"Feature","geometry":{"type":"LineString","coordinates":[[10.064715682395562,54.30951573991455],[10.063223753194093,54.30944595348989],[10.061577417725937,54.30947970140842]]},"properties":{"kind":"rail_bridge","name":"EÜ BAB A 215","length_m":207.0,"route":"1022","state":"Schleswig-Holstein","crossing_type":"EÜ über Autobahn","source":"DB InfraGO infrastructure data","source_url":"https://data.gov.de/suche/daten/infrastrukturdaten-der-db-infrago"}},{"type":"Feature","geometry":{"type":"LineString","coordinates":[[9.702834446846577,54.2851713666494],[9.70148327703682,54.28503004664257]]},"properties":{"kind":"rail_bridge","name":"EÜ Weg u. Wehrau","length_m":89.0,"route":"1040","state":"Schleswig-Holstein","crossing_type":"EÜ über andere Straße/Weg Fahrverkehr","source":"DB InfraGO infrastructure data","source_url":"https://data.gov.de/suche/daten/infrastrukturdaten-der-db-infrago"}},{"type":"Feature","geometry":{"type":"LineString","coordinates":[[9.68970093273427,54.28511523846405],[9.688784169926647,54.28546755873447],[9.687643864671724,54.28606777286513],[9.686689583757952,54.286770304033986],[9.686291203604766,54.28715412751745],[9.685663929286683,54.28797298018168],[9.685164903687696,54.288822386531336],[9.683310608119355,54.292316846777965]]},"properties":{"kind":"rail_bridge","name":"EÜ Nord-Ostseekanal Südrampe","length_m":913.0,"route":"1040","state":"Schleswig-Holstein","crossing_type":"EÜ über künstliche Wasserstraße (Kanal)","source":"DB InfraGO infrastructure data","source_url":"https://data.gov.de/suche/daten/infrastrukturdaten-der-db-infrago"}},{"type":"Feature","geometry":{"type":"LineString","coordinates":[[9.683310608119355,54.292316846777965],[9.681951283971117,54.29483264135747]]},"properties":{"kind":"rail_bridge","name":"EÜ Nord-Ostseekanal Mittelteil","length_m":318.0,"route":"1040","state":"Schleswig-Holstein","crossing_type":"EÜ über künstliche Wasserstraße (Kanal)","source":"DB InfraGO infrastructure data","source_url":"https://data.gov.de/suche/daten/infrastrukturdaten-der-db-infrago"}},{"type":"Feature","geometry":{"type":"LineString","coordinates":[[9.681951286779386,54.294832641876596],[9.681029995257873,54.29653795738426],[9.680755054298826,54.29702250244497],[9.680546068371752,54.29739080299086],[9.679902568126295,54.298684318535834],[9.679746756028633,54.29912385506496],[9.679660479906111,54.29957007829255],[9.679638498200003,54.30001891302102],[9.679679565378128,54.300467355816004],[9.679785242881495,54.300912163586716],[9.679952796622928,54.30135043251408],[9.680472579628159,54.30219475116545],[9.681224699875678,54.30297688713646],[9.681682024029447,54.3033375990795],[9.682741772395913,54.30398651181138],[9.685226308759757,54.30504155844635],[9.690305417964128,54.307065834450206],[9.692251537756132,54.307788301018974],[9.693656844064215,54.30814659918868],[9.69516071069008,54.30832146828234],[9.696693988624885,54.3083051019478],[9.698187629599925,54.3081012232264],[9.698898621990319,54.307931668318304],[9.700237579213297,54.307462404871686],[9.701328511874896,54.30685383268412],[9.701799248205239,54.306499094996475],[9.70220183254197,54.30611674919804],[9.702535346352025,54.30571232654437],[9.70279227516531,54.30528921352276],[9.702973421244167,54.30485289522798],[9.703072976649034,54.304407682326286],[9.70309406057631,54.30395886642628],[9.703032349930062,54.30351132421459],[9.702892613624018,54.30306979830873],[9.702672334041518,54.30263964866848],[9.7023779116039,54.302224934300675],[9.702008568506928,54.301831283250515],[9.701571843486857,54.30146200201094],[9.700508868251802,54.3008158422991],[9.69989563632807,54.30054571446209],[9.698545050066866,54.30012039306001],[9.697138299585806,54.29976022882468],[9.68718079828991,54.297387406807665],[9.685738403013143,54.29707953787531],[9.684240044836132,54.29688733438616],[9.683475205917851,54.29684920803625],[9.681942071008741,54.2968858724853],[9.68118467282806,54.29695954148732],[9.680695196833986,54.29703127387015]]},"properties":{"kind":"rail_bridge","name":"EÜ Nord-Ostseekanal Nordrampe","length_m":1265.0,"route":"1040","state":"Schleswig-Holstein","crossing_type":"EÜ über DBAG-Gleise","source":"DB InfraGO infrastructure data","source_url":"https://data.gov.de/suche/daten/infrastrukturdaten-der-db-infrago"}},{"type":"Feature","geometry":{"type":"LineString","coordinates":[[9.332288929543818,54.124205323145524],[9.326496111793343,54.125344081079454]]},"properties":{"kind":"rail_bridge","name":"KanalBR Nord-Ostsee-Kanal","length_m":422.0,"route":"1042","state":"Schleswig-Holstein","crossing_type":"EÜ über künstliche Wasserstraße (Kanal)","source":"DB InfraGO infrastructure data","source_url":"https://data.gov.de/suche/daten/infrastrukturdaten-der-db-infrago"}},{"type":"Feature","geometry":{"type":"LineString","coordinates":[[11.109128409202297,54.39646707655215],[11.114413286188631,54.404572923753776]]},"properties":{"kind":"rail_bridge","name":"KBR Fehmarnsundbrücke","length_m":969.0,"route":"1100","state":"","crossing_type":"EÜ über stehendes Gewässer (See)","source":"DB InfraGO infrastructure data","source_url":"https://data.gov.de/suche/daten/infrastrukturdaten-der-db-infrago"}},{"type":"Feature","geometry":{"type":"LineString","coordinates":[[10.808866037168752,53.91948624539313],[10.810470245475232,53.920264728160305]]},"properties":{"kind":"rail_bridge","name":"EÜ B 75","length_m":136.0,"route":"1113","state":"Schleswig-Holstein","crossing_type":"EÜ über Autobahn","source":"DB InfraGO infrastructure data","source_url":"https://data.gov.de/suche/daten/infrastrukturdaten-der-db-infrago"}},{"type":"Feature","geometry":{"type":"LineString","coordinates":[[10.024586191712944,53.55263095011256],[10.024496053929859,53.55257111356862]]},"properties":{"kind":"rail_bridge","name":"KRBW Str 1244 ü. Str 1120/1241","length_m":140.0,"route":"1120","state":"Hamburg","crossing_type":"EÜ über DBAG-Gleise","source":"DB InfraGO infrastructure data","source_url":"https://data.gov.de/suche/daten/infrastrukturdaten-der-db-infrago"}},{"type":"Feature","geometry":{"type":"LineString","coordinates":[[10.490008339710593,53.30778148258016],[10.49140356416248,53.30864643232556]]},"properties":{"kind":"rail_bridge","name":"EÜ Elbe-Seiten-Kanal","length_m":134.0,"route":"1150","state":"Niedersachsen","crossing_type":"EÜ über künstliche Wasserstraße (Kanal)","source":"DB InfraGO infrastructure data","source_url":"https://data.gov.de/suche/daten/infrastrukturdaten-der-db-infrago"}},{"type":"Feature","geometry":{"type":"LineString","coordinates":[[10.559672686811902,53.36564428805825],[10.565686554093235,53.36862213746946]]},"properties":{"kind":"rail_bridge","name":"K ü Elbe b Lauenburg","length_m":519.0,"route":"1150","state":"Schleswig-Holstein","crossing_type":"EÜ über natürlich schiffbaren Fluß","source":"DB InfraGO infrastructure data","source_url":"https://data.gov.de/suche/daten/infrastrukturdaten-der-db-infrago"}},{"type":"Feature","geometry":{"type":"LineString","coordinates":[[11.0612170326891,53.12244028784414],[11.060275372620882,53.123131610620405]]},"properties":{"kind":"rail_bridge","name":"EÜ Jeetzel","length_m":105.0,"route":"1151","state":"Niedersachsen","crossing_type":"EÜ über anderen Wasserlauf","source":"DB InfraGO infrastructure data","source_url":"https://data.gov.de/suche/daten/infrastrukturdaten-der-db-infrago"}},{"type":"Feature","geometry":{"type":"LineString","coordinates":[[10.493971212777177,53.21770872507478],[10.492782071316995,53.21792561990152]]},"properties":{"kind":"rail_bridge","name":"EÜ Elbe-Seitenkanal","length_m":84.0,"route":"1151","state":"Niedersachsen","crossing_type":"EÜ über künstliche Wasserstraße (Kanal)","source":"DB InfraGO infrastructure data","source_url":"https://data.gov.de/suche/daten/infrastrukturdaten-der-db-infrago"}},{"type":"Feature","geometry":{"type":"LineString","coordinates":[[9.314818386068406,54.01460216131815],[9.291840691489146,54.01672457517538],[9.290325524478513,54.01682753854201],[9.288802003555078,54.016871107391076],[9.28575724648595,54.01677857994715],[9.283502106839967,54.01655286328523],[9.281388811306122,54.01621364023568]]},"properties":{"kind":"rail_bridge","name":"EÜ Nord-Ostsee-Kanal (Hochdonn)","length_m":2228.0,"route":"1210","state":"Schleswig-Holstein","crossing_type":"EÜ über künstliche Wasserstraße (Kanal)","source":"DB InfraGO infrastructure data","source_url":"https://data.gov.de/suche/daten/infrastrukturdaten-der-db-infrago"}},{"type":"Feature","geometry":{"type":"LineString","coordinates":[[9.070704493742678,54.362044790896604],[9.072586150363536,54.36555974588836]]},"properties":{"kind":"rail_bridge","name":"EÜ Eider","length_m":415.0,"route":"1210","state":"Schleswig-Holstein","crossing_type":"EÜ über schiffbar gemachten Fluß","source":"DB InfraGO infrastructure data","source_url":"https://data.gov.de/suche/daten/infrastrukturdaten-der-db-infrago"}},{"type":"Feature","geometry":{"type":"LineString","coordinates":[[9.932954702545954,53.571280252549926],[9.932769919198051,53.57215411814284]]},"properties":{"kind":"rail_bridge","name":"EÜ Krbw Langenfelde","length_m":105.0,"route":"1220","state":"Hamburg","crossing_type":"EÜ über DBAG-Gleise","source":"DB InfraGO infrastructure data","source_url":"https://data.gov.de/suche/daten/infrastrukturdaten-der-db-infrago"}},{"type":"Feature","geometry":{"type":"LineString","coordinates":[[9.882739018725282,53.60800126291775],[9.882739007272564,53.60800126878127]]},"properties":{"kind":"rail_bridge","name":"E Gleisbrücke Gl 505","length_m":218.0,"route":"1220","state":"Hamburg","crossing_type":"EÜ über nur Räume für DBAG-Zwecke","source":"DB InfraGO infrastructure data","source_url":"https://data.gov.de/suche/daten/infrastrukturdaten-der-db-infrago"}},{"type":"Feature","geometry":{"type":"LineString","coordinates":[[9.882727566007365,53.608007126425726],[9.882727554554638,53.60800713228926]]},"properties":{"kind":"rail_bridge","name":"E Gleisbr Forts Gl505","length_m":215.0,"route":"1220","state":"Hamburg","crossing_type":"EÜ über nur Räume für DBAG-Zwecke","source":"DB InfraGO infrastructure data","source_url":"https://data.gov.de/suche/daten/infrastrukturdaten-der-db-infrago"}},{"type":"Feature","geometry":{"type":"LineString","coordinates":[[9.882693207834555,53.6080247169431],[9.882693196381828,53.60802472280664]]},"properties":{"kind":"rail_bridge","name":"E Gleisbrücke Gl 506","length_m":218.0,"route":"1220","state":"Hamburg","crossing_type":"EÜ über nur Räume für DBAG-Zwecke","source":"DB InfraGO infrastructure data","source_url":"https://data.gov.de/suche/daten/infrastrukturdaten-der-db-infrago"}},{"type":"Feature","geometry":{"type":"LineString","coordinates":[[9.882681755103947,53.60803058044672],[9.882681743651215,53.608030586310235]]},"properties":{"kind":"rail_bridge","name":"E Gleisbr Forts Gl506","length_m":215.0,"route":"1220","state":"Hamburg","crossing_type":"EÜ über nur Räume für DBAG-Zwecke","source":"DB InfraGO infrastructure data","source_url":"https://data.gov.de/suche/daten/infrastrukturdaten-der-db-infrago"}},{"type":"Feature","geometry":{"type":"LineString","coordinates":[[9.882670302370151,53.60803644394926],[9.88267029091741,53.60803644981274]]},"properties":{"kind":"rail_bridge","name":"E Gleisbrücke Gl 507","length_m":218.0,"route":"1220","state":"Hamburg","crossing_type":"EÜ über nur Räume für DBAG-Zwecke","source":"DB InfraGO infrastructure data","source_url":"https://data.gov.de/suche/daten/infrastrukturdaten-der-db-infrago"}},{"type":"Feature","geometry":{"type":"LineString","coordinates":[[9.882658849633188,53.60804230745068],[9.882658838180445,53.60804231331419]]},"properties":{"kind":"rail_bridge","name":"E Gleisbr Forts Gl507","length_m":215.0,"route":"1220","state":"Hamburg","crossing_type":"EÜ über nur Räume für DBAG-Zwecke","source":"DB InfraGO infrastructure data","source_url":"https://data.gov.de/suche/daten/infrastrukturdaten-der-db-infrago"}},{"type":"Feature","geometry":{"type":"LineString","coordinates":[[9.882624491403247,53.608059897948436],[9.882624479950499,53.6080599038119]]},"properties":{"kind":"rail_bridge","name":"E Gleisbrücke Gl 508","length_m":218.0,"route":"1220","state":"Hamburg","crossing_type":"EÜ über nur Räume für DBAG-Zwecke","source":"DB InfraGO infrastructure data","source_url":"https://data.gov.de/suche/daten/infrastrukturdaten-der-db-infrago"}},{"type":"Feature","geometry":{"type":"LineString","coordinates":[[9.882613038653595,53.608065761445495],[9.882613027200842,53.60806576730899]]},"properties":{"kind":"rail_bridge","name":"E Gleisbr Forts Gl508","length_m":215.0,"route":"1220","state":"Hamburg","crossing_type":"EÜ über nur Räume für DBAG-Zwecke","source":"DB InfraGO infrastructure data","source_url":"https://data.gov.de/suche/daten/infrastrukturdaten-der-db-infrago"}},{"type":"Feature","geometry":{"type":"LineString","coordinates":[[9.882567227623213,53.608089215422844],[9.88256721617045,53.6080892212863]]},"properties":{"kind":"rail_bridge","name":"E Gleisbrücke Gl 509","length_m":218.0,"route":"1220","state":"Hamburg","crossing_type":"EÜ über nur Räume für DBAG-Zwecke","source":"DB InfraGO infrastructure data","source_url":"https://data.gov.de/suche/daten/infrastrukturdaten-der-db-infrago"}},{"type":"Feature","geometry":{"type":"LineString","coordinates":[[9.88255577485768,53.608095078914445],[9.882555763404916,53.60809508477793]]},"properties":{"kind":"rail_bridge","name":"E Gleisbr Forts Gl509","length_m":215.0,"route":"1220","state":"Hamburg","crossing_type":"EÜ über nur Räume für DBAG-Zwecke","source":"DB InfraGO infrastructure data","source_url":"https://data.gov.de/suche/daten/infrastrukturdaten-der-db-infrago"}},{"type":"Feature","geometry":{"type":"LineString","coordinates":[[9.882521416542046,53.608112669382706],[9.88252140508926,53.60811267524619]]},"properties":{"kind":"rail_bridge","name":"E Gleisbrücke Gl 510","length_m":218.0,"route":"1220","state":"Hamburg","crossing_type":"EÜ über nur Räume für DBAG-Zwecke","source":"DB InfraGO infrastructure data","source_url":"https://data.gov.de/suche/daten/infrastrukturdaten-der-db-infrago"}},{"type":"Feature","geometry":{"type":"LineString","coordinates":[[9.882509963763805,53.60811853286995],[9.88250995231104,53.60811853873345]]},"properties":{"kind":"rail_bridge","name":"E Gleisbr Forts Gl510","length_m":215.0,"route":"1220","state":"Hamburg","crossing_type":"EÜ über nur Räume für DBAG-Zwecke","source":"DB InfraGO infrastructure data","source_url":"https://data.gov.de/suche/daten/infrastrukturdaten-der-db-infrago"}},{"type":"Feature","geometry":{"type":"LineString","coordinates":[[9.882498510982412,53.608124396356104],[9.882498499529634,53.608124402219595]]},"properties":{"kind":"rail_bridge","name":"E Gleisbrücke Gl 511","length_m":218.0,"route":"1220","state":"Hamburg","crossing_type":"EÜ über nur Räume für DBAG-Zwecke","source":"DB InfraGO infrastructure data","source_url":"https://data.gov.de/suche/daten/infrastrukturdaten-der-db-infrago"}},{"type":"Feature","geometry":{"type":"LineString","coordinates":[[9.882487058197842,53.60813025984118],[9.882487046745052,53.60813026570462]]},"properties":{"kind":"rail_bridge","name":"E Gleisbr Forts Gl511","length_m":215.0,"route":"1220","state":"Hamburg","crossing_type":"EÜ über nur Räume für DBAG-Zwecke","source":"DB InfraGO infrastructure data","source_url":"https://data.gov.de/suche/daten/infrastrukturdaten-der-db-infrago"}},{"type":"Feature","geometry":{"type":"LineString","coordinates":[[9.882452699825068,53.60814785028978],[9.882452688372279,53.60814785615327]]},"properties":{"kind":"rail_bridge","name":"E Gleisbrücke Gl 512","length_m":218.0,"route":"1220","state":"Hamburg","crossing_type":"EÜ über nur Räume für DBAG-Zwecke","source":"DB InfraGO infrastructure data","source_url":"https://data.gov.de/suche/daten/infrastrukturdaten-der-db-infrago"}},{"type":"Feature","geometry":{"type":"LineString","coordinates":[[9.882441247027801,53.60815371377053],[9.882441235575003,53.60815371963396]]},"properties":{"kind":"rail_bridge","name":"E Gleisbr Forts Gl512","length_m":215.0,"route":"1220","state":"Hamburg","crossing_type":"EÜ über nur Räume für DBAG-Zwecke","source":"DB InfraGO infrastructure data","source_url":"https://data.gov.de/suche/daten/infrastrukturdaten-der-db-infrago"}},{"type":"Feature","geometry":{"type":"LineString","coordinates":[[9.878309114524857,53.610272108738],[9.878309103078987,53.610272114606666]]},"properties":{"kind":"rail_bridge","name":"E Gleisbr Außenreinig","length_m":210.0,"route":"1220","state":"Hamburg","crossing_type":"EÜ über nur Räume für DBAG-Zwecke","source":"DB InfraGO infrastructure data","source_url":"https://data.gov.de/suche/daten/infrastrukturdaten-der-db-infrago"}},{"type":"Feature","geometry":{"type":"LineString","coordinates":[[9.986373425244151,53.60109197349675],[9.988723298231355,53.60071302429315]]},"properties":{"kind":"rail_bridge","name":"EÜ Salomon-Heine-Weg","length_m":172.0,"route":"1234","state":"Hamburg","crossing_type":"EÜ über andere Straße/Weg KFZ-Verkehr","source":"DB InfraGO infrastructure data","source_url":"https://data.gov.de/suche/daten/infrastrukturdaten-der-db-infrago"}},{"type":"Feature","geometry":{"type":"LineString","coordinates":[[9.993991413478556,53.60146254344619],[9.99448696504648,53.60162834055891]]},"properties":{"kind":"rail_bridge","name":"EÜ Bebelallee","length_m":106.0,"route":"1234","state":"Hamburg","crossing_type":"EÜ über andere Straße/Weg KFZ-Verkehr","source":"DB InfraGO infrastructure data","source_url":"https://data.gov.de/suche/daten/infrastrukturdaten-der-db-infrago"}},{"type":"Feature","geometry":{"type":"LineString","coordinates":[[10.068323748899985,53.550032462591595],[10.06838816014124,53.549657418459084]]},"properties":{"kind":"rail_bridge","name":"EÜ Eiffestraße","length_m":88.0,"route":"1234","state":"Hamburg","crossing_type":"EÜ über Bundesstraße","source":"DB InfraGO infrastructure data","source_url":"https://data.gov.de/suche/daten/infrastrukturdaten-der-db-infrago"}},{"type":"Feature","geometry":{"type":"LineString","coordinates":[[10.070137912991536,53.537941622247274],[10.069707724842466,53.5373822907876]]},"properties":{"kind":"rail_bridge","name":"EÜ Bille","length_m":87.0,"route":"1234","state":"Hamburg","crossing_type":"EÜ über natürlich schiffbaren Fluß","source":"DB InfraGO infrastructure data","source_url":"https://data.gov.de/suche/daten/infrastrukturdaten-der-db-infrago"}},{"type":"Feature","geometry":{"type":"LineString","coordinates":[[10.068073551945107,53.53527536468956],[10.06781835358523,53.53499233711809]]},"properties":{"kind":"rail_bridge","name":"EÜ Großmannstraße","length_m":87.0,"route":"1234","state":"Hamburg","crossing_type":"EÜ über andere Straße/Weg KFZ-Verkehr","source":"DB InfraGO infrastructure data","source_url":"https://data.gov.de/suche/daten/infrastrukturdaten-der-db-infrago"}},{"type":"Feature","geometry":{"type":"LineString","coordinates":[[9.955497037746715,53.561392180336696],[9.954457988081444,53.561247612239264]]},"properties":{"kind":"rail_bridge","name":"EÜ Straßenkreuzung Sternbrücke","length_m":86.0,"route":"1240","state":"Hamburg","crossing_type":"EÜ über Bundesstraße","source":"DB InfraGO infrastructure data","source_url":"https://data.gov.de/suche/daten/infrastrukturdaten-der-db-infrago"}},{"type":"Feature","geometry":{"type":"LineString","coordinates":[[9.945848576968663,53.562533069037514],[9.942443464360208,53.56304718617545]]},"properties":{"kind":"rail_bridge","name":"KRZBW Str 1240 (GL. H-A) ü. Str 1225,  Str 1240 (Gl. A-H)","length_m":169.0,"route":"1240","state":"Hamburg","crossing_type":"EÜ über DBAG-Gleise","source":"DB InfraGO infrastructure data","source_url":"https://data.gov.de/suche/daten/infrastrukturdaten-der-db-infrago"}},{"type":"Feature","geometry":{"type":"LineString","coordinates":[[9.93542635392519,53.56272256988544],[9.935426339195873,53.56272256621889]]},"properties":{"kind":"rail_bridge","name":"E ü Eb Krbw  Hbf-Alt","length_m":102.0,"route":"1240","state":"Hamburg","crossing_type":"EÜ über DBAG-Gleise","source":"DB InfraGO infrastructure data","source_url":"https://data.gov.de/suche/daten/infrastrukturdaten-der-db-infrago"}},{"type":"Feature","geometry":{"type":"LineString","coordinates":[[9.935411624605752,53.56271890333344],[9.93541160987643,53.562718899666905]]},"properties":{"kind":"rail_bridge","name":"E ü Eb Krbw Alt-Hbf","length_m":103.0,"route":"1240","state":"Hamburg","crossing_type":"EÜ über DBAG-Gleise","source":"DB InfraGO infrastructure data","source_url":"https://data.gov.de/suche/daten/infrastrukturdaten-der-db-infrago"}},{"type":"Feature","geometry":{"type":"LineString","coordinates":[[10.038047459083705,53.5896254161576],[10.037854199212525,53.58981931967293]]},"properties":{"kind":"rail_bridge","name":"EÜ Hochbahn","length_m":157.0,"route":"1241","state":"Hamburg","crossing_type":"EÜ über DBAG-Gleise","source":"DB InfraGO infrastructure data","source_url":"https://data.gov.de/suche/daten/infrastrukturdaten-der-db-infrago"}},{"type":"Feature","geometry":{"type":"LineString","coordinates":[[10.03688867317807,53.59219172444633],[10.036820047416132,53.59308128700296]]},"properties":{"kind":"rail_bridge","name":"1241/8,056/1641  Krzbw Str 1241 ü. Str 1234","length_m":120.0,"route":"1241","state":"Hamburg","crossing_type":"EÜ über DBAG-Gleise","source":"DB InfraGO infrastructure data","source_url":"https://data.gov.de/suche/daten/infrastrukturdaten-der-db-infrago"}},{"type":"Feature","geometry":{"type":"LineString","coordinates":[[10.05588679011166,53.53502806355183],[10.058002523803443,53.53444544907544]]},"properties":{"kind":"rail_bridge","name":"KRZBW Str 1244 ü. Str 1234","length_m":156.0,"route":"1244","state":"Hamburg","crossing_type":"EÜ über DBAG-Gleise","source":"DB InfraGO infrastructure data","source_url":"https://data.gov.de/suche/daten/infrastrukturdaten-der-db-infrago"}},{"type":"Feature","geometry":{"type":"LineString","coordinates":[[10.015904611207723,53.544826951966684],[10.014386824442985,53.54500080674066]]},"properties":{"kind":"rail_bridge","name":"EÜ Lippeltstraße/Schleusenkanal","length_m":113.0,"route":"1245","state":"Hamburg","crossing_type":"EÜ über andere Straße/Weg KFZ-Verkehr","source":"DB InfraGO infrastructure data","source_url":"https://data.gov.de/suche/daten/infrastrukturdaten-der-db-infrago"}},{"type":"Feature","geometry":{"type":"LineString","coordinates":[[9.997516311427027,53.471851327963854],[9.999029507827103,53.47477300021863]]},"properties":{"kind":"rail_bridge","name":"EÜ Süderelbe","length_m":344.0,"route":"1255","state":"Hamburg","crossing_type":"EÜ über natürlich schiffbaren Fluß","source":"DB InfraGO infrastructure data","source_url":"https://data.gov.de/suche/daten/infrastrukturdaten-der-db-infrago"}},{"type":"Feature","geometry":{"type":"LineString","coordinates":[[10.020917098942178,53.54980909047082],[10.02091710896828,53.54980908376738]]},"properties":{"kind":"rail_bridge","name":"EÜ Spaldingstraße Achse 1-4","length_m":105.0,"route":"1271","state":"Hamburg","crossing_type":"EÜ Überbrückungsreihe (Stadtbahnbögen)","source":"DB InfraGO infrastructure data","source_url":"https://data.gov.de/suche/daten/infrastrukturdaten-der-db-infrago"}},{"type":"Feature","geometry":{"type":"LineString","coordinates":[[10.021603444576735,53.54923768443065],[10.022225733485735,53.54843423102837]]},"properties":{"kind":"rail_bridge","name":"EÜ Gotenstr. Achse 7-11","length_m":98.0,"route":"1271","state":"Hamburg","crossing_type":"EÜ Überbrückungsreihe (Stadtbahnbögen)","source":"DB InfraGO infrastructure data","source_url":"https://data.gov.de/suche/daten/infrastrukturdaten-der-db-infrago"}},{"type":"Feature","geometry":{"type":"LineString","coordinates":[[10.022225733485735,53.54843423102837],[10.022793567232046,53.547592690218465]]},"properties":{"kind":"rail_bridge","name":"EÜ Hammerbrook Achse 11-15","length_m":100.0,"route":"1271","state":"Hamburg","crossing_type":"EÜ Überbrückungsreihe (Stadtbahnbögen)","source":"DB InfraGO infrastructure data","source_url":"https://data.gov.de/suche/daten/infrastrukturdaten-der-db-infrago"}},{"type":"Feature","geometry":{"type":"LineString","coordinates":[[10.022943998860043,53.547392250535744],[10.023701926345703,53.54640027248314]]},"properties":{"kind":"rail_bridge","name":"EÜ Bf Hammerbrook Achse 16-20","length_m":121.0,"route":"1271","state":"Hamburg","crossing_type":"EÜ Überbrückungsreihe (Stadtbahnbögen)","source":"DB InfraGO infrastructure data","source_url":"https://data.gov.de/suche/daten/infrastrukturdaten-der-db-infrago"}},{"type":"Feature","geometry":{"type":"LineString","coordinates":[[10.023701926345703,53.54640027248314],[10.024438768915019,53.54550221226883]]},"properties":{"kind":"rail_bridge","name":"EÜ Bf Hammerbrook Achse 20-24","length_m":111.0,"route":"1271","state":"Hamburg","crossing_type":"EÜ Überbrückungsreihe (Stadtbahnbögen)","source":"DB InfraGO infrastructure data","source_url":"https://data.gov.de/suche/daten/infrastrukturdaten-der-db-infrago"}},{"type":"Feature","geometry":{"type":"LineString","coordinates":[[10.0246107411993,53.545302642430286],[10.024987130743032,53.54486584373539]]},"properties":{"kind":"rail_bridge","name":"EÜ Am Kühlhaus Ache 25-29","length_m":114.0,"route":"1271","state":"Hamburg","crossing_type":"EÜ Überbrückungsreihe (Stadtbahnbögen)","source":"DB InfraGO infrastructure data","source_url":"https://data.gov.de/suche/daten/infrastrukturdaten-der-db-infrago"}},{"type":"Feature","geometry":{"type":"LineString","coordinates":[[10.024987130743032,53.54486584373539],[10.025966791447127,53.54366981980092]]},"properties":{"kind":"rail_bridge","name":"EÜ Süderstr. Achse 29-32","length_m":89.0,"route":"1271","state":"Hamburg","crossing_type":"EÜ Überbrückungsreihe (Stadtbahnbögen)","source":"DB InfraGO infrastructure data","source_url":"https://data.gov.de/suche/daten/infrastrukturdaten-der-db-infrago"}},{"type":"Feature","geometry":{"type":"LineString","coordinates":[[10.026410093498015,53.54305688936302],[10.026637674445718,53.54268244739177],[10.026868848154942,53.54205514816596]]},"properties":{"kind":"rail_bridge","name":"EÜ Amsinckstraße Achse 34-37","length_m":115.0,"route":"1271","state":"Hamburg","crossing_type":"EÜ Überbrückungsreihe (Stadtbahnbögen)","source":"DB InfraGO infrastructure data","source_url":"https://data.gov.de/suche/daten/infrastrukturdaten-der-db-infrago"}},{"type":"Feature","geometry":{"type":"LineString","coordinates":[[10.026868848154942,53.54205514816596],[10.026932174756695,53.54180286473263],[10.026944830809889,53.5411072527358]]},"properties":{"kind":"rail_bridge","name":"EÜ Billekanal Achse 37-39","length_m":106.0,"route":"1271","state":"Hamburg","crossing_type":"EÜ über natürlich schiffbaren Fluß","source":"DB InfraGO infrastructure data","source_url":"https://data.gov.de/suche/daten/infrastrukturdaten-der-db-infrago"}},{"type":"Feature","geometry":{"type":"LineString","coordinates":[[10.026944830809889,53.5411072527358],[10.02674584293966,53.540196828733805]]},"properties":{"kind":"rail_bridge","name":"EÜ Billhafen Achse 39-42","length_m":102.0,"route":"1271","state":"Hamburg","crossing_type":"EÜ Überbrückungsreihe (Stadtbahnbögen)","source":"DB InfraGO infrastructure data","source_url":"https://data.gov.de/suche/daten/infrastrukturdaten-der-db-infrago"}},{"type":"Feature","geometry":{"type":"LineString","coordinates":[[10.026745840154637,53.54019681990326],[10.025360358203377,53.5359240799145]]},"properties":{"kind":"rail_bridge","name":"EÜ Billhafen Achse 45-49","length_m":373.0,"route":"1271","state":"Hamburg","crossing_type":"EÜ über natürlich schiffbaren Fluß","source":"DB InfraGO infrastructure data","source_url":"https://data.gov.de/suche/daten/infrastrukturdaten-der-db-infrago"}},{"type":"Feature","geometry":{"type":"LineString","coordinates":[[10.026433882431974,53.539216162896544],[10.02643376427162,53.539215792148575]]},"properties":{"kind":"rail_bridge","name":"EÜ Brandshofer Deich Achse 42-45","length_m":111.0,"route":"1271","state":"Hamburg","crossing_type":"EÜ Überbrückungsreihe (Stadtbahnbögen)","source":"DB InfraGO infrastructure data","source_url":"https://data.gov.de/suche/daten/infrastrukturdaten-der-db-infrago"}},{"type":"Feature","geometry":{"type":"LineString","coordinates":[[10.026412512322446,53.539149110472636],[10.02639109455924,53.53908190796739]]},"properties":{"kind":"rail_bridge","name":"EÜ Oberhafen 1-gl.","length_m":318.0,"route":"1271","state":"Hamburg","crossing_type":"EÜ über künstliche Wasserstraße (Kanal)","source":"DB InfraGO infrastructure data","source_url":"https://data.gov.de/suche/daten/infrastrukturdaten-der-db-infrago"}},{"type":"Feature","geometry":{"type":"LineString","coordinates":[[10.024060705266347,53.534031096033495],[10.021847103873132,53.53161978384676]]},"properties":{"kind":"rail_bridge","name":"EÜ Norderelbe","length_m":312.0,"route":"1271","state":"Hamburg","crossing_type":"EÜ über natürlich schiffbaren Fluß","source":"DB InfraGO infrastructure data","source_url":"https://data.gov.de/suche/daten/infrastrukturdaten-der-db-infrago"}},{"type":"Feature","geometry":{"type":"LineString","coordinates":[[9.999567275976467,53.474686389609474],[9.998051716281784,53.47175342005321]]},"properties":{"kind":"rail_bridge","name":"EÜ Süderelbe","length_m":344.0,"route":"1271","state":"Hamburg","crossing_type":"EÜ über natürlich schiffbaren Fluß","source":"DB InfraGO infrastructure data","source_url":"https://data.gov.de/suche/daten/infrastrukturdaten-der-db-infrago"}},{"type":"Feature","geometry":{"type":"LineString","coordinates":[[9.953929353729531,53.47025423882023],[9.953069076813149,53.470628031659714],[9.951923863234795,53.47098883620461]]},"properties":{"kind":"rail_bridge","name":"EÜ Stader Straße","length_m":157.0,"route":"1271","state":"Hamburg","crossing_type":"EÜ über Bundesstraße","source":"DB InfraGO infrastructure data","source_url":"https://data.gov.de/suche/daten/infrastrukturdaten-der-db-infrago"}},{"type":"Feature","geometry":{"type":"LineString","coordinates":[[10.017925548686835,53.43390361822602],[10.01756102717017,53.43425351641547],[10.01638781329913,53.4356173133488]]},"properties":{"kind":"rail_bridge","name":"EÜ ÜWBW Rönneburg  Überwerfungsbauwerk","length_m":215.0,"route":"1280","state":"Hamburg","crossing_type":"EÜ über DBAG-Gleise","source":"DB InfraGO infrastructure data","source_url":"https://data.gov.de/suche/daten/infrastrukturdaten-der-db-infrago"}},{"type":"Feature","geometry":{"type":"LineString","coordinates":[[9.997975504888526,53.471758700114194],[9.999488289844304,53.47469145172893]]},"properties":{"kind":"rail_bridge","name":"EÜ Süderelbe","length_m":344.0,"route":"1280","state":"Hamburg","crossing_type":"EÜ über natürlich schiffbaren Fluß","source":"DB InfraGO infrastructure data","source_url":"https://data.gov.de/suche/daten/infrastrukturdaten-der-db-infrago"}},{"type":"Feature","geometry":{"type":"LineString","coordinates":[[10.025327702505557,53.53669009078383],[10.025480216579703,53.537443185765135],[10.025660230280337,53.53784026865497],[10.025865842872506,53.538145970003626],[10.026177288495031,53.538486627083344],[10.026571056594982,53.538803779925466],[10.027471023342601,53.5392900124302]]},"properties":{"kind":"rail_bridge","name":"EÜ Oberhafenkanal 2-gl","length_m":329.0,"route":"1280","state":"Hamburg","crossing_type":"EÜ über künstliche Wasserstraße (Kanal)","source":"DB InfraGO infrastructure data","source_url":"https://data.gov.de/suche/daten/infrastrukturdaten-der-db-infrago"}},{"type":"Feature","geometry":{"type":"LineString","coordinates":[[10.028288908855322,53.53956234728316],[10.028747755942245,53.53966540662517]]},"properties":{"kind":"rail_bridge","name":"EÜ Billhorner Röhrendamm","length_m":93.0,"route":"1280","state":"Hamburg","crossing_type":"EÜ über andere Straße/Weg KFZ-Verkehr","source":"DB InfraGO infrastructure data","source_url":"https://data.gov.de/suche/daten/infrastrukturdaten-der-db-infrago"}},{"type":"Feature","geometry":{"type":"LineString","coordinates":[[10.031505014604683,53.53972580644111],[10.032775694112226,53.53946862520895]]},"properties":{"kind":"rail_bridge","name":"EÜ Billhorner Brückenstraße","length_m":92.0,"route":"1280","state":"Hamburg","crossing_type":"EÜ über Bundesstraße","source":"DB InfraGO infrastructure data","source_url":"https://data.gov.de/suche/daten/infrastrukturdaten-der-db-infrago"}},{"type":"Feature","geometry":{"type":"LineString","coordinates":[[10.099077435122748,53.391560015182385],[10.097158617611194,53.39197709128637],[10.095052816580152,53.39233071297301]]},"properties":{"kind":"rail_bridge","name":"KRBW Stelle (Str 1281 u. Str 1720)","length_m":273.0,"route":"1281","state":"Niedersachsen","crossing_type":"EÜ über DBAG-Gleise","source":"DB InfraGO infrastructure data","source_url":"https://data.gov.de/suche/daten/infrastrukturdaten-der-db-infrago"}},{"type":"Feature","geometry":{"type":"LineString","coordinates":[[10.011068013176022,53.518633392558094],[10.011351350607343,53.51890445437624],[10.011790296878031,53.51922480521506]]},"properties":{"kind":"rail_bridge","name":"KRZBW Str 1290 ü. Str 2200 u. Str 1280","length_m":90.0,"route":"1290","state":"Hamburg","crossing_type":"EÜ über DBAG-Gleise","source":"DB InfraGO infrastructure data","source_url":"https://data.gov.de/suche/daten/infrastrukturdaten-der-db-infrago"}},{"type":"Feature","geometry":{"type":"LineString","coordinates":[[8.233582335611988,53.14040325389441],[8.23421881870738,53.13995392977708]]},"properties":{"kind":"rail_bridge","name":"EÜ Die Hunte","length_m":80.0,"route":"1500","state":"Niedersachsen","crossing_type":"EÜ über natürlich schiffbaren Fluß","source":"DB InfraGO infrastructure data","source_url":"https://data.gov.de/suche/daten/infrastrukturdaten-der-db-infrago"}},{"type":"Feature","geometry":{"type":"LineString","coordinates":[[8.7883056020386,53.07954863811096],[8.78956034950421,53.08134120200555]]},"properties":{"kind":"rail_bridge","name":"EÜ Weser","length_m":220.0,"route":"1500","state":"Bremen","crossing_type":"EÜ über natürlich schiffbaren Fluß","source":"DB InfraGO infrastructure data","source_url":"https://data.gov.de/suche/daten/infrastrukturdaten-der-db-infrago"}},{"type":"Feature","geometry":{"type":"LineString","coordinates":[[7.939927730641638,52.38794286918149],[7.939492619170544,52.38722261234511]]},"properties":{"kind":"rail_bridge","name":"EÜ Mittellandkanal","length_m":91.0,"route":"1502","state":"Niedersachsen","crossing_type":"EÜ über künstliche Wasserstraße (Kanal)","source":"DB InfraGO infrastructure data","source_url":"https://data.gov.de/suche/daten/infrastrukturdaten-der-db-infrago"}},{"type":"Feature","geometry":{"type":"LineString","coordinates":[[8.459191967168453,53.220715871675466],[8.459191959016074,53.22071587921672]]},"properties":{"kind":"rail_bridge","name":"EÜ Drehbrücke ü. Hunte","length_m":118.0,"route":"1503","state":"Niedersachsen","crossing_type":"EÜ über natürlich schiffbaren Fluß","source":"DB InfraGO infrastructure data","source_url":"https://data.gov.de/suche/daten/infrastrukturdaten-der-db-infrago"}},{"type":"Feature","geometry":{"type":"LineString","coordinates":[[8.219441681807371,53.144603039689905],[8.219441667302696,53.14460304185578]]},"properties":{"kind":"rail_bridge","name":"E*Postpackkammer","length_m":102.0,"route":"1522","state":"Niedersachsen","crossing_type":"EÜ über Wege/Räume für Gepäck, Post...","source":"DB InfraGO infrastructure data","source_url":"https://data.gov.de/suche/daten/infrastrukturdaten-der-db-infrago"}},{"type":"Feature","geometry":{"type":"LineString","coordinates":[[8.214921141286425,53.14531567934123],[8.210511052476521,53.14608570399468]]},"properties":{"kind":"rail_bridge","name":"EBR ü. Am Pferdemarkt","length_m":307.0,"route":"1522","state":"Niedersachsen","crossing_type":"EÜ über andere Straße/Weg KFZ-Verkehr","source":"DB InfraGO infrastructure data","source_url":"https://data.gov.de/suche/daten/infrastrukturdaten-der-db-infrago"}},{"type":"Feature","geometry":{"type":"LineString","coordinates":[[8.033219962857757,53.51179031097394],[8.032864609169232,53.512480492064164]]},"properties":{"kind":"rail_bridge","name":"EÜ Ems-Jade-Kanal","length_m":83.0,"route":"1546","state":"Niedersachsen","crossing_type":"EÜ über künstliche Wasserstraße (Kanal)","source":"DB InfraGO infrastructure data","source_url":"https://data.gov.de/suche/daten/infrastrukturdaten-der-db-infrago"}},{"type":"Feature","geometry":{"type":"LineString","coordinates":[[7.3760697796836086,53.16189054938502],[7.371167260222195,53.16121621076873]]},"properties":{"kind":"rail_bridge","name":"EÜ Friesenbrücke","length_m":336.0,"route":"1575","state":"Niedersachsen","crossing_type":"EÜ über natürlich schiffbaren Fluß","source":"DB InfraGO infrastructure data","source_url":"https://data.gov.de/suche/daten/infrastrukturdaten-der-db-infrago"}},{"type":"Feature","geometry":{"type":"LineString","coordinates":[[9.690378928644696,52.39785651731743],[9.689491668350971,52.39777220788477]]},"properties":{"kind":"rail_bridge","name":"Überwerfung Leinhausen","length_m":145.0,"route":"1700","state":"Niedersachsen","crossing_type":"EÜ über DBAG-Gleise","source":"DB InfraGO infrastructure data","source_url":"https://data.gov.de/suche/daten/infrastrukturdaten-der-db-infrago"}},{"type":"Feature","geometry":{"type":"LineString","coordinates":[[9.66740616270553,52.39610831734853],[9.665814800853976,52.39598664977159]]},"properties":{"kind":"rail_bridge","name":"EÜ Leine","length_m":117.0,"route":"1700","state":"Niedersachsen","crossing_type":"EÜ über anderen Wasserlauf","source":"DB InfraGO infrastructure data","source_url":"https://data.gov.de/suche/daten/infrastrukturdaten-der-db-infrago"}},{"type":"Feature","geometry":{"type":"LineString","coordinates":[[9.560575127979481,52.39842957150612],[9.558894693620267,52.398795229192984]]},"properties":{"kind":"rail_bridge","name":"EÜ Mittellandkanal","length_m":117.0,"route":"1700","state":"Niedersachsen","crossing_type":"EÜ über künstliche Wasserstraße (Kanal)","source":"DB InfraGO infrastructure data","source_url":"https://data.gov.de/suche/daten/infrastrukturdaten-der-db-infrago"}},{"type":"Feature","geometry":{"type":"LineString","coordinates":[[8.851264520231776,52.21266529709946],[8.848857109916382,52.211677476159664]]},"properties":{"kind":"rail_bridge","name":"EÜ Weser","length_m":200.0,"route":"1700","state":"Nordrhein-Westfalen","crossing_type":"EÜ über natürlich schiffbaren Fluß","source":"DB InfraGO infrastructure data","source_url":"https://data.gov.de/suche/daten/infrastrukturdaten-der-db-infrago"}},{"type":"Feature","geometry":{"type":"LineString","coordinates":[[8.845610242446988,52.21048555459671],[8.844012113349168,52.209987456056425]]},"properties":{"kind":"rail_bridge","name":"EÜ Weserflutbrücke","length_m":128.0,"route":"1700","state":"Nordrhein-Westfalen","crossing_type":"EÜ über Graben/Flutöffn. zeitw. Wasser","source":"DB InfraGO infrastructure data","source_url":"https://data.gov.de/suche/daten/infrastrukturdaten-der-db-infrago"}},{"type":"Feature","geometry":{"type":"LineString","coordinates":[[8.571135613930112,52.055889987612126],[8.568166865800261,52.05304224978687]]},"properties":{"kind":"rail_bridge","name":"Talbrücke","length_m":377.0,"route":"1700","state":"Nordrhein-Westfalen","crossing_type":"EÜ über Tal","source":"DB InfraGO infrastructure data","source_url":"https://data.gov.de/suche/daten/infrastrukturdaten-der-db-infrago"}},{"type":"Feature","geometry":{"type":"LineString","coordinates":[[8.521243563440974,52.016476681155524],[8.521243553835633,52.01647667439805]]},"properties":{"kind":"rail_bridge","name":"Johannistalstraße","length_m":86.0,"route":"1700","state":"Nordrhein-Westfalen","crossing_type":"EÜ über andere Straße/Weg KFZ-Verkehr","source":"DB InfraGO infrastructure data","source_url":"https://data.gov.de/suche/daten/infrastrukturdaten-der-db-infrago"}},{"type":"Feature","geometry":{"type":"LineString","coordinates":[[9.6947477245199,52.398034508042144],[9.693605184905081,52.39820903323314]]},"properties":{"kind":"rail_bridge","name":"Überwerfungsbauwerk Nord","length_m":80.0,"route":"1710","state":"Niedersachsen","crossing_type":"EÜ über DBAG-Gleise","source":"DB InfraGO infrastructure data","source_url":"https://data.gov.de/suche/daten/infrastrukturdaten-der-db-infrago"}},{"type":"Feature","geometry":{"type":"LineString","coordinates":[[9.697218648918417,52.39771427308905],[9.695284209864596,52.397784569437356]]},"properties":{"kind":"rail_bridge","name":"Überwerfung Herrenhausen","length_m":171.0,"route":"1711","state":"Niedersachsen","crossing_type":"EÜ über DBAG-Gleise","source":"DB InfraGO infrastructure data","source_url":"https://data.gov.de/suche/daten/infrastrukturdaten-der-db-infrago"}},{"type":"Feature","geometry":{"type":"LineString","coordinates":[[9.63819446595257,52.7041273523546],[9.638747102685763,52.70514742441388]]},"properties":{"kind":"rail_bridge","name":"EÜ Aller","length_m":120.0,"route":"1711","state":"Niedersachsen","crossing_type":"EÜ über natürlich schiffbaren Fluß","source":"DB InfraGO infrastructure data","source_url":"https://data.gov.de/suche/daten/infrastrukturdaten-der-db-infrago"}},{"type":"Feature","geometry":{"type":"LineString","coordinates":[[10.062946063506159,52.62245582580647],[10.063109803651214,52.623209396488335]]},"properties":{"kind":"rail_bridge","name":"EÜ Allerbrücke Celle","length_m":87.0,"route":"1720","state":"Niedersachsen","crossing_type":"EÜ über natürlich schiffbaren Fluß","source":"DB InfraGO infrastructure data","source_url":"https://data.gov.de/suche/daten/infrastrukturdaten-der-db-infrago"}},{"type":"Feature","geometry":{"type":"LineString","coordinates":[[10.063787971282952,52.62626882188256],[10.063996045469594,52.62707209955924]]},"properties":{"kind":"rail_bridge","name":"EÜ Flutöffnung Aller","length_m":84.0,"route":"1720","state":"Niedersachsen","crossing_type":"EÜ über Graben/Flutöffn. zeitw. Wasser","source":"DB InfraGO infrastructure data","source_url":"https://data.gov.de/suche/daten/infrastrukturdaten-der-db-infrago"}},{"type":"Feature","geometry":{"type":"LineString","coordinates":[[10.419606817878119,53.26093596865992],[10.419041385681682,53.26185322311615]]},"properties":{"kind":"rail_bridge","name":"EÜ Ilmenau","length_m":112.0,"route":"1720","state":"Niedersachsen","crossing_type":"EÜ über natürlich schiffbaren Fluß","source":"DB InfraGO infrastructure data","source_url":"https://data.gov.de/suche/daten/infrastrukturdaten-der-db-infrago"}},{"type":"Feature","geometry":{"type":"LineString","coordinates":[[9.258253287124798,53.6319895659961],[9.256138707510157,53.63228911341626]]},"properties":{"kind":"rail_bridge","name":"EÜ Die Oste","length_m":145.0,"route":"1720","state":"Niedersachsen","crossing_type":"EÜ über schiffbar gemachten Fluß","source":"DB InfraGO infrastructure data","source_url":"https://data.gov.de/suche/daten/infrastrukturdaten-der-db-infrago"}},{"type":"Feature","geometry":{"type":"LineString","coordinates":[[10.424924738328192,52.30993300760978],[10.425930234271634,52.309469796111095]]},"properties":{"kind":"rail_bridge","name":"EÜ Mittellandkanal","length_m":91.0,"route":"1722","state":"Niedersachsen","crossing_type":"EÜ über künstliche Wasserstraße (Kanal)","source":"DB InfraGO infrastructure data","source_url":"https://data.gov.de/suche/daten/infrastrukturdaten-der-db-infrago"}},{"type":"Feature","geometry":{"type":"LineString","coordinates":[[9.833042896400773,52.37343658789638],[9.833671558522363,52.37330342871743]]},"properties":{"kind":"rail_bridge","name":"Kreuzungsbauwerk Tiergarten  Str. 1750 über Str. 1730","length_m":115.0,"route":"1730","state":"Niedersachsen","crossing_type":"EÜ über DBAG-Gleise","source":"DB InfraGO infrastructure data","source_url":"https://data.gov.de/suche/daten/infrastrukturdaten-der-db-infrago"}},{"type":"Feature","geometry":{"type":"LineString","coordinates":[[9.855385339766919,52.36903421198976],[9.856725070026368,52.368965335109976]]},"properties":{"kind":"rail_bridge","name":"EÜ Mittellandkanal","length_m":95.0,"route":"1730","state":"Niedersachsen","crossing_type":"EÜ über künstliche Wasserstraße (Kanal)","source":"DB InfraGO infrastructure data","source_url":"https://data.gov.de/suche/daten/infrastrukturdaten-der-db-infrago"}},{"type":"Feature","geometry":{"type":"LineString","coordinates":[[9.877616437529555,52.370215072120466],[9.877616451657637,52.37021507455086]]},"properties":{"kind":"rail_bridge","name":"K Teutoniasteinbruch","length_m":105.0,"route":"1730","state":"Niedersachsen","crossing_type":"EÜ über andere Straße/Weg Fahrverkehr","source":"DB InfraGO infrastructure data","source_url":"https://data.gov.de/suche/daten/infrastrukturdaten-der-db-infrago"}},{"type":"Feature","geometry":{"type":"LineString","coordinates":[[9.992513634398364,52.370947840841076],[9.994177550935035,52.37058239059032]]},"properties":{"kind":"rail_bridge","name":"Kreuzungsbauwerk 01 Lehrte Ost","length_m":121.0,"route":"1730","state":"Niedersachsen","crossing_type":"EÜ über DBAG-Gleise","source":"DB InfraGO infrastructure data","source_url":"https://data.gov.de/suche/daten/infrastrukturdaten-der-db-infrago"}},{"type":"Feature","geometry":{"type":"LineString","coordinates":[[10.00093793565374,52.36909769096095],[10.002374140906046,52.368782037027295]]},"properties":{"kind":"rail_bridge","name":"Kreuzungsbauwerk 02 Lehrte Ost","length_m":108.0,"route":"1730","state":"Niedersachsen","crossing_type":"EÜ über DBAG-Gleise","source":"DB InfraGO infrastructure data","source_url":"https://data.gov.de/suche/daten/infrastrukturdaten-der-db-infrago"}},{"type":"Feature","geometry":{"type":"LineString","coordinates":[[10.280808559745724,52.30789967223579],[10.281835806283123,52.307449684939634]]},"properties":{"kind":"rail_bridge","name":"EÜ (Mittellandkanal)","length_m":93.0,"route":"1730","state":"Niedersachsen","crossing_type":"EÜ über künstliche Wasserstraße (Kanal)","source":"DB InfraGO infrastructure data","source_url":"https://data.gov.de/suche/daten/infrastrukturdaten-der-db-infrago"}},{"type":"Feature","geometry":{"type":"LineString","coordinates":[[9.77708691438373,52.34238811481992],[9.777331391021168,52.34196751774812]]},"properties":{"kind":"rail_bridge","name":"Überwerfungsbauwerk","length_m":848.0,"route":"1732","state":"Niedersachsen","crossing_type":"EÜ über DBAG-Gleise","source":"DB InfraGO infrastructure data","source_url":"https://data.gov.de/suche/daten/infrastrukturdaten-der-db-infrago"}},{"type":"Feature","geometry":{"type":"LineString","coordinates":[[9.784678812680912,52.32993351135241],[9.784781131086765,52.32976631535162]]},"properties":{"kind":"rail_bridge","name":"SÜ Am Mittelfelde","length_m":191.0,"route":"1732","state":"Niedersachsen","crossing_type":"EÜ über Landstraße I. Ordnung/Staatstraße","source":"DB InfraGO infrastructure data","source_url":"https://data.gov.de/suche/daten/infrastrukturdaten-der-db-infrago"}},{"type":"Feature","geometry":{"type":"LineString","coordinates":[[9.824274778136127,52.28010718293718],[9.825688082997171,52.27855694610565]]},"properties":{"kind":"rail_bridge","name":"Kreuzungsbauwerk Rethen ü. Str 1732","length_m":602.0,"route":"1732","state":"Niedersachsen","crossing_type":"EÜ über DBAG-Gleise","source":"DB InfraGO infrastructure data","source_url":"https://data.gov.de/suche/daten/infrastrukturdaten-der-db-infrago"}},{"type":"Feature","geometry":{"type":"LineString","coordinates":[[9.823794094299219,52.20728636483208],[9.823610291855557,52.20703900833324]]},"properties":{"kind":"rail_bridge","name":"Kreuzungsbauwerk  Str 1732 und L 410","length_m":234.0,"route":"1732","state":"Niedersachsen","crossing_type":"EÜ über Landstraße I. Ordnung/Staatstraße","source":"DB InfraGO infrastructure data","source_url":"https://data.gov.de/suche/daten/infrastrukturdaten-der-db-infrago"}},{"type":"Feature","geometry":{"type":"LineString","coordinates":[[9.766553935944764,52.15566852125079],[9.765624201209736,52.155225532832276]]},"properties":{"kind":"rail_bridge","name":"EÜ Leinebrücke Poppenburg  Stabbogen","length_m":93.0,"route":"1732","state":"Niedersachsen","crossing_type":"EÜ über anderen Wasserlauf","source":"DB InfraGO infrastructure data","source_url":"https://data.gov.de/suche/daten/infrastrukturdaten-der-db-infrago"}},{"type":"Feature","geometry":{"type":"LineString","coordinates":[[9.8841091411332,51.939160882471754],[9.885529914901575,51.93942701708473]]},"properties":{"kind":"rail_bridge","name":"EÜ Leine","length_m":103.0,"route":"1732","state":"Niedersachsen","crossing_type":"EÜ über anderen Wasserlauf","source":"DB InfraGO infrastructure data","source_url":"https://data.gov.de/suche/daten/infrastrukturdaten-der-db-infrago"}},{"type":"Feature","geometry":{"type":"LineString","coordinates":[[9.982796950201427,51.71519225199088],[9.983398628766423,51.71453465200571]]},"properties":{"kind":"rail_bridge","name":"EÜ Rhume","length_m":92.0,"route":"1732","state":"Niedersachsen","crossing_type":"EÜ über anderen Wasserlauf","source":"DB InfraGO infrastructure data","source_url":"https://data.gov.de/suche/daten/infrastrukturdaten-der-db-infrago"}},{"type":"Feature","geometry":{"type":"LineString","coordinates":[[9.741753763228882,52.37663305150828],[9.741753774797953,52.37663304599458]]},"properties":{"kind":"rail_bridge","name":"E Gl14 bis Bstg.D Hbf","length_m":83.0,"route":"1733","state":"Niedersachsen","crossing_type":"EÜ über Wege/Räume Reisende-Bstg.Zug.","source":"DB InfraGO infrastructure data","source_url":"https://data.gov.de/suche/daten/infrastrukturdaten-der-db-infrago"}},{"type":"Feature","geometry":{"type":"LineString","coordinates":[[9.838554714777247,52.252810246872585],[9.838744979317797,52.25114899838835],[9.838794467729976,52.25025083939846],[9.838751892659237,52.24798488719212]]},"properties":{"kind":"rail_bridge","name":"EÜ K 514 und Innerste  Aufständerung","length_m":540.0,"route":"1733","state":"Niedersachsen","crossing_type":"EÜ über Landstraße II. Ordnung/Kreisstraße","source":"DB InfraGO infrastructure data","source_url":"https://data.gov.de/suche/daten/infrastrukturdaten-der-db-infrago"}},{"type":"Feature","geometry":{"type":"LineString","coordinates":[[9.838267611152592,52.24463218357195],[9.83787478231435,52.24309573334886],[9.837557572117895,52.242104049579545]]},"properties":{"kind":"rail_bridge","name":"EÜ K 515  Aufständerung","length_m":290.0,"route":"1733","state":"Niedersachsen","crossing_type":"EÜ über Landstraße II. Ordnung/Kreisstraße","source":"DB InfraGO infrastructure data","source_url":"https://data.gov.de/suche/daten/infrastrukturdaten-der-db-infrago"}},{"type":"Feature","geometry":{"type":"LineString","coordinates":[[9.824642461730702,52.21850861900829],[9.824082643674057,52.21623043337892]]},"properties":{"kind":"rail_bridge","name":"EÜ Kiesteiche und Weg  Aufständerung","length_m":262.0,"route":"1733","state":"Niedersachsen","crossing_type":"EÜ über andere Straße/Weg KFZ-Verkehr","source":"DB InfraGO infrastructure data","source_url":"https://data.gov.de/suche/daten/infrastrukturdaten-der-db-infrago"}},{"type":"Feature","geometry":{"type":"LineString","coordinates":[[9.90279694699262,52.07044568351777],[9.90380824629976,52.069390001339364]]},"properties":{"kind":"rail_bridge","name":"EÜ L 485","length_m":138.0,"route":"1733","state":"Niedersachsen","crossing_type":"EÜ über andere Straße/Weg KFZ-Verkehr","source":"DB InfraGO infrastructure data","source_url":"https://data.gov.de/suche/daten/infrastrukturdaten-der-db-infrago"}},{"type":"Feature","geometry":{"type":"LineString","coordinates":[[9.964519736355049,52.00506338545564],[9.96922844354648,51.999634184392306]]},"properties":{"kind":"rail_bridge","name":"Talbrücke Kasselmühle  Stahbetonüberbau","length_m":694.0,"route":"1733","state":"Niedersachsen","crossing_type":"EÜ über Tal","source":"DB InfraGO infrastructure data","source_url":"https://data.gov.de/suche/daten/infrastrukturdaten-der-db-infrago"}},{"type":"Feature","geometry":{"type":"LineString","coordinates":[[10.000518186430735,51.91494854241726],[10.000442241748285,51.9131542608063],[10.000169175836598,51.91091407375024],[9.999607123728325,51.90824098046435],[9.99904692429443,51.90631848638783]]},"properties":{"kind":"rail_bridge","name":"Talbrücke Ohlenrode  Aue und L 486","length_m":972.0,"route":"1733","state":"Niedersachsen","crossing_type":"EÜ über Tal","source":"DB InfraGO infrastructure data","source_url":"https://data.gov.de/suche/daten/infrastrukturdaten-der-db-infrago"}},{"type":"Feature","geometry":{"type":"LineString","coordinates":[[9.991029997720387,51.88088613231128],[9.990696544501684,51.879138101841896]]},"properties":{"kind":"rail_bridge","name":"Talbrücke Mahmilch","length_m":203.0,"route":"1733","state":"Niedersachsen","crossing_type":"EÜ über Tal","source":"DB InfraGO infrastructure data","source_url":"https://data.gov.de/suche/daten/infrastrukturdaten-der-db-infrago"}},{"type":"Feature","geometry":{"type":"LineString","coordinates":[[9.986882858221444,51.84203930938658],[9.986349392201259,51.83967031757695],[9.985571849697184,51.83701771943528],[9.984951934488167,51.835261900886394],[9.983925591334549,51.83277494861343]]},"properties":{"kind":"rail_bridge","name":"Auetalbrücke","length_m":1063.0,"route":"1733","state":"Niedersachsen","crossing_type":"EÜ über Tal","source":"DB InfraGO infrastructure data","source_url":"https://data.gov.de/suche/daten/infrastrukturdaten-der-db-infrago"}},{"type":"Feature","geometry":{"type":"LineString","coordinates":[[9.964105358035098,51.752344814524335],[9.963832636852176,51.75050021821568],[9.963655455441234,51.747911375344884]]},"properties":{"kind":"rail_bridge","name":"Kreuzungsbauwerk","length_m":501.0,"route":"1733","state":"Niedersachsen","crossing_type":"EÜ über DBAG-Gleise","source":"DB InfraGO infrastructure data","source_url":"https://data.gov.de/suche/daten/infrastrukturdaten-der-db-infrago"}},{"type":"Feature","geometry":{"type":"LineString","coordinates":[[9.975371481355474,51.718214370285516],[9.976272743740996,51.715686950073305],[9.97688739223894,51.71336335143371]]},"properties":{"kind":"rail_bridge","name":"EÜ","length_m":552.0,"route":"1733","state":"Niedersachsen","crossing_type":"EÜ über stehendes Gewässer (See)","source":"DB InfraGO infrastructure data","source_url":"https://data.gov.de/suche/daten/infrastrukturdaten-der-db-infrago"}},{"type":"Feature","geometry":{"type":"LineString","coordinates":[[9.920497574216544,51.53250121687412],[9.919526709026082,51.53206687545413]]},"properties":{"kind":"rail_bridge","name":"EÜ Leine","length_m":88.0,"route":"1733","state":"Niedersachsen","crossing_type":"EÜ über anderen Wasserlauf","source":"DB InfraGO infrastructure data","source_url":"https://data.gov.de/suche/daten/infrastrukturdaten-der-db-infrago"}},{"type":"Feature","geometry":{"type":"LineString","coordinates":[[9.86449416846731,51.50523637739942],[9.861179563237208,51.50182352298233]]},"properties":{"kind":"rail_bridge","name":"EÜ Grundbachtal, K 34","length_m":453.0,"route":"1733","state":"Niedersachsen","crossing_type":"EÜ über Tal","source":"DB InfraGO infrastructure data","source_url":"https://data.gov.de/suche/daten/infrastrukturdaten-der-db-infrago"}},{"type":"Feature","geometry":{"type":"LineString","coordinates":[[9.71552079948301,51.40591612598718],[9.710471371874485,51.40391568901371]]},"properties":{"kind":"rail_bridge","name":"EÜ -Stahlverbundbrücke-  Werratalbrücke","length_m":441.0,"route":"1733","state":"Niedersachsen","crossing_type":"EÜ über schiffbar gemachten Fluß","source":"DB InfraGO infrastructure data","source_url":"https://data.gov.de/suche/daten/infrastrukturdaten-der-db-infrago"}},{"type":"Feature","geometry":{"type":"LineString","coordinates":[[9.55373534424684,51.35809839630045],[9.552354328051115,51.357739505739225],[9.550236084359096,51.35703682472265]]},"properties":{"kind":"rail_bridge","name":"EÜ -Stahlverbundbrücke-  Kragenhöfer-Talbrücke","length_m":296.0,"route":"1733","state":"Hessen","crossing_type":"EÜ über schiffbar gemachten Fluß","source":"DB InfraGO infrastructure data","source_url":"https://data.gov.de/suche/daten/infrastrukturdaten-der-db-infrago"}},{"type":"Feature","geometry":{"type":"LineString","coordinates":[[9.53551278703048,51.34937334742241],[9.533802691958593,51.34889632409734],[9.532430929252314,51.34863321234263],[9.530310229899351,51.34840855850927],[9.528804744080658,51.348376083504]]},"properties":{"kind":"rail_bridge","name":"KRBW -Rahmenbrücke-  Kahnwiese und Str. 1733","length_m":484.0,"route":"1733","state":"Hessen","crossing_type":"EÜ über DBAG-Gleise","source":"DB InfraGO infrastructure data","source_url":"https://data.gov.de/suche/daten/infrastrukturdaten-der-db-infrago"}},{"type":"Feature","geometry":{"type":"LineString","coordinates":[[9.501652599605356,51.35437451866459],[9.499159821143163,51.354892979825486],[9.497757479143772,51.35508367965578],[9.496429912038652,51.355194328775056]]},"properties":{"kind":"rail_bridge","name":"KRBW -Rahmenbrücke-  Herleberg über Str 1733","length_m":155.0,"route":"1733","state":"Hessen","crossing_type":"EÜ über DBAG-Gleise","source":"DB InfraGO infrastructure data","source_url":"https://data.gov.de/suche/daten/infrastrukturdaten-der-db-infrago"}},{"type":"Feature","geometry":{"type":"LineString","coordinates":[[9.455258483744766,51.27969623858839],[9.455011297279752,51.27910009075081]]},"properties":{"kind":"rail_bridge","name":"EÜ -Hohlkasten Spannbeton-  Altenbaunaer Straße","length_m":84.0,"route":"1733","state":"Hessen","crossing_type":"EÜ über Landstraße I. Ordnung/Staatstraße","source":"DB InfraGO infrastructure data","source_url":"https://data.gov.de/suche/daten/infrastrukturdaten-der-db-infrago"}},{"type":"Feature","geometry":{"type":"LineString","coordinates":[[9.465257950635603,51.24908566404041],[9.466639691196116,51.2454042221626]]},"properties":{"kind":"rail_bridge","name":"EÜ -Hohlkasten Spannbeton-  Fulda-Talbrücke","length_m":429.0,"route":"1733","state":"Hessen","crossing_type":"EÜ über Tal","source":"DB InfraGO infrastructure data","source_url":"https://data.gov.de/suche/daten/infrastrukturdaten-der-db-infrago"}},{"type":"Feature","geometry":{"type":"LineString","coordinates":[[9.49079748339535,51.21212622390752],[9.494103481701726,51.20869475301302],[9.495740710571914,51.20709043018957]]},"properties":{"kind":"rail_bridge","name":"EÜ -Hohlkasten Spannbeton-  Schwarzenbachtalbrücke","length_m":667.0,"route":"1733","state":"Hessen","crossing_type":"EÜ über Tal","source":"DB InfraGO infrastructure data","source_url":"https://data.gov.de/suche/daten/infrastrukturdaten-der-db-infrago"}},{"type":"Feature","geometry":{"type":"LineString","coordinates":[[9.522547516414384,51.18689452243953],[9.525848076226392,51.1845082093599]]},"properties":{"kind":"rail_bridge","name":"EÜ Hohlkasten Spannbeton  Trockene Mülmisch","length_m":327.0,"route":"1733","state":"Hessen","crossing_type":"EÜ über Tal","source":"DB InfraGO infrastructure data","source_url":"https://data.gov.de/suche/daten/infrastrukturdaten-der-db-infrago"}},{"type":"Feature","geometry":{"type":"LineString","coordinates":[[9.541118368268409,51.173463680504724],[9.54376075931697,51.17156559940295],[9.545700295161197,51.17024463772934],[9.547708509728606,51.168964943993934],[9.549674240266828,51.16778545530645]]},"properties":{"kind":"rail_bridge","name":"EÜ Hohlkasten Spannbeton  Mülmisch-Talbrücke","length_m":888.0,"route":"1733","state":"Hessen","crossing_type":"EÜ über Tal","source":"DB InfraGO infrastructure data","source_url":"https://data.gov.de/suche/daten/infrastrukturdaten-der-db-infrago"}},{"type":"Feature","geometry":{"type":"LineString","coordinates":[[9.555159503428664,51.164570730732244],[9.555159513877022,51.16457072459747]]},"properties":{"kind":"rail_bridge","name":"EÜ Hohlkasten Spannbeton  Breitenbachtalbrücke","length_m":452.0,"route":"1733","state":"Hessen","crossing_type":"EÜ über Tal","source":"DB InfraGO infrastructure data","source_url":"https://data.gov.de/suche/daten/infrastrukturdaten-der-db-infrago"}},{"type":"Feature","geometry":{"type":"LineString","coordinates":[[9.582403964557013,51.134210548087914],[9.583596813300451,51.13157242991417]]},"properties":{"kind":"rail_bridge","name":"EÜ - Hohlkasten Spannbeton  Kehrenbach-Talbrücke","length_m":315.0,"route":"1733","state":"Hessen","crossing_type":"EÜ über Tal","source":"DB InfraGO infrastructure data","source_url":"https://data.gov.de/suche/daten/infrastrukturdaten-der-db-infrago"}},{"type":"Feature","geometry":{"type":"LineString","coordinates":[[9.58649723006386,51.115760300903915],[9.586303723947228,51.11339997299326],[9.585582328517384,51.10851206827798]]},"properties":{"kind":"rail_bridge","name":"EÜ - Hohlkasten Spannbeton  Pfieffe-Talbrücke","length_m":831.0,"route":"1733","state":"Hessen","crossing_type":"EÜ über Tal","source":"DB InfraGO infrastructure data","source_url":"https://data.gov.de/suche/daten/infrastrukturdaten-der-db-infrago"}},{"type":"Feature","geometry":{"type":"LineString","coordinates":[[9.585501709574746,51.07467324957623],[9.58513718992698,51.07304345719845],[9.584660418115327,51.07127105594301],[9.583795288207693,51.06863042660157],[9.583118841921223,51.06688387028044],[9.582363900338613,51.0651503709768],[9.58071043543129,51.06185286361557]]},"properties":{"kind":"rail_bridge","name":"EÜ -Hohlkasten Spannbeton-  Fulda-Talbrücke-Morschen","length_m":1467.0,"route":"1733","state":"Hessen","crossing_type":"EÜ über Tal","source":"DB InfraGO infrastructure data","source_url":"https://data.gov.de/suche/daten/infrastrukturdaten-der-db-infrago"}},{"type":"Feature","geometry":{"type":"LineString","coordinates":[[9.573057450520793,51.035456889154034],[9.573248042456132,51.0336001990899],[9.573504184640198,51.03197684377969]]},"properties":{"kind":"rail_bridge","name":"EÜ -Hohlkasten Spannbeton-  Heidelbach-Talbrücke","length_m":400.0,"route":"1733","state":"Hessen","crossing_type":"EÜ über Tal","source":"DB InfraGO infrastructure data","source_url":"https://data.gov.de/suche/daten/infrastrukturdaten-der-db-infrago"}},{"type":"Feature","geometry":{"type":"LineString","coordinates":[[9.582071838858417,50.91270061941115],[9.582767470402061,50.909194805072396]]},"properties":{"kind":"rail_bridge","name":"EÜ -Hohlkasten, spannbeton-  Geisbachtal-Brücke + B 324","length_m":408.0,"route":"1733","state":"Hessen","crossing_type":"EÜ über Tal","source":"DB InfraGO infrastructure data","source_url":"https://data.gov.de/suche/daten/infrastrukturdaten-der-db-infrago"}},{"type":"Feature","geometry":{"type":"LineString","coordinates":[[9.58287841192426,50.908517471122906],[9.583257418751657,50.90578041932865]]},"properties":{"kind":"rail_bridge","name":"EÜ -Hohlkasten Spannbeton-  Erzebachtal, BAB A7","length_m":320.0,"route":"1733","state":"Hessen","crossing_type":"EÜ über Tal","source":"DB InfraGO infrastructure data","source_url":"https://data.gov.de/suche/daten/infrastrukturdaten-der-db-infrago"}},{"type":"Feature","geometry":{"type":"LineString","coordinates":[[9.58470143174375,50.894649164974794],[9.584786566888926,50.893992893230454]]},"properties":{"kind":"rail_bridge","name":"EÜ -Hohlkasten Spannbeton-  Eckertsröder-Talbrücke","length_m":86.0,"route":"1733","state":"Hessen","crossing_type":"EÜ über Tal","source":"DB InfraGO infrastructure data","source_url":"https://data.gov.de/suche/daten/infrastrukturdaten-der-db-infrago"}},{"type":"Feature","geometry":{"type":"LineString","coordinates":[[9.589488349473426,50.85779145014212],[9.58976110154255,50.85617023343104],[9.590164166646185,50.85439083164064],[9.591119288277797,50.85111527818858]]},"properties":{"kind":"rail_bridge","name":"EÜ -Hohlkasten Spannbeton-  Wälsebachtal-Brücke","length_m":733.0,"route":"1733","state":"Hessen","crossing_type":"EÜ über Tal","source":"DB InfraGO infrastructure data","source_url":"https://data.gov.de/suche/daten/infrastrukturdaten-der-db-infrago"}},{"type":"Feature","geometry":{"type":"LineString","coordinates":[[9.586002443822286,50.80229852195457],[9.586205871040594,50.80117439021503],[9.58665736341974,50.79927458806145]]},"properties":{"kind":"rail_bridge","name":"EÜ - Hohlkasten Spannbeton  Hattenbach-Talbrücke + K 31","length_m":320.0,"route":"1733","state":"Hessen","crossing_type":"EÜ über Tal","source":"DB InfraGO infrastructure data","source_url":"https://data.gov.de/suche/daten/infrastrukturdaten-der-db-infrago"}},{"type":"Feature","geometry":{"type":"LineString","coordinates":[[9.608033841467334,50.73826365215827],[9.608021826958163,50.73704348191549],[9.608072070209875,50.73569557340057],[9.608184861629,50.73434917638555],[9.60843214100285,50.73255829955759],[9.608643711355281,50.73145423235119]]},"properties":{"kind":"rail_bridge","name":"EÜ - Hohlkasten Spannbeton  Schwarzbachtalbrücke","length_m":760.0,"route":"1733","state":"Hessen","crossing_type":"EÜ über Tal","source":"DB InfraGO infrastructure data","source_url":"https://data.gov.de/suche/daten/infrastrukturdaten-der-db-infrago"}},{"type":"Feature","geometry":{"type":"LineString","coordinates":[[9.622880118288878,50.6787832216591],[9.623977883140142,50.67687271389761],[9.625609290597612,50.67438345315311],[9.62680473549625,50.67275405442636],[9.628584698864021,50.67056187116248]]},"properties":{"kind":"rail_bridge","name":"EÜ -Hohlkasten Spannbeton-  Rombachtalbrücke + L 3176","length_m":1005.0,"route":"1733","state":"Hessen","crossing_type":"EÜ über Tal","source":"DB InfraGO infrastructure data","source_url":"https://data.gov.de/suche/daten/infrastrukturdaten-der-db-infrago"}},{"type":"Feature","geometry":{"type":"LineString","coordinates":[[9.670142082952095,50.506130575916],[9.669464693204757,50.505222290528394]]},"properties":{"kind":"rail_bridge","name":"KRBW Fulda Süd  Str. 3600 GeRi","length_m":115.0,"route":"1733","state":"Hessen","crossing_type":"EÜ über DBAG-Gleise","source":"DB InfraGO infrastructure data","source_url":"https://data.gov.de/suche/daten/infrastrukturdaten-der-db-infrago"}},{"type":"Feature","geometry":{"type":"LineString","coordinates":[[9.667740341002862,50.50291019905206],[9.666272356761619,50.50094074333303]]},"properties":{"kind":"rail_bridge","name":"EÜ -Spannbetonbrücke-  Fliedebrücke","length_m":246.0,"route":"1733","state":"Hessen","crossing_type":"EÜ über Tal","source":"DB InfraGO infrastructure data","source_url":"https://data.gov.de/suche/daten/infrastrukturdaten-der-db-infrago"}},{"type":"Feature","geometry":{"type":"LineString","coordinates":[[9.657684442669785,50.48294799685547],[9.657684441011131,50.48294798792882]]},"properties":{"kind":"rail_bridge","name":"EÜ -Spannbetonbrücke-  nördl. Fliedetalbrücke","length_m":882.0,"route":"1733","state":"Hessen","crossing_type":"EÜ über Tal","source":"DB InfraGO infrastructure data","source_url":"https://data.gov.de/suche/daten/infrastrukturdaten-der-db-infrago"}},{"type":"Feature","geometry":{"type":"LineString","coordinates":[[9.656798495051353,50.473753245578166],[9.656425400369828,50.46813009454157]]},"properties":{"kind":"rail_bridge","name":"EÜ -Hohlkasten Spannbeton-  südl. Fliedetalbrücke","length_m":630.0,"route":"1733","state":"Hessen","crossing_type":"EÜ über Tal","source":"DB InfraGO infrastructure data","source_url":"https://data.gov.de/suche/daten/infrastrukturdaten-der-db-infrago"}},{"type":"Feature","geometry":{"type":"LineString","coordinates":[[9.651492401107113,50.41123481047835],[9.651158633758326,50.40911033740286],[9.65101406115621,50.40780635396239]]},"properties":{"kind":"rail_bridge","name":"EÜ - Spannbetonbrücke  Talbrücke Kalbach","length_m":364.0,"route":"1733","state":"Hessen","crossing_type":"EÜ über Tal","source":"DB InfraGO infrastructure data","source_url":"https://data.gov.de/suche/daten/infrastrukturdaten-der-db-infrago"}},{"type":"Feature","geometry":{"type":"LineString","coordinates":[[9.663079180912776,50.309394642200274],[9.66338297881004,50.30704060119805],[9.663496147539432,50.305305449045406]]},"properties":{"kind":"rail_bridge","name":"EÜ -Spannbetonbrücke-  Sinntalbrücke Mottgers","length_m":427.0,"route":"1733","state":"Hessen","crossing_type":"EÜ über Tal","source":"DB InfraGO infrastructure data","source_url":"https://data.gov.de/suche/daten/infrastrukturdaten-der-db-infrago"}},{"type":"Feature","geometry":{"type":"LineString","coordinates":[[9.626676910387117,50.22638662664887],[9.62575940472395,50.22472954821446],[9.624920616655286,50.22305811470088]]},"properties":{"kind":"rail_bridge","name":"EÜ","length_m":398.0,"route":"1733","state":"Bayern","crossing_type":"EÜ als Hängebrücke","source":"DB InfraGO infrastructure data","source_url":"https://data.gov.de/suche/daten/infrastrukturdaten-der-db-infrago"}},{"type":"Feature","geometry":{"type":"LineString","coordinates":[[9.621565984562091,50.212009936782515],[9.621365522923986,50.210203088085315]]},"properties":{"kind":"rail_bridge","name":"Talbrücke Obersinn","length_m":178.0,"route":"1733","state":"Bayern","crossing_type":"EÜ über Tal","source":"DB InfraGO infrastructure data","source_url":"https://data.gov.de/suche/daten/infrastrukturdaten-der-db-infrago"}},{"type":"Feature","geometry":{"type":"LineString","coordinates":[[9.6220821830943,50.199664720221755],[9.622466853228149,50.19809693797189]]},"properties":{"kind":"rail_bridge","name":"Talbrücke Mittelsinn","length_m":153.0,"route":"1733","state":"Bayern","crossing_type":"EÜ über Tal","source":"DB InfraGO infrastructure data","source_url":"https://data.gov.de/suche/daten/infrastrukturdaten-der-db-infrago"}},{"type":"Feature","geometry":{"type":"LineString","coordinates":[[9.67333320350135,50.079056106245034],[9.673548245660704,50.075321963312284]]},"properties":{"kind":"rail_bridge","name":"EÜ Sinntalbr. Schaippach","length_m":443.0,"route":"1733","state":"Bayern","crossing_type":"EÜ über Tal","source":"DB InfraGO infrastructure data","source_url":"https://data.gov.de/suche/daten/infrastrukturdaten-der-db-infrago"}},{"type":"Feature","geometry":{"type":"LineString","coordinates":[[9.7789588422191,49.893409071403546],[9.781913349751276,49.891043120363385],[9.789203815894274,49.88494826049805]]},"properties":{"kind":"rail_bridge","name":"Talbrücke Bartelsgraben  km 311,777 - 312,943","length_m":1166.0,"route":"1733","state":"Bayern","crossing_type":"EÜ über Tal","source":"DB InfraGO infrastructure data","source_url":"https://data.gov.de/suche/daten/infrastrukturdaten-der-db-infrago"}},{"type":"Feature","geometry":{"type":"LineString","coordinates":[[9.792429068871648,49.88236526101118],[9.803520859534302,49.87384805930105]]},"properties":{"kind":"rail_bridge","name":"Talbrücke Leinachtal  km 313,314 - 314,562","length_m":1248.0,"route":"1733","state":"Bayern","crossing_type":"EÜ über Tal","source":"DB InfraGO infrastructure data","source_url":"https://data.gov.de/suche/daten/infrastrukturdaten-der-db-infrago"}},{"type":"Feature","geometry":{"type":"LineString","coordinates":[[9.902883187348321,49.808334699923186],[9.904227784910878,49.807575133302855]]},"properties":{"kind":"rail_bridge","name":"Dürrbachtalbrücke","length_m":128.0,"route":"1733","state":"Bayern","crossing_type":"EÜ über Landstraße II. Ordnung/Kreisstraße","source":"DB InfraGO infrastructure data","source_url":"https://data.gov.de/suche/daten/infrastrukturdaten-der-db-infrago"}},{"type":"Feature","geometry":{"type":"LineString","coordinates":[[9.239468282637324,52.89943653937242],[9.239420507051955,52.90030754745073]]},"properties":{"kind":"rail_bridge","name":"1740/84.188/1637  EÜ Wätern","length_m":111.0,"route":"1740","state":"Niedersachsen","crossing_type":"EÜ über Graben/Flutöffn. zeitw. Wasser","source":"DB InfraGO infrastructure data","source_url":"https://data.gov.de/suche/daten/infrastrukturdaten-der-db-infrago"}},{"type":"Feature","geometry":{"type":"LineString","coordinates":[[9.240441276338814,52.905635047802946],[9.241563474834988,52.9089212642329]]},"properties":{"kind":"rail_bridge","name":"1740/85.024/1633  EÜ Aller/Verden","length_m":386.0,"route":"1740","state":"Niedersachsen","crossing_type":"EÜ über natürlich schiffbaren Fluß","source":"DB InfraGO infrastructure data","source_url":"https://data.gov.de/suche/daten/infrastrukturdaten-der-db-infrago"}},{"type":"Feature","geometry":{"type":"LineString","coordinates":[[9.206857055685107,52.66484529014335],[9.205442481104336,52.66503365478646]]},"properties":{"kind":"rail_bridge","name":"E re. Flutbrücke Nienburg","length_m":118.0,"route":"1743","state":"Niedersachsen","crossing_type":"EÜ über Graben/Flutöffn. zeitw. Wasser","source":"DB InfraGO infrastructure data","source_url":"https://data.gov.de/suche/daten/infrastrukturdaten-der-db-infrago"}},{"type":"Feature","geometry":{"type":"LineString","coordinates":[[9.19442379565784,52.666410925208304],[9.192349531618575,52.66666224542682]]},"properties":{"kind":"rail_bridge","name":"EÜ Lohermarsch u. Feldweg","length_m":161.0,"route":"1743","state":"Niedersachsen","crossing_type":"EÜ über Graben/Flutöffn. zeitw. Wasser","source":"DB InfraGO infrastructure data","source_url":"https://data.gov.de/suche/daten/infrastrukturdaten-der-db-infrago"}},{"type":"Feature","geometry":{"type":"LineString","coordinates":[[9.18290432404558,52.66782143130756],[9.179522006958596,52.66825080215328]]},"properties":{"kind":"rail_bridge","name":"EÜ Weserstrombrücke","length_m":326.0,"route":"1743","state":"Niedersachsen","crossing_type":"EÜ über natürlich schiffbaren Fluß","source":"DB InfraGO infrastructure data","source_url":"https://data.gov.de/suche/daten/infrastrukturdaten-der-db-infrago"}},{"type":"Feature","geometry":{"type":"LineString","coordinates":[[9.171260806693908,52.66862719771044],[9.170037555803946,52.66839970314457]]},"properties":{"kind":"rail_bridge","name":"EÜ Weserflutbrücke","length_m":97.0,"route":"1743","state":"Niedersachsen","crossing_type":"EÜ über Graben/Flutöffn. zeitw. Wasser","source":"DB InfraGO infrastructure data","source_url":"https://data.gov.de/suche/daten/infrastrukturdaten-der-db-infrago"}},{"type":"Feature","geometry":{"type":"LineString","coordinates":[[9.558255335092015,52.3986955245754],[9.559836536833672,52.39832733836968]]},"properties":{"kind":"rail_bridge","name":"EÜ Mittellandkanal","length_m":117.0,"route":"1750","state":"Niedersachsen","crossing_type":"EÜ über künstliche Wasserstraße (Kanal)","source":"DB InfraGO infrastructure data","source_url":"https://data.gov.de/suche/daten/infrastrukturdaten-der-db-infrago"}},{"type":"Feature","geometry":{"type":"LineString","coordinates":[[9.659374319520955,52.39103394519686],[9.66047956171141,52.39051502875743]]},"properties":{"kind":"rail_bridge","name":"EÜ (Zweigkanal Linden)","length_m":97.0,"route":"1750","state":"Niedersachsen","crossing_type":"EÜ über künstliche Wasserstraße (Kanal)","source":"DB InfraGO infrastructure data","source_url":"https://data.gov.de/suche/daten/infrastrukturdaten-der-db-infrago"}},{"type":"Feature","geometry":{"type":"LineString","coordinates":[[9.848107492005274,52.37493449657191],[9.849351131905872,52.37501227547478]]},"properties":{"kind":"rail_bridge","name":"EÜ Mittellandkanal","length_m":86.0,"route":"1750","state":"Niedersachsen","crossing_type":"EÜ über künstliche Wasserstraße (Kanal)","source":"DB InfraGO infrastructure data","source_url":"https://data.gov.de/suche/daten/infrastrukturdaten-der-db-infrago"}},{"type":"Feature","geometry":{"type":"LineString","coordinates":[[9.730775412320328,52.351527646671656],[9.72917294432047,52.351844199196904]]},"properties":{"kind":"rail_bridge","name":"EÜ Ihme (Beeke) u. Radweg","length_m":123.0,"route":"1760","state":"Niedersachsen","crossing_type":"EÜ über anderen Wasserlauf","source":"DB InfraGO infrastructure data","source_url":"https://data.gov.de/suche/daten/infrastrukturdaten-der-db-infrago"}},{"type":"Feature","geometry":{"type":"LineString","coordinates":[[9.389470989579577,52.05333709338063],[9.387191389389686,52.051415716223126]]},"properties":{"kind":"rail_bridge","name":"EÜ Weser","length_m":265.0,"route":"1760","state":"Niedersachsen","crossing_type":"EÜ über natürlich schiffbaren Fluß","source":"DB InfraGO infrastructure data","source_url":"https://data.gov.de/suche/daten/infrastrukturdaten-der-db-infrago"}},{"type":"Feature","geometry":{"type":"LineString","coordinates":[[8.928848741942325,51.76475765745653],[8.927643965013946,51.7641080550709],[8.926527137546485,51.76333635386382],[8.925600656423907,51.76251591690863],[8.924769833935645,51.761552450796074]]},"properties":{"kind":"rail_bridge","name":"Beke Viadukt","length_m":482.0,"route":"1760","state":"Nordrhein-Westfalen","crossing_type":"EÜ über Tal","source":"DB InfraGO infrastructure data","source_url":"https://data.gov.de/suche/daten/infrastrukturdaten-der-db-infrago"}},{"type":"Feature","geometry":{"type":"LineString","coordinates":[[8.884154885054317,51.74855773391033],[8.881201055196732,51.74812553222162]]},"properties":{"kind":"rail_bridge","name":"Dunetal-Viadukt","length_m":226.0,"route":"1760","state":"Nordrhein-Westfalen","crossing_type":"EÜ über Tal","source":"DB InfraGO infrastructure data","source_url":"https://data.gov.de/suche/daten/infrastrukturdaten-der-db-infrago"}},{"type":"Feature","geometry":{"type":"LineString","coordinates":[[9.927930449564972,52.1565050578122],[9.926690127974554,52.156540546742974]]},"properties":{"kind":"rail_bridge","name":"EÜ Innerste","length_m":88.0,"route":"1770","state":"Niedersachsen","crossing_type":"EÜ über anderen Wasserlauf","source":"DB InfraGO infrastructure data","source_url":"https://data.gov.de/suche/daten/infrastrukturdaten-der-db-infrago"}},{"type":"Feature","geometry":{"type":"LineString","coordinates":[[9.847540967941756,52.16782850384522],[9.846458371315459,52.16814871456172]]},"properties":{"kind":"rail_bridge","name":"Kreuzungsbauwerk Emmerke","length_m":94.0,"route":"1770","state":"Niedersachsen","crossing_type":"EÜ über DBAG-Gleise","source":"DB InfraGO infrastructure data","source_url":"https://data.gov.de/suche/daten/infrastrukturdaten-der-db-infrago"}},{"type":"Feature","geometry":{"type":"LineString","coordinates":[[9.96498685478416,52.127652013609726],[9.965166768425526,52.126988286334715]]},"properties":{"kind":"rail_bridge","name":"EÜ (Innerste)","length_m":81.0,"route":"1773","state":"Niedersachsen","crossing_type":"EÜ über anderen Wasserlauf","source":"DB InfraGO infrastructure data","source_url":"https://data.gov.de/suche/daten/infrastrukturdaten-der-db-infrago"}},{"type":"Feature","geometry":{"type":"LineString","coordinates":[[10.200936339944578,52.09621420271377],[10.202232888038207,52.095736214695904]]},"properties":{"kind":"rail_bridge","name":"EÜ (Innerstebrücke)","length_m":104.0,"route":"1773","state":"Niedersachsen","crossing_type":"EÜ über anderen Wasserlauf","source":"DB InfraGO infrastructure data","source_url":"https://data.gov.de/suche/daten/infrastrukturdaten-der-db-infrago"}},{"type":"Feature","geometry":{"type":"LineString","coordinates":[[9.920990062842126,51.56879147792278],[9.920710204782148,51.56932164247283],[9.9204038537344,51.56972785528537],[9.920088618736568,51.570051529567834]]},"properties":{"kind":"rail_bridge","name":"Kreuzungsbauwerk","length_m":204.0,"route":"1801","state":"Niedersachsen","crossing_type":"EÜ über DBAG-Gleise","source":"DB InfraGO infrastructure data","source_url":"https://data.gov.de/suche/daten/infrastrukturdaten-der-db-infrago"}},{"type":"Feature","geometry":{"type":"LineString","coordinates":[[8.890982603249217,52.16756107481389],[8.888830131355519,52.165312037474905]]},"properties":{"kind":"rail_bridge","name":"EÜ (Weser)","length_m":292.0,"route":"1820","state":"Nordrhein-Westfalen","crossing_type":"EÜ über natürlich schiffbaren Fluß","source":"DB InfraGO infrastructure data","source_url":"https://data.gov.de/suche/daten/infrastrukturdaten-der-db-infrago"}},{"type":"Feature","geometry":{"type":"LineString","coordinates":[[8.856746864081089,52.18397016824501],[8.856307052234538,52.18463539058039]]},"properties":{"kind":"rail_bridge","name":"EÜ (B 514)","length_m":86.0,"route":"1820","state":"Nordrhein-Westfalen","crossing_type":"EÜ über Bundesstraße","source":"DB InfraGO infrastructure data","source_url":"https://data.gov.de/suche/daten/infrastrukturdaten-der-db-infrago"}},{"type":"Feature","geometry":{"type":"LineString","coordinates":[[10.699624181857924,52.27007242501198],[10.700870217760045,52.27038755452916]]},"properties":{"kind":"rail_bridge","name":"EÜ BAB 39","length_m":95.0,"route":"1900","state":"Niedersachsen","crossing_type":"EÜ über Autobahn","source":"DB InfraGO infrastructure data","source_url":"https://data.gov.de/suche/daten/infrastrukturdaten-der-db-infrago"}},{"type":"Feature","geometry":{"type":"LineString","coordinates":[[10.546232938122614,52.148904302817385],[10.54645593986706,52.1487068164563]]},"properties":{"kind":"rail_bridge","name":"SÜ Lange Straße","length_m":84.0,"route":"1901","state":"Niedersachsen","crossing_type":"EÜ über Landstraße I. Ordnung/Staatstraße","source":"DB InfraGO infrastructure data","source_url":"https://data.gov.de/suche/daten/infrastrukturdaten-der-db-infrago"}},{"type":"Feature","geometry":{"type":"LineString","coordinates":[[10.537572927797688,52.34521764359767],[10.53787295781467,52.34641796947687],[10.538079882149443,52.34760654471539]]},"properties":{"kind":"rail_bridge","name":"EÜ Mittellandkanal","length_m":268.0,"route":"1902","state":"Niedersachsen","crossing_type":"EÜ über künstliche Wasserstraße (Kanal)","source":"DB InfraGO infrastructure data","source_url":"https://data.gov.de/suche/daten/infrastrukturdaten-der-db-infrago"}},{"type":"Feature","geometry":{"type":"LineString","coordinates":[[10.573278325463923,52.25387944315989],[10.575232868433416,52.25473692143492]]},"properties":{"kind":"rail_bridge","name":"EÜ Kreuzungsbauwerk","length_m":108.0,"route":"1911","state":"Niedersachsen","crossing_type":"EÜ über DBAG-Gleise","source":"DB InfraGO infrastructure data","source_url":"https://data.gov.de/suche/daten/infrastrukturdaten-der-db-infrago"}},{"type":"Feature","geometry":{"type":"LineString","coordinates":[[9.989561219033938,51.868004928164936],[9.989349921317366,51.86802074644167]]},"properties":{"kind":"rail_bridge","name":"Talbrücke Gande","length_m":403.0,"route":"1940","state":"Niedersachsen","crossing_type":"EÜ über Tal","source":"DB InfraGO infrastructure data","source_url":"https://data.gov.de/suche/daten/infrastrukturdaten-der-db-infrago"}},{"type":"Feature","geometry":{"type":"LineString","coordinates":[[9.97199258787681,51.84493681329579],[9.971332618758554,51.84429551990812]]},"properties":{"kind":"rail_bridge","name":"EÜ Leineflutbrücke","length_m":86.0,"route":"1940","state":"Niedersachsen","crossing_type":"EÜ über Graben/Flutöffn. zeitw. Wasser","source":"DB InfraGO infrastructure data","source_url":"https://data.gov.de/suche/daten/infrastrukturdaten-der-db-infrago"}},{"type":"Feature","geometry":{"type":"LineString","coordinates":[[9.93339197874787,51.85618933914217],[9.932624842883854,51.85695389321383]]},"properties":{"kind":"rail_bridge","name":"EÜ Talbrücke B 64","length_m":100.0,"route":"1940","state":"Niedersachsen","crossing_type":"EÜ über Tal","source":"DB InfraGO infrastructure data","source_url":"https://data.gov.de/suche/daten/infrastrukturdaten-der-db-infrago"}},{"type":"Feature","geometry":{"type":"LineString","coordinates":[[9.683941347521532,51.89377637175617],[9.68331274907968,51.89333516760733]]},"properties":{"kind":"rail_bridge","name":"EÜ L 583","length_m":82.0,"route":"1940","state":"Niedersachsen","crossing_type":"EÜ über Landstraße I. Ordnung/Staatstraße","source":"DB InfraGO infrastructure data","source_url":"https://data.gov.de/suche/daten/infrastrukturdaten-der-db-infrago"}},{"type":"Feature","geometry":{"type":"LineString","coordinates":[[10.686737474017745,52.33706863747681],[10.686188785598345,52.339262731918446]]},"properties":{"kind":"rail_bridge","name":"EÜ Schuntertal","length_m":251.0,"route":"1956","state":"Niedersachsen","crossing_type":"EÜ über anderen Wasserlauf","source":"DB InfraGO infrastructure data","source_url":"https://data.gov.de/suche/daten/infrastrukturdaten-der-db-infrago"}},{"type":"Feature","geometry":{"type":"LineString","coordinates":[[10.690507787306727,52.421971470683175],[10.691690707624947,52.42232500765018]]},"properties":{"kind":"rail_bridge","name":"Kreuzungsbauwerk","length_m":90.0,"route":"1956","state":"Niedersachsen","crossing_type":"EÜ über DBAG-Gleise","source":"DB InfraGO infrastructure data","source_url":"https://data.gov.de/suche/daten/infrastrukturdaten-der-db-infrago"}},{"type":"Feature","geometry":{"type":"LineString","coordinates":[[10.647660420917765,52.642334135402834],[10.64851214273317,52.642894613971336]]},"properties":{"kind":"rail_bridge","name":"EÜ Elbe-Seitenkanal","length_m":85.0,"route":"1962","state":"Niedersachsen","crossing_type":"EÜ über künstliche Wasserstraße (Kanal)","source":"DB InfraGO infrastructure data","source_url":"https://data.gov.de/suche/daten/infrastrukturdaten-der-db-infrago"}},{"type":"Feature","geometry":{"type":"LineString","coordinates":[[7.41233972602091,51.7776181711977],[7.41119292762678,51.7782031141638]]},"properties":{"kind":"rail_bridge","name":"Dortmund-Ems-Kanal","length_m":108.0,"route":"2100","state":"Nordrhein-Westfalen","crossing_type":"EÜ über künstliche Wasserstraße (Kanal)","source":"DB InfraGO infrastructure data","source_url":"https://data.gov.de/suche/daten/infrastrukturdaten-der-db-infrago"}},{"type":"Feature","geometry":{"type":"LineString","coordinates":[[7.4918655683654745,51.542115874398355],[7.4930159586185825,51.54190111759865]]},"properties":{"kind":"rail_bridge","name":"Kreuzungsbauwerk","length_m":87.0,"route":"2101","state":"Nordrhein-Westfalen","crossing_type":"EÜ über DBAG-Gleise","source":"DB InfraGO infrastructure data","source_url":"https://data.gov.de/suche/daten/infrastrukturdaten-der-db-infrago"}},{"type":"Feature","geometry":{"type":"LineString","coordinates":[[7.659949580120863,51.53222708437083],[7.660840556489299,51.532552320074046]]},"properties":{"kind":"rail_bridge","name":"BAB 1","length_m":125.9,"route":"2103","state":"Nordrhein-Westfalen","crossing_type":"EÜ über Autobahn","source":"DB InfraGO infrastructure data","source_url":"https://data.gov.de/suche/daten/infrastrukturdaten-der-db-infrago"}},{"type":"Feature","geometry":{"type":"LineString","coordinates":[[7.404073984905576,51.512263764364505],[7.404579467677712,51.512382720452926]]},"properties":{"kind":"rail_bridge","name":"Kreuzungsbauwerk","length_m":217.0,"route":"2130","state":"Nordrhein-Westfalen","crossing_type":"EÜ über DBAG-Gleise","source":"DB InfraGO infrastructure data","source_url":"https://data.gov.de/suche/daten/infrastrukturdaten-der-db-infrago"}},{"type":"Feature","geometry":{"type":"LineString","coordinates":[[7.4362711733467,51.55257961064742],[7.43717733021658,51.55254616900473]]},"properties":{"kind":"rail_bridge","name":"Hardenbergbrücke","length_m":80.0,"route":"2132","state":"Nordrhein-Westfalen","crossing_type":"EÜ über künstliche Wasserstraße (Kanal)","source":"DB InfraGO infrastructure data","source_url":"https://data.gov.de/suche/daten/infrastrukturdaten-der-db-infrago"}},{"type":"Feature","geometry":{"type":"LineString","coordinates":[[7.436663723957042,51.55256512446648],[7.436663738346194,51.55256512393548]]},"properties":{"kind":"rail_bridge","name":"Rail bridge","length_m":80.0,"route":"2132","state":"Nordrhein-Westfalen","crossing_type":"EÜ über künstliche Wasserstraße (Kanal)","source":"DB InfraGO infrastructure data","source_url":"https://data.gov.de/suche/daten/infrastrukturdaten-der-db-infrago"}},{"type":"Feature","geometry":{"type":"LineString","coordinates":[[7.516776547053946,51.53765026435522],[7.518022060820574,51.53766651238608]]},"properties":{"kind":"rail_bridge","name":"EÜ B 236","length_m":104.0,"route":"2132","state":"Nordrhein-Westfalen","crossing_type":"EÜ über Bundesstraße","source":"DB InfraGO infrastructure data","source_url":"https://data.gov.de/suche/daten/infrastrukturdaten-der-db-infrago"}},{"type":"Feature","geometry":{"type":"LineString","coordinates":[[7.278198623586166,51.481651418811374],[7.279304304878038,51.48159898096042]]},"properties":{"kind":"rail_bridge","name":"BAB A43","length_m":80.0,"route":"2151","state":"Nordrhein-Westfalen","crossing_type":"EÜ über Autobahn","source":"DB InfraGO infrastructure data","source_url":"https://data.gov.de/suche/daten/infrastrukturdaten-der-db-infrago"}},{"type":"Feature","geometry":{"type":"LineString","coordinates":[[7.341433512459095,51.4854313256597],[7.342566778550768,51.48614036594687]]},"properties":{"kind":"rail_bridge","name":"Kreuzungsbauwerk","length_m":182.0,"route":"2151","state":"Nordrhein-Westfalen","crossing_type":"EÜ über DBAG-Gleise","source":"DB InfraGO infrastructure data","source_url":"https://data.gov.de/suche/daten/infrastrukturdaten-der-db-infrago"}},{"type":"Feature","geometry":{"type":"LineString","coordinates":[[7.213010765910361,51.47901678315555],[7.213010747539084,51.479016899356594]]},"properties":{"kind":"rail_bridge","name":"Stadtbögen","length_m":148.0,"route":"2153","state":"Nordrhein-Westfalen","crossing_type":"EÜ Überbrückungsreihe (Stadtbahnbögen)","source":"DB InfraGO infrastructure data","source_url":"https://data.gov.de/suche/daten/infrastrukturdaten-der-db-infrago"}},{"type":"Feature","geometry":{"type":"LineString","coordinates":[[7.21141537736588,51.48126540207329],[7.211415369138359,51.48126540938675]]},"properties":{"kind":"rail_bridge","name":"E Stadtbögen 28-35","length_m":102.0,"route":"2153","state":"Nordrhein-Westfalen","crossing_type":"EÜ Überbrückungsreihe (Stadtbahnbögen)","source":"DB InfraGO infrastructure data","source_url":"https://data.gov.de/suche/daten/infrastrukturdaten-der-db-infrago"}},{"type":"Feature","geometry":{"type":"LineString","coordinates":[[7.425173012171553,51.510174158505436],[7.426502491444814,51.51006042662823]]},"properties":{"kind":"rail_bridge","name":"Emscher und NS IX","length_m":96.0,"route":"2158","state":"Nordrhein-Westfalen","crossing_type":"EÜ über anderen Wasserlauf","source":"DB InfraGO infrastructure data","source_url":"https://data.gov.de/suche/daten/infrastrukturdaten-der-db-infrago"}},{"type":"Feature","geometry":{"type":"LineString","coordinates":[[7.014515844523559,51.45139078307053],[7.014515858759781,51.45139078427903]]},"properties":{"kind":"rail_bridge","name":"E Empfangshalle Essen","length_m":132.0,"route":"2160","state":"Nordrhein-Westfalen","crossing_type":"EÜ über nur Räume für DBAG-Zwecke","source":"DB InfraGO infrastructure data","source_url":"https://data.gov.de/suche/daten/infrastrukturdaten-der-db-infrago"}},{"type":"Feature","geometry":{"type":"LineString","coordinates":[[7.029851298428803,51.45615816446751],[7.031328572330682,51.45638137343145]]},"properties":{"kind":"rail_bridge","name":"Kreuzungsbauwerk","length_m":104.0,"route":"2160","state":"Nordrhein-Westfalen","crossing_type":"EÜ über DBAG-Gleise","source":"DB InfraGO infrastructure data","source_url":"https://data.gov.de/suche/daten/infrastrukturdaten-der-db-infrago"}},{"type":"Feature","geometry":{"type":"LineString","coordinates":[[7.023179087362006,51.430697060795175],[7.023179087243859,51.43069706978249]]},"properties":{"kind":"rail_bridge","name":"E Rohrdurchlass","length_m":86.0,"route":"2161","state":"Nordrhein-Westfalen","crossing_type":"EÜ über anderen Wasserlauf","source":"DB InfraGO infrastructure data","source_url":"https://data.gov.de/suche/daten/infrastrukturdaten-der-db-infrago"}},{"type":"Feature","geometry":{"type":"LineString","coordinates":[[7.015954657853047,51.45117888213021],[7.014572473076233,51.45103856548692]]},"properties":{"kind":"rail_bridge","name":"Essen Hbf Gleis 12","length_m":97.0,"route":"2161","state":"Nordrhein-Westfalen","crossing_type":"EÜ über nur Räume für DBAG-Zwecke","source":"DB InfraGO infrastructure data","source_url":"https://data.gov.de/suche/daten/infrastrukturdaten-der-db-infrago"}},{"type":"Feature","geometry":{"type":"LineString","coordinates":[[7.013331793024273,51.45094768411141],[7.012705074778137,51.4509065592969]]},"properties":{"kind":"rail_bridge","name":"Am Hauptbahnhof","length_m":84.0,"route":"2161","state":"Nordrhein-Westfalen","crossing_type":"EÜ über andere Straße/Weg KFZ-Verkehr","source":"DB InfraGO infrastructure data","source_url":"https://data.gov.de/suche/daten/infrastrukturdaten-der-db-infrago"}},{"type":"Feature","geometry":{"type":"LineString","coordinates":[[7.076593194146435,51.439278526209925],[7.07775413841336,51.44019829678598]]},"properties":{"kind":"rail_bridge","name":"EÜ Ruhrflut","length_m":130.0,"route":"2165","state":"Nordrhein-Westfalen","crossing_type":"EÜ über Graben/Flutöffn. zeitw. Wasser","source":"DB InfraGO infrastructure data","source_url":"https://data.gov.de/suche/daten/infrastrukturdaten-der-db-infrago"}},{"type":"Feature","geometry":{"type":"LineString","coordinates":[[7.080248388555996,51.44210504424006],[7.081354519835927,51.44300094463798]]},"properties":{"kind":"rail_bridge","name":"EÜ Ruhr","length_m":144.0,"route":"2165","state":"Nordrhein-Westfalen","crossing_type":"EÜ über anderen Wasserlauf","source":"DB InfraGO infrastructure data","source_url":"https://data.gov.de/suche/daten/infrastrukturdaten-der-db-infrago"}},{"type":"Feature","geometry":{"type":"LineString","coordinates":[[7.249683245922297,51.48442489725244],[7.2498809612870385,51.48447863219477]]},"properties":{"kind":"rail_bridge","name":"Buselohstraße","length_m":85.0,"route":"2190","state":"Nordrhein-Westfalen","crossing_type":"EÜ über DBAG-Gleise","source":"DB InfraGO infrastructure data","source_url":"https://data.gov.de/suche/daten/infrastrukturdaten-der-db-infrago"}},{"type":"Feature","geometry":{"type":"LineString","coordinates":[[7.27827408482123,51.48135361725024],[7.279384211194783,51.481266344046624]]},"properties":{"kind":"rail_bridge","name":"BAB A43","length_m":80.0,"route":"2190","state":"Nordrhein-Westfalen","crossing_type":"EÜ über Autobahn","source":"DB InfraGO infrastructure data","source_url":"https://data.gov.de/suche/daten/infrastrukturdaten-der-db-infrago"}},{"type":"Feature","geometry":{"type":"LineString","coordinates":[[7.3775034538639535,51.48880988186512],[7.385266024213365,51.488254822976536]]},"properties":{"kind":"rail_bridge","name":"Aufständerung Oespel","length_m":545.0,"route":"2190","state":"Nordrhein-Westfalen","crossing_type":"EÜ Überbrückungsreihe (Stadtbahnbögen)","source":"DB InfraGO infrastructure data","source_url":"https://data.gov.de/suche/daten/infrastrukturdaten-der-db-infrago"}},{"type":"Feature","geometry":{"type":"LineString","coordinates":[[7.459543982043834,51.51755117055326],[7.459543996111173,51.517551172481426]]},"properties":{"kind":"rail_bridge","name":"E Gleisbrücke 6","length_m":134.0,"route":"2190","state":"Nordrhein-Westfalen","crossing_type":"EÜ über Wege/Räume Reisende-Bstg.Zug.","source":"DB InfraGO infrastructure data","source_url":"https://data.gov.de/suche/daten/infrastrukturdaten-der-db-infrago"}},{"type":"Feature","geometry":{"type":"LineString","coordinates":[[7.415838507961025,51.51304212686336],[7.415838512820507,51.51304211837978]]},"properties":{"kind":"rail_bridge","name":"Mariannenstraße","length_m":86.0,"route":"2191","state":"Nordrhein-Westfalen","crossing_type":"EÜ über DBAG-Gleise","source":"DB InfraGO infrastructure data","source_url":"https://data.gov.de/suche/daten/infrastrukturdaten-der-db-infrago"}},{"type":"Feature","geometry":{"type":"LineString","coordinates":[[7.082595091643804,51.44446469820008],[7.082748718631168,51.445066767555396],[7.082727998049661,51.44551565637385],[7.0826097956920036,51.44595862704997],[7.082387548508106,51.446385728560294],[7.082068510661712,51.4467870243503],[7.081670372869513,51.447161535599186],[7.080293660361157,51.44812092913951]]},"properties":{"kind":"rail_bridge","name":"Verbindungskurve Steele","length_m":463.0,"route":"2193","state":"Nordrhein-Westfalen","crossing_type":"EÜ über Bundesstraße","source":"DB InfraGO infrastructure data","source_url":"https://data.gov.de/suche/daten/infrastrukturdaten-der-db-infrago"}},{"type":"Feature","geometry":{"type":"LineString","coordinates":[[7.216694282662834,51.475753573260725],[7.215812163719431,51.47555153521072],[7.2151027267792855,51.47555095682749],[7.2144076752627555,51.47567264426008],[7.213965108221451,51.475889880275986]]},"properties":{"kind":"rail_bridge","name":"Verbindungsbogen","length_m":205.0,"route":"2194","state":"Nordrhein-Westfalen","crossing_type":"EÜ über Bundesstraße","source":"DB InfraGO infrastructure data","source_url":"https://data.gov.de/suche/daten/infrastrukturdaten-der-db-infrago"}},{"type":"Feature","geometry":{"type":"LineString","coordinates":[[7.086251503737388,51.44525230650981],[7.0871037962408066,51.44484916706745]]},"properties":{"kind":"rail_bridge","name":"Bochumer Landstraße","length_m":86.0,"route":"2195","state":"Nordrhein-Westfalen","crossing_type":"EÜ über Landstraße II. Ordnung/Kreisstraße","source":"DB InfraGO infrastructure data","source_url":"https://data.gov.de/suche/daten/infrastrukturdaten-der-db-infrago"}},{"type":"Feature","geometry":{"type":"LineString","coordinates":[[7.1942410957952445,51.55481281730699],[7.194572798095471,51.55555201854121]]},"properties":{"kind":"rail_bridge","name":"Rhein-Herne-Kanal","length_m":82.0,"route":"2200","state":"Nordrhein-Westfalen","crossing_type":"EÜ über künstliche Wasserstraße (Kanal)","source":"DB InfraGO infrastructure data","source_url":"https://data.gov.de/suche/daten/infrastrukturdaten-der-db-infrago"}},{"type":"Feature","geometry":{"type":"LineString","coordinates":[[7.194690205813656,51.55585148839345],[7.194690208773664,51.5558514971626]]},"properties":{"kind":"rail_bridge","name":"E Abwasserkanal","length_m":104.0,"route":"2200","state":"Nordrhein-Westfalen","crossing_type":"EÜ über anderen Wasserlauf","source":"DB InfraGO infrastructure data","source_url":"https://data.gov.de/suche/daten/infrastrukturdaten-der-db-infrago"}},{"type":"Feature","geometry":{"type":"LineString","coordinates":[[7.201624332977279,51.60574195965157],[7.201624334149061,51.60574196861268]]},"properties":{"kind":"rail_bridge","name":"E Abwasserkanal","length_m":126.0,"route":"2200","state":"Nordrhein-Westfalen","crossing_type":"EÜ über anderen Wasserlauf","source":"DB InfraGO infrastructure data","source_url":"https://data.gov.de/suche/daten/infrastrukturdaten-der-db-infrago"}},{"type":"Feature","geometry":{"type":"LineString","coordinates":[[7.164176083060268,51.72302018729537],[7.164860686194848,51.72409560191944]]},"properties":{"kind":"rail_bridge","name":"Lippe","length_m":128.0,"route":"2200","state":"Nordrhein-Westfalen","crossing_type":"EÜ über anderen Wasserlauf","source":"DB InfraGO infrastructure data","source_url":"https://data.gov.de/suche/daten/infrastrukturdaten-der-db-infrago"}},{"type":"Feature","geometry":{"type":"LineString","coordinates":[[7.6447101250631855,51.967435899252855],[7.645501725187053,51.96816823163081]]},"properties":{"kind":"rail_bridge","name":"Bohlweg EG Niedersachsenring","length_m":98.0,"route":"2200","state":"Nordrhein-Westfalen","crossing_type":"EÜ über andere Straße/Weg KFZ-Verkehr","source":"DB InfraGO infrastructure data","source_url":"https://data.gov.de/suche/daten/infrastrukturdaten-der-db-infrago"}},{"type":"Feature","geometry":{"type":"LineString","coordinates":[[7.660788727669965,51.97950963947978],[7.661757454443974,51.980112028140205]]},"properties":{"kind":"rail_bridge","name":"Dortmund-Ems-Kanal","length_m":100.0,"route":"2200","state":"Nordrhein-Westfalen","crossing_type":"EÜ über künstliche Wasserstraße (Kanal)","source":"DB InfraGO infrastructure data","source_url":"https://data.gov.de/suche/daten/infrastrukturdaten-der-db-infrago"}},{"type":"Feature","geometry":{"type":"LineString","coordinates":[[8.291575861189607,52.33680953373013],[8.293071031096387,52.33717751247477]]},"properties":{"kind":"rail_bridge","name":"EÜ Mittellandkanal","length_m":112.0,"route":"2200","state":"Niedersachsen","crossing_type":"EÜ über künstliche Wasserstraße (Kanal)","source":"DB InfraGO infrastructure data","source_url":"https://data.gov.de/suche/daten/infrastrukturdaten-der-db-infrago"}},{"type":"Feature","geometry":{"type":"LineString","coordinates":[[8.87619270225119,53.021753709895364],[8.880673149240007,53.02440500917004]]},"properties":{"kind":"rail_bridge","name":"EÜ linke Weserflutbrücke","length_m":423.0,"route":"2200","state":"Niedersachsen","crossing_type":"EÜ über Graben/Flutöffn. zeitw. Wasser","source":"DB InfraGO infrastructure data","source_url":"https://data.gov.de/suche/daten/infrastrukturdaten-der-db-infrago"}},{"type":"Feature","geometry":{"type":"LineString","coordinates":[[8.880673149240007,53.02440500917004],[8.882631797165732,53.025563832436745]]},"properties":{"kind":"rail_bridge","name":"Weserstrombrücke","length_m":184.0,"route":"2200","state":"Bremen","crossing_type":"EÜ über natürlich schiffbaren Fluß","source":"DB InfraGO infrastructure data","source_url":"https://data.gov.de/suche/daten/infrastrukturdaten-der-db-infrago"}},{"type":"Feature","geometry":{"type":"LineString","coordinates":[[10.014729297286957,53.43641229508032],[10.014385377720318,53.43691133487839],[10.013744748246577,53.437699033977694]]},"properties":{"kind":"rail_bridge","name":"EÜ KRBW Rönneburg","length_m":155.0,"route":"2200","state":"Hamburg","crossing_type":"EÜ über DBAG-Gleise","source":"DB InfraGO infrastructure data","source_url":"https://data.gov.de/suche/daten/infrastrukturdaten-der-db-infrago"}},{"type":"Feature","geometry":{"type":"LineString","coordinates":[[9.997738438590991,53.471804463420646],[9.99925236873506,53.47473614395147]]},"properties":{"kind":"rail_bridge","name":"EÜ Süderelbe","length_m":344.0,"route":"2200","state":"Hamburg","crossing_type":"EÜ über natürlich schiffbaren Fluß","source":"DB InfraGO infrastructure data","source_url":"https://data.gov.de/suche/daten/infrastrukturdaten-der-db-infrago"}},{"type":"Feature","geometry":{"type":"LineString","coordinates":[[10.021495526216539,53.53173250200404],[10.023729326409788,53.53417075423948]]},"properties":{"kind":"rail_bridge","name":"EÜ Norderelbe","length_m":312.0,"route":"2200","state":"Hamburg","crossing_type":"EÜ über natürlich schiffbaren Fluß","source":"DB InfraGO infrastructure data","source_url":"https://data.gov.de/suche/daten/infrastrukturdaten-der-db-infrago"}},{"type":"Feature","geometry":{"type":"LineString","coordinates":[[10.024437389671194,53.537533772109605],[10.024437382974606,53.53753378015848]]},"properties":{"kind":"rail_bridge","name":"E Krbw Pfeilerb Neub.","length_m":122.0,"route":"2200","state":"Hamburg","crossing_type":"EÜ über DBAG-Gleise","source":"DB InfraGO infrastructure data","source_url":"https://data.gov.de/suche/daten/infrastrukturdaten-der-db-infrago"}},{"type":"Feature","geometry":{"type":"LineString","coordinates":[[10.006636391718818,53.544679740113494],[10.007006808816431,53.54570552316587]]},"properties":{"kind":"rail_bridge","name":"EÜ Oberhafenkanal","length_m":114.0,"route":"2200","state":"Hamburg","crossing_type":"EÜ über schiffbar gemachten Fluß","source":"DB InfraGO infrastructure data","source_url":"https://data.gov.de/suche/daten/infrastrukturdaten-der-db-infrago"}},{"type":"Feature","geometry":{"type":"LineString","coordinates":[[10.007427744292599,53.54703750596002],[10.007427746204968,53.54703751487073]]},"properties":{"kind":"rail_bridge","name":"EÜ Kasematten Altländerstraße","length_m":121.0,"route":"2200","state":"Hamburg","crossing_type":"EÜ Überbrückungsreihe (Stadtbahnbögen)","source":"DB InfraGO infrastructure data","source_url":"https://data.gov.de/suche/daten/infrastrukturdaten-der-db-infrago"}},{"type":"Feature","geometry":{"type":"LineString","coordinates":[[7.189495793691055,51.54194565576456],[7.189527026711978,51.54301693027575],[7.18936008047743,51.54398802604105]]},"properties":{"kind":"rail_bridge","name":"2201+2.185+1611","length_m":227.0,"route":"2201","state":"Nordrhein-Westfalen","crossing_type":"EÜ über Autobahn","source":"DB InfraGO infrastructure data","source_url":"https://data.gov.de/suche/daten/infrastrukturdaten-der-db-infrago"}},{"type":"Feature","geometry":{"type":"LineString","coordinates":[[7.377634332632379,51.51703314766636],[7.377634341598368,51.51703315470015]]},"properties":{"kind":"rail_bridge","name":"Rail bridge","length_m":80.0,"route":"2210","state":"Nordrhein-Westfalen","crossing_type":"EÜ über Landstraße I. Ordnung/Staatstraße","source":"DB InfraGO infrastructure data","source_url":"https://data.gov.de/suche/daten/infrastrukturdaten-der-db-infrago"}},{"type":"Feature","geometry":{"type":"LineString","coordinates":[[7.420565838232559,51.533286848871676],[7.421301283606834,51.532974213345206],[7.421808814099423,51.5326556998419],[7.4222390730952785,51.532294441243714],[7.422606599540111,51.531888448907324]]},"properties":{"kind":"rail_bridge","name":"Zechenbahn über DB","length_m":214.0,"route":"2210","state":"Nordrhein-Westfalen","crossing_type":"EÜ über DBAG-Gleise","source":"DB InfraGO infrastructure data","source_url":"https://data.gov.de/suche/daten/infrastrukturdaten-der-db-infrago"}},{"type":"Feature","geometry":{"type":"LineString","coordinates":[[7.206372618194224,51.53625913954506],[7.206422468716815,51.537375115857486]]},"properties":{"kind":"rail_bridge","name":"A43","length_m":120.0,"route":"2212","state":"Nordrhein-Westfalen","crossing_type":"EÜ über Bundesstraße","source":"DB InfraGO infrastructure data","source_url":"https://data.gov.de/suche/daten/infrastrukturdaten-der-db-infrago"}},{"type":"Feature","geometry":{"type":"LineString","coordinates":[[7.195650012831203,51.54413722411399],[7.195650164374259,51.544137172151565]]},"properties":{"kind":"rail_bridge","name":"BAB A42","length_m":161.0,"route":"2221","state":"Nordrhein-Westfalen","crossing_type":"EÜ über Autobahn","source":"DB InfraGO infrastructure data","source_url":"https://data.gov.de/suche/daten/infrastrukturdaten-der-db-infrago"}},{"type":"Feature","geometry":{"type":"LineString","coordinates":[[7.201299307491458,51.542431493274286],[7.202386160233325,51.542203000422134]]},"properties":{"kind":"rail_bridge","name":"BAB A 43","length_m":132.9,"route":"2221","state":"Nordrhein-Westfalen","crossing_type":"EÜ über Autobahn","source":"DB InfraGO infrastructure data","source_url":"https://data.gov.de/suche/daten/infrastrukturdaten-der-db-infrago"}},{"type":"Feature","geometry":{"type":"LineString","coordinates":[[7.018349222024052,51.558097703716044],[7.0172705454845214,51.55857763696381]]},"properties":{"kind":"rail_bridge","name":"Autobahn","length_m":101.0,"route":"2236","state":"Nordrhein-Westfalen","crossing_type":"EÜ über Autobahn","source":"DB InfraGO infrastructure data","source_url":"https://data.gov.de/suche/daten/infrastrukturdaten-der-db-infrago"}},{"type":"Feature","geometry":{"type":"LineString","coordinates":[[6.921759098260588,51.4950849401707],[6.921212561776673,51.49709852212212]]},"properties":{"kind":"rail_bridge","name":"Kanal/Emscher/Weg","length_m":230.0,"route":"2248","state":"Nordrhein-Westfalen","crossing_type":"EÜ über künstliche Wasserstraße (Kanal)","source":"DB InfraGO infrastructure data","source_url":"https://data.gov.de/suche/daten/infrastrukturdaten-der-db-infrago"}},{"type":"Feature","geometry":{"type":"LineString","coordinates":[[6.967671285993021,51.55275316012705],[6.967707534556719,51.553547747707064]]},"properties":{"kind":"rail_bridge","name":"BAB A2 Gladeck","length_m":84.0,"route":"2250","state":"Nordrhein-Westfalen","crossing_type":"EÜ über Autobahn","source":"DB InfraGO infrastructure data","source_url":"https://data.gov.de/suche/daten/infrastrukturdaten-der-db-infrago"}},{"type":"Feature","geometry":{"type":"LineString","coordinates":[[7.329970856569492,51.62652047312268],[7.330992239639336,51.62676289919154]]},"properties":{"kind":"rail_bridge","name":"Dortmund-Ems-Kanal","length_m":80.0,"route":"2250","state":"Nordrhein-Westfalen","crossing_type":"EÜ über künstliche Wasserstraße (Kanal)","source":"DB InfraGO infrastructure data","source_url":"https://data.gov.de/suche/daten/infrastrukturdaten-der-db-infrago"}},{"type":"Feature","geometry":{"type":"LineString","coordinates":[[7.450109070521039,51.619644899414574],[7.451263194082265,51.61946642328956]]},"properties":{"kind":"rail_bridge","name":"Datteln-Hamm Kanal","length_m":83.0,"route":"2250","state":"Nordrhein-Westfalen","crossing_type":"EÜ über künstliche Wasserstraße (Kanal)","source":"DB InfraGO infrastructure data","source_url":"https://data.gov.de/suche/daten/infrastrukturdaten-der-db-infrago"}},{"type":"Feature","geometry":{"type":"LineString","coordinates":[[6.935039447919042,51.5027351818237],[6.933841966113776,51.50300466846003]]},"properties":{"kind":"rail_bridge","name":"Emscher","length_m":91.0,"route":"2253","state":"Nordrhein-Westfalen","crossing_type":"EÜ über anderen Wasserlauf","source":"DB InfraGO infrastructure data","source_url":"https://data.gov.de/suche/daten/infrastrukturdaten-der-db-infrago"}},{"type":"Feature","geometry":{"type":"LineString","coordinates":[[6.92742576762706,51.50383274057236],[6.927425753475185,51.50383273886707]]},"properties":{"kind":"rail_bridge","name":"Kreuzungsbauwerk","length_m":100.0,"route":"2253","state":"Nordrhein-Westfalen","crossing_type":"EÜ über DBAG-Gleise","source":"DB InfraGO infrastructure data","source_url":"https://data.gov.de/suche/daten/infrastrukturdaten-der-db-infrago"}},{"type":"Feature","geometry":{"type":"LineString","coordinates":[[6.971560306579019,51.66603667564299],[6.971983308419011,51.667009680503355]]},"properties":{"kind":"rail_bridge","name":"Lippe","length_m":120.0,"route":"2273","state":"Nordrhein-Westfalen","crossing_type":"EÜ über anderen Wasserlauf","source":"DB InfraGO infrastructure data","source_url":"https://data.gov.de/suche/daten/infrastrukturdaten-der-db-infrago"}},{"type":"Feature","geometry":{"type":"LineString","coordinates":[[6.847894685888331,51.48286081090998],[6.847506610608913,51.48276371968413]]},"properties":{"kind":"rail_bridge","name":"Kreuzungsbauwerk","length_m":93.0,"route":"2278","state":"Nordrhein-Westfalen","crossing_type":"EÜ über DBAG-Gleise","source":"DB InfraGO infrastructure data","source_url":"https://data.gov.de/suche/daten/infrastrukturdaten-der-db-infrago"}},{"type":"Feature","geometry":{"type":"LineString","coordinates":[[6.8771492071498335,51.494299522816725],[6.87974150017384,51.493684213986775]]},"properties":{"kind":"rail_bridge","name":"Emscher u. Kanal","length_m":193.0,"route":"2280","state":"Nordrhein-Westfalen","crossing_type":"EÜ über künstliche Wasserstraße (Kanal)","source":"DB InfraGO infrastructure data","source_url":"https://data.gov.de/suche/daten/infrastrukturdaten-der-db-infrago"}},{"type":"Feature","geometry":{"type":"LineString","coordinates":[[6.9890714916452765,51.4527237102988],[6.989071504895214,51.45272370679998]]},"properties":{"kind":"rail_bridge","name":"E Abwasserkanal","length_m":90.0,"route":"2300","state":"Nordrhein-Westfalen","crossing_type":"EÜ über anderen Wasserlauf","source":"DB InfraGO infrastructure data","source_url":"https://data.gov.de/suche/daten/infrastrukturdaten-der-db-infrago"}},{"type":"Feature","geometry":{"type":"LineString","coordinates":[[6.798138929520395,51.4611971014216],[6.7993488780266125,51.46152311209501]]},"properties":{"kind":"rail_bridge","name":"Rhein-Herne-Kanal","length_m":91.0,"route":"2302","state":"Nordrhein-Westfalen","crossing_type":"EÜ über künstliche Wasserstraße (Kanal)","source":"DB InfraGO infrastructure data","source_url":"https://data.gov.de/suche/daten/infrastrukturdaten-der-db-infrago"}},{"type":"Feature","geometry":{"type":"LineString","coordinates":[[6.79833886749754,51.46125097423977],[6.798338880736731,51.46125097780702]]},"properties":{"kind":"rail_bridge","name":"E Rhein-Herne-Kanal.->","length_m":81.0,"route":"2302","state":"Nordrhein-Westfalen","crossing_type":"EÜ über künstliche Wasserstraße (Kanal)","source":"DB InfraGO infrastructure data","source_url":"https://data.gov.de/suche/daten/infrastrukturdaten-der-db-infrago"}},{"type":"Feature","geometry":{"type":"LineString","coordinates":[[6.7998984468289585,51.457466855582624],[6.799900927464201,51.45785966593144],[6.7997932817538,51.45830346885695],[6.799559698316667,51.45872794887915],[6.799046112519861,51.459277026721956]]},"properties":{"kind":"rail_bridge","name":"Blättchensweide","length_m":204.0,"route":"2307","state":"Nordrhein-Westfalen","crossing_type":"EÜ Überbrückungsreihe (Stadtbahnbögen)","source":"DB InfraGO infrastructure data","source_url":"https://data.gov.de/suche/daten/infrastrukturdaten-der-db-infrago"}},{"type":"Feature","geometry":{"type":"LineString","coordinates":[[6.798528074902474,51.45962731027137],[6.79788788957895,51.45992989547218],[6.796971998590302,51.46019253735504]]},"properties":{"kind":"rail_bridge","name":"Rhein-Herne-Kanal","length_m":112.0,"route":"2307","state":"Nordrhein-Westfalen","crossing_type":"EÜ über künstliche Wasserstraße (Kanal)","source":"DB InfraGO infrastructure data","source_url":"https://data.gov.de/suche/daten/infrastrukturdaten-der-db-infrago"}},{"type":"Feature","geometry":{"type":"LineString","coordinates":[[6.800560684317786,51.44490239124493],[6.801400448573273,51.44524092308505]]},"properties":{"kind":"rail_bridge","name":"BAB A40","length_m":81.0,"route":"2319","state":"Nordrhein-Westfalen","crossing_type":"EÜ über Autobahn","source":"DB InfraGO infrastructure data","source_url":"https://data.gov.de/suche/daten/infrastrukturdaten-der-db-infrago"}},{"type":"Feature","geometry":{"type":"LineString","coordinates":[[6.797691362739475,51.44827948623557],[6.797873801392358,51.45106343194017]]},"properties":{"kind":"rail_bridge","name":"Ruhrbrücke","length_m":294.0,"route":"2320","state":"Nordrhein-Westfalen","crossing_type":"EÜ über schiffbar gemachten Fluß","source":"DB InfraGO infrastructure data","source_url":"https://data.gov.de/suche/daten/infrastrukturdaten-der-db-infrago"}},{"type":"Feature","geometry":{"type":"LineString","coordinates":[[7.157244276201628,50.79819551168361],[7.156740886855058,50.796348505499786]]},"properties":{"kind":"rail_bridge","name":"Siegbrücke","length_m":210.0,"route":"2324","state":"Nordrhein-Westfalen","crossing_type":"EÜ über anderen Wasserlauf","source":"DB InfraGO infrastructure data","source_url":"https://data.gov.de/suche/daten/infrastrukturdaten-der-db-infrago"}},{"type":"Feature","geometry":{"type":"LineString","coordinates":[[7.443396856753334,50.44162928083871],[7.444288146477976,50.441084606577384]]},"properties":{"kind":"rail_bridge","name":"EÜ  Wied","length_m":99.0,"route":"2324","state":"Rheinland-Pfalz","crossing_type":"EÜ über schiffbar gemachten Fluß","source":"DB InfraGO infrastructure data","source_url":"https://data.gov.de/suche/daten/infrastrukturdaten-der-db-infrago"}},{"type":"Feature","geometry":{"type":"LineString","coordinates":[[7.61675989605007,50.392163999062866],[7.616759899936393,50.392163990443336]]},"properties":{"kind":"rail_bridge","name":"EÜ  Viadukt","length_m":785.0,"route":"2324","state":"Rheinland-Pfalz","crossing_type":"EÜ Überbrückungsreihe (Stadtbahnbögen)","source":"DB InfraGO infrastructure data","source_url":"https://data.gov.de/suche/daten/infrastrukturdaten-der-db-infrago"}},{"type":"Feature","geometry":{"type":"LineString","coordinates":[[6.675611960084266,51.47770797848683],[6.688268011096042,51.480026680377435]]},"properties":{"kind":"rail_bridge","name":"Rheinbrücke Baerl","length_m":917.0,"route":"2331","state":"Nordrhein-Westfalen","crossing_type":"EÜ über natürlich schiffbaren Fluß","source":"DB InfraGO infrastructure data","source_url":"https://data.gov.de/suche/daten/infrastrukturdaten-der-db-infrago"}},{"type":"Feature","geometry":{"type":"LineString","coordinates":[[6.799050445021261,51.2242416872414],[6.7991802370489225,51.2247308401505]]},"properties":{"kind":"rail_bridge","name":"Kreuzungsbauwerk","length_m":148.0,"route":"2400","state":"Nordrhein-Westfalen","crossing_type":"EÜ über DBAG-Gleise","source":"DB InfraGO infrastructure data","source_url":"https://data.gov.de/suche/daten/infrastrukturdaten-der-db-infrago"}},{"type":"Feature","geometry":{"type":"LineString","coordinates":[[6.794829030739783,51.26289886819552],[6.795931747135511,51.26301773331905]]},"properties":{"kind":"rail_bridge","name":"Nördl. Zubringer B1","length_m":80.0,"route":"2400","state":"Nordrhein-Westfalen","crossing_type":"EÜ über Bundesstraße","source":"DB InfraGO infrastructure data","source_url":"https://data.gov.de/suche/daten/infrastrukturdaten-der-db-infrago"}},{"type":"Feature","geometry":{"type":"LineString","coordinates":[[6.94088398278732,51.35713446785821],[6.943798401360092,51.358670618741]]},"properties":{"kind":"rail_bridge","name":"Ruhr und Werdener Straße","length_m":271.0,"route":"2400","state":"Nordrhein-Westfalen","crossing_type":"EÜ über schiffbar gemachten Fluß","source":"DB InfraGO infrastructure data","source_url":"https://data.gov.de/suche/daten/infrastrukturdaten-der-db-infrago"}},{"type":"Feature","geometry":{"type":"LineString","coordinates":[[7.1601199376398545,51.399869224363016],[7.162490804577634,51.40017550128495]]},"properties":{"kind":"rail_bridge","name":"Ruhrbrücke","length_m":170.0,"route":"2400","state":"Nordrhein-Westfalen","crossing_type":"EÜ über anderen Wasserlauf","source":"DB InfraGO infrastructure data","source_url":"https://data.gov.de/suche/daten/infrastrukturdaten-der-db-infrago"}},{"type":"Feature","geometry":{"type":"LineString","coordinates":[[7.346100758339421,51.422918050636135],[7.34622080678383,51.42286459230923]]},"properties":{"kind":"rail_bridge","name":"Ruhr und Wetterstraße","length_m":716.0,"route":"2400","state":"Nordrhein-Westfalen","crossing_type":"EÜ über Tal","source":"DB InfraGO infrastructure data","source_url":"https://data.gov.de/suche/daten/infrastrukturdaten-der-db-infrago"}},{"type":"Feature","geometry":{"type":"LineString","coordinates":[[7.450842870886052,51.38726641575794],[7.45084288144283,51.38726640960505]]},"properties":{"kind":"rail_bridge","name":"Volme","length_m":80.0,"route":"2400","state":"Nordrhein-Westfalen","crossing_type":"EÜ über anderen Wasserlauf","source":"DB InfraGO infrastructure data","source_url":"https://data.gov.de/suche/daten/infrastrukturdaten-der-db-infrago"}},{"type":"Feature","geometry":{"type":"LineString","coordinates":[[7.396255575594582,51.341798853929035],[7.396255589879995,51.341798853344095]]},"properties":{"kind":"rail_bridge","name":"Rail bridge","length_m":100.0,"route":"2423","state":"Nordrhein-Westfalen","crossing_type":"EÜ über andere Straße/Weg KFZ-Verkehr","source":"DB InfraGO infrastructure data","source_url":"https://data.gov.de/suche/daten/infrastrukturdaten-der-db-infrago"}},{"type":"Feature","geometry":{"type":"LineString","coordinates":[[7.4339613294332665,51.40823562475256],[7.433995954376548,51.40845935760889],[7.433968343968166,51.409002581320784]]},"properties":{"kind":"rail_bridge","name":"Herdecker Bach B 54/B 234","length_m":82.0,"route":"2423","state":"Nordrhein-Westfalen","crossing_type":"EÜ über Bundesstraße","source":"DB InfraGO infrastructure data","source_url":"https://data.gov.de/suche/daten/infrastrukturdaten-der-db-infrago"}},{"type":"Feature","geometry":{"type":"LineString","coordinates":[[6.7354022116505465,51.406187583323465],[6.735674777584195,51.406236728154205]]},"properties":{"kind":"rail_bridge","name":"Flutbrücke","length_m":364.0,"route":"2505","state":"Nordrhein-Westfalen","crossing_type":"EÜ über Graben/Flutöffn. zeitw. Wasser","source":"DB InfraGO infrastructure data","source_url":"https://data.gov.de/suche/daten/infrastrukturdaten-der-db-infrago"}},{"type":"Feature","geometry":{"type":"LineString","coordinates":[[6.073301153272314,50.771095934856945],[6.073178963649684,50.772093255866686],[6.073247096065457,50.77307488155534]]},"properties":{"kind":"rail_bridge","name":"Lochnerstraße","length_m":228.0,"route":"2550","state":"Nordrhein-Westfalen","crossing_type":"EÜ über Tal","source":"DB InfraGO infrastructure data","source_url":"https://data.gov.de/suche/daten/infrastrukturdaten-der-db-infrago"}},{"type":"Feature","geometry":{"type":"LineString","coordinates":[[6.253226129098643,51.02182545505664],[6.254264774133036,51.02248888706186]]},"properties":{"kind":"rail_bridge","name":"Rurbrücke","length_m":83.0,"route":"2550","state":"Nordrhein-Westfalen","crossing_type":"EÜ über anderen Wasserlauf","source":"DB InfraGO infrastructure data","source_url":"https://data.gov.de/suche/daten/infrastrukturdaten-der-db-infrago"}},{"type":"Feature","geometry":{"type":"LineString","coordinates":[[6.700104783474354,51.21906739705401],[6.70086068438741,51.218411245930525]]},"properties":{"kind":"rail_bridge","name":"Erftkanal","length_m":94.0,"route":"2550","state":"Nordrhein-Westfalen","crossing_type":"EÜ über künstliche Wasserstraße (Kanal)","source":"DB InfraGO infrastructure data","source_url":"https://data.gov.de/suche/daten/infrastrukturdaten-der-db-infrago"}},{"type":"Feature","geometry":{"type":"LineString","coordinates":[[6.7218113960510175,51.206728891277926],[6.732912869056426,51.20900514280282]]},"properties":{"kind":"rail_bridge","name":"Rheinbrücke","length_m":844.0,"route":"2550","state":"Nordrhein-Westfalen","crossing_type":"EÜ über natürlich schiffbaren Fluß","source":"DB InfraGO infrastructure data","source_url":"https://data.gov.de/suche/daten/infrastrukturdaten-der-db-infrago"}},{"type":"Feature","geometry":{"type":"LineString","coordinates":[[7.071809535342834,51.23392349061837],[7.071809547060717,51.233923495782165]]},"properties":{"kind":"rail_bridge","name":"E Bstgzg W-Vohwinkel","length_m":80.0,"route":"2550","state":"Nordrhein-Westfalen","crossing_type":"EÜ über Wege/Räume Reisende-Bstg.Zug.","source":"DB InfraGO infrastructure data","source_url":"https://data.gov.de/suche/daten/infrastrukturdaten-der-db-infrago"}},{"type":"Feature","geometry":{"type":"LineString","coordinates":[[7.092268004687913,51.24057324066258],[7.0941292122848605,51.24061554801422]]},"properties":{"kind":"rail_bridge","name":"Sonnborner Kreuz","length_m":130.0,"route":"2550","state":"Nordrhein-Westfalen","crossing_type":"EÜ über Bundesstraße","source":"DB InfraGO infrastructure data","source_url":"https://data.gov.de/suche/daten/infrastrukturdaten-der-db-infrago"}},{"type":"Feature","geometry":{"type":"LineString","coordinates":[[7.10276053453918,51.24169562847402],[7.103808849925955,51.24200008742705]]},"properties":{"kind":"rail_bridge","name":"Talbrücke Sonnborn","length_m":96.0,"route":"2550","state":"Nordrhein-Westfalen","crossing_type":"EÜ über anderen Wasserlauf","source":"DB InfraGO infrastructure data","source_url":"https://data.gov.de/suche/daten/infrastrukturdaten-der-db-infrago"}},{"type":"Feature","geometry":{"type":"LineString","coordinates":[[7.490502339926589,51.41468723841668],[7.492853332245327,51.415817766945686]]},"properties":{"kind":"rail_bridge","name":"Ruhr","length_m":209.0,"route":"2550","state":"Nordrhein-Westfalen","crossing_type":"EÜ über anderen Wasserlauf","source":"DB InfraGO infrastructure data","source_url":"https://data.gov.de/suche/daten/infrastrukturdaten-der-db-infrago"}},{"type":"Feature","geometry":{"type":"LineString","coordinates":[[7.882461892310154,51.49597339494157],[7.883540912773641,51.49621162616871]]},"properties":{"kind":"rail_bridge","name":"Ruhr","length_m":84.0,"route":"2550","state":"Nordrhein-Westfalen","crossing_type":"EÜ über anderen Wasserlauf","source":"DB InfraGO infrastructure data","source_url":"https://data.gov.de/suche/daten/infrastrukturdaten-der-db-infrago"}},{"type":"Feature","geometry":{"type":"LineString","coordinates":[[8.056862257469513,51.40362579128495],[8.057486914968925,51.403580808335235],[8.058435576787916,51.403591425453]]},"properties":{"kind":"rail_bridge","name":"Ruhrtalbrücke","length_m":114.0,"route":"2550","state":"Nordrhein-Westfalen","crossing_type":"EÜ über Tal","source":"DB InfraGO infrastructure data","source_url":"https://data.gov.de/suche/daten/infrastrukturdaten-der-db-infrago"}},{"type":"Feature","geometry":{"type":"LineString","coordinates":[[8.10200299753201,51.395143583982644],[8.103302314142969,51.39497655945582]]},"properties":{"kind":"rail_bridge","name":"Ruhr","length_m":89.0,"route":"2550","state":"Nordrhein-Westfalen","crossing_type":"EÜ über anderen Wasserlauf","source":"DB InfraGO infrastructure data","source_url":"https://data.gov.de/suche/daten/infrastrukturdaten-der-db-infrago"}},{"type":"Feature","geometry":{"type":"LineString","coordinates":[[9.222654265331144,51.48574049833184],[9.224255828575275,51.486362491648634]]},"properties":{"kind":"rail_bridge","name":"Diemeltalbrücke  EÜ -Bruchsteingewölbe-","length_m":130.0,"route":"2550","state":"Nordrhein-Westfalen","crossing_type":"EÜ über Tal","source":"DB InfraGO infrastructure data","source_url":"https://data.gov.de/suche/daten/infrastrukturdaten-der-db-infrago"}},{"type":"Feature","geometry":{"type":"LineString","coordinates":[[6.074963120023422,50.776017831011735],[6.074674689661799,50.77554780948719],[6.074207334749052,50.775081880266924]]},"properties":{"kind":"rail_bridge","name":"Königstraße  Gewölbereihe Königs","length_m":98.0,"route":"2552","state":"Nordrhein-Westfalen","crossing_type":"EÜ über Tal","source":"DB InfraGO infrastructure data","source_url":"https://data.gov.de/suche/daten/infrastrukturdaten-der-db-infrago"}},{"type":"Feature","geometry":{"type":"LineString","coordinates":[[6.56639340805037,51.04703563029636],[6.5663014918037685,51.04768608908147]]},"properties":{"kind":"rail_bridge","name":"Kreisstraße 28","length_m":80.0,"route":"2580","state":"Nordrhein-Westfalen","crossing_type":"EÜ über Landstraße II. Ordnung/Kreisstraße","source":"DB InfraGO infrastructure data","source_url":"https://data.gov.de/suche/daten/infrastrukturdaten-der-db-infrago"}},{"type":"Feature","geometry":{"type":"LineString","coordinates":[[6.673421779186398,51.17903483268527],[6.673650702046625,51.17938669816729]]},"properties":{"kind":"rail_bridge","name":"EBR ü BAB A57","length_m":87.57,"route":"2580","state":"Nordrhein-Westfalen","crossing_type":"EÜ über Bundesstraße","source":"DB InfraGO infrastructure data","source_url":"https://data.gov.de/suche/daten/infrastrukturdaten-der-db-infrago"}},{"type":"Feature","geometry":{"type":"LineString","coordinates":[[6.957019006675611,50.9449910523022],[6.956773822030339,50.94516138918302]]},"properties":{"kind":"rail_bridge","name":"Ursulastraße  Eigelstein","length_m":89.0,"route":"2600","state":"Nordrhein-Westfalen","crossing_type":"EÜ über andere Straße/Weg KFZ-Verkehr","source":"DB InfraGO infrastructure data","source_url":"https://data.gov.de/suche/daten/infrastrukturdaten-der-db-infrago"}},{"type":"Feature","geometry":{"type":"LineString","coordinates":[[6.93858637670789,50.95421100149262],[6.937387488977923,50.95409267958385]]},"properties":{"kind":"rail_bridge","name":"Kreuzungsbauwerk","length_m":120.2,"route":"2600","state":"Nordrhein-Westfalen","crossing_type":"EÜ über DBAG-Gleise","source":"DB InfraGO infrastructure data","source_url":"https://data.gov.de/suche/daten/infrastrukturdaten-der-db-infrago"}},{"type":"Feature","geometry":{"type":"LineString","coordinates":[[6.467906842427567,50.801191610318796],[6.466876176156144,50.800893800043774]]},"properties":{"kind":"rail_bridge","name":"Über die Rur","length_m":82.0,"route":"2600","state":"Nordrhein-Westfalen","crossing_type":"EÜ über anderen Wasserlauf","source":"DB InfraGO infrastructure data","source_url":"https://data.gov.de/suche/daten/infrastrukturdaten-der-db-infrago"}},{"type":"Feature","geometry":{"type":"LineString","coordinates":[[6.116646531878759,50.770325069587955],[6.115582809266964,50.76975992516407]]},"properties":{"kind":"rail_bridge","name":"Gewölbereihe","length_m":90.0,"route":"2600","state":"Nordrhein-Westfalen","crossing_type":"EÜ über nur Räume für DBAG-Zwecke","source":"DB InfraGO infrastructure data","source_url":"https://data.gov.de/suche/daten/infrastrukturdaten-der-db-infrago"}},{"type":"Feature","geometry":{"type":"LineString","coordinates":[[6.098333569586834,50.76657106286341],[6.0951477769953195,50.76738235496615]]},"properties":{"kind":"rail_bridge","name":"Burtscheider Viadukt","length_m":255.0,"route":"2600","state":"Nordrhein-Westfalen","crossing_type":"EÜ über Tal","source":"DB InfraGO infrastructure data","source_url":"https://data.gov.de/suche/daten/infrastrukturdaten-der-db-infrago"}},{"type":"Feature","geometry":{"type":"LineString","coordinates":[[6.947817725783998,50.95425561311271],[6.946605938222152,50.95457911753868]]},"properties":{"kind":"rail_bridge","name":"Innere Kanalstraße","length_m":104.0,"route":"2610","state":"Nordrhein-Westfalen","crossing_type":"EÜ über andere Straße/Weg KFZ-Verkehr","source":"DB InfraGO infrastructure data","source_url":"https://data.gov.de/suche/daten/infrastrukturdaten-der-db-infrago"}},{"type":"Feature","geometry":{"type":"LineString","coordinates":[[6.867095981832883,50.96432519079426],[6.8668569001074795,50.964954457501584]]},"properties":{"kind":"rail_bridge","name":"Militärringstraße (Neu)","length_m":80.0,"route":"2611","state":"Nordrhein-Westfalen","crossing_type":"EÜ über Landstraße I. Ordnung/Staatstraße","source":"DB InfraGO infrastructure data","source_url":"https://data.gov.de/suche/daten/infrastrukturdaten-der-db-infrago"}},{"type":"Feature","geometry":{"type":"LineString","coordinates":[[6.942542233271597,50.95174497275175],[6.94252763782295,50.95184761280464]]},"properties":{"kind":"rail_bridge","name":"Kreuzungsbauwerk","length_m":87.0,"route":"2613","state":"Nordrhein-Westfalen","crossing_type":"EÜ über DBAG-Gleise","source":"DB InfraGO infrastructure data","source_url":"https://data.gov.de/suche/daten/infrastrukturdaten-der-db-infrago"}},{"type":"Feature","geometry":{"type":"LineString","coordinates":[[6.920216850377306,50.95197404355064],[6.920216580170115,50.95197403278419]]},"properties":{"kind":"rail_bridge","name":"Gewölbereihe 1-23","length_m":324.0,"route":"2613","state":"Nordrhein-Westfalen","crossing_type":"EÜ über nur Räume für DBAG-Zwecke","source":"DB InfraGO infrastructure data","source_url":"https://data.gov.de/suche/daten/infrastrukturdaten-der-db-infrago"}},{"type":"Feature","geometry":{"type":"LineString","coordinates":[[6.918370698219802,50.951870738608164],[6.915876721928024,50.951566475060595]]},"properties":{"kind":"rail_bridge","name":"Gewölbereihe 33-49","length_m":206.0,"route":"2613","state":"Nordrhein-Westfalen","crossing_type":"EÜ über nur Räume für DBAG-Zwecke","source":"DB InfraGO infrastructure data","source_url":"https://data.gov.de/suche/daten/infrastrukturdaten-der-db-infrago"}},{"type":"Feature","geometry":{"type":"LineString","coordinates":[[6.958659734891987,50.944003547936724],[6.958659726947082,50.94400355539146]]},"properties":{"kind":"rail_bridge","name":"E Breslauer Platz","length_m":327.0,"route":"2620","state":"Nordrhein-Westfalen","crossing_type":"EÜ über Wege/Räume Reisende-Bstg.Zug.","source":"DB InfraGO infrastructure data","source_url":"https://data.gov.de/suche/daten/infrastrukturdaten-der-db-infrago"}},{"type":"Feature","geometry":{"type":"LineString","coordinates":[[6.947965028527037,50.954627317284356],[6.9475795370628,50.954749134529685]]},"properties":{"kind":"rail_bridge","name":"Innere Kanalstraße","length_m":98.0,"route":"2620","state":"Nordrhein-Westfalen","crossing_type":"EÜ über andere Straße/Weg KFZ-Verkehr","source":"DB InfraGO infrastructure data","source_url":"https://data.gov.de/suche/daten/infrastrukturdaten-der-db-infrago"}},{"type":"Feature","geometry":{"type":"LineString","coordinates":[[6.9419250155933145,50.956837191991156],[6.941683402882095,50.957363960677526],[6.941625177392987,50.95799231823645]]},"properties":{"kind":"rail_bridge","name":"Am ehem.Bf Köln-Nippes","length_m":100.0,"route":"2620","state":"Nordrhein-Westfalen","crossing_type":"EÜ über nur Räume für DBAG-Zwecke","source":"DB InfraGO infrastructure data","source_url":"https://data.gov.de/suche/daten/infrastrukturdaten-der-db-infrago"}},{"type":"Feature","geometry":{"type":"LineString","coordinates":[[7.036108744449994,50.91560632664543],[7.037581350845423,50.91468680819411]]},"properties":{"kind":"rail_bridge","name":"Kreuzungsbauwerk","length_m":140.0,"route":"2621","state":"Nordrhein-Westfalen","crossing_type":"EÜ über DBAG-Gleise","source":"DB InfraGO infrastructure data","source_url":"https://data.gov.de/suche/daten/infrastrukturdaten-der-db-infrago"}},{"type":"Feature","geometry":{"type":"LineString","coordinates":[[6.941358946747835,50.95457126584948],[6.940244264246806,50.95449942721602]]},"properties":{"kind":"rail_bridge","name":"EÜ (Hornstraße)","length_m":80.0,"route":"2622","state":"Nordrhein-Westfalen","crossing_type":"EÜ über andere Straße/Weg KFZ-Verkehr","source":"DB InfraGO infrastructure data","source_url":"https://data.gov.de/suche/daten/infrastrukturdaten-der-db-infrago"}},{"type":"Feature","geometry":{"type":"LineString","coordinates":[[6.914930240791935,50.951230514975336],[6.912113126484643,50.950826504521544]]},"properties":{"kind":"rail_bridge","name":"Viadukte 50-78","length_m":182.0,"route":"2622","state":"Nordrhein-Westfalen","crossing_type":"EÜ über nur Räume für DBAG-Zwecke","source":"DB InfraGO infrastructure data","source_url":"https://data.gov.de/suche/daten/infrastrukturdaten-der-db-infrago"}},{"type":"Feature","geometry":{"type":"LineString","coordinates":[[6.959115331512223,50.94278096643734],[6.957035382833806,50.944777817605726]]},"properties":{"kind":"rail_bridge","name":"Stahlüberbau Gl.9","length_m":280.0,"route":"2630","state":"Nordrhein-Westfalen","crossing_type":"EÜ Überbrückungsreihe (Stadtbahnbögen)","source":"DB InfraGO infrastructure data","source_url":"https://data.gov.de/suche/daten/infrastrukturdaten-der-db-infrago"}},{"type":"Feature","geometry":{"type":"LineString","coordinates":[[6.958596038998939,50.94327516882682],[6.958596031131231,50.9432751763145]]},"properties":{"kind":"rail_bridge","name":"E Gleis 1 Köln Hbf","length_m":137.0,"route":"2630","state":"Nordrhein-Westfalen","crossing_type":"EÜ über nur Räume für DBAG-Zwecke","source":"DB InfraGO infrastructure data","source_url":"https://data.gov.de/suche/daten/infrastrukturdaten-der-db-infrago"}},{"type":"Feature","geometry":{"type":"LineString","coordinates":[[6.958588171289663,50.94328265650428],[6.9585881634219575,50.943282663991965]]},"properties":{"kind":"rail_bridge","name":"E Und Gepa Gleis 8","length_m":136.0,"route":"2630","state":"Nordrhein-Westfalen","crossing_type":"EÜ über nur Räume für DBAG-Zwecke","source":"DB InfraGO infrastructure data","source_url":"https://data.gov.de/suche/daten/infrastrukturdaten-der-db-infrago"}},{"type":"Feature","geometry":{"type":"LineString","coordinates":[[6.95761377500643,50.94421154515963],[6.957613767153124,50.94421155265198]]},"properties":{"kind":"rail_bridge","name":"E Gewölbereihe Gl.8","length_m":94.0,"route":"2630","state":"Nordrhein-Westfalen","crossing_type":"EÜ über nur Räume für DBAG-Zwecke","source":"DB InfraGO infrastructure data","source_url":"https://data.gov.de/suche/daten/infrastrukturdaten-der-db-infrago"}},{"type":"Feature","geometry":{"type":"LineString","coordinates":[[6.947592186383134,50.953856881806125],[6.947136553417563,50.95390183451293],[6.946429067994705,50.953892256930864],[6.945465228354404,50.95374865324917]]},"properties":{"kind":"rail_bridge","name":"A.d.Kanalstr. (NEU)","length_m":152.0,"route":"2630","state":"Nordrhein-Westfalen","crossing_type":"EÜ Überbrückungsreihe (Stadtbahnbögen)","source":"DB InfraGO infrastructure data","source_url":"https://data.gov.de/suche/daten/infrastrukturdaten-der-db-infrago"}},{"type":"Feature","geometry":{"type":"LineString","coordinates":[[7.59086516246981,50.36514130129574],[7.590381689394693,50.36246623227712]]},"properties":{"kind":"rail_bridge","name":"EÜ  Moselbrücke","length_m":320.0,"route":"2630","state":"Rheinland-Pfalz","crossing_type":"EÜ über schiffbar gemachten Fluß","source":"DB InfraGO infrastructure data","source_url":"https://data.gov.de/suche/daten/infrastrukturdaten-der-db-infrago"}},{"type":"Feature","geometry":{"type":"LineString","coordinates":[[6.850464406780596,50.7603885882026],[6.850328226092545,50.75970634406384]]},"properties":{"kind":"rail_bridge","name":"BAB A61","length_m":84.0,"route":"2631","state":"Nordrhein-Westfalen","crossing_type":"EÜ über Autobahn","source":"DB InfraGO infrastructure data","source_url":"https://data.gov.de/suche/daten/infrastrukturdaten-der-db-infrago"}},{"type":"Feature","geometry":{"type":"LineString","coordinates":[[6.978604618227665,50.91834092472568],[6.97860487256581,50.918340982362466]]},"properties":{"kind":"rail_bridge","name":"Südbrücke","length_m":647.0,"route":"2641","state":"Nordrhein-Westfalen","crossing_type":"EÜ über natürlich schiffbaren Fluß","source":"DB InfraGO infrastructure data","source_url":"https://data.gov.de/suche/daten/infrastrukturdaten-der-db-infrago"}},{"type":"Feature","geometry":{"type":"LineString","coordinates":[[6.986708449309504,50.93958602220289],[6.986902717763127,50.93961185184011]]},"properties":{"kind":"rail_bridge","name":"Kreuzungsbauwerk","length_m":110.0,"route":"2650","state":"Nordrhein-Westfalen","crossing_type":"EÜ über DBAG-Gleise","source":"DB InfraGO infrastructure data","source_url":"https://data.gov.de/suche/daten/infrastrukturdaten-der-db-infrago"}},{"type":"Feature","geometry":{"type":"LineString","coordinates":[[7.003799182678148,50.95371486436965],[7.004315263490926,50.95377659392053]]},"properties":{"kind":"rail_bridge","name":"Waldecker Straße","length_m":84.0,"route":"2650","state":"Nordrhein-Westfalen","crossing_type":"EÜ über DBAG-Gleise","source":"DB InfraGO infrastructure data","source_url":"https://data.gov.de/suche/daten/infrastrukturdaten-der-db-infrago"}},{"type":"Feature","geometry":{"type":"LineString","coordinates":[[6.794691121998721,51.21937965527932],[6.794691130715307,51.21937966240222]]},"properties":{"kind":"rail_bridge","name":"E Haupttunnel D-Hbf","length_m":98.0,"route":"2650","state":"Nordrhein-Westfalen","crossing_type":"EÜ über Wege/Räume Reisende-Bstg.Zug.","source":"DB InfraGO infrastructure data","source_url":"https://data.gov.de/suche/daten/infrastrukturdaten-der-db-infrago"}},{"type":"Feature","geometry":{"type":"LineString","coordinates":[[6.794699838591533,51.21938677816826],[6.7946998473081255,51.21938678529114]]},"properties":{"kind":"rail_bridge","name":"E Haupttunnel D-Hbf","length_m":98.0,"route":"2650","state":"Nordrhein-Westfalen","crossing_type":"EÜ über Wege/Räume Reisende-Bstg.Zug.","source":"DB InfraGO infrastructure data","source_url":"https://data.gov.de/suche/daten/infrastrukturdaten-der-db-infrago"}},{"type":"Feature","geometry":{"type":"LineString","coordinates":[[6.794725988386022,51.219408146831256],[6.794725997102622,51.21940815395414]]},"properties":{"kind":"rail_bridge","name":"P Haupttunnel D-Hbf","length_m":98.0,"route":"2650","state":"Nordrhein-Westfalen","crossing_type":"EÜ über Wege/Räume Reisende-Bstg.Zug.","source":"DB InfraGO infrastructure data","source_url":"https://data.gov.de/suche/daten/infrastrukturdaten-der-db-infrago"}},{"type":"Feature","geometry":{"type":"LineString","coordinates":[[6.794734704989553,51.219415269717686],[6.794734713706156,51.219415276840564]]},"properties":{"kind":"rail_bridge","name":"E Haupttunnel D-Hbf","length_m":98.0,"route":"2650","state":"Nordrhein-Westfalen","crossing_type":"EÜ über Wege/Räume Reisende-Bstg.Zug.","source":"DB InfraGO infrastructure data","source_url":"https://data.gov.de/suche/daten/infrastrukturdaten-der-db-infrago"}},{"type":"Feature","geometry":{"type":"LineString","coordinates":[[6.7947434215957525,51.21942239260346],[6.794743430312358,51.21942239972632]]},"properties":{"kind":"rail_bridge","name":"P Haupttunnel D-Hbf","length_m":100.0,"route":"2650","state":"Nordrhein-Westfalen","crossing_type":"EÜ über Wege/Räume Reisende-Bstg.Zug.","source":"DB InfraGO infrastructure data","source_url":"https://data.gov.de/suche/daten/infrastrukturdaten-der-db-infrago"}},{"type":"Feature","geometry":{"type":"LineString","coordinates":[[6.794752138204642,51.21942951548862],[6.79475214692125,51.219429522611506]]},"properties":{"kind":"rail_bridge","name":"E Haupttunnel D-Hbf","length_m":100.0,"route":"2650","state":"Nordrhein-Westfalen","crossing_type":"EÜ über Wege/Räume Reisende-Bstg.Zug.","source":"DB InfraGO infrastructure data","source_url":"https://data.gov.de/suche/daten/infrastrukturdaten-der-db-infrago"}},{"type":"Feature","geometry":{"type":"LineString","coordinates":[[6.794760854816198,51.219436638373146],[6.794760863532817,51.219436645496046]]},"properties":{"kind":"rail_bridge","name":"P Haupttunnel D-Hbf","length_m":100.0,"route":"2650","state":"Nordrhein-Westfalen","crossing_type":"EÜ über Wege/Räume Reisende-Bstg.Zug.","source":"DB InfraGO infrastructure data","source_url":"https://data.gov.de/suche/daten/infrastrukturdaten-der-db-infrago"}},{"type":"Feature","geometry":{"type":"LineString","coordinates":[[6.794769571430443,51.219443761257075],[6.794769580147058,51.21944376837992]]},"properties":{"kind":"rail_bridge","name":"E Haupttunnel D-Hbf","length_m":100.0,"route":"2650","state":"Nordrhein-Westfalen","crossing_type":"EÜ über Wege/Räume Reisende-Bstg.Zug.","source":"DB InfraGO infrastructure data","source_url":"https://data.gov.de/suche/daten/infrastrukturdaten-der-db-infrago"}},{"type":"Feature","geometry":{"type":"LineString","coordinates":[[6.7947782880473655,51.219450884140315],[6.7947782967639885,51.21945089126322]]},"properties":{"kind":"rail_bridge","name":"P Haupttunnel D-Hbf","length_m":98.0,"route":"2650","state":"Nordrhein-Westfalen","crossing_type":"EÜ über Wege/Räume Reisende-Bstg.Zug.","source":"DB InfraGO infrastructure data","source_url":"https://data.gov.de/suche/daten/infrastrukturdaten-der-db-infrago"}},{"type":"Feature","geometry":{"type":"LineString","coordinates":[[6.8377876583065875,51.461564625673994],[6.838590376267931,51.46224917976822]]},"properties":{"kind":"rail_bridge","name":"Kreuzungsbauwerk Str.2183 ","length_m":186.0,"route":"2650","state":"Nordrhein-Westfalen","crossing_type":"EÜ über DBAG-Gleise","source":"DB InfraGO infrastructure data","source_url":"https://data.gov.de/suche/daten/infrastrukturdaten-der-db-infrago"}},{"type":"Feature","geometry":{"type":"LineString","coordinates":[[6.843112425645213,51.466476294800614],[6.843112433358804,51.466476302383874]]},"properties":{"kind":"rail_bridge","name":"E Ehem. Krbw","length_m":80.0,"route":"2650","state":"Nordrhein-Westfalen","crossing_type":"EÜ über andere Straße/Weg KFZ-Verkehr","source":"DB InfraGO infrastructure data","source_url":"https://data.gov.de/suche/daten/infrastrukturdaten-der-db-infrago"}},{"type":"Feature","geometry":{"type":"LineString","coordinates":[[6.894446456902407,51.485207914550664],[6.894514408321436,51.48521524373242]]},"properties":{"kind":"rail_bridge","name":"ehem. Zechenbahn  Rad- und Fußwegüberführung","length_m":85.0,"route":"2650","state":"Nordrhein-Westfalen","crossing_type":"EÜ über DBAG-Gleise","source":"DB InfraGO infrastructure data","source_url":"https://data.gov.de/suche/daten/infrastrukturdaten-der-db-infrago"}},{"type":"Feature","geometry":{"type":"LineString","coordinates":[[7.1034430736573695,51.50506378763729],[7.103443087359427,51.50506379040443]]},"properties":{"kind":"rail_bridge","name":"E Parkhaus GE","length_m":100.0,"route":"2650","state":"Nordrhein-Westfalen","crossing_type":"EÜ über nur Räume für DBAG-Zwecke","source":"DB InfraGO infrastructure data","source_url":"https://data.gov.de/suche/daten/infrastrukturdaten-der-db-infrago"}},{"type":"Feature","geometry":{"type":"LineString","coordinates":[[7.437077952572402,51.51852123668994],[7.4370779650288,51.51852123217719]]},"properties":{"kind":"rail_bridge","name":"K Hüttenbahn","length_m":95.0,"route":"2650","state":"Nordrhein-Westfalen","crossing_type":"EÜ über DBAG-Gleise","source":"DB InfraGO infrastructure data","source_url":"https://data.gov.de/suche/daten/infrastrukturdaten-der-db-infrago"}},{"type":"Feature","geometry":{"type":"LineString","coordinates":[[7.684921429342111,51.594022803939374],[7.686222883112047,51.59451465982381]]},"properties":{"kind":"rail_bridge","name":"Straßenunterführung(BAB 1)","length_m":108.0,"route":"2650","state":"Nordrhein-Westfalen","crossing_type":"EÜ über Autobahn","source":"DB InfraGO infrastructure data","source_url":"https://data.gov.de/suche/daten/infrastrukturdaten-der-db-infrago"}},{"type":"Feature","geometry":{"type":"LineString","coordinates":[[7.702725867182732,51.60076328934844],[7.703461475900836,51.60104170643507]]},"properties":{"kind":"rail_bridge","name":"Straßenunterführung(BAB 2)","length_m":113.0,"route":"2650","state":"Nordrhein-Westfalen","crossing_type":"EÜ über Autobahn","source":"DB InfraGO infrastructure data","source_url":"https://data.gov.de/suche/daten/infrastrukturdaten-der-db-infrago"}},{"type":"Feature","geometry":{"type":"LineString","coordinates":[[7.176244120971605,50.80585706774515],[7.17740311163259,50.80548896439002]]},"properties":{"kind":"rail_bridge","name":"Aggerbrücke","length_m":102.0,"route":"2651","state":"Nordrhein-Westfalen","crossing_type":"EÜ über anderen Wasserlauf","source":"DB InfraGO infrastructure data","source_url":"https://data.gov.de/suche/daten/infrastrukturdaten-der-db-infrago"}},{"type":"Feature","geometry":{"type":"LineString","coordinates":[[7.222047311990439,50.784175642213796],[7.223853441421534,50.7836566413965]]},"properties":{"kind":"rail_bridge","name":"EBR ü.Sieg","length_m":152.0,"route":"2651","state":"Nordrhein-Westfalen","crossing_type":"EÜ über anderen Wasserlauf","source":"DB InfraGO infrastructure data","source_url":"https://data.gov.de/suche/daten/infrastrukturdaten-der-db-infrago"}},{"type":"Feature","geometry":{"type":"LineString","coordinates":[[7.256798064095644,50.77733758685243],[7.257827559705215,50.7771898493722]]},"properties":{"kind":"rail_bridge","name":"BAB A 560","length_m":88.0,"route":"2651","state":"Nordrhein-Westfalen","crossing_type":"EÜ über Autobahn","source":"DB InfraGO infrastructure data","source_url":"https://data.gov.de/suche/daten/infrastrukturdaten-der-db-infrago"}},{"type":"Feature","geometry":{"type":"LineString","coordinates":[[7.285161951261946,50.773241842347275],[7.285161965089432,50.7732418403461]]},"properties":{"kind":"rail_bridge","name":"??Bf Hennef,Bahnsteig","length_m":3832.0,"route":"2651","state":"Nordrhein-Westfalen","crossing_type":"EÜ über Rad-/Fußweg","source":"DB InfraGO infrastructure data","source_url":"https://data.gov.de/suche/daten/infrastrukturdaten-der-db-infrago"}},{"type":"Feature","geometry":{"type":"LineString","coordinates":[[7.355890227338551,50.7676012826676],[7.3574700629032606,50.76769236296135]]},"properties":{"kind":"rail_bridge","name":"Sieg","length_m":120.0,"route":"2651","state":"Nordrhein-Westfalen","crossing_type":"EÜ über anderen Wasserlauf","source":"DB InfraGO infrastructure data","source_url":"https://data.gov.de/suche/daten/infrastrukturdaten-der-db-infrago"}},{"type":"Feature","geometry":{"type":"LineString","coordinates":[[7.364909209616817,50.77174816871561],[7.36570878002627,50.77261869877457]]},"properties":{"kind":"rail_bridge","name":"EBR bei Auel","length_m":120.0,"route":"2651","state":"Nordrhein-Westfalen","crossing_type":"EÜ über anderen Wasserlauf","source":"DB InfraGO infrastructure data","source_url":"https://data.gov.de/suche/daten/infrastrukturdaten-der-db-infrago"}},{"type":"Feature","geometry":{"type":"LineString","coordinates":[[7.381250868007545,50.77278004681902],[7.3824200872769845,50.77215659381837]]},"properties":{"kind":"rail_bridge","name":"EBR bei Bülgenauel","length_m":121.0,"route":"2651","state":"Nordrhein-Westfalen","crossing_type":"EÜ über anderen Wasserlauf","source":"DB InfraGO infrastructure data","source_url":"https://data.gov.de/suche/daten/infrastrukturdaten-der-db-infrago"}},{"type":"Feature","geometry":{"type":"LineString","coordinates":[[7.397353663842307,50.77076743413898],[7.398629729759417,50.77141491361704]]},"properties":{"kind":"rail_bridge","name":"EBR ü. Sieg bei Merten","length_m":134.0,"route":"2651","state":"Nordrhein-Westfalen","crossing_type":"EÜ über anderen Wasserlauf","source":"DB InfraGO infrastructure data","source_url":"https://data.gov.de/suche/daten/infrastrukturdaten-der-db-infrago"}},{"type":"Feature","geometry":{"type":"LineString","coordinates":[[7.503689240417083,50.76249645026864],[7.5053733622170755,50.76216389482724]]},"properties":{"kind":"rail_bridge","name":"Sieg","length_m":134.0,"route":"2651","state":"Nordrhein-Westfalen","crossing_type":"EÜ über anderen Wasserlauf","source":"DB InfraGO infrastructure data","source_url":"https://data.gov.de/suche/daten/infrastrukturdaten-der-db-infrago"}},{"type":"Feature","geometry":{"type":"LineString","coordinates":[[7.518415349081299,50.77448969983421],[7.51760978524058,50.77537821945826]]},"properties":{"kind":"rail_bridge","name":"Sieg","length_m":125.0,"route":"2651","state":"Nordrhein-Westfalen","crossing_type":"EÜ über anderen Wasserlauf","source":"DB InfraGO infrastructure data","source_url":"https://data.gov.de/suche/daten/infrastrukturdaten-der-db-infrago"}},{"type":"Feature","geometry":{"type":"LineString","coordinates":[[7.524310296781786,50.79878655843338],[7.525189433383721,50.79974752724338]]},"properties":{"kind":"rail_bridge","name":"Siegbrücke","length_m":126.0,"route":"2651","state":"Nordrhein-Westfalen","crossing_type":"EÜ über anderen Wasserlauf","source":"DB InfraGO infrastructure data","source_url":"https://data.gov.de/suche/daten/infrastrukturdaten-der-db-infrago"}},{"type":"Feature","geometry":{"type":"LineString","coordinates":[[7.595808944134355,50.80658480711542],[7.597087143911106,50.80642200128944]]},"properties":{"kind":"rail_bridge","name":"EÜ Sieg","length_m":113.0,"route":"2651","state":"Nordrhein-Westfalen","crossing_type":"EÜ über anderen Wasserlauf","source":"DB InfraGO infrastructure data","source_url":"https://data.gov.de/suche/daten/infrastrukturdaten-der-db-infrago"}},{"type":"Feature","geometry":{"type":"LineString","coordinates":[[7.604905245321862,50.80257140513239],[7.605353775069748,50.80163293254609]]},"properties":{"kind":"rail_bridge","name":"Sieg","length_m":131.0,"route":"2651","state":"Nordrhein-Westfalen","crossing_type":"EÜ über anderen Wasserlauf","source":"DB InfraGO infrastructure data","source_url":"https://data.gov.de/suche/daten/infrastrukturdaten-der-db-infrago"}},{"type":"Feature","geometry":{"type":"LineString","coordinates":[[7.610593734617784,50.7959669843885],[7.611965481523192,50.795559613680254]]},"properties":{"kind":"rail_bridge","name":"Sieg","length_m":141.0,"route":"2651","state":"Nordrhein-Westfalen","crossing_type":"EÜ über anderen Wasserlauf","source":"DB InfraGO infrastructure data","source_url":"https://data.gov.de/suche/daten/infrastrukturdaten-der-db-infrago"}},{"type":"Feature","geometry":{"type":"LineString","coordinates":[[7.620591815332556,50.79117257147554],[7.620989303155382,50.79021319871571]]},"properties":{"kind":"rail_bridge","name":"Sieg","length_m":136.0,"route":"2651","state":"Nordrhein-Westfalen","crossing_type":"EÜ über anderen Wasserlauf","source":"DB InfraGO infrastructure data","source_url":"https://data.gov.de/suche/daten/infrastrukturdaten-der-db-infrago"}},{"type":"Feature","geometry":{"type":"LineString","coordinates":[[7.661078829344136,50.775360585456106],[7.661933899196895,50.775951906186656]]},"properties":{"kind":"rail_bridge","name":"Sieg und Weg in Opsen","length_m":95.0,"route":"2651","state":"Rheinland-Pfalz","crossing_type":"EÜ über anderen Wasserlauf","source":"DB InfraGO infrastructure data","source_url":"https://data.gov.de/suche/daten/infrastrukturdaten-der-db-infrago"}},{"type":"Feature","geometry":{"type":"LineString","coordinates":[[7.672044640800243,50.78169977159257],[7.672044668442284,50.78169977569745]]},"properties":{"kind":"rail_bridge","name":"Sieg und Weg in Fürthen","length_m":98.0,"route":"2651","state":"Rheinland-Pfalz","crossing_type":"EÜ über anderen Wasserlauf","source":"DB InfraGO infrastructure data","source_url":"https://data.gov.de/suche/daten/infrastrukturdaten-der-db-infrago"}},{"type":"Feature","geometry":{"type":"LineString","coordinates":[[7.681401441034145,50.78157416376445],[7.682649830063354,50.78152582074558]]},"properties":{"kind":"rail_bridge","name":"Sieg","length_m":98.0,"route":"2651","state":"Rheinland-Pfalz","crossing_type":"EÜ über anderen Wasserlauf","source":"DB InfraGO infrastructure data","source_url":"https://data.gov.de/suche/daten/infrastrukturdaten-der-db-infrago"}},{"type":"Feature","geometry":{"type":"LineString","coordinates":[[7.682036073839527,50.7815496184734],[7.6820360880082745,50.781549617925364]]},"properties":{"kind":"rail_bridge","name":"Rail bridge","length_m":98.0,"route":"2651","state":"Rheinland-Pfalz","crossing_type":"EÜ über anderen Wasserlauf","source":"DB InfraGO infrastructure data","source_url":"https://data.gov.de/suche/daten/infrastrukturdaten-der-db-infrago"}},{"type":"Feature","geometry":{"type":"LineString","coordinates":[[7.7018903776956025,50.77837871589197],[7.703348638795557,50.77778800609867]]},"properties":{"kind":"rail_bridge","name":"Sieg","length_m":110.0,"route":"2651","state":"Rheinland-Pfalz","crossing_type":"EÜ über anderen Wasserlauf","source":"DB InfraGO infrastructure data","source_url":"https://data.gov.de/suche/daten/infrastrukturdaten-der-db-infrago"}},{"type":"Feature","geometry":{"type":"LineString","coordinates":[[7.019714187279575,50.9698705906001],[7.019649894985143,50.97004206823211]]},"properties":{"kind":"rail_bridge","name":"Kreuzungsbauwerk","length_m":89.0,"route":"2652","state":"Nordrhein-Westfalen","crossing_type":"EÜ über DBAG-Gleise","source":"DB InfraGO infrastructure data","source_url":"https://data.gov.de/suche/daten/infrastrukturdaten-der-db-infrago"}},{"type":"Feature","geometry":{"type":"LineString","coordinates":[[7.019635093797557,50.970081545160966],[7.019584691710689,50.97021597668548]]},"properties":{"kind":"rail_bridge","name":"Kreuzungsbauwerk","length_m":81.0,"route":"2652","state":"Nordrhein-Westfalen","crossing_type":"EÜ über DBAG-Gleise","source":"DB InfraGO infrastructure data","source_url":"https://data.gov.de/suche/daten/infrastrukturdaten-der-db-infrago"}},{"type":"Feature","geometry":{"type":"LineString","coordinates":[[7.017993032346078,50.98199316122846],[7.018048350678488,50.98236758949214]]},"properties":{"kind":"rail_bridge","name":"BAB A3","length_m":92.0,"route":"2652","state":"Nordrhein-Westfalen","crossing_type":"EÜ über Autobahn","source":"DB InfraGO infrastructure data","source_url":"https://data.gov.de/suche/daten/infrastrukturdaten-der-db-infrago"}},{"type":"Feature","geometry":{"type":"LineString","coordinates":[[6.99626249212815,50.94878474107226],[6.996913157376907,50.9495801654482]]},"properties":{"kind":"rail_bridge","name":"Karlsruher Straße","length_m":101.0,"route":"2653","state":"Nordrhein-Westfalen","crossing_type":"EÜ über andere Straße/Weg KFZ-Verkehr","source":"DB InfraGO infrastructure data","source_url":"https://data.gov.de/suche/daten/infrastrukturdaten-der-db-infrago"}},{"type":"Feature","geometry":{"type":"LineString","coordinates":[[7.266955733295778,50.91500984237851],[7.268058827383308,50.91544889244179]]},"properties":{"kind":"rail_bridge","name":"Kombachtalbrücke","length_m":92.0,"route":"2655","state":"Nordrhein-Westfalen","crossing_type":"EÜ über Tal","source":"DB InfraGO infrastructure data","source_url":"https://data.gov.de/suche/daten/infrastrukturdaten-der-db-infrago"}},{"type":"Feature","geometry":{"type":"LineString","coordinates":[[7.017840899440719,50.982119708903305],[7.0179256327074855,50.98246599916839]]},"properties":{"kind":"rail_bridge","name":"BAB A3","length_m":89.0,"route":"2659","state":"Nordrhein-Westfalen","crossing_type":"EÜ über Autobahn","source":"DB InfraGO infrastructure data","source_url":"https://data.gov.de/suche/daten/infrastrukturdaten-der-db-infrago"}},{"type":"Feature","geometry":{"type":"LineString","coordinates":[[6.989160709138466,50.95187626317026],[6.985794587779461,50.95088720341244]]},"properties":{"kind":"rail_bridge","name":"Gewölbereihe","length_m":262.0,"route":"2660","state":"Nordrhein-Westfalen","crossing_type":"EÜ Überbrückungsreihe (Stadtbahnbögen)","source":"DB InfraGO infrastructure data","source_url":"https://data.gov.de/suche/daten/infrastrukturdaten-der-db-infrago"}},{"type":"Feature","geometry":{"type":"LineString","coordinates":[[6.962798585539864,50.94154143734591],[6.968703301073172,50.941515447397364]]},"properties":{"kind":"rail_bridge","name":"Hohenzollernbrücke","length_m":417.0,"route":"2670","state":"Nordrhein-Westfalen","crossing_type":"EÜ über natürlich schiffbaren Fluß","source":"DB InfraGO infrastructure data","source_url":"https://data.gov.de/suche/daten/infrastrukturdaten-der-db-infrago"}},{"type":"Feature","geometry":{"type":"LineString","coordinates":[[6.982481775483019,50.940282939265714],[6.98248189759097,50.94028291535385]]},"properties":{"kind":"rail_bridge","name":"Deutzerfeld  über Drehscheibe","length_m":104.0,"route":"2670","state":"Nordrhein-Westfalen","crossing_type":"EÜ über DBAG-Gleise","source":"DB InfraGO infrastructure data","source_url":"https://data.gov.de/suche/daten/infrastrukturdaten-der-db-infrago"}},{"type":"Feature","geometry":{"type":"LineString","coordinates":[[6.995807630241095,50.948287882709586],[6.996045989926263,50.948636383803404]]},"properties":{"kind":"rail_bridge","name":"E Kreuzungsbauwerk Bw","length_m":90.0,"route":"2670","state":"Nordrhein-Westfalen","crossing_type":"EÜ über DBAG-Gleise","source":"DB InfraGO infrastructure data","source_url":"https://data.gov.de/suche/daten/infrastrukturdaten-der-db-infrago"}},{"type":"Feature","geometry":{"type":"LineString","coordinates":[[7.006437476055778,51.157631381139886],[7.007489678751755,51.157474578180015],[7.008558434542077,51.157499250870046]]},"properties":{"kind":"rail_bridge","name":"Neptunstraße","length_m":153.0,"route":"2675","state":"Nordrhein-Westfalen","crossing_type":"EÜ über andere Straße/Weg KFZ-Verkehr","source":"DB InfraGO infrastructure data","source_url":"https://data.gov.de/suche/daten/infrastrukturdaten-der-db-infrago"}},{"type":"Feature","geometry":{"type":"LineString","coordinates":[[7.123491722555739,51.16907514965505],[7.124405999210044,51.16792458659101]]},"properties":{"kind":"rail_bridge","name":"Windfelner Tal","length_m":144.0,"route":"2675","state":"Nordrhein-Westfalen","crossing_type":"EÜ über Tal","source":"DB InfraGO infrastructure data","source_url":"https://data.gov.de/suche/daten/infrastrukturdaten-der-db-infrago"}},{"type":"Feature","geometry":{"type":"LineString","coordinates":[[7.1308682470775295,51.161557519950016],[7.136599446226311,51.15913278747924]]},"properties":{"kind":"rail_bridge","name":"Müngstener Brücke","length_m":492.0,"route":"2675","state":"Nordrhein-Westfalen","crossing_type":"EÜ über Tal","source":"DB InfraGO infrastructure data","source_url":"https://data.gov.de/suche/daten/infrastrukturdaten-der-db-infrago"}},{"type":"Feature","geometry":{"type":"LineString","coordinates":[[7.260618654996769,50.69889734835806],[7.261860787195193,50.697939327857135]]},"properties":{"kind":"rail_bridge","name":"Hasenpohltalbrücke","length_m":130.0,"route":"2690","state":"Nordrhein-Westfalen","crossing_type":"EÜ über Tal","source":"DB InfraGO infrastructure data","source_url":"https://data.gov.de/suche/daten/infrastrukturdaten-der-db-infrago"}},{"type":"Feature","geometry":{"type":"LineString","coordinates":[[7.288570818591005,50.67514474782268],[7.290498071973945,50.674272247627954]]},"properties":{"kind":"rail_bridge","name":"EÜ Logebachtalbrücke","length_m":184.0,"route":"2690","state":"Nordrhein-Westfalen","crossing_type":"EÜ über Tal","source":"DB InfraGO infrastructure data","source_url":"https://data.gov.de/suche/daten/infrastrukturdaten-der-db-infrago"}},{"type":"Feature","geometry":{"type":"LineString","coordinates":[[7.31359800803503,50.66479322566383],[7.3152295140888945,50.66375159886977]]},"properties":{"kind":"rail_bridge","name":"EÜ Kochenbachtal","length_m":153.0,"route":"2690","state":"Nordrhein-Westfalen","crossing_type":"EÜ über Tal","source":"DB InfraGO infrastructure data","source_url":"https://data.gov.de/suche/daten/infrastrukturdaten-der-db-infrago"}},{"type":"Feature","geometry":{"type":"LineString","coordinates":[[7.360062438448076,50.63496604720326],[7.364399487730213,50.63334213370442]]},"properties":{"kind":"rail_bridge","name":"Talbrücke Fischerhaus","length_m":351.0,"route":"2690","state":"Rheinland-Pfalz","crossing_type":"EÜ über Tal","source":"DB InfraGO infrastructure data","source_url":"https://data.gov.de/suche/daten/infrastrukturdaten-der-db-infrago"}},{"type":"Feature","geometry":{"type":"LineString","coordinates":[[7.386583608023074,50.62506291339674],[7.391308591558487,50.62349946341151],[7.399387868183455,50.62113286729916]]},"properties":{"kind":"rail_bridge","name":"EÜ Hallerbachtalbrücke","length_m":1005.0,"route":"2690","state":"Rheinland-Pfalz","crossing_type":"EÜ über Tal","source":"DB InfraGO infrastructure data","source_url":"https://data.gov.de/suche/daten/infrastrukturdaten-der-db-infrago"}},{"type":"Feature","geometry":{"type":"LineString","coordinates":[[7.408853696454872,50.61836741827534],[7.411805328015628,50.61743622559392],[7.413939754190515,50.61667563331547]]},"properties":{"kind":"rail_bridge","name":"EÜ Wiedtalbrücke","length_m":404.0,"route":"2690","state":"Rheinland-Pfalz","crossing_type":"EÜ über Tal","source":"DB InfraGO infrastructure data","source_url":"https://data.gov.de/suche/daten/infrastrukturdaten-der-db-infrago"}},{"type":"Feature","geometry":{"type":"LineString","coordinates":[[7.482742760355685,50.57767173808698],[7.485894014174614,50.577026263408314]]},"properties":{"kind":"rail_bridge","name":"EÜ über Dasbachtal","length_m":233.0,"route":"2690","state":"Rheinland-Pfalz","crossing_type":"EÜ über Tal","source":"DB InfraGO infrastructure data","source_url":"https://data.gov.de/suche/daten/infrastrukturdaten-der-db-infrago"}},{"type":"Feature","geometry":{"type":"LineString","coordinates":[[7.689699795053721,50.51854153595601],[7.6905477543537835,50.518237360626806]]},"properties":{"kind":"rail_bridge","name":"EÜ  Talbrücke Kutscheid","length_m":83.0,"route":"2690","state":"Rheinland-Pfalz","crossing_type":"EÜ über Tal","source":"DB InfraGO infrastructure data","source_url":"https://data.gov.de/suche/daten/infrastrukturdaten-der-db-infrago"}},{"type":"Feature","geometry":{"type":"LineString","coordinates":[[7.885822924368693,50.430293334744476],[7.887335743539624,50.42929454880565]]},"properties":{"kind":"rail_bridge","name":"EÜ  Eisenbachtalbrücke","length_m":154.0,"route":"2690","state":"Rheinland-Pfalz","crossing_type":"EÜ über Tal","source":"DB InfraGO infrastructure data","source_url":"https://data.gov.de/suche/daten/infrastrukturdaten-der-db-infrago"}},{"type":"Feature","geometry":{"type":"LineString","coordinates":[[7.911312618731321,50.4175866132887],[7.914031643487163,50.41688963793672],[7.915880476152342,50.41647618073209]]},"properties":{"kind":"rail_bridge","name":"EÜ  Talbrücke Wiesengrund","length_m":351.0,"route":"2690","state":"Rheinland-Pfalz","crossing_type":"EÜ über Tal","source":"DB InfraGO infrastructure data","source_url":"https://data.gov.de/suche/daten/infrastrukturdaten-der-db-infrago"}},{"type":"Feature","geometry":{"type":"LineString","coordinates":[[8.050263605644053,50.4033980165692],[8.051904748042642,50.40334487107297]]},"properties":{"kind":"rail_bridge","name":"EÜ  Elbbach","length_m":113.0,"route":"2690","state":"Hessen","crossing_type":"EÜ über anderen Wasserlauf","source":"DB InfraGO infrastructure data","source_url":"https://data.gov.de/suche/daten/infrastrukturdaten-der-db-infrago"}},{"type":"Feature","geometry":{"type":"LineString","coordinates":[[8.149657818240442,50.357828136234474],[8.153576373990843,50.356824565975295],[8.156789917379026,50.35586561147724]]},"properties":{"kind":"rail_bridge","name":"EÜ  Wörsbachtalbrücke","length_m":542.0,"route":"2690","state":"Hessen","crossing_type":"EÜ über Tal","source":"DB InfraGO infrastructure data","source_url":"https://data.gov.de/suche/daten/infrastrukturdaten-der-db-infrago"}},{"type":"Feature","geometry":{"type":"LineString","coordinates":[[8.246332451714059,50.26339975991206],[8.246499587899319,50.26205754081581]]},"properties":{"kind":"rail_bridge","name":"EÜ  Talbrücke \"Im roten Graben\"","length_m":145.0,"route":"2690","state":"Hessen","crossing_type":"EÜ über Tal","source":"DB InfraGO infrastructure data","source_url":"https://data.gov.de/suche/daten/infrastrukturdaten-der-db-infrago"}},{"type":"Feature","geometry":{"type":"LineString","coordinates":[[8.246545062485675,50.25793596296443],[8.246237703628072,50.25541602754642],[8.245867740689853,50.25299830696191]]},"properties":{"kind":"rail_bridge","name":"EÜ  Wallbachtalbrücke","length_m":550.0,"route":"2690","state":"Hessen","crossing_type":"EÜ über Tal","source":"DB InfraGO infrastructure data","source_url":"https://data.gov.de/suche/daten/infrastrukturdaten-der-db-infrago"}},{"type":"Feature","geometry":{"type":"LineString","coordinates":[[8.249297821642125,50.23269843454178],[8.250899370244005,50.22786225864168]]},"properties":{"kind":"rail_bridge","name":"2690+132.156+1631","length_m":550.0,"route":"2690","state":"Hessen","crossing_type":"EÜ über Tal","source":"DB InfraGO infrastructure data","source_url":"https://data.gov.de/suche/daten/infrastrukturdaten-der-db-infrago"}},{"type":"Feature","geometry":{"type":"LineString","coordinates":[[8.302940247782844,50.15857007369903],[8.304470676171366,50.15720927474613],[8.306956998397096,50.15486870523181]]},"properties":{"kind":"rail_bridge","name":"EÜ  Theißtallbrücke","length_m":500.0,"route":"2690","state":"Hessen","crossing_type":"EÜ über Tal","source":"DB InfraGO infrastructure data","source_url":"https://data.gov.de/suche/daten/infrastrukturdaten-der-db-infrago"}},{"type":"Feature","geometry":{"type":"LineString","coordinates":[[8.465962723506246,50.02943370427077],[8.470604271365398,50.02851274283864]]},"properties":{"kind":"rail_bridge","name":"EÜ  Mainbrücke","length_m":324.0,"route":"2690","state":"Hessen","crossing_type":"EÜ über natürlich schiffbaren Fluß","source":"DB InfraGO infrastructure data","source_url":"https://data.gov.de/suche/daten/infrastrukturdaten-der-db-infrago"}},{"type":"Feature","geometry":{"type":"LineString","coordinates":[[8.475958880648252,50.02745269206797],[8.478681465132436,50.02700847286119]]},"properties":{"kind":"rail_bridge","name":"KRBW über Str 3520  Ticonabrücke","length_m":182.0,"route":"2690","state":"Hessen","crossing_type":"EÜ über DBAG-Gleise","source":"DB InfraGO infrastructure data","source_url":"https://data.gov.de/suche/daten/infrastrukturdaten-der-db-infrago"}},{"type":"Feature","geometry":{"type":"LineString","coordinates":[[8.498482707698871,50.02953100123913],[8.500857640850958,50.03026961755215]]},"properties":{"kind":"rail_bridge","name":"2690+163.511+1641","length_m":190.0,"route":"2690","state":"Hessen","crossing_type":"EÜ über DBAG-Gleise","source":"DB InfraGO infrastructure data","source_url":"https://data.gov.de/suche/daten/infrastrukturdaten-der-db-infrago"}},{"type":"Feature","geometry":{"type":"LineString","coordinates":[[7.035781161605486,50.9155112233716],[7.037136349744884,50.914904518495796],[7.038384700537809,50.914513732573646]]},"properties":{"kind":"rail_bridge","name":"2691+6.445+1641","length_m":215.0,"route":"2691","state":"Nordrhein-Westfalen","crossing_type":"EÜ über DBAG-Gleise","source":"DB InfraGO infrastructure data","source_url":"https://data.gov.de/suche/daten/infrastrukturdaten-der-db-infrago"}},{"type":"Feature","geometry":{"type":"LineString","coordinates":[[7.078177391291584,50.86070452176008],[7.078168358006957,50.8602621205734],[7.078326253762678,50.859174881832956],[7.078721278272573,50.85822585452715]]},"properties":{"kind":"rail_bridge","name":"2691+19.225+1641","length_m":280.0,"route":"2691","state":"Nordrhein-Westfalen","crossing_type":"EÜ über DBAG-Gleise","source":"DB InfraGO infrastructure data","source_url":"https://data.gov.de/suche/daten/infrastrukturdaten-der-db-infrago"}},{"type":"Feature","geometry":{"type":"LineString","coordinates":[[7.236220992232228,51.26750994077338],[7.233993236337534,51.26589729678662]]},"properties":{"kind":"rail_bridge","name":"Rauental+Wupper+B51","length_m":262.0,"route":"2700","state":"Nordrhein-Westfalen","crossing_type":"EÜ über anderen Wasserlauf","source":"DB InfraGO infrastructure data","source_url":"https://data.gov.de/suche/daten/infrastrukturdaten-der-db-infrago"}},{"type":"Feature","geometry":{"type":"LineString","coordinates":[[7.0811148578346135,51.38966339612521],[7.0795523242908525,51.39189279689979]]},"properties":{"kind":"rail_bridge","name":"Haltepunkt S-Bahn  Bahnstrasse","length_m":273.0,"route":"2723","state":"Nordrhein-Westfalen","crossing_type":"EÜ über Rad-/Fußweg","source":"DB InfraGO infrastructure data","source_url":"https://data.gov.de/suche/daten/infrastrukturdaten-der-db-infrago"}},{"type":"Feature","geometry":{"type":"LineString","coordinates":[[7.577129697082213,51.348070894239385],[7.578378407290834,51.34787286461617]]},"properties":{"kind":"rail_bridge","name":"Lenne","length_m":95.0,"route":"2800","state":"Nordrhein-Westfalen","crossing_type":"EÜ über anderen Wasserlauf","source":"DB InfraGO infrastructure data","source_url":"https://data.gov.de/suche/daten/infrastrukturdaten-der-db-infrago"}},{"type":"Feature","geometry":{"type":"LineString","coordinates":[[7.598772901883746,51.34704181976135],[7.6000512451149485,51.3474660443648]]},"properties":{"kind":"rail_bridge","name":"Lenne","length_m":104.0,"route":"2800","state":"Nordrhein-Westfalen","crossing_type":"EÜ über anderen Wasserlauf","source":"DB InfraGO infrastructure data","source_url":"https://data.gov.de/suche/daten/infrastrukturdaten-der-db-infrago"}},{"type":"Feature","geometry":{"type":"LineString","coordinates":[[7.652982165215219,51.311664763044845],[7.65350402599251,51.31067907344889]]},"properties":{"kind":"rail_bridge","name":"Lenne;Altenaer Straße","length_m":112.0,"route":"2800","state":"Nordrhein-Westfalen","crossing_type":"EÜ über Tal","source":"DB InfraGO infrastructure data","source_url":"https://data.gov.de/suche/daten/infrastrukturdaten-der-db-infrago"}},{"type":"Feature","geometry":{"type":"LineString","coordinates":[[7.659718932892565,51.30700281288032],[7.660734779751892,51.3068635961595]]},"properties":{"kind":"rail_bridge","name":"Lenne","length_m":80.0,"route":"2800","state":"Nordrhein-Westfalen","crossing_type":"EÜ über anderen Wasserlauf","source":"DB InfraGO infrastructure data","source_url":"https://data.gov.de/suche/daten/infrastrukturdaten-der-db-infrago"}},{"type":"Feature","geometry":{"type":"LineString","coordinates":[[7.7455949667983255,51.260332600110004],[7.746526001643455,51.25971784273089]]},"properties":{"kind":"rail_bridge","name":"Lennebrücke","length_m":84.0,"route":"2800","state":"Nordrhein-Westfalen","crossing_type":"EÜ über anderen Wasserlauf","source":"DB InfraGO infrastructure data","source_url":"https://data.gov.de/suche/daten/infrastrukturdaten-der-db-infrago"}},{"type":"Feature","geometry":{"type":"LineString","coordinates":[[7.969601685624877,51.20547125041647],[7.969363181165742,51.204738672885846]]},"properties":{"kind":"rail_bridge","name":"Lenne und Weg","length_m":83.0,"route":"2800","state":"Nordrhein-Westfalen","crossing_type":"EÜ über anderen Wasserlauf","source":"DB InfraGO infrastructure data","source_url":"https://data.gov.de/suche/daten/infrastrukturdaten-der-db-infrago"}},{"type":"Feature","geometry":{"type":"LineString","coordinates":[[8.040663748754595,50.87901789831632],[8.040664095123685,50.879017794257734]]},"properties":{"kind":"rail_bridge","name":"EBR über Tal","length_m":146.0,"route":"2800","state":"Nordrhein-Westfalen","crossing_type":"EÜ über Tal","source":"DB InfraGO infrastructure data","source_url":"https://data.gov.de/suche/daten/infrastrukturdaten-der-db-infrago"}},{"type":"Feature","geometry":{"type":"LineString","coordinates":[[8.09049733069561,50.852405836267295],[8.0912615737777,50.852491905657466],[8.09222711078424,50.85267251112105]]},"properties":{"kind":"rail_bridge","name":"Talbrücke","length_m":133.0,"route":"2800","state":"Nordrhein-Westfalen","crossing_type":"EÜ über Tal","source":"DB InfraGO infrastructure data","source_url":"https://data.gov.de/suche/daten/infrastrukturdaten-der-db-infrago"}},{"type":"Feature","geometry":{"type":"LineString","coordinates":[[8.130012006813578,50.842179875175106],[8.132112499964629,50.84207738549998]]},"properties":{"kind":"rail_bridge","name":"Talbrücke","length_m":184.0,"route":"2800","state":"Nordrhein-Westfalen","crossing_type":"EÜ über Tal","source":"DB InfraGO infrastructure data","source_url":"https://data.gov.de/suche/daten/infrastrukturdaten-der-db-infrago"}},{"type":"Feature","geometry":{"type":"LineString","coordinates":[[8.205304927372692,50.78113032045382],[8.205304922017541,50.781130312132184]]},"properties":{"kind":"rail_bridge","name":"Rail bridge","length_m":81.0,"route":"2800","state":"Hessen","crossing_type":"EÜ über Landstraße II. Ordnung/Kreisstraße","source":"DB InfraGO infrastructure data","source_url":"https://data.gov.de/suche/daten/infrastrukturdaten-der-db-infrago"}},{"type":"Feature","geometry":{"type":"LineString","coordinates":[[7.4056921554281345,51.38336626509578],[7.403754698425584,51.383290005011396]]},"properties":{"kind":"rail_bridge","name":"Ruhr","length_m":140.0,"route":"2801","state":"Nordrhein-Westfalen","crossing_type":"EÜ über anderen Wasserlauf","source":"DB InfraGO infrastructure data","source_url":"https://data.gov.de/suche/daten/infrastrukturdaten-der-db-infrago"}},{"type":"Feature","geometry":{"type":"LineString","coordinates":[[7.401675493302422,51.38320232911211],[7.400487924473402,51.38315087782859]]},"properties":{"kind":"rail_bridge","name":"Ruhrstausee","length_m":91.0,"route":"2801","state":"Nordrhein-Westfalen","crossing_type":"EÜ über stehendes Gewässer (See)","source":"DB InfraGO infrastructure data","source_url":"https://data.gov.de/suche/daten/infrastrukturdaten-der-db-infrago"}},{"type":"Feature","geometry":{"type":"LineString","coordinates":[[7.551246418636714,51.23873172458143],[7.5521787486086,51.23856506583919]]},"properties":{"kind":"rail_bridge","name":"Volme und B54","length_m":91.0,"route":"2810","state":"Nordrhein-Westfalen","crossing_type":"EÜ über anderen Wasserlauf","source":"DB InfraGO infrastructure data","source_url":"https://data.gov.de/suche/daten/infrastrukturdaten-der-db-infrago"}},{"type":"Feature","geometry":{"type":"LineString","coordinates":[[7.635976441352132,51.102049634739096],[7.6374728325038355,51.10231622159757]]},"properties":{"kind":"rail_bridge","name":"Genklerstraße","length_m":117.0,"route":"2815","state":"Nordrhein-Westfalen","crossing_type":"EÜ über Landstraße II. Ordnung/Kreisstraße","source":"DB InfraGO infrastructure data","source_url":"https://data.gov.de/suche/daten/infrastrukturdaten-der-db-infrago"}},{"type":"Feature","geometry":{"type":"LineString","coordinates":[[7.661650266880974,51.10256061091973],[7.663652563602081,51.102038386994835],[7.664568749365887,51.1018459959287]]},"properties":{"kind":"rail_bridge","name":"Talbrücke","length_m":230.0,"route":"2815","state":"Nordrhein-Westfalen","crossing_type":"EÜ über Tal","source":"DB InfraGO infrastructure data","source_url":"https://data.gov.de/suche/daten/infrastrukturdaten-der-db-infrago"}},{"type":"Feature","geometry":{"type":"LineString","coordinates":[[7.4203847317494676,51.39861675221096],[7.420537127870147,51.39896064347443],[7.42080833021914,51.3993763762541],[7.421296558898337,51.39987735822206],[7.422115447843718,51.400438270310076],[7.4229626911069255,51.400812782313395]]},"properties":{"kind":"rail_bridge","name":"Ruhr","length_m":313.0,"route":"2821","state":"Nordrhein-Westfalen","crossing_type":"EÜ über natürlich schiffbaren Fluß","source":"DB InfraGO infrastructure data","source_url":"https://data.gov.de/suche/daten/infrastrukturdaten-der-db-infrago"}},{"type":"Feature","geometry":{"type":"LineString","coordinates":[[7.567923725648845,51.42432912059021],[7.566288635164822,51.42437205911839]]},"properties":{"kind":"rail_bridge","name":"Ruhrflutbrücke","length_m":115.0,"route":"2841","state":"Nordrhein-Westfalen","crossing_type":"EÜ über Graben/Flutöffn. zeitw. Wasser","source":"DB InfraGO infrastructure data","source_url":"https://data.gov.de/suche/daten/infrastrukturdaten-der-db-infrago"}},{"type":"Feature","geometry":{"type":"LineString","coordinates":[[7.5609427579332324,51.424512138902855],[7.558054626661753,51.424588118464484]]},"properties":{"kind":"rail_bridge","name":"Ruhrbrücke","length_m":240.0,"route":"2841","state":"Nordrhein-Westfalen","crossing_type":"EÜ über anderen Wasserlauf","source":"DB InfraGO infrastructure data","source_url":"https://data.gov.de/suche/daten/infrastrukturdaten-der-db-infrago"}},{"type":"Feature","geometry":{"type":"LineString","coordinates":[[7.550234825676651,51.43294802584319],[7.55039821809908,51.43305090528354]]},"properties":{"kind":"rail_bridge","name":"E Kreuzungs-Bauwerk","length_m":95.0,"route":"2841","state":"Nordrhein-Westfalen","crossing_type":"EÜ über DBAG-Gleise","source":"DB InfraGO infrastructure data","source_url":"https://data.gov.de/suche/daten/infrastrukturdaten-der-db-infrago"}},{"type":"Feature","geometry":{"type":"LineString","coordinates":[[7.629618991705946,51.363251049783],[7.631040397307366,51.363291717110215]]},"properties":{"kind":"rail_bridge","name":"Lenne","length_m":108.0,"route":"2850","state":"Nordrhein-Westfalen","crossing_type":"EÜ über anderen Wasserlauf","source":"DB InfraGO infrastructure data","source_url":"https://data.gov.de/suche/daten/infrastrukturdaten-der-db-infrago"}},{"type":"Feature","geometry":{"type":"LineString","coordinates":[[7.767989641552969,51.46838342306378],[7.7671094519856885,51.46920624046192]]},"properties":{"kind":"rail_bridge","name":"Ruhr","length_m":113.0,"route":"2850","state":"Nordrhein-Westfalen","crossing_type":"EÜ über anderen Wasserlauf","source":"DB InfraGO infrastructure data","source_url":"https://data.gov.de/suche/daten/infrastrukturdaten-der-db-infrago"}},{"type":"Feature","geometry":{"type":"LineString","coordinates":[[7.848705469073723,51.3879873634503],[7.849194536062011,51.387392798622585]]},"properties":{"kind":"rail_bridge","name":"Hönnetalstraße","length_m":93.0,"route":"2853","state":"Nordrhein-Westfalen","crossing_type":"EÜ über Tal","source":"DB InfraGO infrastructure data","source_url":"https://data.gov.de/suche/daten/infrastrukturdaten-der-db-infrago"}},{"type":"Feature","geometry":{"type":"LineString","coordinates":[[8.483960502684026,51.243711302011555],[8.483646658614646,51.24330331858536],[8.482972405683146,51.24269268070088]]},"properties":{"kind":"rail_bridge","name":"Tal","length_m":144.0,"route":"2854","state":"Nordrhein-Westfalen","crossing_type":"EÜ über Tal","source":"DB InfraGO infrastructure data","source_url":"https://data.gov.de/suche/daten/infrastrukturdaten-der-db-infrago"}},{"type":"Feature","geometry":{"type":"LineString","coordinates":[[7.853891634972332,51.09640226669283],[7.855543711246566,51.093178702918486],[7.855718234346107,51.09275553034145]]},"properties":{"kind":"rail_bridge","name":"Listertal","length_m":314.0,"route":"2864","state":"Nordrhein-Westfalen","crossing_type":"EÜ über stehendes Gewässer (See)","source":"DB InfraGO infrastructure data","source_url":"https://data.gov.de/suche/daten/infrastrukturdaten-der-db-infrago"}},{"type":"Feature","geometry":{"type":"LineString","coordinates":[[7.850681809889346,51.08389376837775],[7.850681698317981,51.08389363271553]]},"properties":{"kind":"rail_bridge","name":"Dumicketal","length_m":220.0,"route":"2864","state":"Nordrhein-Westfalen","crossing_type":"EÜ über stehendes Gewässer (See)","source":"DB InfraGO infrastructure data","source_url":"https://data.gov.de/suche/daten/infrastrukturdaten-der-db-infrago"}},{"type":"Feature","geometry":{"type":"LineString","coordinates":[[8.041022094223976,50.962300147425935],[8.04236696308279,50.96301246358821]]},"properties":{"kind":"rail_bridge","name":"Hauptstrasse","length_m":132.0,"route":"2870","state":"Nordrhein-Westfalen","crossing_type":"EÜ über Tal","source":"DB InfraGO infrastructure data","source_url":"https://data.gov.de/suche/daten/infrastrukturdaten-der-db-infrago"}},{"type":"Feature","geometry":{"type":"LineString","coordinates":[[8.780270718465482,50.86928160610972],[8.781090040740215,50.868739589300816]]},"properties":{"kind":"rail_bridge","name":"EÜ  Lahnbrücke","length_m":90.0,"route":"2870","state":"Hessen","crossing_type":"EÜ über anderen Wasserlauf","source":"DB InfraGO infrastructure data","source_url":"https://data.gov.de/suche/daten/infrastrukturdaten-der-db-infrago"}},{"type":"Feature","geometry":{"type":"LineString","coordinates":[[8.649928248527956,51.020909098834544],[8.650966139640978,51.021177174265304]]},"properties":{"kind":"rail_bridge","name":"EÜ -Stahlbrücke-  Eder","length_m":81.0,"route":"2872","state":"Hessen","crossing_type":"EÜ über anderen Wasserlauf","source":"DB InfraGO infrastructure data","source_url":"https://data.gov.de/suche/daten/infrastrukturdaten-der-db-infrago"}},{"type":"Feature","geometry":{"type":"LineString","coordinates":[[8.030129512930365,50.88704514868566],[8.030083657787502,50.88659277387895],[8.029873290785611,50.88570178035056],[8.029448509599815,50.884780945301166]]},"properties":{"kind":"rail_bridge","name":"Talviadukt","length_m":263.0,"route":"2880","state":"Nordrhein-Westfalen","crossing_type":"EÜ über Tal","source":"DB InfraGO infrastructure data","source_url":"https://data.gov.de/suche/daten/infrastrukturdaten-der-db-infrago"}},{"type":"Feature","geometry":{"type":"LineString","coordinates":[[8.04072428539227,50.879092075337624],[8.042502584401833,50.878551102952045]]},"properties":{"kind":"rail_bridge","name":"EBR über Tal","length_m":148.0,"route":"2881","state":"Nordrhein-Westfalen","crossing_type":"EÜ über Tal","source":"DB InfraGO infrastructure data","source_url":"https://data.gov.de/suche/daten/infrastrukturdaten-der-db-infrago"}},{"type":"Feature","geometry":{"type":"LineString","coordinates":[[7.660872544008939,51.89261981450173],[7.660132342032338,51.89402246389857]]},"properties":{"kind":"rail_bridge","name":"Dortmund-Ems-Kanal","length_m":90.0,"route":"2931","state":"Nordrhein-Westfalen","crossing_type":"EÜ über künstliche Wasserstraße (Kanal)","source":"DB InfraGO infrastructure data","source_url":"https://data.gov.de/suche/daten/infrastrukturdaten-der-db-infrago"}},{"type":"Feature","geometry":{"type":"LineString","coordinates":[[7.635690223005092,51.95775039765083],[7.635690330153247,51.95775072356873]]},"properties":{"kind":"rail_bridge","name":"Bunker","length_m":81.0,"route":"2931","state":"Nordrhein-Westfalen","crossing_type":"EÜ über nur Räume für DBAG-Zwecke","source":"DB InfraGO infrastructure data","source_url":"https://data.gov.de/suche/daten/infrastrukturdaten-der-db-infrago"}},{"type":"Feature","geometry":{"type":"LineString","coordinates":[[7.311408584121947,52.46820039598309],[7.311918690676023,52.46905447633904]]},"properties":{"kind":"rail_bridge","name":"EÜ Ems","length_m":109.0,"route":"2931","state":"Niedersachsen","crossing_type":"EÜ über schiffbar gemachten Fluß","source":"DB InfraGO infrastructure data","source_url":"https://data.gov.de/suche/daten/infrastrukturdaten-der-db-infrago"}},{"type":"Feature","geometry":{"type":"LineString","coordinates":[[7.4651843182525095,53.21091265933703],[7.465176618844836,53.212340429206996]]},"properties":{"kind":"rail_bridge","name":"EÜ Leda","length_m":159.0,"route":"2931","state":"Niedersachsen","crossing_type":"EÜ über natürlich schiffbaren Fluß","source":"DB InfraGO infrastructure data","source_url":"https://data.gov.de/suche/daten/infrastrukturdaten-der-db-infrago"}},{"type":"Feature","geometry":{"type":"LineString","coordinates":[[8.95579293707967,51.65989897780957],[8.95608965857502,51.658988172581196]]},"properties":{"kind":"rail_bridge","name":"EÜ  Glasewasser","length_m":92.0,"route":"2970","state":"Nordrhein-Westfalen","crossing_type":"EÜ über anderen Wasserlauf","source":"DB InfraGO infrastructure data","source_url":"https://data.gov.de/suche/daten/infrastrukturdaten-der-db-infrago"}},{"type":"Feature","geometry":{"type":"LineString","coordinates":[[9.020911600377241,51.6155028485006],[9.021985878894611,51.61448844595586]]},"properties":{"kind":"rail_bridge","name":"EÜ  Waldmühltal","length_m":135.0,"route":"2970","state":"Nordrhein-Westfalen","crossing_type":"EÜ über Tal","source":"DB InfraGO infrastructure data","source_url":"https://data.gov.de/suche/daten/infrastrukturdaten-der-db-infrago"}},{"type":"Feature","geometry":{"type":"LineString","coordinates":[[8.99527208705502,51.366793443937816],[8.994829143197599,51.36599498534141]]},"properties":{"kind":"rail_bridge","name":"EÜ -Gewölbebrücke-  Aartalbrücke","length_m":88.0,"route":"2972","state":"Hessen","crossing_type":"EÜ über Tal","source":"DB InfraGO infrastructure data","source_url":"https://data.gov.de/suche/daten/infrastrukturdaten-der-db-infrago"}},{"type":"Feature","geometry":{"type":"LineString","coordinates":[[9.411425099999033,51.77673721252302],[9.414833760195934,51.77708859123282]]},"properties":{"kind":"rail_bridge","name":"Weser","length_m":242.0,"route":"2974","state":"Nordrhein-Westfalen","crossing_type":"EÜ über natürlich schiffbaren Fluß","source":"DB InfraGO infrastructure data","source_url":"https://data.gov.de/suche/daten/infrastrukturdaten-der-db-infrago"}},{"type":"Feature","geometry":{"type":"LineString","coordinates":[[9.399197202425507,51.69972477893264],[9.401541305688795,51.69795286154567],[9.402314169295694,51.69720496807029],[9.40271845875218,51.69663825851461]]},"properties":{"kind":"rail_bridge","name":"Weser","length_m":428.0,"route":"2975","state":"Niedersachsen","crossing_type":"EÜ über natürlich schiffbaren Fluß","source":"DB InfraGO infrastructure data","source_url":"https://data.gov.de/suche/daten/infrastrukturdaten-der-db-infrago"}},{"type":"Feature","geometry":{"type":"LineString","coordinates":[[8.543577385691265,52.03327709833553],[8.542262699952397,52.03352120485884],[8.541782499386258,52.033543534534495]]},"properties":{"kind":"rail_bridge","name":"Straßenüberführung","length_m":136.0,"route":"2984","state":"Nordrhein-Westfalen","crossing_type":"EÜ über Bundesstraße","source":"DB InfraGO infrastructure data","source_url":"https://data.gov.de/suche/daten/infrastrukturdaten-der-db-infrago"}},{"type":"Feature","geometry":{"type":"LineString","coordinates":[[8.57084721335946,52.0558533209492],[8.568087473487997,52.05319203086471]]},"properties":{"kind":"rail_bridge","name":"Talbrücke","length_m":351.0,"route":"2990","state":"Nordrhein-Westfalen","crossing_type":"EÜ über Tal","source":"DB InfraGO infrastructure data","source_url":"https://data.gov.de/suche/daten/infrastrukturdaten-der-db-infrago"}},{"type":"Feature","geometry":{"type":"LineString","coordinates":[[8.428690385658777,51.93395804734595],[8.428025184401948,51.93330518051879]]},"properties":{"kind":"rail_bridge","name":"1700/122,665/1641","length_m":87.0,"route":"2990","state":"Nordrhein-Westfalen","crossing_type":"EÜ über DBAG-Gleise","source":"DB InfraGO infrastructure data","source_url":"https://data.gov.de/suche/daten/infrastrukturdaten-der-db-infrago"}},{"type":"Feature","geometry":{"type":"LineString","coordinates":[[7.618630058653995,52.29858164295624],[7.6170031257582265,52.298415632962495]]},"properties":{"kind":"rail_bridge","name":"EÜ Mittellandkanal","length_m":110.0,"route":"2992","state":"Nordrhein-Westfalen","crossing_type":"EÜ über künstliche Wasserstraße (Kanal)","source":"DB InfraGO infrastructure data","source_url":"https://data.gov.de/suche/daten/infrastrukturdaten-der-db-infrago"}},{"type":"Feature","geometry":{"type":"LineString","coordinates":[[7.538193896673987,52.28385139786726],[7.536861639712303,52.28354991013947]]},"properties":{"kind":"rail_bridge","name":"EÜ Dortmund-Ems-Kanal","length_m":93.0,"route":"2992","state":"Nordrhein-Westfalen","crossing_type":"EÜ über künstliche Wasserstraße (Kanal)","source":"DB InfraGO infrastructure data","source_url":"https://data.gov.de/suche/daten/infrastrukturdaten-der-db-infrago"}},{"type":"Feature","geometry":{"type":"LineString","coordinates":[[7.4556917758102275,52.268653477493544],[7.454292068438367,52.26864395616405]]},"properties":{"kind":"rail_bridge","name":"EÜ Ems","length_m":105.0,"route":"2992","state":"Nordrhein-Westfalen","crossing_type":"EÜ über anderen Wasserlauf","source":"DB InfraGO infrastructure data","source_url":"https://data.gov.de/suche/daten/infrastrukturdaten-der-db-infrago"}},{"type":"Feature","geometry":{"type":"LineString","coordinates":[[6.996983250346436,50.51697174169405],[6.996983241464115,50.51697173472226]]},"properties":{"kind":"rail_bridge","name":"E Weg+Ahr b Altenahr","length_m":91.0,"route":"3000","state":"Rheinland-Pfalz","crossing_type":"EÜ über anderen Wasserlauf","source":"DB InfraGO infrastructure data","source_url":"https://data.gov.de/suche/daten/infrastrukturdaten-der-db-infrago"}},{"type":"Feature","geometry":{"type":"LineString","coordinates":[[7.343602977456229,50.393820089539275],[7.343602968194697,50.39382008277139]]},"properties":{"kind":"rail_bridge","name":"E A 61 bei d AS Kruft","length_m":93.0,"route":"3005","state":"Rheinland-Pfalz","crossing_type":"EÜ über Autobahn","source":"DB InfraGO infrastructure data","source_url":"https://data.gov.de/suche/daten/infrastrukturdaten-der-db-infrago"}},{"type":"Feature","geometry":{"type":"LineString","coordinates":[[7.555329983526284,50.34567459011728],[7.551947587624598,50.34460853520818]]},"properties":{"kind":"rail_bridge","name":"EÜ  Mosel","length_m":266.0,"route":"3010","state":"Rheinland-Pfalz","crossing_type":"EÜ über schiffbar gemachten Fluß","source":"DB InfraGO infrastructure data","source_url":"https://data.gov.de/suche/daten/infrastrukturdaten-der-db-infrago"}},{"type":"Feature","geometry":{"type":"LineString","coordinates":[[7.520302546052156,50.31234843712197],[7.5193464823508425,50.31173561689393],[7.51830870002946,50.311207943408476]]},"properties":{"kind":"rail_bridge","name":"EÜ  Talbrücke","length_m":192.0,"route":"3010","state":"Rheinland-Pfalz","crossing_type":"EÜ über Tal","source":"DB InfraGO infrastructure data","source_url":"https://data.gov.de/suche/daten/infrastrukturdaten-der-db-infrago"}},{"type":"Feature","geometry":{"type":"LineString","coordinates":[[7.134786821031053,50.04992882249702],[7.134261523236747,50.049376399659295],[7.133809912112297,50.049033560204656],[7.131762179055668,50.0478536099786]]},"properties":{"kind":"rail_bridge","name":"EÜ (Mosel)","length_m":314.0,"route":"3010","state":"Rheinland-Pfalz","crossing_type":"EÜ über schiffbar gemachten Fluß","source":"DB InfraGO infrastructure data","source_url":"https://data.gov.de/suche/daten/infrastrukturdaten-der-db-infrago"}},{"type":"Feature","geometry":{"type":"LineString","coordinates":[[7.125384737662536,50.04624816565921],[7.123933833353404,50.04612812068025],[7.1225658335294,50.04595267890816],[7.1218998411890695,50.045818457414164],[7.120621874663192,50.04545863191503],[7.120016760379823,50.0452347535313],[7.118889374908078,50.04470600153706],[7.115935640109946,50.042975171330994]]},"properties":{"kind":"rail_bridge","name":"EÜ (Hangbrücke)  Pündericher Viadukt","length_m":205.0,"route":"3010","state":"Rheinland-Pfalz","crossing_type":"EÜ als Hängebrücke","source":"DB InfraGO infrastructure data","source_url":"https://data.gov.de/suche/daten/infrastrukturdaten-der-db-infrago"}},{"type":"Feature","geometry":{"type":"LineString","coordinates":[[6.908970812548338,49.94785194979964],[6.908092247816739,49.94741057658355]]},"properties":{"kind":"rail_bridge","name":"EÜ  B50","length_m":86.0,"route":"3010","state":"Rheinland-Pfalz","crossing_type":"EÜ über Bundesstraße","source":"DB InfraGO infrastructure data","source_url":"https://data.gov.de/suche/daten/infrastrukturdaten-der-db-infrago"}},{"type":"Feature","geometry":{"type":"LineString","coordinates":[[6.683358594019203,49.77912129315363],[6.683543078249646,49.77855356141702],[6.683912083898231,49.77698500696609]]},"properties":{"kind":"rail_bridge","name":"EÜ  Mosel","length_m":206.0,"route":"3010","state":"Rheinland-Pfalz","crossing_type":"EÜ über schiffbar gemachten Fluß","source":"DB InfraGO infrastructure data","source_url":"https://data.gov.de/suche/daten/infrastrukturdaten-der-db-infrago"}},{"type":"Feature","geometry":{"type":"LineString","coordinates":[[7.525130611520124,50.42442311951546],[7.527543821538848,50.41933540543729]]},"properties":{"kind":"rail_bridge","name":"EÜ - Kastenbrücke  Rhein","length_m":609.0,"route":"3011","state":"Rheinland-Pfalz","crossing_type":"EÜ über natürlich schiffbaren Fluß","source":"DB InfraGO infrastructure data","source_url":"https://data.gov.de/suche/daten/infrastrukturdaten-der-db-infrago"}},{"type":"Feature","geometry":{"type":"LineString","coordinates":[[7.5447486485894855,50.22898273462297],[7.545455399363268,50.22951762883906]]},"properties":{"kind":"rail_bridge","name":"Rauschebach-Brücke  EÜ","length_m":80.0,"route":"3020","state":"Rheinland-Pfalz","crossing_type":"EÜ über Tal","source":"DB InfraGO infrastructure data","source_url":"https://data.gov.de/suche/daten/infrastrukturdaten-der-db-infrago"}},{"type":"Feature","geometry":{"type":"LineString","coordinates":[[7.548733534700645,50.23051350317395],[7.549532206524606,50.230688270668566],[7.54993176678847,50.23082180195194],[7.5505622035843585,50.23112450866781]]},"properties":{"kind":"rail_bridge","name":"EÜ  über die Hubertusschlucht","length_m":150.0,"route":"3020","state":"Rheinland-Pfalz","crossing_type":"EÜ über Tal","source":"DB InfraGO infrastructure data","source_url":"https://data.gov.de/suche/daten/infrastrukturdaten-der-db-infrago"}},{"type":"Feature","geometry":{"type":"LineString","coordinates":[[7.374463219611985,49.938871546263144],[7.373640079381714,49.93843600979176]]},"properties":{"kind":"rail_bridge","name":"EÜ (Tal u. Bach)  Gewölbebrücke","length_m":87.0,"route":"3021","state":"Rheinland-Pfalz","crossing_type":"EÜ über Tal","source":"DB InfraGO infrastructure data","source_url":"https://data.gov.de/suche/daten/infrastrukturdaten-der-db-infrago"}},{"type":"Feature","geometry":{"type":"LineString","coordinates":[[7.644634083926104,50.7734189992156],[7.645914276601881,50.773711850156594],[7.6469065025821354,50.77385943780309]]},"properties":{"kind":"rail_bridge","name":"Sieg","length_m":168.0,"route":"3032","state":"Nordrhein-Westfalen","crossing_type":"EÜ über anderen Wasserlauf","source":"DB InfraGO infrastructure data","source_url":"https://data.gov.de/suche/daten/infrastrukturdaten-der-db-infrago"}},{"type":"Feature","geometry":{"type":"LineString","coordinates":[[6.57197073793832,49.7060398560238],[6.574278409112832,49.70489991306206]]},"properties":{"kind":"rail_bridge","name":"EÜ  Mosel","length_m":129.0,"route":"3122","state":"Rheinland-Pfalz","crossing_type":"EÜ über andere Straße/Weg Fahrverkehr","source":"DB InfraGO infrastructure data","source_url":"https://data.gov.de/suche/daten/infrastrukturdaten-der-db-infrago"}},{"type":"Feature","geometry":{"type":"LineString","coordinates":[[6.7300408092096955,49.34707839422295],[6.731374283116136,49.34666279300381]]},"properties":{"kind":"rail_bridge","name":"EÜ (Primsbrücke)","length_m":107.0,"route":"3211","state":"Saarland","crossing_type":"EÜ über anderen Wasserlauf","source":"DB InfraGO infrastructure data","source_url":"https://data.gov.de/suche/daten/infrastrukturdaten-der-db-infrago"}},{"type":"Feature","geometry":{"type":"LineString","coordinates":[[6.595587829705657,49.33887939236173],[6.5957228137283375,49.33911156373845],[6.595864418182354,49.339551159745476],[6.595872977453895,49.339721299150554]]},"properties":{"kind":"rail_bridge","name":"Talbrücke Niedaltdorf  Stählnernes Tragwerk","length_m":107.0,"route":"3212","state":"Saarland","crossing_type":"EÜ über Tal","source":"DB InfraGO infrastructure data","source_url":"https://data.gov.de/suche/daten/infrastrukturdaten-der-db-infrago"}},{"type":"Feature","geometry":{"type":"LineString","coordinates":[[6.6545108310733765,49.36274878596756],[6.655502515345322,49.36267611312296]]},"properties":{"kind":"rail_bridge","name":"E","length_m":80.0,"route":"3212","state":"Saarland","crossing_type":"EÜ als Hängebrücke","source":"DB InfraGO infrastructure data","source_url":"https://data.gov.de/suche/daten/infrastrukturdaten-der-db-infrago"}},{"type":"Feature","geometry":{"type":"LineString","coordinates":[[6.6966557718028135,49.36491726664813],[6.6975848918949845,49.36490865545849]]},"properties":{"kind":"rail_bridge","name":"(Stählernes Tragwerk)  EÜ","length_m":116.0,"route":"3212","state":"Saarland","crossing_type":"EÜ über schiffbar gemachten Fluß","source":"DB InfraGO infrastructure data","source_url":"https://data.gov.de/suche/daten/infrastrukturdaten-der-db-infrago"}},{"type":"Feature","geometry":{"type":"LineString","coordinates":[[6.6975848918949845,49.36490865545849],[6.699589697205027,49.36488997444541]]},"properties":{"kind":"rail_bridge","name":"E","length_m":87.0,"route":"3212","state":"Saarland","crossing_type":"EÜ über anderen Wasserlauf","source":"DB InfraGO infrastructure data","source_url":"https://data.gov.de/suche/daten/infrastrukturdaten-der-db-infrago"}},{"type":"Feature","geometry":{"type":"LineString","coordinates":[[6.730649246367354,49.346172932950346],[6.729739134981336,49.346846949489695]]},"properties":{"kind":"rail_bridge","name":"EÜ (Straße und Prims)","length_m":107.0,"route":"3230","state":"Saarland","crossing_type":"EÜ über anderen Wasserlauf","source":"DB InfraGO infrastructure data","source_url":"https://data.gov.de/suche/daten/infrastrukturdaten-der-db-infrago"}},{"type":"Feature","geometry":{"type":"LineString","coordinates":[[6.96167343710721,49.2348296468269],[6.961674754387084,49.23472642301056]]},"properties":{"kind":"rail_bridge","name":"EÜ (Saar)","length_m":154.0,"route":"3231","state":"Saarland","crossing_type":"EÜ über natürlich schiffbaren Fluß","source":"DB InfraGO infrastructure data","source_url":"https://data.gov.de/suche/daten/infrastrukturdaten-der-db-infrago"}},{"type":"Feature","geometry":{"type":"LineString","coordinates":[[7.114051930038261,49.36960887185971],[7.11405194370226,49.3696088731967]]},"properties":{"kind":"rail_bridge","name":"E","length_m":133.0,"route":"3240","state":"Saarland","crossing_type":"EÜ über anderen Wasserlauf","source":"DB InfraGO infrastructure data","source_url":"https://data.gov.de/suche/daten/infrastrukturdaten-der-db-infrago"}},{"type":"Feature","geometry":{"type":"LineString","coordinates":[[7.022252218802715,49.22695479357649],[7.022639728793562,49.226558870911276]]},"properties":{"kind":"rail_bridge","name":"(Mainzer Str.)","length_m":125.0,"route":"3251","state":"Saarland","crossing_type":"EÜ über Bundesstraße","source":"DB InfraGO infrastructure data","source_url":"https://data.gov.de/suche/daten/infrastrukturdaten-der-db-infrago"}},{"type":"Feature","geometry":{"type":"LineString","coordinates":[[7.056560458801692,49.11251518621359],[7.057338466255278,49.111961699865304]]},"properties":{"kind":"rail_bridge","name":"3251+016,931+1634 ","length_m":201.0,"route":"3251","state":"Saarland","crossing_type":"EÜ über schiffbar gemachten Fluß","source":"DB InfraGO infrastructure data","source_url":"https://data.gov.de/suche/daten/infrastrukturdaten-der-db-infrago"}},{"type":"Feature","geometry":{"type":"LineString","coordinates":[[6.839598098514396,49.253686387470054],[6.841112612378775,49.253083468687784]]},"properties":{"kind":"rail_bridge","name":"EÜ (Saar)","length_m":136.0,"route":"3290","state":"Saarland","crossing_type":"EÜ über schiffbar gemachten Fluß","source":"DB InfraGO infrastructure data","source_url":"https://data.gov.de/suche/daten/infrastrukturdaten-der-db-infrago"}},{"type":"Feature","geometry":{"type":"LineString","coordinates":[[7.596610197650347,49.24119705228978],[7.59637528090751,49.2404201628896],[7.596311365812781,49.23997429268391]]},"properties":{"kind":"rail_bridge","name":"EÜ (Petersberg Viadukt)","length_m":160.0,"route":"3310","state":"Rheinland-Pfalz","crossing_type":"EÜ über Tal","source":"DB InfraGO infrastructure data","source_url":"https://data.gov.de/suche/daten/infrastrukturdaten-der-db-infrago"}},{"type":"Feature","geometry":{"type":"LineString","coordinates":[[7.598908497197379,49.23533619693566],[7.59980990657774,49.23451241231409]]},"properties":{"kind":"rail_bridge","name":"EÜ (Hexental Viadukt)","length_m":127.0,"route":"3310","state":"Rheinland-Pfalz","crossing_type":"EÜ über Tal","source":"DB InfraGO infrastructure data","source_url":"https://data.gov.de/suche/daten/infrastrukturdaten-der-db-infrago"}},{"type":"Feature","geometry":{"type":"LineString","coordinates":[[7.84169296717797,49.80780601487162],[7.842252078522022,49.80879740256823]]},"properties":{"kind":"rail_bridge","name":"E","length_m":120.0,"route":"3320","state":"Rheinland-Pfalz","crossing_type":"EÜ über anderen Wasserlauf","source":"DB InfraGO infrastructure data","source_url":"https://data.gov.de/suche/daten/infrastrukturdaten-der-db-infrago"}},{"type":"Feature","geometry":{"type":"LineString","coordinates":[[8.454974949263391,49.48008311308686],[8.457962696896354,49.48150338380863]]},"properties":{"kind":"rail_bridge","name":"Rheinbrücke","length_m":276.0,"route":"3401","state":"Rheinland-Pfalz","crossing_type":"EÜ über natürlich schiffbaren Fluß","source":"DB InfraGO infrastructure data","source_url":"https://data.gov.de/suche/daten/infrastrukturdaten-der-db-infrago"}},{"type":"Feature","geometry":{"type":"LineString","coordinates":[[8.432950133749035,49.4767588453636],[8.433102336504236,49.476997024953306]]},"properties":{"kind":"rail_bridge","name":"E Kbw 17","length_m":248.0,"route":"3410","state":"Rheinland-Pfalz","crossing_type":"EÜ über DBAG-Gleise","source":"DB InfraGO infrastructure data","source_url":"https://data.gov.de/suche/daten/infrastrukturdaten-der-db-infrago"}},{"type":"Feature","geometry":{"type":"LineString","coordinates":[[8.433560617879264,49.47779952962086],[8.433598206283836,49.477909870147464]]},"properties":{"kind":"rail_bridge","name":"E Kbw 7","length_m":117.0,"route":"3410","state":"Rheinland-Pfalz","crossing_type":"EÜ über DBAG-Gleise","source":"DB InfraGO infrastructure data","source_url":"https://data.gov.de/suche/daten/infrastrukturdaten-der-db-infrago"}},{"type":"Feature","geometry":{"type":"LineString","coordinates":[[7.992181907626894,49.52712986141984],[7.991109947258868,49.52617737701903]]},"properties":{"kind":"rail_bridge","name":"EÜ","length_m":170.0,"route":"3420","state":"Rheinland-Pfalz","crossing_type":"EÜ über Tal","source":"DB InfraGO infrastructure data","source_url":"https://data.gov.de/suche/daten/infrastrukturdaten-der-db-infrago"}},{"type":"Feature","geometry":{"type":"LineString","coordinates":[[8.287243963235492,49.04016589824058],[8.288336557162044,49.039865433520376]]},"properties":{"kind":"rail_bridge","name":"Straßenunterführung","length_m":94.0,"route":"3443","state":"Rheinland-Pfalz","crossing_type":"EÜ über Bundesstraße","source":"DB InfraGO infrastructure data","source_url":"https://data.gov.de/suche/daten/infrastrukturdaten-der-db-infrago"}},{"type":"Feature","geometry":{"type":"LineString","coordinates":[[8.301409625659895,49.03679019638198],[8.305187137620385,49.03631484518165]]},"properties":{"kind":"rail_bridge","name":"E Rheinbrücke Maxau","length_m":294.0,"route":"3443","state":"Baden-Württemberg","crossing_type":"EÜ über natürlich schiffbaren Fluß","source":"DB InfraGO infrastructure data","source_url":"https://data.gov.de/suche/daten/infrastrukturdaten-der-db-infrago"}},{"type":"Feature","geometry":{"type":"LineString","coordinates":[[8.3869576085062,49.21882965023903],[8.383035833620877,49.218700408465224]]},"properties":{"kind":"rail_bridge","name":"EÜ","length_m":303.0,"route":"3450","state":"Rheinland-Pfalz","crossing_type":"EÜ über natürlich schiffbaren Fluß","source":"DB InfraGO infrastructure data","source_url":"https://data.gov.de/suche/daten/infrastrukturdaten-der-db-infrago"}},{"type":"Feature","geometry":{"type":"LineString","coordinates":[[7.787247895396493,49.20756471546225],[7.786132707199933,49.20769415423018]]},"properties":{"kind":"rail_bridge","name":"E","length_m":82.0,"route":"3450","state":"Rheinland-Pfalz","crossing_type":"EÜ über Bundesstraße","source":"DB InfraGO infrastructure data","source_url":"https://data.gov.de/suche/daten/infrastrukturdaten-der-db-infrago"}},{"type":"Feature","geometry":{"type":"LineString","coordinates":[[8.254525111947087,50.05663072139316],[8.253703598138202,50.05723004234077]]},"properties":{"kind":"rail_bridge","name":"KRBW  Str.3603 und Str.3505","length_m":107.0,"route":"3502","state":"Hessen","crossing_type":"EÜ über DBAG-Gleise","source":"DB InfraGO infrastructure data","source_url":"https://data.gov.de/suche/daten/infrastrukturdaten-der-db-infrago"}},{"type":"Feature","geometry":{"type":"LineString","coordinates":[[8.261360909047902,50.03634497369262],[8.260827491327587,50.03665211760949]]},"properties":{"kind":"rail_bridge","name":"KRBW - Stahlbrücke  Str. 3506, 3508 u. Gleis 457","length_m":87.0,"route":"3506","state":"Hessen","crossing_type":"EÜ über DBAG-Gleise","source":"DB InfraGO infrastructure data","source_url":"https://data.gov.de/suche/daten/infrastrukturdaten-der-db-infrago"}},{"type":"Feature","geometry":{"type":"LineString","coordinates":[[8.15826097203901,50.03547523639648],[8.157917829068026,50.03502700211873]]},"properties":{"kind":"rail_bridge","name":"EÜ -Gewölbebrücke-  Haselnußgasse","length_m":82.0,"route":"3507","state":"Hessen","crossing_type":"EÜ über anderen Wasserlauf","source":"DB InfraGO infrastructure data","source_url":"https://data.gov.de/suche/daten/infrastrukturdaten-der-db-infrago"}},{"type":"Feature","geometry":{"type":"LineString","coordinates":[[7.60143975619174,50.30871526525864],[7.601439754468049,50.30871527417726]]},"properties":{"kind":"rail_bridge","name":"EÜ  Lahn","length_m":116.0,"route":"3507","state":"Rheinland-Pfalz","crossing_type":"EÜ über schiffbar gemachten Fluß","source":"DB InfraGO infrastructure data","source_url":"https://data.gov.de/suche/daten/infrastrukturdaten-der-db-infrago"}},{"type":"Feature","geometry":{"type":"LineString","coordinates":[[7.889950598732395,49.96872481752942],[7.89041710773102,49.96878078296465]]},"properties":{"kind":"rail_bridge","name":"EÜ - Stahlbrücke -  Nahebrücke","length_m":114.0,"route":"3510","state":"Rheinland-Pfalz","crossing_type":"EÜ über anderen Wasserlauf","source":"DB InfraGO infrastructure data","source_url":"https://data.gov.de/suche/daten/infrastrukturdaten-der-db-infrago"}},{"type":"Feature","geometry":{"type":"LineString","coordinates":[[8.242432433781008,50.015773887593724],[8.242984490716205,50.014905050460094],[8.24414503326778,50.01379998787164]]},"properties":{"kind":"rail_bridge","name":"Überwerfungsbauwerk","length_m":497.0,"route":"3510","state":"Rheinland-Pfalz","crossing_type":"EÜ über DBAG-Gleise","source":"DB InfraGO infrastructure data","source_url":"https://data.gov.de/suche/daten/infrastrukturdaten-der-db-infrago"}},{"type":"Feature","geometry":{"type":"LineString","coordinates":[[7.864582418345837,49.850054675249815],[7.864914016678783,49.84904503180607]]},"properties":{"kind":"rail_bridge","name":"EÜ (Nahe)","length_m":120.0,"route":"3511","state":"Rheinland-Pfalz","crossing_type":"EÜ über anderen Wasserlauf","source":"DB InfraGO infrastructure data","source_url":"https://data.gov.de/suche/daten/infrastrukturdaten-der-db-infrago"}},{"type":"Feature","geometry":{"type":"LineString","coordinates":[[7.8499729364500075,49.81537963917526],[7.8488044148616,49.81460334781897]]},"properties":{"kind":"rail_bridge","name":"EÜ (Nahe)","length_m":127.0,"route":"3511","state":"Rheinland-Pfalz","crossing_type":"EÜ über anderen Wasserlauf","source":"DB InfraGO infrastructure data","source_url":"https://data.gov.de/suche/daten/infrastrukturdaten-der-db-infrago"}},{"type":"Feature","geometry":{"type":"LineString","coordinates":[[7.421110570440223,49.747503870972366],[7.41993118560295,49.74723679898123]]},"properties":{"kind":"rail_bridge","name":"EÜ (Nahe)","length_m":94.0,"route":"3511","state":"Rheinland-Pfalz","crossing_type":"EÜ über anderen Wasserlauf","source":"DB InfraGO infrastructure data","source_url":"https://data.gov.de/suche/daten/infrastrukturdaten-der-db-infrago"}},{"type":"Feature","geometry":{"type":"LineString","coordinates":[[8.61706116885935,50.06656277950173],[8.622837290702062,50.06662496782295],[8.623885817926523,50.066681170686]]},"properties":{"kind":"rail_bridge","name":"3683+007,341+1641 |N- EÜ Ftl Krbw GAGA A","length_m":114.37,"route":"3520","state":"Hessen","crossing_type":"EÜ über DBAG-Gleise","source":"DB InfraGO infrastructure data","source_url":"https://data.gov.de/suche/daten/infrastrukturdaten-der-db-infrago"}},{"type":"Feature","geometry":{"type":"LineString","coordinates":[[8.631801982922976,50.08814989615232],[8.630857004630082,50.09003957746249]]},"properties":{"kind":"rail_bridge","name":"EÜ -Stahlbrücke-  Niederräder Mainbrücke","length_m":249.0,"route":"3520","state":"Hessen","crossing_type":"EÜ über schiffbar gemachten Fluß","source":"DB InfraGO infrastructure data","source_url":"https://data.gov.de/suche/daten/infrastrukturdaten-der-db-infrago"}},{"type":"Feature","geometry":{"type":"LineString","coordinates":[[8.454864324662116,49.48019184318362],[8.457870562322517,49.48161247013303]]},"properties":{"kind":"rail_bridge","name":"EÜ Rheinbrücke  Fachwerk","length_m":285.0,"route":"3522","state":"Rheinland-Pfalz","crossing_type":"EÜ über natürlich schiffbaren Fluß","source":"DB InfraGO infrastructure data","source_url":"https://data.gov.de/suche/daten/infrastrukturdaten-der-db-infrago"}},{"type":"Feature","geometry":{"type":"LineString","coordinates":[[8.20041935551001,49.929674629077454],[8.200036389097319,49.930909801622256]]},"properties":{"kind":"rail_bridge","name":"EÜ-Stahlbrücke  A 63","length_m":98.0,"route":"3523","state":"Rheinland-Pfalz","crossing_type":"EÜ über Autobahn","source":"DB InfraGO infrastructure data","source_url":"https://data.gov.de/suche/daten/infrastrukturdaten-der-db-infrago"}},{"type":"Feature","geometry":{"type":"LineString","coordinates":[[8.251263670360432,50.021253542196305],[8.260961214674273,50.026308661895236]]},"properties":{"kind":"rail_bridge","name":"EÜ -Stahlbrücke-  Kaiserbrücke Mainz","length_m":901.0,"route":"3525","state":"Hessen","crossing_type":"EÜ über natürlich schiffbaren Fluß","source":"DB InfraGO infrastructure data","source_url":"https://data.gov.de/suche/daten/infrastrukturdaten-der-db-infrago"}},{"type":"Feature","geometry":{"type":"LineString","coordinates":[[8.260451234381447,50.03747996154558],[8.260106675430434,50.037726942960234]]},"properties":{"kind":"rail_bridge","name":"KRBW - Stahlbrücke  Str. 3528 u. 3529","length_m":86.0,"route":"3528","state":"Hessen","crossing_type":"EÜ über DBAG-Gleise","source":"DB InfraGO infrastructure data","source_url":"https://data.gov.de/suche/daten/infrastrukturdaten-der-db-infrago"}},{"type":"Feature","geometry":{"type":"LineString","coordinates":[[8.339625033016363,50.00330706074792],[8.339648190368194,50.00325691034784]]},"properties":{"kind":"rail_bridge","name":"EÜ -Stahlbrücke-  Mainbrücke","length_m":567.0,"route":"3531","state":"Hessen","crossing_type":"EÜ über schiffbar gemachten Fluß","source":"DB InfraGO infrastructure data","source_url":"https://data.gov.de/suche/daten/infrastrukturdaten-der-db-infrago"}},{"type":"Feature","geometry":{"type":"LineString","coordinates":[[8.623987290160404,49.89429729682578],[8.62407973004296,49.895227269087336]]},"properties":{"kind":"rail_bridge","name":"EÜ-Spannbetonbrücke  B 42","length_m":89.0,"route":"3541","state":"Hessen","crossing_type":"EÜ über Bundesstraße","source":"DB InfraGO infrastructure data","source_url":"https://data.gov.de/suche/daten/infrastrukturdaten-der-db-infrago"}},{"type":"Feature","geometry":{"type":"LineString","coordinates":[[8.632869289771632,49.89145664640422],[8.632605660661241,49.89124787560124]]},"properties":{"kind":"rail_bridge","name":"KRBW -Stahlbrücke-  über Strecke 3541","length_m":85.0,"route":"3541","state":"Hessen","crossing_type":"EÜ über DBAG-Gleise","source":"DB InfraGO infrastructure data","source_url":"https://data.gov.de/suche/daten/infrastrukturdaten-der-db-infrago"}},{"type":"Feature","geometry":{"type":"LineString","coordinates":[[8.668172277721904,49.89833033116322],[8.668351494525652,49.89878136676968],[8.668521738465582,49.899052531940534]]},"properties":{"kind":"rail_bridge","name":"Kreuzungsbauwerk  Stahlbrücke","length_m":90.0,"route":"3553","state":"Hessen","crossing_type":"EÜ über DBAG-Gleise","source":"DB InfraGO infrastructure data","source_url":"https://data.gov.de/suche/daten/infrastrukturdaten-der-db-infrago"}},{"type":"Feature","geometry":{"type":"LineString","coordinates":[[9.067686399486178,49.97924477471815],[9.069791354959547,49.980571451136235]]},"properties":{"kind":"rail_bridge","name":"EÜ - Stahlbrücke  Main","length_m":241.0,"route":"3557","state":"Bayern","crossing_type":"EÜ über schiffbar gemachten Fluß","source":"DB InfraGO infrastructure data","source_url":"https://data.gov.de/suche/daten/infrastrukturdaten-der-db-infrago"}},{"type":"Feature","geometry":{"type":"LineString","coordinates":[[7.949359677854964,49.95611890988068],[7.949494406138776,49.956829924872245]]},"properties":{"kind":"rail_bridge","name":"EÜ -Stahlbrücke-  A 60","length_m":81.0,"route":"3569","state":"Rheinland-Pfalz","crossing_type":"EÜ über Autobahn","source":"DB InfraGO infrastructure data","source_url":"https://data.gov.de/suche/daten/infrastrukturdaten-der-db-infrago"}},{"type":"Feature","geometry":{"type":"LineString","coordinates":[[8.370928294715464,49.650257088486185],[8.37539125920515,49.650710682244956]]},"properties":{"kind":"rail_bridge","name":"EÜ Fluß","length_m":327.0,"route":"3570","state":"Baden-Württemberg","crossing_type":"EÜ über natürlich schiffbaren Fluß","source":"DB InfraGO infrastructure data","source_url":"https://data.gov.de/suche/daten/infrastrukturdaten-der-db-infrago"}},{"type":"Feature","geometry":{"type":"LineString","coordinates":[[8.375391231822618,49.65071067946201],[8.383652466154778,49.651554234625095]]},"properties":{"kind":"rail_bridge","name":"EÜ Rheinbrücke","length_m":607.0,"route":"3570","state":"Baden-Württemberg","crossing_type":"EÜ über Graben/Flutöffn. zeitw. Wasser","source":"DB InfraGO infrastructure data","source_url":"https://data.gov.de/suche/daten/infrastrukturdaten-der-db-infrago"}},{"type":"Feature","geometry":{"type":"LineString","coordinates":[[8.751389074418924,50.098434244963464],[8.752480436987168,50.09831067446237],[8.753810943496982,50.09831159828496]]},"properties":{"kind":"rail_bridge","name":"EÜ  Viadukt","length_m":173.0,"route":"3600","state":"Hessen","crossing_type":"EÜ über andere Straße/Weg Fahrverkehr","source":"DB InfraGO infrastructure data","source_url":"https://data.gov.de/suche/daten/infrastrukturdaten-der-db-infrago"}},{"type":"Feature","geometry":{"type":"LineString","coordinates":[[8.90938309009768,50.122597079362535],[8.91196833384129,50.12391356289705]]},"properties":{"kind":"rail_bridge","name":"EÜ -Stahlbrücke-  Mainbrücke","length_m":238.0,"route":"3600","state":"Hessen","crossing_type":"EÜ über schiffbar gemachten Fluß","source":"DB InfraGO infrastructure data","source_url":"https://data.gov.de/suche/daten/infrastrukturdaten-der-db-infrago"}},{"type":"Feature","geometry":{"type":"LineString","coordinates":[[9.93241260373359,51.312198614069935],[9.931669699168607,51.3133420964394]]},"properties":{"kind":"rail_bridge","name":"EÜ Werratal","length_m":193.0,"route":"3600","state":"Hessen","crossing_type":"EÜ über Tal","source":"DB InfraGO infrastructure data","source_url":"https://data.gov.de/suche/daten/infrastrukturdaten-der-db-infrago"}},{"type":"Feature","geometry":{"type":"LineString","coordinates":[[8.601115425609333,49.47229151054512],[8.59948358528456,49.47042984806561]]},"properties":{"kind":"rail_bridge","name":"EÜ Neckar","length_m":215.0,"route":"3601","state":"Baden-Württemberg","crossing_type":"EÜ über schiffbar gemachten Fluß","source":"DB InfraGO infrastructure data","source_url":"https://data.gov.de/suche/daten/infrastrukturdaten-der-db-infrago"}},{"type":"Feature","geometry":{"type":"LineString","coordinates":[[8.641820624248574,50.117878379255366],[8.64038133992683,50.118866112002635],[8.639333876294602,50.119506228901386],[8.638229068305735,50.12005356215494],[8.637576045383843,50.12030056005169]]},"properties":{"kind":"rail_bridge","name":"KRBW -Stahlbrücke-  über Str 3900","length_m":670.0,"route":"3611","state":"Hessen","crossing_type":"EÜ über DBAG-Gleise","source":"DB InfraGO infrastructure data","source_url":"https://data.gov.de/suche/daten/infrastrukturdaten-der-db-infrago"}},{"type":"Feature","geometry":{"type":"LineString","coordinates":[[8.649521962178806,50.101991299720176],[8.649521948301212,50.1019912985207]]},"properties":{"kind":"rail_bridge","name":"KRBW -Stahlbetonbrücke  über Str 3520, 3610, 3613","length_m":84.0,"route":"3612","state":"Hessen","crossing_type":"EÜ über DBAG-Gleise","source":"DB InfraGO infrastructure data","source_url":"https://data.gov.de/suche/daten/infrastrukturdaten-der-db-infrago"}},{"type":"Feature","geometry":{"type":"LineString","coordinates":[[8.637737627622277,50.09660691206665],[8.637737641569233,50.09660691277259]]},"properties":{"kind":"rail_bridge","name":"EÜ -Stahlbrücke-  KRBW","length_m":134.0,"route":"3620","state":"Hessen","crossing_type":"EÜ über DBAG-Gleise","source":"DB InfraGO infrastructure data","source_url":"https://data.gov.de/suche/daten/infrastrukturdaten-der-db-infrago"}},{"type":"Feature","geometry":{"type":"LineString","coordinates":[[8.629933949840503,50.09163164984888],[8.629258841592028,50.09244421874371]]},"properties":{"kind":"rail_bridge","name":"EÜ -Stahlbrücke-  Mainbrücke","length_m":547.0,"route":"3621","state":"Hessen","crossing_type":"EÜ über natürlich schiffbaren Fluß","source":"DB InfraGO infrastructure data","source_url":"https://data.gov.de/suche/daten/infrastrukturdaten-der-db-infrago"}},{"type":"Feature","geometry":{"type":"LineString","coordinates":[[8.634420653700602,50.08468512773068],[8.634365948328687,50.084754560075936]]},"properties":{"kind":"rail_bridge","name":"EÜ -Stahlverbundbrücke-  Goldsteinstraße","length_m":249.0,"route":"3624","state":"Hessen","crossing_type":"EÜ über andere Straße/Weg KFZ-Verkehr","source":"DB InfraGO infrastructure data","source_url":"https://data.gov.de/suche/daten/infrastrukturdaten-der-db-infrago"}},{"type":"Feature","geometry":{"type":"LineString","coordinates":[[8.47289183023325,50.028097731676276],[8.473370042827725,50.0280174859469]]},"properties":{"kind":"rail_bridge","name":"EÜ  AS-Raunheim","length_m":81.0,"route":"3627","state":"Hessen","crossing_type":"EÜ über Autobahn","source":"DB InfraGO infrastructure data","source_url":"https://data.gov.de/suche/daten/infrastrukturdaten-der-db-infrago"}},{"type":"Feature","geometry":{"type":"LineString","coordinates":[[8.475440487338062,50.02785103139858],[8.476705474427543,50.02797987652721],[8.477899604617598,50.02828631806231],[8.478922361819812,50.02873440421946],[8.479872642949807,50.029389579729234]]},"properties":{"kind":"rail_bridge","name":"EÜ  Brücke Caltex","length_m":352.0,"route":"3627","state":"Hessen","crossing_type":"EÜ über Bundesstraße","source":"DB InfraGO infrastructure data","source_url":"https://data.gov.de/suche/daten/infrastrukturdaten-der-db-infrago"}},{"type":"Feature","geometry":{"type":"LineString","coordinates":[[8.635294421457886,50.0974451798993],[8.63506824874044,50.097343330779964]]},"properties":{"kind":"rail_bridge","name":"EÜ -Stahlbrücke-  KRBW","length_m":88.0,"route":"3631","state":"Hessen","crossing_type":"EÜ über DBAG-Gleise","source":"DB InfraGO infrastructure data","source_url":"https://data.gov.de/suche/daten/infrastrukturdaten-der-db-infrago"}},{"type":"Feature","geometry":{"type":"LineString","coordinates":[[8.705081903037957,50.10577462823811],[8.705385017757086,50.1068012866132],[8.705675039257795,50.108289132912745]]},"properties":{"kind":"rail_bridge","name":"EÜ-Stahlbrücke  Deutschherrnbrücke","length_m":280.0,"route":"3660","state":"Hessen","crossing_type":"EÜ über natürlich schiffbaren Fluß","source":"DB InfraGO infrastructure data","source_url":"https://data.gov.de/suche/daten/infrastrukturdaten-der-db-infrago"}},{"type":"Feature","geometry":{"type":"LineString","coordinates":[[9.502571347145915,50.62161813709747],[9.502353515654075,50.62099837672067]]},"properties":{"kind":"rail_bridge","name":"EÜ -Stahlbetonbrücke-  Bonifatiusstraße","length_m":80.0,"route":"3700","state":"Hessen","crossing_type":"EÜ über anderen Wasserlauf","source":"DB InfraGO infrastructure data","source_url":"https://data.gov.de/suche/daten/infrastrukturdaten-der-db-infrago"}},{"type":"Feature","geometry":{"type":"LineString","coordinates":[[9.659717303898576,50.56046450951922],[9.66096420175843,50.56128526157324]]},"properties":{"kind":"rail_bridge","name":"EÜ  Fuldabrücke","length_m":106.0,"route":"3700","state":"Hessen","crossing_type":"EÜ über anderen Wasserlauf","source":"DB InfraGO infrastructure data","source_url":"https://data.gov.de/suche/daten/infrastrukturdaten-der-db-infrago"}},{"type":"Feature","geometry":{"type":"LineString","coordinates":[[8.088199043540616,50.39013330698649],[8.086558612095239,50.38975840930925]]},"properties":{"kind":"rail_bridge","name":"EÜ  Lahntalbrücke","length_m":457.0,"route":"3710","state":"Hessen","crossing_type":"EÜ über Tal","source":"DB InfraGO infrastructure data","source_url":"https://data.gov.de/suche/daten/infrastrukturdaten-der-db-infrago"}},{"type":"Feature","geometry":{"type":"LineString","coordinates":[[7.965967124422877,50.353445580418246],[7.965427288828676,50.35267215819649]]},"properties":{"kind":"rail_bridge","name":"EÜ -Stahlbrücke-  Lahn","length_m":97.0,"route":"3710","state":"Rheinland-Pfalz","crossing_type":"EÜ über schiffbar gemachten Fluß","source":"DB InfraGO infrastructure data","source_url":"https://data.gov.de/suche/daten/infrastrukturdaten-der-db-infrago"}},{"type":"Feature","geometry":{"type":"LineString","coordinates":[[7.621877411279663,50.31237307205113],[7.620098147171784,50.3115799025107]]},"properties":{"kind":"rail_bridge","name":"EÜ-Fachwerkbrücke  Lahn","length_m":150.0,"route":"3710","state":"Rheinland-Pfalz","crossing_type":"EÜ über schiffbar gemachten Fluß","source":"DB InfraGO infrastructure data","source_url":"https://data.gov.de/suche/daten/infrastrukturdaten-der-db-infrago"}},{"type":"Feature","geometry":{"type":"LineString","coordinates":[[7.596575450634989,50.33266495701246],[7.591482261040282,50.33370260681933]]},"properties":{"kind":"rail_bridge","name":"EÜ  Horchheimer Brücke","length_m":392.0,"route":"3710","state":"Rheinland-Pfalz","crossing_type":"EÜ über natürlich schiffbaren Fluß","source":"DB InfraGO infrastructure data","source_url":"https://data.gov.de/suche/daten/infrastrukturdaten-der-db-infrago"}},{"type":"Feature","geometry":{"type":"LineString","coordinates":[[7.964947389114674,50.42736153998152],[7.965334197683926,50.42786149422402],[7.9657262041366845,50.42819169330622]]},"properties":{"kind":"rail_bridge","name":"EÜ - Gewölbebrücke  Viadukt","length_m":108.0,"route":"3731","state":"Rheinland-Pfalz","crossing_type":"EÜ über Tal","source":"DB InfraGO infrastructure data","source_url":"https://data.gov.de/suche/daten/infrastrukturdaten-der-db-infrago"}},{"type":"Feature","geometry":{"type":"LineString","coordinates":[[8.757710590318197,50.34074250299924],[8.75771102064947,50.34074342466318]]},"properties":{"kind":"rail_bridge","name":"EÜ - Gewölbebrücke  Rosentalviadukt","length_m":138.0,"route":"3740","state":"Hessen","crossing_type":"EÜ über Tal","source":"DB InfraGO infrastructure data","source_url":"https://data.gov.de/suche/daten/infrastrukturdaten-der-db-infrago"}},{"type":"Feature","geometry":{"type":"LineString","coordinates":[[8.874062966950872,50.23710471587433],[8.874489238602601,50.236654187678084]]},"properties":{"kind":"rail_bridge","name":"EÜ - Gewölbebrücke  Nidder","length_m":110.0,"route":"3742","state":"Hessen","crossing_type":"EÜ über anderen Wasserlauf","source":"DB InfraGO infrastructure data","source_url":"https://data.gov.de/suche/daten/infrastrukturdaten-der-db-infrago"}},{"type":"Feature","geometry":{"type":"LineString","coordinates":[[8.950588969134943,50.11932416344865],[8.950588972965281,50.11932415480848]]},"properties":{"kind":"rail_bridge","name":"KRBW -Spannbetonbrücke-  über Str 3600 + B43","length_m":93.0,"route":"3742","state":"Hessen","crossing_type":"EÜ über DBAG-Gleise","source":"DB InfraGO infrastructure data","source_url":"https://data.gov.de/suche/daten/infrastrukturdaten-der-db-infrago"}},{"type":"Feature","geometry":{"type":"LineString","coordinates":[[7.867222990631256,50.48776064523607],[7.86571381128471,50.48764785196386]]},"properties":{"kind":"rail_bridge","name":"EÜ Niederahr  B 255","length_m":131.0,"route":"3747","state":"Rheinland-Pfalz","crossing_type":"EÜ über Bundesstraße","source":"DB InfraGO infrastructure data","source_url":"https://data.gov.de/suche/daten/infrastrukturdaten-der-db-infrago"}},{"type":"Feature","geometry":{"type":"LineString","coordinates":[[9.818917876423868,50.95005021204658],[9.817197250652384,50.95020678860592]]},"properties":{"kind":"rail_bridge","name":"EÜ  Talbrücke Weiterode","length_m":128.0,"route":"3801","state":"Hessen","crossing_type":"EÜ über Tal","source":"DB InfraGO infrastructure data","source_url":"https://data.gov.de/suche/daten/infrastrukturdaten-der-db-infrago"}},{"type":"Feature","geometry":{"type":"LineString","coordinates":[[9.585758199287074,50.80838920831413],[9.58559363283948,50.80851729572855]]},"properties":{"kind":"rail_bridge","name":"EÜ - Hohlkasten Spannbeton  Aula-Talbrücke","length_m":892.0,"route":"3810","state":"Hessen","crossing_type":"EÜ über Tal","source":"DB InfraGO infrastructure data","source_url":"https://data.gov.de/suche/daten/infrastrukturdaten-der-db-infrago"}},{"type":"Feature","geometry":{"type":"LineString","coordinates":[[9.593175756184788,50.78567670323026],[9.593270607631533,50.78587880546772]]},"properties":{"kind":"rail_bridge","name":"EÜ - Hohlkasten Spannbeton  Fuldatalbrücke Solms","length_m":1641.0,"route":"3811","state":"Hessen","crossing_type":"EÜ über Tal","source":"DB InfraGO infrastructure data","source_url":"https://data.gov.de/suche/daten/infrastrukturdaten-der-db-infrago"}},{"type":"Feature","geometry":{"type":"LineString","coordinates":[[9.551561121418262,50.3993233772296],[9.550469932715346,50.39825361181705]]},"properties":{"kind":"rail_bridge","name":"EÜ  BAB 66","length_m":148.0,"route":"3825","state":"Hessen","crossing_type":"EÜ über Autobahn","source":"DB InfraGO infrastructure data","source_url":"https://data.gov.de/suche/daten/infrastrukturdaten-der-db-infrago"}},{"type":"Feature","geometry":{"type":"LineString","coordinates":[[9.611560698043426,50.22361363062331],[9.610581604966184,50.22217372466369]]},"properties":{"kind":"rail_bridge","name":"EÜ Sinnbrücke","length_m":179.0,"route":"3825","state":"Bayern","crossing_type":"EÜ über Tal","source":"DB InfraGO infrastructure data","source_url":"https://data.gov.de/suche/daten/infrastrukturdaten-der-db-infrago"}},{"type":"Feature","geometry":{"type":"LineString","coordinates":[[9.66095016694708,50.09481049634418],[9.661361404325584,50.09415095524215]]},"properties":{"kind":"rail_bridge","name":"EÜ","length_m":81.0,"route":"3825","state":"Bayern","crossing_type":"EÜ über anderen Wasserlauf","source":"DB InfraGO infrastructure data","source_url":"https://data.gov.de/suche/daten/infrastrukturdaten-der-db-infrago"}},{"type":"Feature","geometry":{"type":"LineString","coordinates":[[9.68725103179962,50.528903147271805],[9.687425721526516,50.52956855121847]]},"properties":{"kind":"rail_bridge","name":"KRBW -Stahlbrücke-  Fulda-Mitte u.=1733+3600","length_m":119.0,"route":"3828","state":"Hessen","crossing_type":"EÜ über DBAG-Gleise","source":"DB InfraGO infrastructure data","source_url":"https://data.gov.de/suche/daten/infrastrukturdaten-der-db-infrago"}},{"type":"Feature","geometry":{"type":"LineString","coordinates":[[9.447652746961193,51.197377850952044],[9.446066146865466,51.19675958086418]]},"properties":{"kind":"rail_bridge","name":"EÜ -Stahlbetonbrücke-  Ederbrücke","length_m":137.0,"route":"3900","state":"Hessen","crossing_type":"EÜ über anderen Wasserlauf","source":"DB InfraGO infrastructure data","source_url":"https://data.gov.de/suche/daten/infrastrukturdaten-der-db-infrago"}},{"type":"Feature","geometry":{"type":"LineString","coordinates":[[8.774083529267092,50.843887211531296],[8.77321636547967,50.84335488990842]]},"properties":{"kind":"rail_bridge","name":"EÜ -Gewölbebrücke-  Lahnbrücke","length_m":90.0,"route":"3900","state":"Hessen","crossing_type":"EÜ über anderen Wasserlauf","source":"DB InfraGO infrastructure data","source_url":"https://data.gov.de/suche/daten/infrastrukturdaten-der-db-infrago"}},{"type":"Feature","geometry":{"type":"LineString","coordinates":[[8.756550920215206,50.775046344991026],[8.755845520820513,50.77446736162163]]},"properties":{"kind":"rail_bridge","name":"EÜ -Gewölbebrücke-  Die Lahn","length_m":90.0,"route":"3900","state":"Hessen","crossing_type":"EÜ über anderen Wasserlauf","source":"DB InfraGO infrastructure data","source_url":"https://data.gov.de/suche/daten/infrastrukturdaten-der-db-infrago"}},{"type":"Feature","geometry":{"type":"LineString","coordinates":[[8.666671248036677,50.58447469798475],[8.666671242861456,50.58447468961755]]},"properties":{"kind":"rail_bridge","name":"E- FU Bf. Gießen","length_m":103.0,"route":"3900","state":"Hessen","crossing_type":"EÜ über andere Bahnen","source":"DB InfraGO infrastructure data","source_url":"https://data.gov.de/suche/daten/infrastrukturdaten-der-db-infrago"}},{"type":"Feature","geometry":{"type":"LineString","coordinates":[[8.661726164614732,50.579531668743414],[8.661726156147312,50.579531661540834]]},"properties":{"kind":"rail_bridge","name":"P- EÜ Rah Bstg-Zug.Gi","length_m":112.0,"route":"3900","state":"Hessen","crossing_type":"EÜ über Wege/Räume Reisende-Bstg.Zug.","source":"DB InfraGO infrastructure data","source_url":"https://data.gov.de/suche/daten/infrastrukturdaten-der-db-infrago"}},{"type":"Feature","geometry":{"type":"LineString","coordinates":[[8.758748663921278,50.342657480478685],[8.757886725707438,50.341449571772195],[8.757549672850171,50.34077808814983]]},"properties":{"kind":"rail_bridge","name":"EÜ - Spannbeton  Neue Rosentalbrücke","length_m":235.0,"route":"3900","state":"Hessen","crossing_type":"EÜ über Tal","source":"DB InfraGO infrastructure data","source_url":"https://data.gov.de/suche/daten/infrastrukturdaten-der-db-infrago"}},{"type":"Feature","geometry":{"type":"LineString","coordinates":[[8.643322674238167,50.109661236692716],[8.643339420222379,50.10831602558702]]},"properties":{"kind":"rail_bridge","name":"KRBW -Stahlbrücke-  Emserbrücke","length_m":148.0,"route":"3900","state":"Hessen","crossing_type":"EÜ über DBAG-Gleise","source":"DB InfraGO infrastructure data","source_url":"https://data.gov.de/suche/daten/infrastrukturdaten-der-db-infrago"}},{"type":"Feature","geometry":{"type":"LineString","coordinates":[[8.644910972235525,50.10362540854863],[8.645401775948788,50.103155210010435]]},"properties":{"kind":"rail_bridge","name":"EÜ -Stahlbrücke-  Mainzer Landstraße","length_m":81.0,"route":"3900","state":"Hessen","crossing_type":"EÜ über andere Straße/Weg KFZ-Verkehr","source":"DB InfraGO infrastructure data","source_url":"https://data.gov.de/suche/daten/infrastrukturdaten-der-db-infrago"}},{"type":"Feature","geometry":{"type":"LineString","coordinates":[[9.488278330058353,51.28837157037148],[9.490811248089193,51.28859951798541]]},"properties":{"kind":"rail_bridge","name":"EÜ - Stahlgitterbrücke  Die Fulda","length_m":177.0,"route":"3901","state":"Hessen","crossing_type":"EÜ über anderen Wasserlauf","source":"DB InfraGO infrastructure data","source_url":"https://data.gov.de/suche/daten/infrastrukturdaten-der-db-infrago"}},{"type":"Feature","geometry":{"type":"LineString","coordinates":[[9.199538507708722,51.33999360875674],[9.200046844992015,51.340319640491856]]},"properties":{"kind":"rail_bridge","name":"EÜ -Gewölbebrücke-  Weg und Die Erpe","length_m":94.0,"route":"3903","state":"Hessen","crossing_type":"EÜ über Tal","source":"DB InfraGO infrastructure data","source_url":"https://data.gov.de/suche/daten/infrastrukturdaten-der-db-infrago"}},{"type":"Feature","geometry":{"type":"LineString","coordinates":[[9.312348746384995,51.36264002766535],[9.313074999545849,51.362520831774845],[9.31378772679005,51.362480186364394],[9.314719735943799,51.362548391608016]]},"properties":{"kind":"rail_bridge","name":"EÜ -Gewölbebrücke-  L 3211 - Zierenberger Viadukt","length_m":162.0,"route":"3903","state":"Hessen","crossing_type":"EÜ über Tal","source":"DB InfraGO infrastructure data","source_url":"https://data.gov.de/suche/daten/infrastrukturdaten-der-db-infrago"}},{"type":"Feature","geometry":{"type":"LineString","coordinates":[[8.78819715169335,51.29745165558012],[8.787095410436255,51.29723124653343]]},"properties":{"kind":"rail_bridge","name":"EÜ -Gewölbebrücke-  Weg und Bach","length_m":93.0,"route":"3944","state":"Hessen","crossing_type":"EÜ über Tal","source":"DB InfraGO infrastructure data","source_url":"https://data.gov.de/suche/daten/infrastrukturdaten-der-db-infrago"}},{"type":"Feature","geometry":{"type":"LineString","coordinates":[[8.759825533831505,51.29452178808894],[8.759030844654834,51.29473955413301]]},"properties":{"kind":"rail_bridge","name":"EÜ -Gewölbebrücke-  Tal","length_m":105.0,"route":"3944","state":"Hessen","crossing_type":"EÜ über Tal","source":"DB InfraGO infrastructure data","source_url":"https://data.gov.de/suche/daten/infrastrukturdaten-der-db-infrago"}},{"type":"Feature","geometry":{"type":"LineString","coordinates":[[8.659423025471762,51.27931347841388],[8.658205307758683,51.27929230371949]]},"properties":{"kind":"rail_bridge","name":"EÜ -Gewölbebrücke-  Diemeltal und Weg","length_m":86.0,"route":"3944","state":"Hessen","crossing_type":"EÜ über Tal","source":"DB InfraGO infrastructure data","source_url":"https://data.gov.de/suche/daten/infrastrukturdaten-der-db-infrago"}},{"type":"Feature","geometry":{"type":"LineString","coordinates":[[8.618136292112059,51.28972793547815],[8.615150007412137,51.290672123692985]]},"properties":{"kind":"rail_bridge","name":"EÜ -Gewölbebrücke-  Tal und Itterfluß","length_m":294.0,"route":"3944","state":"Hessen","crossing_type":"EÜ über Tal","source":"DB InfraGO infrastructure data","source_url":"https://data.gov.de/suche/daten/infrastrukturdaten-der-db-infrago"}},{"type":"Feature","geometry":{"type":"LineString","coordinates":[[8.500143754712619,49.465516627717555],[8.500404907950635,49.46543099404195]]},"properties":{"kind":"rail_bridge","name":"EÜ (Hessenbrücke)","length_m":82.0,"route":"4000","state":"Baden-Württemberg","crossing_type":"EÜ über DBAG-Gleise","source":"DB InfraGO infrastructure data","source_url":"https://data.gov.de/suche/daten/infrastrukturdaten-der-db-infrago"}},{"type":"Feature","geometry":{"type":"LineString","coordinates":[[8.427052629318068,49.0004409195652],[8.425622755065229,49.000039758732946]]},"properties":{"kind":"rail_bridge","name":"Straßenunterführung","length_m":118.0,"route":"4000","state":"Baden-Württemberg","crossing_type":"EÜ über Landstraße II. Ordnung/Kreisstraße","source":"DB InfraGO infrastructure data","source_url":"https://data.gov.de/suche/daten/infrastrukturdaten-der-db-infrago"}},{"type":"Feature","geometry":{"type":"LineString","coordinates":[[8.21378892032721,48.857518650409055],[8.213540526509677,48.85684338514198]]},"properties":{"kind":"rail_bridge","name":"EÜ (Murgbrücke)  Murgbrücke","length_m":85.0,"route":"4000","state":"Baden-Württemberg","crossing_type":"EÜ über anderen Wasserlauf","source":"DB InfraGO infrastructure data","source_url":"https://data.gov.de/suche/daten/infrastrukturdaten-der-db-infrago"}},{"type":"Feature","geometry":{"type":"LineString","coordinates":[[7.960589524960941,48.50452436297462],[7.95959708078893,48.50245068708907]]},"properties":{"kind":"rail_bridge","name":"K5324","length_m":242.0,"route":"4000","state":"Baden-Württemberg","crossing_type":"EÜ über Landstraße II. Ordnung/Kreisstraße","source":"DB InfraGO infrastructure data","source_url":"https://data.gov.de/suche/daten/infrastrukturdaten-der-db-infrago"}},{"type":"Feature","geometry":{"type":"LineString","coordinates":[[7.960119285076575,48.503564390315056],[7.960045304731906,48.503406615766686]]},"properties":{"kind":"rail_bridge","name":"SÜ  K 5324","length_m":242.0,"route":"4000","state":"Baden-Württemberg","crossing_type":"EÜ über Landstraße II. Ordnung/Kreisstraße","source":"DB InfraGO infrastructure data","source_url":"https://data.gov.de/suche/daten/infrastrukturdaten-der-db-infrago"}},{"type":"Feature","geometry":{"type":"LineString","coordinates":[[7.837682590266502,47.992421285374945],[7.837196764041733,47.99178654653986]]},"properties":{"kind":"rail_bridge","name":"EÜ - Stahlbeton  Dreisam und B 31a","length_m":96.0,"route":"4000","state":"Baden-Württemberg","crossing_type":"EÜ über anderen Wasserlauf","source":"DB InfraGO infrastructure data","source_url":"https://data.gov.de/suche/daten/infrastrukturdaten-der-db-infrago"}},{"type":"Feature","geometry":{"type":"LineString","coordinates":[[7.557511779156359,47.73275185507058],[7.557633054413543,47.732355325189154],[7.557704681892999,47.73179457832184]]},"properties":{"kind":"rail_bridge","name":"EÜ - Gewölbeviadukt  Markus-Ruf-Straße","length_m":112.0,"route":"4000","state":"Baden-Württemberg","crossing_type":"EÜ über Tal","source":"DB InfraGO infrastructure data","source_url":"https://data.gov.de/suche/daten/infrastrukturdaten-der-db-infrago"}},{"type":"Feature","geometry":{"type":"LineString","coordinates":[[9.179324920511327,47.666802539028176],[9.178321033637546,47.665754391889166]]},"properties":{"kind":"rail_bridge","name":"Rheinbrücke","length_m":131.0,"route":"4000","state":"Baden-Württemberg","crossing_type":"EÜ über natürlich schiffbaren Fluß","source":"DB InfraGO infrastructure data","source_url":"https://data.gov.de/suche/daten/infrastrukturdaten-der-db-infrago"}},{"type":"Feature","geometry":{"type":"LineString","coordinates":[[8.507906839580187,49.482667775130835],[8.509016754991183,49.48423836044963]]},"properties":{"kind":"rail_bridge","name":"E Neckar u. Leinpfad","length_m":192.0,"route":"4010","state":"Baden-Württemberg","crossing_type":"EÜ über schiffbar gemachten Fluß","source":"DB InfraGO infrastructure data","source_url":"https://data.gov.de/suche/daten/infrastrukturdaten-der-db-infrago"}},{"type":"Feature","geometry":{"type":"LineString","coordinates":[[8.45605494571201,49.48418142337716],[8.455632790358449,49.48462869171958],[8.455331649401723,49.485032977113],[8.455085555912342,49.485452837429676],[8.454900211312397,49.4858857598576],[8.454539970373636,49.487213029925655],[8.454101625174859,49.48941444229203]]},"properties":{"kind":"rail_bridge","name":"E Hochbahn Bw 1-5","length_m":477.0,"route":"4011","state":"Baden-Württemberg","crossing_type":"EÜ über andere Straße/Weg KFZ-Verkehr","source":"DB InfraGO infrastructure data","source_url":"https://data.gov.de/suche/daten/infrastrukturdaten-der-db-infrago"}},{"type":"Feature","geometry":{"type":"LineString","coordinates":[[8.453961879685542,49.49010362229572],[8.453856246979614,49.49078198977552],[8.453829074523885,49.491356919675944]]},"properties":{"kind":"rail_bridge","name":"E Hochbahn Bw 7-8","length_m":158.0,"route":"4011","state":"Baden-Württemberg","crossing_type":"EÜ über andere Straße/Weg KFZ-Verkehr","source":"DB InfraGO infrastructure data","source_url":"https://data.gov.de/suche/daten/infrastrukturdaten-der-db-infrago"}},{"type":"Feature","geometry":{"type":"LineString","coordinates":[[8.45382907159668,49.49135649700154],[8.453873497110921,49.49215184733252],[8.454164697380481,49.4938417460187]]},"properties":{"kind":"rail_bridge","name":"EÜ Hochbahn Bw 9-11","length_m":840.0,"route":"4011","state":"Baden-Württemberg","crossing_type":"EÜ über andere Straße/Weg KFZ-Verkehr","source":"DB InfraGO infrastructure data","source_url":"https://data.gov.de/suche/daten/infrastrukturdaten-der-db-infrago"}},{"type":"Feature","geometry":{"type":"LineString","coordinates":[[8.454164697380481,49.4938417460187],[8.454524250092193,49.495700680730515],[8.454771392598419,49.49658501525314],[8.45531776638822,49.49788514084168],[8.45591526062642,49.49891530859252]]},"properties":{"kind":"rail_bridge","name":"E Industriehafen","length_m":582.0,"route":"4011","state":"Baden-Württemberg","crossing_type":"EÜ über andere Straße/Weg KFZ-Verkehr","source":"DB InfraGO infrastructure data","source_url":"https://data.gov.de/suche/daten/infrastrukturdaten-der-db-infrago"}},{"type":"Feature","geometry":{"type":"LineString","coordinates":[[8.456319313332083,49.49955129800567],[8.456820889862643,49.500295219098255]]},"properties":{"kind":"rail_bridge","name":"Neckar-Brücke","length_m":242.0,"route":"4011","state":"Baden-Württemberg","crossing_type":"EÜ über schiffbar gemachten Fluß","source":"DB InfraGO infrastructure data","source_url":"https://data.gov.de/suche/daten/infrastrukturdaten-der-db-infrago"}},{"type":"Feature","geometry":{"type":"LineString","coordinates":[[8.457234863733815,49.500908040080766],[8.458060138652042,49.50200692638037],[8.459128031087536,49.50314751115513]]},"properties":{"kind":"rail_bridge","name":"E Hochbahn Bw 18-20","length_m":367.0,"route":"4011","state":"Baden-Württemberg","crossing_type":"EÜ über Bundesstraße","source":"DB InfraGO infrastructure data","source_url":"https://data.gov.de/suche/daten/infrastrukturdaten-der-db-infrago"}},{"type":"Feature","geometry":{"type":"LineString","coordinates":[[8.471346231157025,49.512581908347094],[8.472672909543482,49.51352490571289]]},"properties":{"kind":"rail_bridge","name":"E Waldhofstr. Bw 25 r","length_m":142.0,"route":"4011","state":"Baden-Württemberg","crossing_type":"EÜ über Bundesstraße","source":"DB InfraGO infrastructure data","source_url":"https://data.gov.de/suche/daten/infrastrukturdaten-der-db-infrago"}},{"type":"Feature","geometry":{"type":"LineString","coordinates":[[8.45933437340379,49.48186096724174],[8.459102243854652,49.48191762540431]]},"properties":{"kind":"rail_bridge","name":"EÜ ü. Rheinvorlandstraße","length_m":104.0,"route":"4030","state":"Baden-Württemberg","crossing_type":"EÜ über andere Straße/Weg KFZ-Verkehr","source":"DB InfraGO infrastructure data","source_url":"https://data.gov.de/suche/daten/infrastrukturdaten-der-db-infrago"}},{"type":"Feature","geometry":{"type":"LineString","coordinates":[[8.491228554705517,49.46876743003246],[8.492641134289665,49.46811109244835],[8.493691434832137,49.46752862753351],[8.495144797771111,49.46656076465078],[8.498337135463851,49.464200511668786],[8.499297586447499,49.46358803529663],[8.502090437162611,49.46207761178599]]},"properties":{"kind":"rail_bridge","name":"E Containerbrücke","length_m":1089.0,"route":"4080","state":"Baden-Württemberg","crossing_type":"EÜ über DBAG-Gleise","source":"DB InfraGO infrastructure data","source_url":"https://data.gov.de/suche/daten/infrastrukturdaten-der-db-infrago"}},{"type":"Feature","geometry":{"type":"LineString","coordinates":[[8.52165435223693,49.18678076611094],[8.523338651150143,49.185560765552424]]},"properties":{"kind":"rail_bridge","name":"SÜ K 3525","length_m":183.0,"route":"4080","state":"Baden-Württemberg","crossing_type":"EÜ über Landstraße II. Ordnung/Kreisstraße","source":"DB InfraGO infrastructure data","source_url":"https://data.gov.de/suche/daten/infrastrukturdaten-der-db-infrago"}},{"type":"Feature","geometry":{"type":"LineString","coordinates":[[8.550361179320804,49.1723373572516],[8.550361191568161,49.17233735320635]]},"properties":{"kind":"rail_bridge","name":"S SÜ L 556","length_m":80.0,"route":"4080","state":"Baden-Württemberg","crossing_type":"EÜ über Landstraße II. Ordnung/Kreisstraße","source":"DB InfraGO infrastructure data","source_url":"https://data.gov.de/suche/daten/infrastrukturdaten-der-db-infrago"}},{"type":"Feature","geometry":{"type":"LineString","coordinates":[[8.617749941987462,49.14907222815494],[8.61875032909691,49.148360598020076]]},"properties":{"kind":"rail_bridge","name":"Eisenbahnüberführung  Gleis Hbg.-Stgt. über NBS","length_m":106.0,"route":"4080","state":"Baden-Württemberg","crossing_type":"EÜ über DBAG-Gleise","source":"DB InfraGO infrastructure data","source_url":"https://data.gov.de/suche/daten/infrastrukturdaten-der-db-infrago"}},{"type":"Feature","geometry":{"type":"LineString","coordinates":[[8.658415106565906,49.12000091108792],[8.661217741466686,49.11850110759357]]},"properties":{"kind":"rail_bridge","name":"-Talbrücke Oberbruch-","length_m":262.0,"route":"4080","state":"Baden-Württemberg","crossing_type":"EÜ über Tal","source":"DB InfraGO infrastructure data","source_url":"https://data.gov.de/suche/daten/infrastrukturdaten-der-db-infrago"}},{"type":"Feature","geometry":{"type":"LineString","coordinates":[[8.693633107079096,49.105094733314736],[8.70189741455283,49.101835249390305]]},"properties":{"kind":"rail_bridge","name":"-Talbrücke Frauenwald-","length_m":702.0,"route":"4080","state":"Baden-Württemberg","crossing_type":"EÜ über Tal","source":"DB InfraGO infrastructure data","source_url":"https://data.gov.de/suche/daten/infrastrukturdaten-der-db-infrago"}},{"type":"Feature","geometry":{"type":"LineString","coordinates":[[8.74195305948418,49.08444167539738],[8.746449714708586,49.082141086349715],[8.749922921967787,49.08022187901847]]},"properties":{"kind":"rail_bridge","name":"- Talbrücke Bauerbach -","length_m":746.0,"route":"4080","state":"Baden-Württemberg","crossing_type":"EÜ über Tal","source":"DB InfraGO infrastructure data","source_url":"https://data.gov.de/suche/daten/infrastrukturdaten-der-db-infrago"}},{"type":"Feature","geometry":{"type":"LineString","coordinates":[[8.768601778594164,49.06613644706103],[8.774106130065753,49.0614098446576]]},"properties":{"kind":"rail_bridge","name":"Zigeunergrabentalbrücke  km 59,214..59,876","length_m":691.0,"route":"4080","state":"Baden-Württemberg","crossing_type":"EÜ über Tal","source":"DB InfraGO infrastructure data","source_url":"https://data.gov.de/suche/daten/infrastrukturdaten-der-db-infrago"}},{"type":"Feature","geometry":{"type":"LineString","coordinates":[[8.995003142959726,48.92612732855704],[9.005572255975139,48.91981729588127]]},"properties":{"kind":"rail_bridge","name":"EÜ (Enztalbrücke)  Hohlkasten","length_m":1055.0,"route":"4080","state":"Baden-Württemberg","crossing_type":"EÜ über Tal","source":"DB InfraGO infrastructure data","source_url":"https://data.gov.de/suche/daten/infrastrukturdaten-der-db-infrago"}},{"type":"Feature","geometry":{"type":"LineString","coordinates":[[9.057990506000419,48.89558483545083],[9.062452263911535,48.894464268471175]]},"properties":{"kind":"rail_bridge","name":"EÜ (Glemstal, Bach)  Hohlkasten","length_m":360.0,"route":"4080","state":"Baden-Württemberg","crossing_type":"EÜ über Tal","source":"DB InfraGO infrastructure data","source_url":"https://data.gov.de/suche/daten/infrastrukturdaten-der-db-infrago"}},{"type":"Feature","geometry":{"type":"LineString","coordinates":[[8.616113423997014,49.14866318909175],[8.617137443205518,49.148402758637495]]},"properties":{"kind":"rail_bridge","name":"Eisenbahnüberführung  Str 4085 über B3","length_m":132.0,"route":"4085","state":"Baden-Württemberg","crossing_type":"EÜ über Bundesstraße","source":"DB InfraGO infrastructure data","source_url":"https://data.gov.de/suche/daten/infrastrukturdaten-der-db-infrago"}},{"type":"Feature","geometry":{"type":"LineString","coordinates":[[8.680591733693406,49.554212263627726],[8.68204312966438,49.554489549527325]]},"properties":{"kind":"rail_bridge","name":"EÜ L3408 u. Weschnitz","length_m":105.0,"route":"4104","state":"Baden-Württemberg","crossing_type":"EÜ über anderen Wasserlauf","source":"DB InfraGO infrastructure data","source_url":"https://data.gov.de/suche/daten/infrastrukturdaten-der-db-infrago"}},{"type":"Feature","geometry":{"type":"LineString","coordinates":[[8.804000902235794,49.392899696593],[8.805802633543458,49.394016043860404]]},"properties":{"kind":"rail_bridge","name":"Eü 4111/1,310/1634","length_m":182.0,"route":"4111","state":"Baden-Württemberg","crossing_type":"EÜ über schiffbar gemachten Fluß","source":"DB InfraGO infrastructure data","source_url":"https://data.gov.de/suche/daten/infrastrukturdaten-der-db-infrago"}},{"type":"Feature","geometry":{"type":"LineString","coordinates":[[9.185543925303293,49.23755016742178],[9.187156956464364,49.237280768168446]]},"properties":{"kind":"rail_bridge","name":"EÜ (Jagst)  Stahl","length_m":128.0,"route":"4111","state":"Baden-Württemberg","crossing_type":"EÜ über anderen Wasserlauf","source":"DB InfraGO infrastructure data","source_url":"https://data.gov.de/suche/daten/infrastrukturdaten-der-db-infrago"}},{"type":"Feature","geometry":{"type":"LineString","coordinates":[[9.063395376011755,49.53017952349645],[9.065258653846906,49.5309495444435]]},"properties":{"kind":"rail_bridge","name":"EÜ (Haintal)  Gewölbe","length_m":198.0,"route":"4113","state":"Hessen","crossing_type":"EÜ über Tal","source":"DB InfraGO infrastructure data","source_url":"https://data.gov.de/suche/daten/infrastrukturdaten-der-db-infrago"}},{"type":"Feature","geometry":{"type":"LineString","coordinates":[[8.993140358539266,49.60204050588513],[8.992814271291323,49.60420751054691]]},"properties":{"kind":"rail_bridge","name":"EÜ -Gewölbebrücke-  Himbächel Viadukt","length_m":250.0,"route":"4113","state":"Hessen","crossing_type":"EÜ über Tal","source":"DB InfraGO infrastructure data","source_url":"https://data.gov.de/suche/daten/infrastrukturdaten-der-db-infrago"}},{"type":"Feature","geometry":{"type":"LineString","coordinates":[[8.935064495404669,50.105571252535086],[8.936500432905877,50.107460610058766]]},"properties":{"kind":"rail_bridge","name":"EÜ -Stahlbrücke-  Main -Auheimer Brücke-","length_m":235.0,"route":"4113","state":"Hessen","crossing_type":"EÜ über schiffbar gemachten Fluß","source":"DB InfraGO infrastructure data","source_url":"https://data.gov.de/suche/daten/infrastrukturdaten-der-db-infrago"}},{"type":"Feature","geometry":{"type":"LineString","coordinates":[[9.190604039851525,49.23129586042476],[9.192881284639682,49.232252413382014]]},"properties":{"kind":"rail_bridge","name":"EÜ (Neckar)  Stahl","length_m":198.0,"route":"4114","state":"Baden-Württemberg","crossing_type":"EÜ über schiffbar gemachten Fluß","source":"DB InfraGO infrastructure data","source_url":"https://data.gov.de/suche/daten/infrastrukturdaten-der-db-infrago"}},{"type":"Feature","geometry":{"type":"LineString","coordinates":[[9.704832862212823,49.57945540205282],[9.705771620598652,49.579741537899665]]},"properties":{"kind":"rail_bridge","name":"EÜ Tauber","length_m":80.0,"route":"4120","state":"Baden-Württemberg","crossing_type":"EÜ über anderen Wasserlauf","source":"DB InfraGO infrastructure data","source_url":"https://data.gov.de/suche/daten/infrastrukturdaten-der-db-infrago"}},{"type":"Feature","geometry":{"type":"LineString","coordinates":[[8.230515223642469,48.214701021297174],[8.23170676986439,48.21364234892761]]},"properties":{"kind":"rail_bridge","name":"Eisenbahnüberführung  Talübergang","length_m":146.0,"route":"4250","state":"Baden-Württemberg","crossing_type":"EÜ über Landstraße I. Ordnung/Staatstraße","source":"DB InfraGO infrastructure data","source_url":"https://data.gov.de/suche/daten/infrastrukturdaten-der-db-infrago"}},{"type":"Feature","geometry":{"type":"LineString","coordinates":[[8.29043044128873,48.28997820558368],[8.291474330522997,48.29006154773064]]},"properties":{"kind":"rail_bridge","name":"Eisenbahnüberführung","length_m":82.0,"route":"4251","state":"Baden-Württemberg","crossing_type":"EÜ über anderen Wasserlauf","source":"DB InfraGO infrastructure data","source_url":"https://data.gov.de/suche/daten/infrastrukturdaten-der-db-infrago"}},{"type":"Feature","geometry":{"type":"LineString","coordinates":[[7.82463918812545,48.57896568707059],[7.822735700309849,48.578969951751965]]},"properties":{"kind":"rail_bridge","name":"EÜ (Kinzig)  Stahl","length_m":145.0,"route":"4260","state":"Baden-Württemberg","crossing_type":"EÜ über anderen Wasserlauf","source":"DB InfraGO infrastructure data","source_url":"https://data.gov.de/suche/daten/infrastrukturdaten-der-db-infrago"}},{"type":"Feature","geometry":{"type":"LineString","coordinates":[[7.802698959191617,48.5758352084902],[7.801069786857993,48.57559514787397]]},"properties":{"kind":"rail_bridge","name":"EÜ (Rhein)  Stahl","length_m":238.0,"route":"4260","state":"Baden-Württemberg","crossing_type":"EÜ über schiffbar gemachten Fluß","source":"DB InfraGO infrastructure data","source_url":"https://data.gov.de/suche/daten/infrastrukturdaten-der-db-infrago"}},{"type":"Feature","geometry":{"type":"LineString","coordinates":[[7.960243990316257,48.504637391379575],[7.959370649408241,48.502541101494195]]},"properties":{"kind":"rail_bridge","name":"K5324","length_m":242.0,"route":"4280","state":"Baden-Württemberg","crossing_type":"EÜ über Landstraße II. Ordnung/Kreisstraße","source":"DB InfraGO infrastructure data","source_url":"https://data.gov.de/suche/daten/infrastrukturdaten-der-db-infrago"}},{"type":"Feature","geometry":{"type":"LineString","coordinates":[[7.836779673737222,47.992647387777126],[7.836254411231587,47.99201062030602]]},"properties":{"kind":"rail_bridge","name":"EÜ - Stahlbeton  Dreisam und B 31a","length_m":96.0,"route":"4300","state":"Baden-Württemberg","crossing_type":"EÜ über anderen Wasserlauf","source":"DB InfraGO infrastructure data","source_url":"https://data.gov.de/suche/daten/infrastrukturdaten-der-db-infrago"}},{"type":"Feature","geometry":{"type":"LineString","coordinates":[[8.073113866719911,47.91760630348205],[8.075851321433145,47.91706494644738]]},"properties":{"kind":"rail_bridge","name":"Ravennabrücke","length_m":222.0,"route":"4300","state":"Baden-Württemberg","crossing_type":"EÜ über Tal","source":"DB InfraGO infrastructure data","source_url":"https://data.gov.de/suche/daten/infrastrukturdaten-der-db-infrago"}},{"type":"Feature","geometry":{"type":"LineString","coordinates":[[8.252543173493486,47.8829288648177],[8.252543178529283,47.88292885648665]]},"properties":{"kind":"rail_bridge","name":"EÜ (Gutach)","length_m":128.0,"route":"4300","state":"Baden-Württemberg","crossing_type":"EÜ über anderen Wasserlauf","source":"DB InfraGO infrastructure data","source_url":"https://data.gov.de/suche/daten/infrastrukturdaten-der-db-infrago"}},{"type":"Feature","geometry":{"type":"LineString","coordinates":[[8.259747329414743,47.8740470117604],[8.259870744226955,47.873538732066656],[8.259912852206202,47.87311983974977]]},"properties":{"kind":"rail_bridge","name":"EÜ (Schwendeholztobel)","length_m":107.0,"route":"4300","state":"Baden-Württemberg","crossing_type":"EÜ über Tal","source":"DB InfraGO infrastructure data","source_url":"https://data.gov.de/suche/daten/infrastrukturdaten-der-db-infrago"}},{"type":"Feature","geometry":{"type":"LineString","coordinates":[[8.392612184126577,47.89213821519894],[8.392815969815711,47.892742262956006],[8.393134916689348,47.89332872623098]]},"properties":{"kind":"rail_bridge","name":"EÜ (Mauchach)","length_m":150.0,"route":"4300","state":"Baden-Württemberg","crossing_type":"EÜ über Tal","source":"DB InfraGO infrastructure data","source_url":"https://data.gov.de/suche/daten/infrastrukturdaten-der-db-infrago"}},{"type":"Feature","geometry":{"type":"LineString","coordinates":[[8.40455828457538,47.89582291414059],[8.406021704995803,47.895828572239225]]},"properties":{"kind":"rail_bridge","name":"EÜ (Gauchach)","length_m":106.0,"route":"4300","state":"Baden-Württemberg","crossing_type":"EÜ über Tal","source":"DB InfraGO infrastructure data","source_url":"https://data.gov.de/suche/daten/infrastrukturdaten-der-db-infrago"}},{"type":"Feature","geometry":{"type":"LineString","coordinates":[[8.165968684836987,47.903250547355626],[8.165710286467641,47.9026312294246]]},"properties":{"kind":"rail_bridge","name":"Eisenbahnüberführung","length_m":89.0,"route":"4301","state":"Baden-Württemberg","crossing_type":"EÜ über anderen Wasserlauf","source":"DB InfraGO infrastructure data","source_url":"https://data.gov.de/suche/daten/infrastrukturdaten-der-db-infrago"}},{"type":"Feature","geometry":{"type":"LineString","coordinates":[[7.547812216446828,47.81408410001183],[7.546433966274471,47.81431104169984]]},"properties":{"kind":"rail_bridge","name":"Eisenbahnüberführung  Stahl","length_m":111.0,"route":"4314","state":"Baden-Württemberg","crossing_type":"EÜ über natürlich schiffbaren Fluß","source":"DB InfraGO infrastructure data","source_url":"https://data.gov.de/suche/daten/infrastrukturdaten-der-db-infrago"}},{"type":"Feature","geometry":{"type":"LineString","coordinates":[[8.233468029256994,47.609577046307884],[8.234144875893538,47.60922267232085]]},"properties":{"kind":"rail_bridge","name":"Eisenbahnüberführung  Rheinbrücke","length_m":145.0,"route":"4402","state":"Baden-Württemberg","crossing_type":"EÜ über natürlich schiffbaren Fluß","source":"DB InfraGO infrastructure data","source_url":"https://data.gov.de/suche/daten/infrastrukturdaten-der-db-infrago"}},{"type":"Feature","geometry":{"type":"LineString","coordinates":[[7.608120140404909,47.566558544951384],[7.60812013416242,47.5665585529097]]},"properties":{"kind":"rail_bridge","name":"E tiefliegender Gang","length_m":205.0,"route":"4405","state":"","crossing_type":"EÜ über Wege/Räume Reisende-Bstg.Zug.","source":"DB InfraGO infrastructure data","source_url":"https://data.gov.de/suche/daten/infrastrukturdaten-der-db-infrago"}},{"type":"Feature","geometry":{"type":"LineString","coordinates":[[7.623634679395252,47.58882273255134],[7.625026890090733,47.588853257755936]]},"properties":{"kind":"rail_bridge","name":"E K 6330 Weil-Ost","length_m":93.0,"route":"4410","state":"Baden-Württemberg","crossing_type":"EÜ über Landstraße II. Ordnung/Kreisstraße","source":"DB InfraGO infrastructure data","source_url":"https://data.gov.de/suche/daten/infrastrukturdaten-der-db-infrago"}},{"type":"Feature","geometry":{"type":"LineString","coordinates":[[7.649390552902006,47.597682446058414],[7.650797481620756,47.5975627640472]]},"properties":{"kind":"rail_bridge","name":"Eisenbahnüberführung  Stahl","length_m":109.0,"route":"4410","state":"Baden-Württemberg","crossing_type":"EÜ über anderen Wasserlauf","source":"DB InfraGO infrastructure data","source_url":"https://data.gov.de/suche/daten/infrastrukturdaten-der-db-infrago"}},{"type":"Feature","geometry":{"type":"LineString","coordinates":[[9.798491220395146,48.40274922574909],[9.797405952622126,48.40309415701811]]},"properties":{"kind":"rail_bridge","name":"EÜ (Blau)  Stahl","length_m":91.0,"route":"4540","state":"Baden-Württemberg","crossing_type":"EÜ über anderen Wasserlauf","source":"DB InfraGO infrastructure data","source_url":"https://data.gov.de/suche/daten/infrastrukturdaten-der-db-infrago"}},{"type":"Feature","geometry":{"type":"LineString","coordinates":[[9.549523470486479,48.239756570943186],[9.54811528178497,48.239570819957194]]},"properties":{"kind":"rail_bridge","name":"EÜ (Donau)  Fachwerk","length_m":116.0,"route":"4540","state":"Baden-Württemberg","crossing_type":"EÜ über anderen Wasserlauf","source":"DB InfraGO infrastructure data","source_url":"https://data.gov.de/suche/daten/infrastrukturdaten-der-db-infrago"}},{"type":"Feature","geometry":{"type":"LineString","coordinates":[[9.510926115667461,48.20563031338861],[9.510032019875416,48.20477520861358]]},"properties":{"kind":"rail_bridge","name":"EÜ (Donau)  Stahl","length_m":121.0,"route":"4540","state":"Baden-Württemberg","crossing_type":"EÜ über anderen Wasserlauf","source":"DB InfraGO infrastructure data","source_url":"https://data.gov.de/suche/daten/infrastrukturdaten-der-db-infrago"}},{"type":"Feature","geometry":{"type":"LineString","coordinates":[[9.416345139197375,48.06402037571759],[9.416345126104103,48.06402037374757]]},"properties":{"kind":"rail_bridge","name":"R Regenwasserleitung","length_m":100.0,"route":"4540","state":"Baden-Württemberg","crossing_type":"EÜ über anderen Wasserlauf","source":"DB InfraGO infrastructure data","source_url":"https://data.gov.de/suche/daten/infrastrukturdaten-der-db-infrago"}},{"type":"Feature","geometry":{"type":"LineString","coordinates":[[9.293013739540138,48.06955634416128],[9.292051389278797,48.06980163982451],[9.291512852801878,48.06988172968171]]},"properties":{"kind":"rail_bridge","name":"EÜ (Donau)  Stahl","length_m":115.16,"route":"4540","state":"Baden-Württemberg","crossing_type":"EÜ über anderen Wasserlauf","source":"DB InfraGO infrastructure data","source_url":"https://data.gov.de/suche/daten/infrastrukturdaten-der-db-infrago"}},{"type":"Feature","geometry":{"type":"LineString","coordinates":[[9.981411070464267,48.40536337905372],[9.980427795914567,48.405286649598345],[9.979212521964856,48.40540727214888]]},"properties":{"kind":"rail_bridge","name":"EÜ (Bahn)","length_m":141.0,"route":"4542","state":"Baden-Württemberg","crossing_type":"EÜ über DBAG-Gleise","source":"DB InfraGO infrastructure data","source_url":"https://data.gov.de/suche/daten/infrastrukturdaten-der-db-infrago"}},{"type":"Feature","geometry":{"type":"LineString","coordinates":[[9.865320311043744,47.72417450887239],[9.86530169455367,47.72318615189341]]},"properties":{"kind":"rail_bridge","name":"EÜ Argenbrücke","length_m":113.0,"route":"4560","state":"Baden-Württemberg","crossing_type":"EÜ über anderen Wasserlauf","source":"DB InfraGO infrastructure data","source_url":"https://data.gov.de/suche/daten/infrastrukturdaten-der-db-infrago"}},{"type":"Feature","geometry":{"type":"LineString","coordinates":[[9.864743712740692,47.72139371907252],[9.864730355410591,47.72137292481675]]},"properties":{"kind":"rail_bridge","name":"EÜ BAB A 96","length_m":142.0,"route":"4560","state":"Baden-Württemberg","crossing_type":"EÜ über Autobahn","source":"DB InfraGO infrastructure data","source_url":"https://data.gov.de/suche/daten/infrastrukturdaten-der-db-infrago"}},{"type":"Feature","geometry":{"type":"LineString","coordinates":[[9.828640848645676,47.6815823713291],[9.829779207461643,47.68062819268292]]},"properties":{"kind":"rail_bridge","name":"EÜ Obere Argen","length_m":136.24,"route":"4560","state":"Baden-Württemberg","crossing_type":"EÜ über anderen Wasserlauf","source":"DB InfraGO infrastructure data","source_url":"https://data.gov.de/suche/daten/infrastrukturdaten-der-db-infrago"}},{"type":"Feature","geometry":{"type":"LineString","coordinates":[[10.12001559566947,47.99555527620138],[10.121308544376552,47.9955887993442]]},"properties":{"kind":"rail_bridge","name":"EÜ Iller","length_m":100.0,"route":"4570","state":"Bayern","crossing_type":"EÜ über anderen Wasserlauf","source":"DB InfraGO infrastructure data","source_url":"https://data.gov.de/suche/daten/infrastrukturdaten-der-db-infrago"}},{"type":"Feature","geometry":{"type":"LineString","coordinates":[[8.922498331499087,48.46859982389793],[8.920790241159994,48.46806345547155]]},"properties":{"kind":"rail_bridge","name":"EÜ (Neckar)  Stahl","length_m":147.0,"route":"4600","state":"Baden-Württemberg","crossing_type":"EÜ über anderen Wasserlauf","source":"DB InfraGO infrastructure data","source_url":"https://data.gov.de/suche/daten/infrastrukturdaten-der-db-infrago"}},{"type":"Feature","geometry":{"type":"LineString","coordinates":[[8.887529146405889,48.45923611952759],[8.88595822177749,48.45917746631933]]},"properties":{"kind":"rail_bridge","name":"EÜ (Neckar)  Fachwerk","length_m":119.0,"route":"4600","state":"Baden-Württemberg","crossing_type":"EÜ über anderen Wasserlauf","source":"DB InfraGO infrastructure data","source_url":"https://data.gov.de/suche/daten/infrastrukturdaten-der-db-infrago"}},{"type":"Feature","geometry":{"type":"LineString","coordinates":[[8.777426255669234,48.44566924912981],[8.776460137452855,48.445500214413954]]},"properties":{"kind":"rail_bridge","name":"EÜ (Eyach)  Stahl","length_m":83.0,"route":"4600","state":"Baden-Württemberg","crossing_type":"EÜ über anderen Wasserlauf","source":"DB InfraGO infrastructure data","source_url":"https://data.gov.de/suche/daten/infrastrukturdaten-der-db-infrago"}},{"type":"Feature","geometry":{"type":"LineString","coordinates":[[8.657960391539742,48.39588873047177],[8.659325961250476,48.3959133174523]]},"properties":{"kind":"rail_bridge","name":"EÜ (Neckar)  Fachwerk","length_m":101.0,"route":"4600","state":"Baden-Württemberg","crossing_type":"EÜ über anderen Wasserlauf","source":"DB InfraGO infrastructure data","source_url":"https://data.gov.de/suche/daten/infrastrukturdaten-der-db-infrago"}},{"type":"Feature","geometry":{"type":"LineString","coordinates":[[8.77901387564154,47.96274753988562],[8.778098683089357,47.9619555172998]]},"properties":{"kind":"rail_bridge","name":"EÜ (Donau)  Hohlkasten","length_m":114.0,"route":"4600","state":"Baden-Württemberg","crossing_type":"EÜ über anderen Wasserlauf","source":"DB InfraGO infrastructure data","source_url":"https://data.gov.de/suche/daten/infrastrukturdaten-der-db-infrago"}},{"type":"Feature","geometry":{"type":"LineString","coordinates":[[9.21658954174546,48.08904473874328],[9.217812342219743,48.088590486162474]]},"properties":{"kind":"rail_bridge","name":"EÜ (Donau)  Fachwerk","length_m":105.0,"route":"4630","state":"Baden-Württemberg","crossing_type":"EÜ über anderen Wasserlauf","source":"DB InfraGO infrastructure data","source_url":"https://data.gov.de/suche/daten/infrastrukturdaten-der-db-infrago"}},{"type":"Feature","geometry":{"type":"LineString","coordinates":[[8.914962127107325,48.034502520144],[8.916123575771227,48.03489757621037]]},"properties":{"kind":"rail_bridge","name":"EÜ (Donau)  Fachwerk","length_m":100.0,"route":"4660","state":"Baden-Württemberg","crossing_type":"EÜ über anderen Wasserlauf","source":"DB InfraGO infrastructure data","source_url":"https://data.gov.de/suche/daten/infrastrukturdaten-der-db-infrago"}},{"type":"Feature","geometry":{"type":"LineString","coordinates":[[8.925847984194252,48.033798757833736],[8.927114982426028,48.03348956491557]]},"properties":{"kind":"rail_bridge","name":"EÜ (Flutöffnung)  Stahlbeton","length_m":116.0,"route":"4660","state":"Baden-Württemberg","crossing_type":"EÜ über Graben/Flutöffn. zeitw. Wasser","source":"DB InfraGO infrastructure data","source_url":"https://data.gov.de/suche/daten/infrastrukturdaten-der-db-infrago"}},{"type":"Feature","geometry":{"type":"LineString","coordinates":[[8.963039705625581,48.046013351656974],[8.963957457747677,48.04669675952353]]},"properties":{"kind":"rail_bridge","name":"EÜ (Donau)  Stahl","length_m":108.0,"route":"4660","state":"Baden-Württemberg","crossing_type":"EÜ über anderen Wasserlauf","source":"DB InfraGO infrastructure data","source_url":"https://data.gov.de/suche/daten/infrastrukturdaten-der-db-infrago"}},{"type":"Feature","geometry":{"type":"LineString","coordinates":[[8.985739655098765,48.05632528869795],[8.98707014547184,48.056597155226704]]},"properties":{"kind":"rail_bridge","name":"EÜ (Donau)  Fachwerk","length_m":115.0,"route":"4660","state":"Baden-Württemberg","crossing_type":"EÜ über anderen Wasserlauf","source":"DB InfraGO infrastructure data","source_url":"https://data.gov.de/suche/daten/infrastrukturdaten-der-db-infrago"}},{"type":"Feature","geometry":{"type":"LineString","coordinates":[[9.104805343580624,48.083573884237936],[9.10516398259002,48.082635201067525]]},"properties":{"kind":"rail_bridge","name":"EÜ (Donau)  Stahl","length_m":112.0,"route":"4660","state":"Baden-Württemberg","crossing_type":"EÜ über anderen Wasserlauf","source":"DB InfraGO infrastructure data","source_url":"https://data.gov.de/suche/daten/infrastrukturdaten-der-db-infrago"}},{"type":"Feature","geometry":{"type":"LineString","coordinates":[[9.111243985978323,48.07999204747604],[9.112514129769153,48.08010384707697]]},"properties":{"kind":"rail_bridge","name":"EÜ (Donau)  Stahl","length_m":102.0,"route":"4660","state":"Baden-Württemberg","crossing_type":"EÜ über anderen Wasserlauf","source":"DB InfraGO infrastructure data","source_url":"https://data.gov.de/suche/daten/infrastrukturdaten-der-db-infrago"}},{"type":"Feature","geometry":{"type":"LineString","coordinates":[[9.132951296693022,48.080657499361315],[9.13393595079938,48.08082772361512]]},"properties":{"kind":"rail_bridge","name":"EÜ (Donau)  Fachwerk","length_m":88.0,"route":"4660","state":"Baden-Württemberg","crossing_type":"EÜ über anderen Wasserlauf","source":"DB InfraGO infrastructure data","source_url":"https://data.gov.de/suche/daten/infrastrukturdaten-der-db-infrago"}},{"type":"Feature","geometry":{"type":"LineString","coordinates":[[8.76745763825825,47.93589014522961],[8.768101428466395,47.93440968354654]]},"properties":{"kind":"rail_bridge","name":"EÜ (Einödtal)  Gewölbe","length_m":169.0,"route":"4661","state":"Baden-Württemberg","crossing_type":"EÜ über Tal","source":"DB InfraGO infrastructure data","source_url":"https://data.gov.de/suche/daten/infrastrukturdaten-der-db-infrago"}},{"type":"Feature","geometry":{"type":"LineString","coordinates":[[9.184725314874385,48.785713641237855],[9.184725321853982,48.7857136489577]]},"properties":{"kind":"rail_bridge","name":"E 43/403","length_m":280.0,"route":"4700","state":"Baden-Württemberg","crossing_type":"EÜ über nur Räume für DBAG-Zwecke","source":"DB InfraGO infrastructure data","source_url":"https://data.gov.de/suche/daten/infrastrukturdaten-der-db-infrago"}},{"type":"Feature","geometry":{"type":"LineString","coordinates":[[9.208437441199154,48.800734906682955],[9.209326117994053,48.80110883863357],[9.209936328585185,48.80130369315681],[9.21072137266723,48.8014849160366],[9.211727056564978,48.80161724089126]]},"properties":{"kind":"rail_bridge","name":"EÜ (SSB, B 10, Neckar)  Gewölbe","length_m":306.0,"route":"4700","state":"Baden-Württemberg","crossing_type":"EÜ über schiffbar gemachten Fluß","source":"DB InfraGO infrastructure data","source_url":"https://data.gov.de/suche/daten/infrastrukturdaten-der-db-infrago"}},{"type":"Feature","geometry":{"type":"LineString","coordinates":[[9.987954052575224,48.39330981764038],[9.989271982737625,48.392672108421536]]},"properties":{"kind":"rail_bridge","name":"EÜ Donau Stahl","length_m":120.0,"route":"4700","state":"Bayern","crossing_type":"EÜ über anderen Wasserlauf","source":"DB InfraGO infrastructure data","source_url":"https://data.gov.de/suche/daten/infrastrukturdaten-der-db-infrago"}},{"type":"Feature","geometry":{"type":"LineString","coordinates":[[9.192262272265468,48.79201264887697],[9.192682556876797,48.79226114833306]]},"properties":{"kind":"rail_bridge","name":"EÜ (Kreuzungsbauwerk)  Rahmen","length_m":204.0,"route":"4702","state":"Baden-Württemberg","crossing_type":"EÜ über DBAG-Gleise","source":"DB InfraGO infrastructure data","source_url":"https://data.gov.de/suche/daten/infrastrukturdaten-der-db-infrago"}},{"type":"Feature","geometry":{"type":"LineString","coordinates":[[9.224947443787018,48.79968354945165],[9.22732895364024,48.79941902094241]]},"properties":{"kind":"rail_bridge","name":"EÜ (Kreuzungsbauwerk)  Rahmen","length_m":180.0,"route":"4710","state":"Baden-Württemberg","crossing_type":"EÜ über DBAG-Gleise","source":"DB InfraGO infrastructure data","source_url":"https://data.gov.de/suche/daten/infrastrukturdaten-der-db-infrago"}},{"type":"Feature","geometry":{"type":"LineString","coordinates":[[9.315606823199978,48.817279742807855],[9.316342990778256,48.81674087890014]]},"properties":{"kind":"rail_bridge","name":"EÜ (B14/29)  Stahl","length_m":81.0,"route":"4710","state":"Baden-Württemberg","crossing_type":"EÜ über Bundesstraße","source":"DB InfraGO infrastructure data","source_url":"https://data.gov.de/suche/daten/infrastrukturdaten-der-db-infrago"}},{"type":"Feature","geometry":{"type":"LineString","coordinates":[[9.567651037514752,48.805485190595824],[9.568923394397398,48.805390274006534]]},"properties":{"kind":"rail_bridge","name":"EÜ (Rems)  Spannbeton","length_m":99.0,"route":"4710","state":"Baden-Württemberg","crossing_type":"EÜ über anderen Wasserlauf","source":"DB InfraGO infrastructure data","source_url":"https://data.gov.de/suche/daten/infrastrukturdaten-der-db-infrago"}},{"type":"Feature","geometry":{"type":"LineString","coordinates":[[9.225800047573825,48.811093592431874],[9.220777786820683,48.816556807379676]]},"properties":{"kind":"rail_bridge","name":"EÜ (Neckarviadukt)  Bauweise unterschiedlich","length_m":714.0,"route":"4720","state":"Baden-Württemberg","crossing_type":"EÜ über Tal","source":"DB InfraGO infrastructure data","source_url":"https://data.gov.de/suche/daten/infrastrukturdaten-der-db-infrago"}},{"type":"Feature","geometry":{"type":"LineString","coordinates":[[9.197039905214394,48.838197579409965],[9.19496333742187,48.840098425743406]]},"properties":{"kind":"rail_bridge","name":"EÜ (Feuerbachtal)  Spannbeton","length_m":266.0,"route":"4720","state":"Baden-Württemberg","crossing_type":"EÜ über Tal","source":"DB InfraGO infrastructure data","source_url":"https://data.gov.de/suche/daten/infrastrukturdaten-der-db-infrago"}},{"type":"Feature","geometry":{"type":"LineString","coordinates":[[9.239773631249939,48.79478078321187],[9.2397736255584,48.794780791245664]]},"properties":{"kind":"rail_bridge","name":"|E Kreuzungsbauwerk","length_m":89.0,"route":"4721","state":"Baden-Württemberg","crossing_type":"EÜ über DBAG-Gleise","source":"DB InfraGO infrastructure data","source_url":"https://data.gov.de/suche/daten/infrastrukturdaten-der-db-infrago"}},{"type":"Feature","geometry":{"type":"LineString","coordinates":[[9.245495323289223,48.775623062334965],[9.246034970283842,48.77554710669047],[9.246567860718706,48.77554310965272]]},"properties":{"kind":"rail_bridge","name":"EÜ (B 10)  Spannbeton","length_m":88.0,"route":"4723","state":"Baden-Württemberg","crossing_type":"EÜ über Bundesstraße","source":"DB InfraGO infrastructure data","source_url":"https://data.gov.de/suche/daten/infrastrukturdaten-der-db-infrago"}},{"type":"Feature","geometry":{"type":"LineString","coordinates":[[9.249859014916005,48.77572902072767],[9.249872464839743,48.7757297803706]]},"properties":{"kind":"rail_bridge","name":"EÜ (Neckar u. Str. z. Ölhafen)  Sonderbauweise","length_m":217.0,"route":"4723","state":"Baden-Württemberg","crossing_type":"EÜ über schiffbar gemachten Fluß","source":"DB InfraGO infrastructure data","source_url":"https://data.gov.de/suche/daten/infrastrukturdaten-der-db-infrago"}},{"type":"Feature","geometry":{"type":"LineString","coordinates":[[9.131598481382111,48.954849541991834],[9.12784885043879,48.955064734296045]]},"properties":{"kind":"rail_bridge","name":"EÜ (Enz)  Gewölbe","length_m":287.0,"route":"4800","state":"Baden-Württemberg","crossing_type":"EÜ über Tal","source":"DB InfraGO infrastructure data","source_url":"https://data.gov.de/suche/daten/infrastrukturdaten-der-db-infrago"}},{"type":"Feature","geometry":{"type":"LineString","coordinates":[[9.18858572068094,48.79055684493283],[9.190726071273545,48.79156118669152]]},"properties":{"kind":"rail_bridge","name":"Eb 1v Sta.","length_m":194.0,"route":"4801","state":"Baden-Württemberg","crossing_type":"EÜ über DBAG-Gleise","source":"DB InfraGO infrastructure data","source_url":"https://data.gov.de/suche/daten/infrastrukturdaten-der-db-infrago"}},{"type":"Feature","geometry":{"type":"LineString","coordinates":[[9.321893985813151,48.68525745762512],[9.321893997153515,48.68525745265751]]},"properties":{"kind":"rail_bridge","name":"|E Sulzbachtal","length_m":365.0,"route":"4813","state":"Baden-Württemberg","crossing_type":"EÜ über Landstraße II. Ordnung/Kreisstraße","source":"DB InfraGO infrastructure data","source_url":"https://data.gov.de/suche/daten/infrastrukturdaten-der-db-infrago"}},{"type":"Feature","geometry":{"type":"LineString","coordinates":[[8.6672752787004,48.88425616217539],[8.668105717799818,48.88350280957905]]},"properties":{"kind":"rail_bridge","name":"EÜ (Enztal)  Stahl","length_m":105.0,"route":"4850","state":"Baden-Württemberg","crossing_type":"EÜ über Tal","source":"DB InfraGO infrastructure data","source_url":"https://data.gov.de/suche/daten/infrastrukturdaten-der-db-infrago"}},{"type":"Feature","geometry":{"type":"LineString","coordinates":[[8.731644625658932,48.69594811897019],[8.731159402094976,48.69477904663837]]},"properties":{"kind":"rail_bridge","name":"EÜ (B463 und Nagold)  Stahl","length_m":142.0,"route":"4850","state":"Baden-Württemberg","crossing_type":"EÜ über anderen Wasserlauf","source":"DB InfraGO infrastructure data","source_url":"https://data.gov.de/suche/daten/infrastrukturdaten-der-db-infrago"}},{"type":"Feature","geometry":{"type":"LineString","coordinates":[[9.192371790730022,48.80238258932634],[9.191767218869279,48.802526590516784],[9.19068380606949,48.802616170691536]]},"properties":{"kind":"rail_bridge","name":"EÜ (Kreuzungsbauwerk)  Rahmen","length_m":148.0,"route":"4860","state":"Baden-Württemberg","crossing_type":"EÜ über DBAG-Gleise","source":"DB InfraGO infrastructure data","source_url":"https://data.gov.de/suche/daten/infrastrukturdaten-der-db-infrago"}},{"type":"Feature","geometry":{"type":"LineString","coordinates":[[9.19068380606949,48.802616170691536],[9.189744054238869,48.802562323208],[9.189331905516319,48.802483309385465]]},"properties":{"kind":"rail_bridge","name":"EÜ (Ortsstraße, Denkmal)  Gewölbe","length_m":101.0,"route":"4860","state":"Baden-Württemberg","crossing_type":"EÜ über andere Straße/Weg KFZ-Verkehr","source":"DB InfraGO infrastructure data","source_url":"https://data.gov.de/suche/daten/infrastrukturdaten-der-db-infrago"}},{"type":"Feature","geometry":{"type":"LineString","coordinates":[[9.188497489220822,48.80225023265734],[9.187916865025995,48.80198852488441],[9.18733520749025,48.801638187155255]]},"properties":{"kind":"rail_bridge","name":"EÜ (Gäubahnbrücke, Denkmal)  Fachwerk","length_m":112.0,"route":"4860","state":"Baden-Württemberg","crossing_type":"EÜ über DBAG-Gleise","source":"DB InfraGO infrastructure data","source_url":"https://data.gov.de/suche/daten/infrastrukturdaten-der-db-infrago"}},{"type":"Feature","geometry":{"type":"LineString","coordinates":[[9.119501785954137,48.73401736295395],[9.119612452890427,48.73305390476988]]},"properties":{"kind":"rail_bridge","name":"EÜ (Nesenbachviadukt)  Stahlverbund","length_m":113.0,"route":"4860","state":"Baden-Württemberg","crossing_type":"EÜ über Tal","source":"DB InfraGO infrastructure data","source_url":"https://data.gov.de/suche/daten/infrastrukturdaten-der-db-infrago"}},{"type":"Feature","geometry":{"type":"LineString","coordinates":[[9.1129058229995,48.72643212955448],[9.112836380114112,48.72639029235516]]},"properties":{"kind":"rail_bridge","name":"EÜ (Bstg.zugang)","length_m":105.0,"route":"4860","state":"Baden-Württemberg","crossing_type":"EÜ über Wege/Räume Reisende-Bstg.Zug.","source":"DB InfraGO infrastructure data","source_url":"https://data.gov.de/suche/daten/infrastrukturdaten-der-db-infrago"}},{"type":"Feature","geometry":{"type":"LineString","coordinates":[[8.96388544214762,48.67216610783341],[8.963091400133896,48.67177954760266]]},"properties":{"kind":"rail_bridge","name":"EÜ (A81)  Spannbeton","length_m":84.0,"route":"4860","state":"Baden-Württemberg","crossing_type":"EÜ über Autobahn","source":"DB InfraGO infrastructure data","source_url":"https://data.gov.de/suche/daten/infrastrukturdaten-der-db-infrago"}},{"type":"Feature","geometry":{"type":"LineString","coordinates":[[8.693751918025372,48.443281790129305],[8.693146172213085,48.442857940245716],[8.69235214268854,48.44241776002903]]},"properties":{"kind":"rail_bridge","name":"EÜ (Neckar)  Stahlbeton","length_m":148.0,"route":"4860","state":"Baden-Württemberg","crossing_type":"EÜ über anderen Wasserlauf","source":"DB InfraGO infrastructure data","source_url":"https://data.gov.de/suche/daten/infrastrukturdaten-der-db-infrago"}},{"type":"Feature","geometry":{"type":"LineString","coordinates":[[8.479629235766291,48.474074877481996],[8.476174170634373,48.47501220824875]]},"properties":{"kind":"rail_bridge","name":"EÜ (B 28 u. Kübelbach)  Fachwerk","length_m":296.0,"route":"4880","state":"Baden-Württemberg","crossing_type":"EÜ über Tal","source":"DB InfraGO infrastructure data","source_url":"https://data.gov.de/suche/daten/infrastrukturdaten-der-db-infrago"}},{"type":"Feature","geometry":{"type":"LineString","coordinates":[[8.469388528605297,48.47542761913584],[8.465655697988911,48.47540332971347]]},"properties":{"kind":"rail_bridge","name":"EÜ (L 409 u. Stockerbach)  Stahl","length_m":296.0,"route":"4880","state":"Baden-Württemberg","crossing_type":"EÜ über Tal","source":"DB InfraGO infrastructure data","source_url":"https://data.gov.de/suche/daten/infrastrukturdaten-der-db-infrago"}},{"type":"Feature","geometry":{"type":"LineString","coordinates":[[8.449041383165019,48.47427628335715],[8.447297878747802,48.473505409265776]]},"properties":{"kind":"rail_bridge","name":"EÜ (Ettenbachtal)  Fachwerk","length_m":162.0,"route":"4880","state":"Baden-Württemberg","crossing_type":"EÜ über Tal","source":"DB InfraGO infrastructure data","source_url":"https://data.gov.de/suche/daten/infrastrukturdaten-der-db-infrago"}},{"type":"Feature","geometry":{"type":"LineString","coordinates":[[8.434169957128342,48.44295652199285],[8.435754914917496,48.441355009544026]]},"properties":{"kind":"rail_bridge","name":"Eisenbahnüberführung  Lauterbad-Viadukt","length_m":246.0,"route":"4880","state":"Baden-Württemberg","crossing_type":"EÜ über Tal","source":"DB InfraGO infrastructure data","source_url":"https://data.gov.de/suche/daten/infrastrukturdaten-der-db-infrago"}},{"type":"Feature","geometry":{"type":"LineString","coordinates":[[8.413462463764459,48.35016881222513],[8.413171392847376,48.349498125181924]]},"properties":{"kind":"rail_bridge","name":"Eisenbahnüberführung","length_m":85.0,"route":"4880","state":"Baden-Württemberg","crossing_type":"EÜ über anderen Wasserlauf","source":"DB InfraGO infrastructure data","source_url":"https://data.gov.de/suche/daten/infrastrukturdaten-der-db-infrago"}},{"type":"Feature","geometry":{"type":"LineString","coordinates":[[9.150034557040879,48.98885806585557],[9.14813139933977,48.99007050502542]]},"properties":{"kind":"rail_bridge","name":"EÜ Enz  Spannbetonbrücke","length_m":184.0,"route":"4900","state":"Baden-Württemberg","crossing_type":"EÜ über anderen Wasserlauf","source":"DB InfraGO infrastructure data","source_url":"https://data.gov.de/suche/daten/infrastrukturdaten-der-db-infrago"}},{"type":"Feature","geometry":{"type":"LineString","coordinates":[[9.200616573638875,49.14085025300896],[9.203342337589588,49.14171205360274]]},"properties":{"kind":"rail_bridge","name":"EÜ (Neckarkanal)  Stahlbeton","length_m":107.0,"route":"4900","state":"Baden-Württemberg","crossing_type":"EÜ über künstliche Wasserstraße (Kanal)","source":"DB InfraGO infrastructure data","source_url":"https://data.gov.de/suche/daten/infrastrukturdaten-der-db-infrago"}},{"type":"Feature","geometry":{"type":"LineString","coordinates":[[9.208487834056225,49.22324187838369],[9.208015816706611,49.22440854686912]]},"properties":{"kind":"rail_bridge","name":"EÜ (Kocher)  Stahlbeton","length_m":142.0,"route":"4900","state":"Baden-Württemberg","crossing_type":"EÜ über Tal","source":"DB InfraGO infrastructure data","source_url":"https://data.gov.de/suche/daten/infrastrukturdaten-der-db-infrago"}},{"type":"Feature","geometry":{"type":"LineString","coordinates":[[9.351382667546204,49.303559488963316],[9.353014232831134,49.304127461998974]]},"properties":{"kind":"rail_bridge","name":"EÜ (Jagst)  Stahl","length_m":144.0,"route":"4900","state":"Baden-Württemberg","crossing_type":"EÜ über Tal","source":"DB InfraGO infrastructure data","source_url":"https://data.gov.de/suche/daten/infrastrukturdaten-der-db-infrago"}},{"type":"Feature","geometry":{"type":"LineString","coordinates":[[9.597962358852422,49.699235652500846],[9.596896696641432,49.69882479412459]]},"properties":{"kind":"rail_bridge","name":"Eisenbahnüberführung  Tauberbrücke","length_m":95.0,"route":"4920","state":"Baden-Württemberg","crossing_type":"EÜ über anderen Wasserlauf","source":"DB InfraGO infrastructure data","source_url":"https://data.gov.de/suche/daten/infrastrukturdaten-der-db-infrago"}},{"type":"Feature","geometry":{"type":"LineString","coordinates":[[9.551671928785323,49.70728901500305],[9.550822643556359,49.70769085819932]]},"properties":{"kind":"rail_bridge","name":"Tauberbrücke","length_m":80.0,"route":"4920","state":"Baden-Württemberg","crossing_type":"EÜ über anderen Wasserlauf","source":"DB InfraGO infrastructure data","source_url":"https://data.gov.de/suche/daten/infrastrukturdaten-der-db-infrago"}},{"type":"Feature","geometry":{"type":"LineString","coordinates":[[9.312206804038608,48.84972659626059],[9.31226945042436,48.85085536540152],[9.312407935838628,48.85184749340295]]},"properties":{"kind":"rail_bridge","name":"EÜ (Rems und Tal)  Stahl","length_m":244.0,"route":"4930","state":"Baden-Württemberg","crossing_type":"EÜ über Tal","source":"DB InfraGO infrastructure data","source_url":"https://data.gov.de/suche/daten/infrastrukturdaten-der-db-infrago"}},{"type":"Feature","geometry":{"type":"LineString","coordinates":[[9.253978332002053,48.942755883605834],[9.249343550207627,48.94280993035694]]},"properties":{"kind":"rail_bridge","name":"EÜ (Neckarviadukt)  Stahl","length_m":345.0,"route":"4931","state":"Baden-Württemberg","crossing_type":"EÜ über schiffbar gemachten Fluß","source":"DB InfraGO infrastructure data","source_url":"https://data.gov.de/suche/daten/infrastrukturdaten-der-db-infrago"}},{"type":"Feature","geometry":{"type":"LineString","coordinates":[[9.872574166908493,49.09620827736563],[9.870164302833032,49.09628235886606]]},"properties":{"kind":"rail_bridge","name":"4950/49,245/1631  Stahl","length_m":188.0,"route":"4950","state":"Baden-Württemberg","crossing_type":"EÜ über Tal","source":"DB InfraGO infrastructure data","source_url":"https://data.gov.de/suche/daten/infrastrukturdaten-der-db-infrago"}},{"type":"Feature","geometry":{"type":"LineString","coordinates":[[9.739236525070183,49.090024130255664],[9.739390111465932,49.092013562727644]]},"properties":{"kind":"rail_bridge","name":"EÜ (Kochertal)  Stahl","length_m":242.0,"route":"4950","state":"Baden-Württemberg","crossing_type":"EÜ über Tal","source":"DB InfraGO infrastructure data","source_url":"https://data.gov.de/suche/daten/infrastrukturdaten-der-db-infrago"}},{"type":"Feature","geometry":{"type":"LineString","coordinates":[[9.494997350746136,49.20316363812361],[9.494218326673568,49.202923239000775]]},"properties":{"kind":"rail_bridge","name":"EÜ (Ohrntal)  Gewölbe","length_m":85.0,"route":"4950","state":"Baden-Württemberg","crossing_type":"EÜ über Tal","source":"DB InfraGO infrastructure data","source_url":"https://data.gov.de/suche/daten/infrastrukturdaten-der-db-infrago"}},{"type":"Feature","geometry":{"type":"LineString","coordinates":[[10.064271324866846,49.14153043509103],[10.064248897817953,49.14232746665924]]},"properties":{"kind":"rail_bridge","name":"EÜ (Jagst)  Gewölbe","length_m":99.0,"route":"4951","state":"Baden-Württemberg","crossing_type":"EÜ über anderen Wasserlauf","source":"DB InfraGO infrastructure data","source_url":"https://data.gov.de/suche/daten/infrastrukturdaten-der-db-infrago"}},{"type":"Feature","geometry":{"type":"LineString","coordinates":[[9.89293276536543,49.471323165081515],[9.891646131414232,49.47100009063264]]},"properties":{"kind":"rail_bridge","name":"E Taubertal","length_m":105.0,"route":"4953","state":"Baden-Württemberg","crossing_type":"EÜ über Tal","source":"DB InfraGO infrastructure data","source_url":"https://data.gov.de/suche/daten/infrastrukturdaten-der-db-infrago"}},{"type":"Feature","geometry":{"type":"LineString","coordinates":[[9.781591147818412,49.493369235277775],[9.780189385069502,49.493430935254814]]},"properties":{"kind":"rail_bridge","name":"EÜ","length_m":107.0,"route":"4953","state":"Baden-Württemberg","crossing_type":"EÜ über anderen Wasserlauf","source":"DB InfraGO infrastructure data","source_url":"https://data.gov.de/suche/daten/infrastrukturdaten-der-db-infrago"}},{"type":"Feature","geometry":{"type":"LineString","coordinates":[[11.193065039294607,50.15550971696274],[11.193846658824969,50.1562910754508]]},"properties":{"kind":"rail_bridge","name":"EÜ Flutbrücke","length_m":106.0,"route":"5010","state":"Bayern","crossing_type":"EÜ über Graben/Flutöffn. zeitw. Wasser","source":"DB InfraGO infrastructure data","source_url":"https://data.gov.de/suche/daten/infrastrukturdaten-der-db-infrago"}},{"type":"Feature","geometry":{"type":"LineString","coordinates":[[11.38852015439115,50.48364846447039],[11.386428309563064,50.484801610686894]]},"properties":{"kind":"rail_bridge","name":"EÜ Trogenbachtalbrücke","length_m":196.0,"route":"5010","state":"Bayern","crossing_type":"EÜ über Tal","source":"DB InfraGO infrastructure data","source_url":"https://data.gov.de/suche/daten/infrastrukturdaten-der-db-infrago"}},{"type":"Feature","geometry":{"type":"LineString","coordinates":[[12.10102878216021,50.19382750935467],[12.100192118250332,50.194469993778576]]},"properties":{"kind":"rail_bridge","name":"EÜ ü.A93 b.Schönwald","length_m":97.0,"route":"5027","state":"Bayern","crossing_type":"EÜ über Autobahn","source":"DB InfraGO infrastructure data","source_url":"https://data.gov.de/suche/daten/infrastrukturdaten-der-db-infrago"}},{"type":"Feature","geometry":{"type":"LineString","coordinates":[[12.16551310365101,49.78418221628808],[12.165009452774262,49.784867821854675]]},"properties":{"kind":"rail_bridge","name":"Brücke ü.d.Waldnaab","length_m":88.0,"route":"5050","state":"Bayern","crossing_type":"EÜ über anderen Wasserlauf","source":"DB InfraGO infrastructure data","source_url":"https://data.gov.de/suche/daten/infrastrukturdaten-der-db-infrago"}},{"type":"Feature","geometry":{"type":"LineString","coordinates":[[12.077504238326966,50.03004380528347],[12.076324100026284,50.031027530777706]]},"properties":{"kind":"rail_bridge","name":"Brücke ü.d.Roslau","length_m":161.0,"route":"5050","state":"Bayern","crossing_type":"EÜ über anderen Wasserlauf","source":"DB InfraGO infrastructure data","source_url":"https://data.gov.de/suche/daten/infrastrukturdaten-der-db-infrago"}},{"type":"Feature","geometry":{"type":"LineString","coordinates":[[12.011704805047684,50.12631829115257],[12.01192042477873,50.12694558149625]]},"properties":{"kind":"rail_bridge","name":"EÜ Egertalbrücke","length_m":93.0,"route":"5050","state":"Bayern","crossing_type":"EÜ über Tal","source":"DB InfraGO infrastructure data","source_url":"https://data.gov.de/suche/daten/infrastrukturdaten-der-db-infrago"}},{"type":"Feature","geometry":{"type":"LineString","coordinates":[[11.930321009159988,49.76664550842305],[11.929251424274385,49.76649986071443]]},"properties":{"kind":"rail_bridge","name":"Eisenbahnüberführung  Haidenaab","length_m":82.0,"route":"5052","state":"Bayern","crossing_type":"EÜ über anderen Wasserlauf","source":"DB InfraGO infrastructure data","source_url":"https://data.gov.de/suche/daten/infrastrukturdaten-der-db-infrago"}},{"type":"Feature","geometry":{"type":"LineString","coordinates":[[12.073642744697063,49.631127616748515],[12.075114202873268,49.631346256618244]]},"properties":{"kind":"rail_bridge","name":"EÜ ü.Haidenaab","length_m":124.0,"route":"5060","state":"Bayern","crossing_type":"EÜ über anderen Wasserlauf","source":"DB InfraGO infrastructure data","source_url":"https://data.gov.de/suche/daten/infrastrukturdaten-der-db-infrago"}},{"type":"Feature","geometry":{"type":"LineString","coordinates":[[10.895172408555311,49.983388503589204],[10.896150058050024,49.984073051873644]]},"properties":{"kind":"rail_bridge","name":"Überwerfungsbauwerk","length_m":430.0,"route":"5100","state":"Bayern","crossing_type":"EÜ über DBAG-Gleise","source":"DB InfraGO infrastructure data","source_url":"https://data.gov.de/suche/daten/infrastrukturdaten-der-db-infrago"}},{"type":"Feature","geometry":{"type":"LineString","coordinates":[[11.194800164821222,50.15394964014759],[11.196566505389479,50.15420827139239]]},"properties":{"kind":"rail_bridge","name":"EÜ Flutbrücke","length_m":132.0,"route":"5100","state":"Bayern","crossing_type":"EÜ über Graben/Flutöffn. zeitw. Wasser","source":"DB InfraGO infrastructure data","source_url":"https://data.gov.de/suche/daten/infrastrukturdaten-der-db-infrago"}},{"type":"Feature","geometry":{"type":"LineString","coordinates":[[11.936320395104454,50.29158012696533],[11.934615386865786,50.29244867815519]]},"properties":{"kind":"rail_bridge","name":"EÜ Saale","length_m":164.0,"route":"5100","state":"Bayern","crossing_type":"EÜ über anderen Wasserlauf","source":"DB InfraGO infrastructure data","source_url":"https://data.gov.de/suche/daten/infrastrukturdaten-der-db-infrago"}},{"type":"Feature","geometry":{"type":"LineString","coordinates":[[10.863237753683972,49.92441617307944],[10.861573899596294,49.925357718879184]]},"properties":{"kind":"rail_bridge","name":"EÜ  Mainbrücke","length_m":168.0,"route":"5102","state":"Bayern","crossing_type":"EÜ über anderen Wasserlauf","source":"DB InfraGO infrastructure data","source_url":"https://data.gov.de/suche/daten/infrastrukturdaten-der-db-infrago"}},{"type":"Feature","geometry":{"type":"LineString","coordinates":[[10.867157191627731,49.980973051265586],[10.866007092752412,49.981305997792305]]},"properties":{"kind":"rail_bridge","name":"E Gem. Breitengüßbach","length_m":111.0,"route":"5104","state":"Bayern","crossing_type":"EÜ über anderen Wasserlauf","source":"DB InfraGO infrastructure data","source_url":"https://data.gov.de/suche/daten/infrastrukturdaten-der-db-infrago"}},{"type":"Feature","geometry":{"type":"LineString","coordinates":[[11.013613815683618,50.28447601880689],[11.013806979865329,50.28450809549843]]},"properties":{"kind":"rail_bridge","name":"Itztalbrücke","length_m":868.0,"route":"5121","state":"Bayern","crossing_type":"EÜ über Tal","source":"DB InfraGO infrastructure data","source_url":"https://data.gov.de/suche/daten/infrastrukturdaten-der-db-infrago"}},{"type":"Feature","geometry":{"type":"LineString","coordinates":[[11.002404590048469,50.223122497926795],[11.001286580904,50.22347541730705]]},"properties":{"kind":"rail_bridge","name":"Füllbachbrücke","length_m":91.0,"route":"5125","state":"Bayern","crossing_type":"EÜ über anderen Wasserlauf","source":"DB InfraGO infrastructure data","source_url":"https://data.gov.de/suche/daten/infrastrukturdaten-der-db-infrago"}},{"type":"Feature","geometry":{"type":"LineString","coordinates":[[10.998836622704772,50.22399493960341],[10.99732601401547,50.22417270408825]]},"properties":{"kind":"rail_bridge","name":"EÜ B 303","length_m":108.0,"route":"5125","state":"Bayern","crossing_type":"EÜ über Bundesstraße","source":"DB InfraGO infrastructure data","source_url":"https://data.gov.de/suche/daten/infrastrukturdaten-der-db-infrago"}},{"type":"Feature","geometry":{"type":"LineString","coordinates":[[9.876107276785973,49.82229962544641],[9.876907834250385,49.82426452698633],[9.877064597973177,49.824869937745326],[9.877136599520982,49.825487848790225],[9.877124257279696,49.82608356128283],[9.87703150753768,49.826801474940474],[9.876412214334636,49.82986463488289]]},"properties":{"kind":"rail_bridge","name":"Maintalbrücke Veitshöchheim","length_m":1290.0,"route":"5200","state":"Bayern","crossing_type":"EÜ über schiffbar gemachten Fluß","source":"DB InfraGO infrastructure data","source_url":"https://data.gov.de/suche/daten/infrastrukturdaten-der-db-infrago"}},{"type":"Feature","geometry":{"type":"LineString","coordinates":[[9.76870398642887,49.95837084022319],[9.76866469451305,49.95849099122971]]},"properties":{"kind":"rail_bridge","name":"Straßenüberführung  w=33,10m; h=7,00m","length_m":134.2,"route":"5200","state":"Bayern","crossing_type":"EÜ über Bundesstraße","source":"DB InfraGO infrastructure data","source_url":"https://data.gov.de/suche/daten/infrastrukturdaten-der-db-infrago"}},{"type":"Feature","geometry":{"type":"LineString","coordinates":[[9.68820529120173,50.055867787808005],[9.686290560251214,50.05663340049804]]},"properties":{"kind":"rail_bridge","name":"E Saale","length_m":171.0,"route":"5200","state":"Bayern","crossing_type":"EÜ über anderen Wasserlauf","source":"DB InfraGO infrastructure data","source_url":"https://data.gov.de/suche/daten/infrastrukturdaten-der-db-infrago"}},{"type":"Feature","geometry":{"type":"LineString","coordinates":[[9.674074231168444,50.05940137746228],[9.673859882898245,50.05939781771351]]},"properties":{"kind":"rail_bridge","name":"EÜ","length_m":799.0,"route":"5200","state":"Bayern","crossing_type":"EÜ über schiffbar gemachten Fluß","source":"DB InfraGO infrastructure data","source_url":"https://data.gov.de/suche/daten/infrastrukturdaten-der-db-infrago"}},{"type":"Feature","geometry":{"type":"LineString","coordinates":[[9.646487785087299,50.029459400391765],[9.645933540574543,50.02916872113506]]},"properties":{"kind":"rail_bridge","name":"EÜ Mainbrücke Nantenbach","length_m":708.0,"route":"5200","state":"Bayern","crossing_type":"EÜ über schiffbar gemachten Fluß","source":"DB InfraGO infrastructure data","source_url":"https://data.gov.de/suche/daten/infrastrukturdaten-der-db-infrago"}},{"type":"Feature","geometry":{"type":"LineString","coordinates":[[9.23766845450022,50.00073743788153],[9.236522535279448,50.00032308569782]]},"properties":{"kind":"rail_bridge","name":"EÜ -Stahlbrücke- BAB A3","length_m":125.0,"route":"5200","state":"Bayern","crossing_type":"EÜ über Autobahn","source":"DB InfraGO infrastructure data","source_url":"https://data.gov.de/suche/daten/infrastrukturdaten-der-db-infrago"}},{"type":"Feature","geometry":{"type":"LineString","coordinates":[[9.91579845316914,49.80437850770771],[9.914432693160544,49.80444439125034]]},"properties":{"kind":"rail_bridge","name":"Überwerfungs-Rahmenbauwek","length_m":130.0,"route":"5201","state":"Bayern","crossing_type":"EÜ über DBAG-Gleise","source":"DB InfraGO infrastructure data","source_url":"https://data.gov.de/suche/daten/infrastrukturdaten-der-db-infrago"}},{"type":"Feature","geometry":{"type":"LineString","coordinates":[[9.914432693160544,49.80444439125034],[9.913803264570555,49.80444788392086]]},"properties":{"kind":"rail_bridge","name":"Überwerfungsbauwerk","length_m":155.0,"route":"5201","state":"Bayern","crossing_type":"EÜ über DBAG-Gleise","source":"DB InfraGO infrastructure data","source_url":"https://data.gov.de/suche/daten/infrastrukturdaten-der-db-infrago"}},{"type":"Feature","geometry":{"type":"LineString","coordinates":[[9.948208902594645,50.1301023956592],[9.949680511303233,50.13072282686907]]},"properties":{"kind":"rail_bridge","name":"Fränkische Saale  Saale","length_m":127.0,"route":"5210","state":"Bayern","crossing_type":"EÜ über anderen Wasserlauf","source":"DB InfraGO infrastructure data","source_url":"https://data.gov.de/suche/daten/infrastrukturdaten-der-db-infrago"}},{"type":"Feature","geometry":{"type":"LineString","coordinates":[[9.959296828498978,50.13995973817859],[9.960763442835455,50.14017143074989]]},"properties":{"kind":"rail_bridge","name":"EÜ Fränkische Saale","length_m":105.0,"route":"5210","state":"Bayern","crossing_type":"EÜ über anderen Wasserlauf","source":"DB InfraGO infrastructure data","source_url":"https://data.gov.de/suche/daten/infrastrukturdaten-der-db-infrago"}},{"type":"Feature","geometry":{"type":"LineString","coordinates":[[9.979907494631012,50.14011389925389],[9.981323434453138,50.140069975245865]]},"properties":{"kind":"rail_bridge","name":"Fränkische Saale","length_m":117.0,"route":"5210","state":"Bayern","crossing_type":"EÜ über anderen Wasserlauf","source":"DB InfraGO infrastructure data","source_url":"https://data.gov.de/suche/daten/infrastrukturdaten-der-db-infrago"}},{"type":"Feature","geometry":{"type":"LineString","coordinates":[[9.648598199744399,50.25755854885536],[9.648874698541958,50.25757695251205]]},"properties":{"kind":"rail_bridge","name":"Sinntalbr. Zeitlofs","length_m":706.0,"route":"5211","state":"Bayern","crossing_type":"EÜ über Tal","source":"DB InfraGO infrastructure data","source_url":"https://data.gov.de/suche/daten/infrastrukturdaten-der-db-infrago"}},{"type":"Feature","geometry":{"type":"LineString","coordinates":[[9.153691040615955,49.80182866614383],[9.152679099293357,49.7998888063886]]},"properties":{"kind":"rail_bridge","name":"EÜ  Mainbrücke","length_m":204.0,"route":"5220","state":"Bayern","crossing_type":"EÜ über schiffbar gemachten Fluß","source":"DB InfraGO infrastructure data","source_url":"https://data.gov.de/suche/daten/infrastrukturdaten-der-db-infrago"}},{"type":"Feature","geometry":{"type":"LineString","coordinates":[[9.239049610313831,49.70484181033924],[9.241538363215096,49.70523603230486]]},"properties":{"kind":"rail_bridge","name":"EÜ  Mainbrücke","length_m":206.0,"route":"5224","state":"Bayern","crossing_type":"EÜ über schiffbar gemachten Fluß","source":"DB InfraGO infrastructure data","source_url":"https://data.gov.de/suche/daten/infrastrukturdaten-der-db-infrago"}},{"type":"Feature","geometry":{"type":"LineString","coordinates":[[9.490371276370636,49.789477587272636],[9.49071366111693,49.789139448210946],[9.491997923650796,49.787572397777424]]},"properties":{"kind":"rail_bridge","name":"Mainbrücke","length_m":247.0,"route":"5224","state":"Bayern","crossing_type":"EÜ über schiffbar gemachten Fluß","source":"DB InfraGO infrastructure data","source_url":"https://data.gov.de/suche/daten/infrastrukturdaten-der-db-infrago"}},{"type":"Feature","geometry":{"type":"LineString","coordinates":[[9.76428218627087,50.023988884821875],[9.763386803098664,50.02425165582192]]},"properties":{"kind":"rail_bridge","name":"Wern u.Flutöffnungen","length_m":89.0,"route":"5230","state":"Bayern","crossing_type":"EÜ über anderen Wasserlauf","source":"DB InfraGO infrastructure data","source_url":"https://data.gov.de/suche/daten/infrastrukturdaten-der-db-infrago"}},{"type":"Feature","geometry":{"type":"LineString","coordinates":[[10.22570236060166,50.03635575123916],[10.223004465565245,50.03711241930126]]},"properties":{"kind":"rail_bridge","name":"Mainbrücke","length_m":234.0,"route":"5231","state":"Bayern","crossing_type":"EÜ über schiffbar gemachten Fluß","source":"DB InfraGO infrastructure data","source_url":"https://data.gov.de/suche/daten/infrastrukturdaten-der-db-infrago"}},{"type":"Feature","geometry":{"type":"LineString","coordinates":[[10.868932008143288,48.39371792990436],[10.868841159827292,48.394079357177056]]},"properties":{"kind":"rail_bridge","name":"Überwerfungsbauwerk 1","length_m":118.0,"route":"5300","state":"Bayern","crossing_type":"EÜ über DBAG-Gleise","source":"DB InfraGO infrastructure data","source_url":"https://data.gov.de/suche/daten/infrastrukturdaten-der-db-infrago"}},{"type":"Feature","geometry":{"type":"LineString","coordinates":[[10.778278231515225,48.71188575716626],[10.776796721271879,48.712363133559876]]},"properties":{"kind":"rail_bridge","name":"Donaubrücke  stählernes Tragwerk","length_m":124.0,"route":"5300","state":"Bayern","crossing_type":"EÜ über anderen Wasserlauf","source":"DB InfraGO infrastructure data","source_url":"https://data.gov.de/suche/daten/infrastrukturdaten-der-db-infrago"}},{"type":"Feature","geometry":{"type":"LineString","coordinates":[[10.696863098508867,48.781735929499554],[10.696415190196477,48.78256106153965]]},"properties":{"kind":"rail_bridge","name":"EÜ Wörnitz u Straße","length_m":104.0,"route":"5300","state":"Bayern","crossing_type":"EÜ über anderen Wasserlauf","source":"DB InfraGO infrastructure data","source_url":"https://data.gov.de/suche/daten/infrastrukturdaten-der-db-infrago"}},{"type":"Feature","geometry":{"type":"LineString","coordinates":[[10.694729578765882,48.78895639178036],[10.694740805391948,48.789779642215116]]},"properties":{"kind":"rail_bridge","name":"Wörnitz u. Straße","length_m":98.0,"route":"5300","state":"Bayern","crossing_type":"EÜ über anderen Wasserlauf","source":"DB InfraGO infrastructure data","source_url":"https://data.gov.de/suche/daten/infrastrukturdaten-der-db-infrago"}},{"type":"Feature","geometry":{"type":"LineString","coordinates":[[10.692742048690267,48.793427663839644],[10.69185559613153,48.7940796623074]]},"properties":{"kind":"rail_bridge","name":"Wörnitz","length_m":105.0,"route":"5300","state":"Bayern","crossing_type":"EÜ über anderen Wasserlauf","source":"DB InfraGO infrastructure data","source_url":"https://data.gov.de/suche/daten/infrastrukturdaten-der-db-infrago"}},{"type":"Feature","geometry":{"type":"LineString","coordinates":[[10.664401925781304,48.79609984072817],[10.663266720022342,48.79655748737615]]},"properties":{"kind":"rail_bridge","name":"EÜ Wörnitz","length_m":104.0,"route":"5300","state":"Bayern","crossing_type":"EÜ über anderen Wasserlauf","source":"DB InfraGO infrastructure data","source_url":"https://data.gov.de/suche/daten/infrastrukturdaten-der-db-infrago"}},{"type":"Feature","geometry":{"type":"LineString","coordinates":[[10.88604041412483,48.36542040537162],[10.886050414048174,48.36543040541963]]},"properties":{"kind":"rail_bridge","name":"E Wendeanlage","length_m":170.87,"route":"5302","state":"Bayern","crossing_type":"EÜ über andere Straße/Weg Fahrverkehr","source":"DB InfraGO infrastructure data","source_url":"https://data.gov.de/suche/daten/infrastrukturdaten-der-db-infrago"}},{"type":"Feature","geometry":{"type":"LineString","coordinates":[[10.434472648111058,48.412510402370096],[10.434169326727528,48.41301018106644]]},"properties":{"kind":"rail_bridge","name":"EÜ BAB A 8","length_m":82.0,"route":"5302","state":"Bayern","crossing_type":"EÜ über Autobahn","source":"DB InfraGO infrastructure data","source_url":"https://data.gov.de/suche/daten/infrastrukturdaten-der-db-infrago"}},{"type":"Feature","geometry":{"type":"LineString","coordinates":[[9.989324014204806,48.392763284793716],[9.98802254309227,48.393404311842644]]},"properties":{"kind":"rail_bridge","name":"EÜ Donau  Spannbeton","length_m":129.0,"route":"5302","state":"Bayern","crossing_type":"EÜ über natürlich schiffbaren Fluß","source":"DB InfraGO infrastructure data","source_url":"https://data.gov.de/suche/daten/infrastrukturdaten-der-db-infrago"}},{"type":"Feature","geometry":{"type":"LineString","coordinates":[[10.744413433654767,48.72510258177809],[10.743270921709813,48.72619694737342]]},"properties":{"kind":"rail_bridge","name":"Wörnitzbrücke  lw=146,4/lh=8,00","length_m":150.0,"route":"5310","state":"Bayern","crossing_type":"EÜ über anderen Wasserlauf","source":"DB InfraGO infrastructure data","source_url":"https://data.gov.de/suche/daten/infrastrukturdaten-der-db-infrago"}},{"type":"Feature","geometry":{"type":"LineString","coordinates":[[10.87225220063573,48.93090970059133],[10.873503939522903,48.93218463965392]]},"properties":{"kind":"rail_bridge","name":"EÜ Obere Möhrenbachbrücke","length_m":183.0,"route":"5310","state":"Bayern","crossing_type":"EÜ über Tal","source":"DB InfraGO infrastructure data","source_url":"https://data.gov.de/suche/daten/infrastrukturdaten-der-db-infrago"}},{"type":"Feature","geometry":{"type":"LineString","coordinates":[[10.914424592476237,48.97351893322588],[10.915064304356736,48.97422447662579]]},"properties":{"kind":"rail_bridge","name":"EÜ Altmühl","length_m":97.0,"route":"5320","state":"Bayern","crossing_type":"EÜ über anderen Wasserlauf","source":"DB InfraGO infrastructure data","source_url":"https://data.gov.de/suche/daten/infrastrukturdaten-der-db-infrago"}},{"type":"Feature","geometry":{"type":"LineString","coordinates":[[10.999076986605786,49.12310405792281],[10.999417326402407,49.12381250861688]]},"properties":{"kind":"rail_bridge","name":"Brambach u.Talbrücke","length_m":93.0,"route":"5320","state":"Bayern","crossing_type":"EÜ über anderen Wasserlauf","source":"DB InfraGO infrastructure data","source_url":"https://data.gov.de/suche/daten/infrastrukturdaten-der-db-infrago"}},{"type":"Feature","geometry":{"type":"LineString","coordinates":[[11.066795371881621,49.29789611641951],[11.066558101250909,49.29862058908161]]},"properties":{"kind":"rail_bridge","name":"EÜ Mainbachtal u Straße","length_m":84.0,"route":"5320","state":"Bayern","crossing_type":"EÜ über andere Straße/Weg KFZ-Verkehr","source":"DB InfraGO infrastructure data","source_url":"https://data.gov.de/suche/daten/infrastrukturdaten-der-db-infrago"}},{"type":"Feature","geometry":{"type":"LineString","coordinates":[[11.03741520517657,49.33054337434009],[11.037938136942751,49.331122219441646]]},"properties":{"kind":"rail_bridge","name":"EÜ Schwabach","length_m":131.0,"route":"5320","state":"Bayern","crossing_type":"EÜ über anderen Wasserlauf","source":"DB InfraGO infrastructure data","source_url":"https://data.gov.de/suche/daten/infrastrukturdaten-der-db-infrago"}},{"type":"Feature","geometry":{"type":"LineString","coordinates":[[11.040298283386072,49.36197196461451],[11.040532759975745,49.36318363310166]]},"properties":{"kind":"rail_bridge","name":"EÜ Rednitztal-Katzwang","length_m":181.0,"route":"5320","state":"Bayern","crossing_type":"EÜ über anderen Wasserlauf","source":"DB InfraGO infrastructure data","source_url":"https://data.gov.de/suche/daten/infrastrukturdaten-der-db-infrago"}},{"type":"Feature","geometry":{"type":"LineString","coordinates":[[11.050861628578017,49.41816211254747],[11.051175382273625,49.41906590170139]]},"properties":{"kind":"rail_bridge","name":"Rhein-Main-Donau-Kanal","length_m":109.0,"route":"5320","state":"Bayern","crossing_type":"EÜ über künstliche Wasserstraße (Kanal)","source":"DB InfraGO infrastructure data","source_url":"https://data.gov.de/suche/daten/infrastrukturdaten-der-db-infrago"}},{"type":"Feature","geometry":{"type":"LineString","coordinates":[[9.940250318088502,49.76995772003779],[9.941580911601841,49.77144823288053]]},"properties":{"kind":"rail_bridge","name":"EÜ ü.Main b.Heidingsfeld","length_m":208.0,"route":"5321","state":"Bayern","crossing_type":"EÜ über schiffbar gemachten Fluß","source":"DB InfraGO infrastructure data","source_url":"https://data.gov.de/suche/daten/infrastrukturdaten-der-db-infrago"}},{"type":"Feature","geometry":{"type":"LineString","coordinates":[[10.748198967322802,49.117038733218024],[10.749675169660767,49.11805212796039]]},"properties":{"kind":"rail_bridge","name":"EÜ Altmühl","length_m":162.0,"route":"5330","state":"Bayern","crossing_type":"EÜ über anderen Wasserlauf","source":"DB InfraGO infrastructure data","source_url":"https://data.gov.de/suche/daten/infrastrukturdaten-der-db-infrago"}},{"type":"Feature","geometry":{"type":"LineString","coordinates":[[10.312053870992067,47.67177565474595],[10.311698262617833,47.67140158326754]]},"properties":{"kind":"rail_bridge","name":"EÜ Waltenhofener Bach","length_m":89.0,"route":"5362","state":"Bayern","crossing_type":"EÜ über anderen Wasserlauf","source":"DB InfraGO infrastructure data","source_url":"https://data.gov.de/suche/daten/infrastrukturdaten-der-db-infrago"}},{"type":"Feature","geometry":{"type":"LineString","coordinates":[[10.29877117236201,47.65747646593721],[10.297632613653418,47.6564744363232]]},"properties":{"kind":"rail_bridge","name":"EÜ B 19","length_m":144.0,"route":"5362","state":"Bayern","crossing_type":"EÜ über Bundesstraße","source":"DB InfraGO infrastructure data","source_url":"https://data.gov.de/suche/daten/infrastrukturdaten-der-db-infrago"}},{"type":"Feature","geometry":{"type":"LineString","coordinates":[[9.974171613112658,47.607680780666115],[9.972654346364594,47.60769546195946]]},"properties":{"kind":"rail_bridge","name":"EÜ (Ellenhofer - Tobelbrücke)","length_m":162.0,"route":"5362","state":"Bayern","crossing_type":"EÜ über Tal","source":"DB InfraGO infrastructure data","source_url":"https://data.gov.de/suche/daten/infrastrukturdaten-der-db-infrago"}},{"type":"Feature","geometry":{"type":"LineString","coordinates":[[9.863737327183726,47.64744336643632],[9.864888966348339,47.648077447714776]]},"properties":{"kind":"rail_bridge","name":"Brücke ü.Tal,Laiblach u.Staße","length_m":163.0,"route":"5362","state":"Bayern","crossing_type":"EÜ über Tal","source":"DB InfraGO infrastructure data","source_url":"https://data.gov.de/suche/daten/infrastrukturdaten-der-db-infrago"}},{"type":"Feature","geometry":{"type":"LineString","coordinates":[[10.832220818870589,48.14621205998947],[10.832260786896255,48.14548540059717]]},"properties":{"kind":"rail_bridge","name":"EÜ (im Bau)","length_m":100.0,"route":"5363","state":"Bayern","crossing_type":"EÜ über Bundesstraße","source":"DB InfraGO infrastructure data","source_url":"https://data.gov.de/suche/daten/infrastrukturdaten-der-db-infrago"}},{"type":"Feature","geometry":{"type":"LineString","coordinates":[[10.898464104775556,48.69614054363532],[10.895884117992916,48.69613617292269]]},"properties":{"kind":"rail_bridge","name":"EÜ","length_m":194.0,"route":"5381","state":"Bayern","crossing_type":"EÜ über anderen Wasserlauf","source":"DB InfraGO infrastructure data","source_url":"https://data.gov.de/suche/daten/infrastrukturdaten-der-db-infrago"}},{"type":"Feature","geometry":{"type":"LineString","coordinates":[[10.353415238123201,48.48948046015651],[10.353093149041483,48.48854748945879]]},"properties":{"kind":"rail_bridge","name":"EÜ (Donau)  Stahl","length_m":112.0,"route":"5381","state":"Bayern","crossing_type":"EÜ über anderen Wasserlauf","source":"DB InfraGO infrastructure data","source_url":"https://data.gov.de/suche/daten/infrastrukturdaten-der-db-infrago"}},{"type":"Feature","geometry":{"type":"LineString","coordinates":[[10.114671524749815,48.1422878270591],[10.114391839412045,48.14335166936235]]},"properties":{"kind":"rail_bridge","name":"EÜ BAB A 7","length_m":125.0,"route":"5400","state":"Bayern","crossing_type":"EÜ über Autobahn","source":"DB InfraGO infrastructure data","source_url":"https://data.gov.de/suche/daten/infrastrukturdaten-der-db-infrago"}},{"type":"Feature","geometry":{"type":"LineString","coordinates":[[10.3211531790612,47.714598685801235],[10.321153166076739,47.71459868377989]]},"properties":{"kind":"rail_bridge","name":"EÜ Illerbrücke 3","length_m":138.0,"route":"5401","state":"Bayern","crossing_type":"EÜ über anderen Wasserlauf","source":"DB InfraGO infrastructure data","source_url":"https://data.gov.de/suche/daten/infrastrukturdaten-der-db-infrago"}},{"type":"Feature","geometry":{"type":"LineString","coordinates":[[10.375212939867959,47.67692896306963],[10.375731515911607,47.677537108737816]]},"properties":{"kind":"rail_bridge","name":"BAB A7","length_m":99.0,"route":"5403","state":"Bayern","crossing_type":"EÜ über Autobahn","source":"DB InfraGO infrastructure data","source_url":"https://data.gov.de/suche/daten/infrastrukturdaten-der-db-infrago"}},{"type":"Feature","geometry":{"type":"LineString","coordinates":[[10.486156921952022,47.63226873145131],[10.48752479374437,47.63194905703878]]},"properties":{"kind":"rail_bridge","name":"EÜ","length_m":128.0,"route":"5403","state":"Bayern","crossing_type":"EÜ über anderen Wasserlauf","source":"DB InfraGO infrastructure data","source_url":"https://data.gov.de/suche/daten/infrastrukturdaten-der-db-infrago"}},{"type":"Feature","geometry":{"type":"LineString","coordinates":[[10.902098608880568,47.80958630146531],[10.902365326502002,47.80918821137742],[10.90266366166651,47.80889210499246]]},"properties":{"kind":"rail_bridge","name":"EÜ Lech","length_m":105.0,"route":"5444","state":"Bayern","crossing_type":"EÜ über anderen Wasserlauf","source":"DB InfraGO infrastructure data","source_url":"https://data.gov.de/suche/daten/infrastrukturdaten-der-db-infrago"}},{"type":"Feature","geometry":{"type":"LineString","coordinates":[[10.907927178200808,47.808389009943056],[10.908886096355292,47.80865218229946]]},"properties":{"kind":"rail_bridge","name":"Werkkanal","length_m":83.0,"route":"5444","state":"Bayern","crossing_type":"EÜ über anderen Wasserlauf","source":"DB InfraGO infrastructure data","source_url":"https://data.gov.de/suche/daten/infrastrukturdaten-der-db-infrago"}},{"type":"Feature","geometry":{"type":"LineString","coordinates":[[10.91196362417521,47.80973855024479],[10.912724212882496,47.810046760300416]]},"properties":{"kind":"rail_bridge","name":"E Kannenwald-Graben","length_m":87.0,"route":"5444","state":"Bayern","crossing_type":"EÜ als Hängebrücke","source":"DB InfraGO infrastructure data","source_url":"https://data.gov.de/suche/daten/infrastrukturdaten-der-db-infrago"}},{"type":"Feature","geometry":{"type":"LineString","coordinates":[[10.995619591145791,47.78930246731004],[10.99620257803335,47.78923423740628]]},"properties":{"kind":"rail_bridge","name":"EÜ B 472 Hohenpeißenberg","length_m":82.0,"route":"5444","state":"Bayern","crossing_type":"EÜ über Bundesstraße","source":"DB InfraGO infrastructure data","source_url":"https://data.gov.de/suche/daten/infrastrukturdaten-der-db-infrago"}},{"type":"Feature","geometry":{"type":"LineString","coordinates":[[11.491493900253952,48.14562297554875],[11.491058438170294,48.14576012595486]]},"properties":{"kind":"rail_bridge","name":"Objekt 6","length_m":99.0,"route":"5500","state":"Bayern","crossing_type":"EÜ über DBAG-Gleise","source":"DB InfraGO infrastructure data","source_url":"https://data.gov.de/suche/daten/infrastrukturdaten-der-db-infrago"}},{"type":"Feature","geometry":{"type":"LineString","coordinates":[[11.48734415108569,48.14802860923216],[11.487106171557143,48.148240017650465]]},"properties":{"kind":"rail_bridge","name":"E","length_m":136.0,"route":"5500","state":"Bayern","crossing_type":"EÜ über DBAG-Gleise","source":"DB InfraGO infrastructure data","source_url":"https://data.gov.de/suche/daten/infrastrukturdaten-der-db-infrago"}},{"type":"Feature","geometry":{"type":"LineString","coordinates":[[11.482610096874398,48.15369627948563],[11.482393068678446,48.1543715377734]]},"properties":{"kind":"rail_bridge","name":"Neulustheim","length_m":124.0,"route":"5500","state":"Bayern","crossing_type":"EÜ über DBAG-Gleise","source":"DB InfraGO infrastructure data","source_url":"https://data.gov.de/suche/daten/infrastrukturdaten-der-db-infrago"}},{"type":"Feature","geometry":{"type":"LineString","coordinates":[[11.940950689852274,48.49115942495408],[11.941909345590325,48.49239340203675]]},"properties":{"kind":"rail_bridge","name":"EÜ Amper","length_m":158.0,"route":"5500","state":"Bayern","crossing_type":"EÜ über anderen Wasserlauf","source":"DB InfraGO infrastructure data","source_url":"https://data.gov.de/suche/daten/infrastrukturdaten-der-db-infrago"}},{"type":"Feature","geometry":{"type":"LineString","coordinates":[[11.456135887957444,48.30479514872795],[11.455965265872045,48.305589212900365],[11.455815550271332,48.306024922364436]]},"properties":{"kind":"rail_bridge","name":"EÜ","length_m":141.0,"route":"5501","state":"Bayern","crossing_type":"EÜ über anderen Wasserlauf","source":"DB InfraGO infrastructure data","source_url":"https://data.gov.de/suche/daten/infrastrukturdaten-der-db-infrago"}},{"type":"Feature","geometry":{"type":"LineString","coordinates":[[11.454851921907006,48.30828619125025],[11.454250657822074,48.309469141679564]]},"properties":{"kind":"rail_bridge","name":"EÜ","length_m":141.0,"route":"5501","state":"Bayern","crossing_type":"EÜ über andere Straße/Weg Fahrverkehr","source":"DB InfraGO infrastructure data","source_url":"https://data.gov.de/suche/daten/infrastrukturdaten-der-db-infrago"}},{"type":"Feature","geometry":{"type":"LineString","coordinates":[[11.437185673499721,48.76360261158518],[11.436987633882998,48.76524684298329]]},"properties":{"kind":"rail_bridge","name":"Donaubrücke","length_m":187.0,"route":"5501","state":"Bayern","crossing_type":"EÜ über natürlich schiffbaren Fluß","source":"DB InfraGO infrastructure data","source_url":"https://data.gov.de/suche/daten/infrastrukturdaten-der-db-infrago"}},{"type":"Feature","geometry":{"type":"LineString","coordinates":[[10.946472409153843,48.936886041289235],[10.94532251070537,48.93699249922923]]},"properties":{"kind":"rail_bridge","name":"Altmühl  Sta","length_m":90.0,"route":"5501","state":"Bayern","crossing_type":"EÜ über anderen Wasserlauf","source":"DB InfraGO infrastructure data","source_url":"https://data.gov.de/suche/daten/infrastrukturdaten-der-db-infrago"}},{"type":"Feature","geometry":{"type":"LineString","coordinates":[[10.931741439209336,48.93690629132819],[10.930555601915799,48.937290690555564]]},"properties":{"kind":"rail_bridge","name":"EÜ Altmühl","length_m":109.0,"route":"5501","state":"Bayern","crossing_type":"EÜ über anderen Wasserlauf","source":"DB InfraGO infrastructure data","source_url":"https://data.gov.de/suche/daten/infrastrukturdaten-der-db-infrago"}},{"type":"Feature","geometry":{"type":"LineString","coordinates":[[11.449126888143343,48.1533398795537],[11.448402180856469,48.15360816020685]]},"properties":{"kind":"rail_bridge","name":"Kreuzungsbauwerk 3","length_m":84.0,"route":"5503","state":"Bayern","crossing_type":"EÜ über DBAG-Gleise","source":"DB InfraGO infrastructure data","source_url":"https://data.gov.de/suche/daten/infrastrukturdaten-der-db-infrago"}},{"type":"Feature","geometry":{"type":"LineString","coordinates":[[10.938153716607587,48.353362500241694],[10.936628399807367,48.353391453685916]]},"properties":{"kind":"rail_bridge","name":"Lechbrücke STB2","length_m":128.0,"route":"5503","state":"Bayern","crossing_type":"EÜ über anderen Wasserlauf","source":"DB InfraGO infrastructure data","source_url":"https://data.gov.de/suche/daten/infrastrukturdaten-der-db-infrago"}},{"type":"Feature","geometry":{"type":"LineString","coordinates":[[11.538989061996197,48.074392983030286],[11.542261490373138,48.07469720170793]]},"properties":{"kind":"rail_bridge","name":"Isar/GroßhesseloherBr","length_m":132.0,"route":"5505","state":"Bayern","crossing_type":"EÜ über anderen Wasserlauf","source":"DB InfraGO infrastructure data","source_url":"https://data.gov.de/suche/daten/infrastrukturdaten-der-db-infrago"}},{"type":"Feature","geometry":{"type":"LineString","coordinates":[[11.423488894309536,47.924114282874875],[11.423498865316908,47.923525890921105],[11.423728099575708,47.92260754160841]]},"properties":{"kind":"rail_bridge","name":"EÜ Loisach","length_m":171.0,"route":"5507","state":"Bayern","crossing_type":"EÜ über anderen Wasserlauf","source":"DB InfraGO infrastructure data","source_url":"https://data.gov.de/suche/daten/infrastrukturdaten-der-db-infrago"}},{"type":"Feature","geometry":{"type":"LineString","coordinates":[[11.56089727630766,48.118697626712205],[11.56258246358251,48.117887249587916]]},"properties":{"kind":"rail_bridge","name":"Isar (Braunauerbrücke)","length_m":188.0,"route":"5510","state":"Bayern","crossing_type":"EÜ über anderen Wasserlauf","source":"DB InfraGO infrastructure data","source_url":"https://data.gov.de/suche/daten/infrastrukturdaten-der-db-infrago"}},{"type":"Feature","geometry":{"type":"LineString","coordinates":[[11.57385347442439,48.117799131331765],[11.575537543442406,48.118263678128]]},"properties":{"kind":"rail_bridge","name":"Pilgersheimer Straße","length_m":147.0,"route":"5510","state":"Bayern","crossing_type":"EÜ über andere Straße/Weg KFZ-Verkehr","source":"DB InfraGO infrastructure data","source_url":"https://data.gov.de/suche/daten/infrastrukturdaten-der-db-infrago"}},{"type":"Feature","geometry":{"type":"LineString","coordinates":[[11.598311690021095,48.12315170442304],[11.599403689443355,48.123719105045815]]},"properties":{"kind":"rail_bridge","name":"Kreuzungsbauwerk","length_m":113.0,"route":"5510","state":"Bayern","crossing_type":"EÜ über DBAG-Gleise","source":"DB InfraGO infrastructure data","source_url":"https://data.gov.de/suche/daten/infrastrukturdaten-der-db-infrago"}},{"type":"Feature","geometry":{"type":"LineString","coordinates":[[11.753489264979233,48.10639248543086],[11.754784989780632,48.10611091247745]]},"properties":{"kind":"rail_bridge","name":"EÜ BAB A99","length_m":100.0,"route":"5510","state":"Bayern","crossing_type":"EÜ über Autobahn","source":"DB InfraGO infrastructure data","source_url":"https://data.gov.de/suche/daten/infrastrukturdaten-der-db-infrago"}},{"type":"Feature","geometry":{"type":"LineString","coordinates":[[11.241088874196079,48.165649092717054],[11.239894666410837,48.16539063006953]]},"properties":{"kind":"rail_bridge","name":"EÜ Amperbrücke","length_m":98.0,"route":"5520","state":"Bayern","crossing_type":"EÜ über anderen Wasserlauf","source":"DB InfraGO infrastructure data","source_url":"https://data.gov.de/suche/daten/infrastrukturdaten-der-db-infrago"}},{"type":"Feature","geometry":{"type":"LineString","coordinates":[[10.873730058276667,48.085520557618175],[10.871921601542386,48.08510165919541]]},"properties":{"kind":"rail_bridge","name":"EÜ Lechbrücke","length_m":152.0,"route":"5520","state":"Bayern","crossing_type":"EÜ über anderen Wasserlauf","source":"DB InfraGO infrastructure data","source_url":"https://data.gov.de/suche/daten/infrastrukturdaten-der-db-infrago"}},{"type":"Feature","geometry":{"type":"LineString","coordinates":[[11.543073514051157,48.14245457667189],[11.542268947234463,48.14251404565697]]},"properties":{"kind":"rail_bridge","name":"EÜ ü.Gleise","length_m":192.0,"route":"5540","state":"Bayern","crossing_type":"EÜ über DBAG-Gleise","source":"DB InfraGO infrastructure data","source_url":"https://data.gov.de/suche/daten/infrastrukturdaten-der-db-infrago"}},{"type":"Feature","geometry":{"type":"LineString","coordinates":[[11.644006071892878,48.08974972504014],[11.645394426986734,48.088505047962315]]},"properties":{"kind":"rail_bridge","name":"EÜ ü.Carl-Wery-Str.  lw=175,60/lh=4,70","length_m":178.0,"route":"5552","state":"Bayern","crossing_type":"EÜ über andere Straße/Weg KFZ-Verkehr","source":"DB InfraGO infrastructure data","source_url":"https://data.gov.de/suche/daten/infrastrukturdaten-der-db-infrago"}},{"type":"Feature","geometry":{"type":"LineString","coordinates":[[11.684697457716409,48.33254371010865],[11.685334957148543,48.3325498453172]]},"properties":{"kind":"rail_bridge","name":"EÜ BAB A92","length_m":183.93,"route":"5557","state":"Bayern","crossing_type":"EÜ über Autobahn","source":"DB InfraGO infrastructure data","source_url":"https://data.gov.de/suche/daten/infrastrukturdaten-der-db-infrago"}},{"type":"Feature","geometry":{"type":"LineString","coordinates":[[11.712464218596743,48.34017671176517],[11.713688358241827,48.34129158815535]]},"properties":{"kind":"rail_bridge","name":"Eisenbahnbrücke","length_m":200.0,"route":"5557","state":"Bayern","crossing_type":"EÜ über anderen Wasserlauf","source":"DB InfraGO infrastructure data","source_url":"https://data.gov.de/suche/daten/infrastrukturdaten-der-db-infrago"}},{"type":"Feature","geometry":{"type":"LineString","coordinates":[[11.72549868978263,48.348612455492585],[11.72662036854692,48.34905800155676],[11.728031494395037,48.34949514572038]]},"properties":{"kind":"rail_bridge","name":"Eisenbahnbrücke","length_m":222.0,"route":"5557","state":"Bayern","crossing_type":"EÜ über Graben/Flutöffn. zeitw. Wasser","source":"DB InfraGO infrastructure data","source_url":"https://data.gov.de/suche/daten/infrastrukturdaten-der-db-infrago"}},{"type":"Feature","geometry":{"type":"LineString","coordinates":[[11.629637783847592,48.18427562984777],[11.631216123046284,48.183684154560666]]},"properties":{"kind":"rail_bridge","name":"Isarbrücke","length_m":155.0,"route":"5560","state":"Bayern","crossing_type":"EÜ über anderen Wasserlauf","source":"DB InfraGO infrastructure data","source_url":"https://data.gov.de/suche/daten/infrastrukturdaten-der-db-infrago"}},{"type":"Feature","geometry":{"type":"LineString","coordinates":[[10.938138746144617,48.35324029035615],[10.936611247274653,48.353267931556175]]},"properties":{"kind":"rail_bridge","name":"Lechbrücke STB1","length_m":128.0,"route":"5581","state":"Bayern","crossing_type":"EÜ über anderen Wasserlauf","source":"DB InfraGO infrastructure data","source_url":"https://data.gov.de/suche/daten/infrastrukturdaten-der-db-infrago"}},{"type":"Feature","geometry":{"type":"LineString","coordinates":[[11.624464353980082,48.13505437256408],[11.624666091274085,48.13507571529792]]},"properties":{"kind":"rail_bridge","name":"EÜ Leuchtenbergring","length_m":197.0,"route":"5600","state":"Bayern","crossing_type":"EÜ über DBAG-Gleise","source":"DB InfraGO infrastructure data","source_url":"https://data.gov.de/suche/daten/infrastrukturdaten-der-db-infrago"}},{"type":"Feature","geometry":{"type":"LineString","coordinates":[[11.749732350238576,48.156275586688416],[11.750802851362055,48.1565450763702]]},"properties":{"kind":"rail_bridge","name":"EÜ","length_m":89.0,"route":"5600","state":"Bayern","crossing_type":"EÜ über Autobahn","source":"DB InfraGO infrastructure data","source_url":"https://data.gov.de/suche/daten/infrastrukturdaten-der-db-infrago"}},{"type":"Feature","geometry":{"type":"LineString","coordinates":[[13.036054753856284,48.26349458258705],[13.038298678269374,48.26209681717264]]},"properties":{"kind":"rail_bridge","name":"Innbrücke","length_m":370.0,"route":"5600","state":"Bayern","crossing_type":"EÜ über anderen Wasserlauf","source":"DB InfraGO infrastructure data","source_url":"https://data.gov.de/suche/daten/infrastrukturdaten-der-db-infrago"}},{"type":"Feature","geometry":{"type":"LineString","coordinates":[[11.843830749505372,48.452467803457374],[11.842909613310864,48.453049473180656]]},"properties":{"kind":"rail_bridge","name":"EÜ Amper","length_m":95.0,"route":"5633","state":"Bayern","crossing_type":"EÜ über anderen Wasserlauf","source":"DB InfraGO infrastructure data","source_url":"https://data.gov.de/suche/daten/infrastrukturdaten-der-db-infrago"}},{"type":"Feature","geometry":{"type":"LineString","coordinates":[[12.941795941890677,48.8273924268169],[12.944664083201696,48.83110266925303]]},"properties":{"kind":"rail_bridge","name":"EÜ Donaubrücke","length_m":466.0,"route":"5634","state":"Bayern","crossing_type":"EÜ über natürlich schiffbaren Fluß","source":"DB InfraGO infrastructure data","source_url":"https://data.gov.de/suche/daten/infrastrukturdaten-der-db-infrago"}},{"type":"Feature","geometry":{"type":"LineString","coordinates":[[13.100088272115103,48.96226381507483],[13.103802513848724,48.963477944782746]]},"properties":{"kind":"rail_bridge","name":"E Ohetal","length_m":315.0,"route":"5634","state":"Bayern","crossing_type":"EÜ über Tal","source":"DB InfraGO infrastructure data","source_url":"https://data.gov.de/suche/daten/infrastrukturdaten-der-db-infrago"}},{"type":"Feature","geometry":{"type":"LineString","coordinates":[[13.140720049545662,48.97251182197169],[13.141244875046048,48.97348875035829]]},"properties":{"kind":"rail_bridge","name":"EÜ","length_m":119.0,"route":"5634","state":"Bayern","crossing_type":"EÜ über anderen Wasserlauf","source":"DB InfraGO infrastructure data","source_url":"https://data.gov.de/suche/daten/infrastrukturdaten-der-db-infrago"}},{"type":"Feature","geometry":{"type":"LineString","coordinates":[[13.212939371274329,49.01115992460743],[13.214664299203019,49.01114481077159]]},"properties":{"kind":"rail_bridge","name":"E Staatsstraße u.Rege","length_m":131.0,"route":"5634","state":"Bayern","crossing_type":"EÜ über anderen Wasserlauf","source":"DB InfraGO infrastructure data","source_url":"https://data.gov.de/suche/daten/infrastrukturdaten-der-db-infrago"}},{"type":"Feature","geometry":{"type":"LineString","coordinates":[[13.225561240174375,49.04163571180461],[13.226236352389728,49.04269970184177]]},"properties":{"kind":"rail_bridge","name":"EÜ","length_m":126.0,"route":"5634","state":"Bayern","crossing_type":"EÜ über anderen Wasserlauf","source":"DB InfraGO infrastructure data","source_url":"https://data.gov.de/suche/daten/infrastrukturdaten-der-db-infrago"}},{"type":"Feature","geometry":{"type":"LineString","coordinates":[[13.229000794701378,49.068940839212765],[13.227995521136526,49.0696948732852]]},"properties":{"kind":"rail_bridge","name":"E Deffernik","length_m":118.0,"route":"5634","state":"Bayern","crossing_type":"EÜ über anderen Wasserlauf","source":"DB InfraGO infrastructure data","source_url":"https://data.gov.de/suche/daten/infrastrukturdaten-der-db-infrago"}},{"type":"Feature","geometry":{"type":"LineString","coordinates":[[12.253581210908424,48.13043140772613],[12.256132713175901,48.1322993344077]]},"properties":{"kind":"rail_bridge","name":"EÜ Innbrücke","length_m":268.0,"route":"5700","state":"Bayern","crossing_type":"EÜ über anderen Wasserlauf","source":"DB InfraGO infrastructure data","source_url":"https://data.gov.de/suche/daten/infrastrukturdaten-der-db-infrago"}},{"type":"Feature","geometry":{"type":"LineString","coordinates":[[12.378435483822283,48.179241235823014],[12.379188047388324,48.18085135848838]]},"properties":{"kind":"rail_bridge","name":"EÜ Jettenbacherbrücke","length_m":193.0,"route":"5700","state":"Bayern","crossing_type":"EÜ über anderen Wasserlauf","source":"DB InfraGO infrastructure data","source_url":"https://data.gov.de/suche/daten/infrastrukturdaten-der-db-infrago"}},{"type":"Feature","geometry":{"type":"LineString","coordinates":[[12.104062070630782,47.7637476639526],[12.104020174827006,47.762966324614865]]},"properties":{"kind":"rail_bridge","name":"EÜ BAB A 93","length_m":87.0,"route":"5702","state":"Bayern","crossing_type":"EÜ über Autobahn","source":"DB InfraGO infrastructure data","source_url":"https://data.gov.de/suche/daten/infrastrukturdaten-der-db-infrago"}},{"type":"Feature","geometry":{"type":"LineString","coordinates":[[12.146094533449316,47.85148806442227],[12.148184238332194,47.85250728685044]]},"properties":{"kind":"rail_bridge","name":"Innbrücke","length_m":198.0,"route":"5703","state":"Bayern","crossing_type":"EÜ über anderen Wasserlauf","source":"DB InfraGO infrastructure data","source_url":"https://data.gov.de/suche/daten/infrastrukturdaten-der-db-infrago"}},{"type":"Feature","geometry":{"type":"LineString","coordinates":[[12.643853704032503,47.87428470600669],[12.644903929171953,47.87461664198925]]},"properties":{"kind":"rail_bridge","name":"EÜ Traun","length_m":93.0,"route":"5703","state":"Bayern","crossing_type":"EÜ über anderen Wasserlauf","source":"DB InfraGO infrastructure data","source_url":"https://data.gov.de/suche/daten/infrastrukturdaten-der-db-infrago"}},{"type":"Feature","geometry":{"type":"LineString","coordinates":[[12.988460447501014,47.832132419501214],[12.988983912483313,47.83186856811174]]},"properties":{"kind":"rail_bridge","name":"EÜ Saalachbrücke","length_m":130.0,"route":"5703","state":"Bayern","crossing_type":"EÜ über anderen Wasserlauf","source":"DB InfraGO infrastructure data","source_url":"https://data.gov.de/suche/daten/infrastrukturdaten-der-db-infrago"}},{"type":"Feature","geometry":{"type":"LineString","coordinates":[[12.351495925584496,48.43978406772471],[12.350613186507474,48.44002222952217]]},"properties":{"kind":"rail_bridge","name":"EÜ Große Vils, St2083","length_m":89.0,"route":"5720","state":"Bayern","crossing_type":"EÜ über anderen Wasserlauf","source":"DB InfraGO infrastructure data","source_url":"https://data.gov.de/suche/daten/infrastrukturdaten-der-db-infrago"}},{"type":"Feature","geometry":{"type":"LineString","coordinates":[[12.349247410918114,48.44055500889575],[12.348642787648624,48.44083689602839]]},"properties":{"kind":"rail_bridge","name":"EÜ Flutgraben","length_m":86.0,"route":"5720","state":"Bayern","crossing_type":"EÜ über anderen Wasserlauf","source":"DB InfraGO infrastructure data","source_url":"https://data.gov.de/suche/daten/infrastrukturdaten-der-db-infrago"}},{"type":"Feature","geometry":{"type":"LineString","coordinates":[[12.254468645196546,48.4702688003107],[12.253932984968218,48.470655446946175]]},"properties":{"kind":"rail_bridge","name":"EÜ","length_m":82.0,"route":"5720","state":"Bayern","crossing_type":"EÜ über Graben/Flutöffn. zeitw. Wasser","source":"DB InfraGO infrastructure data","source_url":"https://data.gov.de/suche/daten/infrastrukturdaten-der-db-infrago"}},{"type":"Feature","geometry":{"type":"LineString","coordinates":[[12.139044335160097,48.52625028006939],[12.137084180179311,48.528905351875785]]},"properties":{"kind":"rail_bridge","name":"Isar und Bundesstraße B 11","length_m":355.0,"route":"5720","state":"Bayern","crossing_type":"EÜ über anderen Wasserlauf","source":"DB InfraGO infrastructure data","source_url":"https://data.gov.de/suche/daten/infrastrukturdaten-der-db-infrago"}},{"type":"Feature","geometry":{"type":"LineString","coordinates":[[12.127747990759396,48.543258192562845],[12.128221401622996,48.54421239577519]]},"properties":{"kind":"rail_bridge","name":"Flutmulde u.Pfettrachbrücke","length_m":118.0,"route":"5720","state":"Bayern","crossing_type":"EÜ über anderen Wasserlauf","source":"DB InfraGO infrastructure data","source_url":"https://data.gov.de/suche/daten/infrastrukturdaten-der-db-infrago"}},{"type":"Feature","geometry":{"type":"LineString","coordinates":[[12.55796153755376,48.23827199848154],[12.558989839718759,48.23699897060037]]},"properties":{"kind":"rail_bridge","name":"EÜ über den Inn","length_m":168.0,"route":"5723","state":"Bayern","crossing_type":"EÜ über anderen Wasserlauf","source":"DB InfraGO infrastructure data","source_url":"https://data.gov.de/suche/daten/infrastrukturdaten-der-db-infrago"}},{"type":"Feature","geometry":{"type":"LineString","coordinates":[[12.577081504321146,48.118554913059434],[12.578343850550796,48.11791302298444]]},"properties":{"kind":"rail_bridge","name":"EÜ Alz","length_m":142.0,"route":"5723","state":"Bayern","crossing_type":"EÜ über anderen Wasserlauf","source":"DB InfraGO infrastructure data","source_url":"https://data.gov.de/suche/daten/infrastrukturdaten-der-db-infrago"}},{"type":"Feature","geometry":{"type":"LineString","coordinates":[[12.726088947656068,48.16855169852331],[12.726089102698547,48.168551530013254]]},"properties":{"kind":"rail_bridge","name":"Alz und Staatsstraße 2356","length_m":98.0,"route":"5725","state":"Bayern","crossing_type":"EÜ über anderen Wasserlauf","source":"DB InfraGO infrastructure data","source_url":"https://data.gov.de/suche/daten/infrastrukturdaten-der-db-infrago"}},{"type":"Feature","geometry":{"type":"LineString","coordinates":[[12.560295790142595,48.029530565612546],[12.559681952576295,48.03037967965365]]},"properties":{"kind":"rail_bridge","name":"EÜ Alz","length_m":120.0,"route":"5730","state":"Bayern","crossing_type":"EÜ über anderen Wasserlauf","source":"DB InfraGO infrastructure data","source_url":"https://data.gov.de/suche/daten/infrastrukturdaten-der-db-infrago"}},{"type":"Feature","geometry":{"type":"LineString","coordinates":[[12.902076043104197,47.7486289081832],[12.902281999079422,47.74774214726576]]},"properties":{"kind":"rail_bridge","name":"EÜ Saalachbrücke","length_m":102.0,"route":"5740","state":"Bayern","crossing_type":"EÜ über anderen Wasserlauf","source":"DB InfraGO infrastructure data","source_url":"https://data.gov.de/suche/daten/infrastrukturdaten-der-db-infrago"}},{"type":"Feature","geometry":{"type":"LineString","coordinates":[[12.988616962058591,47.83192776903363],[12.988616972724268,47.83192776365546]]},"properties":{"kind":"rail_bridge","name":"E Saalachbrücke","length_m":135.0,"route":"5744","state":"Bayern","crossing_type":"EÜ über natürlich schiffbaren Fluß","source":"DB InfraGO infrastructure data","source_url":"https://data.gov.de/suche/daten/infrastrukturdaten-der-db-infrago"}},{"type":"Feature","geometry":{"type":"LineString","coordinates":[[12.67730699203488,49.222991475490794],[12.677307005550407,49.22299147705136]]},"properties":{"kind":"rail_bridge","name":"E*(ANSCHLUSSGLEIS)","length_m":297.0,"route":"5800","state":"Bayern","crossing_type":"EÜ über Graben/Flutöffn. zeitw. Wasser","source":"DB InfraGO infrastructure data","source_url":"https://data.gov.de/suche/daten/infrastrukturdaten-der-db-infrago"}},{"type":"Feature","geometry":{"type":"LineString","coordinates":[[12.683277136653741,49.31209922877096],[12.683417990381015,49.312456057711024],[12.683451311269927,49.31285150746733]]},"properties":{"kind":"rail_bridge","name":"Katzbach","length_m":94.0,"route":"5810","state":"Bayern","crossing_type":"EÜ über anderen Wasserlauf","source":"DB InfraGO infrastructure data","source_url":"https://data.gov.de/suche/daten/infrastrukturdaten-der-db-infrago"}},{"type":"Feature","geometry":{"type":"LineString","coordinates":[[12.697580641034953,49.22191014432534],[12.699002998826005,49.22198220503091]]},"properties":{"kind":"rail_bridge","name":"EBR über die Chamb  w= 6x16,00m","length_m":107.0,"route":"5811","state":"Bayern","crossing_type":"EÜ über anderen Wasserlauf","source":"DB InfraGO infrastructure data","source_url":"https://data.gov.de/suche/daten/infrastrukturdaten-der-db-infrago"}},{"type":"Feature","geometry":{"type":"LineString","coordinates":[[12.679095424247878,48.90257840303096],[12.68130815560999,48.907382194495476]]},"properties":{"kind":"rail_bridge","name":"EÜ Donaubrücke Bogen","length_m":571.0,"route":"5812","state":"Bayern","crossing_type":"EÜ über natürlich schiffbaren Fluß","source":"DB InfraGO infrastructure data","source_url":"https://data.gov.de/suche/daten/infrastrukturdaten-der-db-infrago"}},{"type":"Feature","geometry":{"type":"LineString","coordinates":[[13.204888407250117,49.013252524087015],[13.204387534094218,49.0128837855355],[13.204003842892725,49.012445753148455]]},"properties":{"kind":"rail_bridge","name":"E","length_m":94.71,"route":"5820","state":"Bayern","crossing_type":"EÜ über Tal","source":"DB InfraGO infrastructure data","source_url":"https://data.gov.de/suche/daten/infrastrukturdaten-der-db-infrago"}},{"type":"Feature","geometry":{"type":"LineString","coordinates":[[13.221560319674966,49.011093471960045],[13.222507306324708,49.01070773724277]]},"properties":{"kind":"rail_bridge","name":"Eü über den Schwarzen Regen","length_m":95.0,"route":"5821","state":"Bayern","crossing_type":"EÜ über anderen Wasserlauf","source":"DB InfraGO infrastructure data","source_url":"https://data.gov.de/suche/daten/infrastrukturdaten-der-db-infrago"}},{"type":"Feature","geometry":{"type":"LineString","coordinates":[[13.22333825425913,49.010463776630516],[13.22399277108942,49.01041908177823],[13.224552534323072,49.010473366244156]]},"properties":{"kind":"rail_bridge","name":"E u.versch.Ortswege","length_m":100.0,"route":"5821","state":"Bayern","crossing_type":"EÜ über Bundesstraße","source":"DB InfraGO infrastructure data","source_url":"https://data.gov.de/suche/daten/infrastrukturdaten-der-db-infrago"}},{"type":"Feature","geometry":{"type":"LineString","coordinates":[[13.36261391013137,48.912339755318584],[13.362159297088212,48.911879425002866]]},"properties":{"kind":"rail_bridge","name":"E Ohe","length_m":80.0,"route":"5821","state":"Bayern","crossing_type":"EÜ über anderen Wasserlauf","source":"DB InfraGO infrastructure data","source_url":"https://data.gov.de/suche/daten/infrastrukturdaten-der-db-infrago"}},{"type":"Feature","geometry":{"type":"LineString","coordinates":[[13.18589518000448,48.63103513276622],[13.185309055473798,48.631518691456925]]},"properties":{"kind":"rail_bridge","name":"EÜ","length_m":95.0,"route":"5830","state":"Bayern","crossing_type":"EÜ über anderen Wasserlauf","source":"DB InfraGO infrastructure data","source_url":"https://data.gov.de/suche/daten/infrastrukturdaten-der-db-infrago"}},{"type":"Feature","geometry":{"type":"LineString","coordinates":[[12.885973761329886,48.77164697521854],[12.882924211508598,48.773810526239295]]},"properties":{"kind":"rail_bridge","name":"EÜ Isarbrücke","length_m":326.0,"route":"5830","state":"Bayern","crossing_type":"EÜ über anderen Wasserlauf","source":"DB InfraGO infrastructure data","source_url":"https://data.gov.de/suche/daten/infrastrukturdaten-der-db-infrago"}},{"type":"Feature","geometry":{"type":"LineString","coordinates":[[12.635410033444677,48.86501313420039],[12.634449151075566,48.86532227410767]]},"properties":{"kind":"rail_bridge","name":"EÜ Aitrachbach","length_m":88.0,"route":"5830","state":"Bayern","crossing_type":"EÜ über anderen Wasserlauf","source":"DB InfraGO infrastructure data","source_url":"https://data.gov.de/suche/daten/infrastrukturdaten-der-db-infrago"}},{"type":"Feature","geometry":{"type":"LineString","coordinates":[[12.363407352840214,48.88095570380763],[12.362538656214637,48.88137660437819]]},"properties":{"kind":"rail_bridge","name":"EÜ Flutbrücke","length_m":98.0,"route":"5830","state":"Bayern","crossing_type":"EÜ über Graben/Flutöffn. zeitw. Wasser","source":"DB InfraGO infrastructure data","source_url":"https://data.gov.de/suche/daten/infrastrukturdaten-der-db-infrago"}},{"type":"Feature","geometry":{"type":"LineString","coordinates":[[13.455799792640962,48.56754619326201],[13.455521797828657,48.569202513660215]]},"properties":{"kind":"rail_bridge","name":"Eisenbahnüberführung  Innbrücke","length_m":201.0,"route":"5831","state":"Bayern","crossing_type":"EÜ über anderen Wasserlauf","source":"DB InfraGO infrastructure data","source_url":"https://data.gov.de/suche/daten/infrastrukturdaten-der-db-infrago"}},{"type":"Feature","geometry":{"type":"LineString","coordinates":[[13.33476982921187,48.515953731317374],[13.334485051648933,48.51505448922831]]},"properties":{"kind":"rail_bridge","name":"EÜ","length_m":111.0,"route":"5832","state":"Bayern","crossing_type":"EÜ über Tal","source":"DB InfraGO infrastructure data","source_url":"https://data.gov.de/suche/daten/infrastrukturdaten-der-db-infrago"}},{"type":"Feature","geometry":{"type":"LineString","coordinates":[[13.327503415935263,48.42556423397004],[13.327368158491586,48.42433196492114]]},"properties":{"kind":"rail_bridge","name":"EÜ über Rott","length_m":144.0,"route":"5832","state":"Bayern","crossing_type":"EÜ über anderen Wasserlauf","source":"DB InfraGO infrastructure data","source_url":"https://data.gov.de/suche/daten/infrastrukturdaten-der-db-infrago"}},{"type":"Feature","geometry":{"type":"LineString","coordinates":[[12.990734424036,48.43430005835333],[12.989429294665515,48.43512457849704]]},"properties":{"kind":"rail_bridge","name":"EÜ","length_m":135.0,"route":"5832","state":"Bayern","crossing_type":"EÜ über anderen Wasserlauf","source":"DB InfraGO infrastructure data","source_url":"https://data.gov.de/suche/daten/infrastrukturdaten-der-db-infrago"}},{"type":"Feature","geometry":{"type":"LineString","coordinates":[[12.033108014713932,49.01232423855184],[12.028563821059558,49.013760811998424]]},"properties":{"kind":"rail_bridge","name":"Eisenbahnüberführung  Donaubrücke Mariaort","length_m":377.0,"route":"5850","state":"Bayern","crossing_type":"EÜ über schiffbar gemachten Fluß","source":"DB InfraGO infrastructure data","source_url":"https://data.gov.de/suche/daten/infrastrukturdaten-der-db-infrago"}},{"type":"Feature","geometry":{"type":"LineString","coordinates":[[11.816807203316127,49.08662718556716],[11.815150959541224,49.087820376960146]]},"properties":{"kind":"rail_bridge","name":"EÜ  Laabertal","length_m":187.0,"route":"5850","state":"Bayern","crossing_type":"EÜ über Tal","source":"DB InfraGO infrastructure data","source_url":"https://data.gov.de/suche/daten/infrastrukturdaten-der-db-infrago"}},{"type":"Feature","geometry":{"type":"LineString","coordinates":[[11.53894595441344,49.20197309298637],[11.537374740002143,49.202455652123646],[11.53495573146411,49.202976999794856]]},"properties":{"kind":"rail_bridge","name":"EÜ Laabertalbrücke","length_m":319.0,"route":"5850","state":"Bayern","crossing_type":"EÜ über Tal","source":"DB InfraGO infrastructure data","source_url":"https://data.gov.de/suche/daten/infrastrukturdaten-der-db-infrago"}},{"type":"Feature","geometry":{"type":"LineString","coordinates":[[12.033435136382526,49.00587051390617],[12.03158841914325,49.004053283401284]]},"properties":{"kind":"rail_bridge","name":"Donaubrücke","length_m":250.0,"route":"5851","state":"Bayern","crossing_type":"EÜ über schiffbar gemachten Fluß","source":"DB InfraGO infrastructure data","source_url":"https://data.gov.de/suche/daten/infrastrukturdaten-der-db-infrago"}},{"type":"Feature","geometry":{"type":"LineString","coordinates":[[12.011356016675771,48.92832403979829],[12.010035346688795,48.92662336065582]]},"properties":{"kind":"rail_bridge","name":"EÜ Donau","length_m":217.0,"route":"5851","state":"Bayern","crossing_type":"EÜ über schiffbar gemachten Fluß","source":"DB InfraGO infrastructure data","source_url":"https://data.gov.de/suche/daten/infrastrukturdaten-der-db-infrago"}},{"type":"Feature","geometry":{"type":"LineString","coordinates":[[11.502114700576545,48.7279534517714],[11.500955338743308,48.727960822817714]]},"properties":{"kind":"rail_bridge","name":"Paar und Weg","length_m":87.0,"route":"5851","state":"Bayern","crossing_type":"EÜ über anderen Wasserlauf","source":"DB InfraGO infrastructure data","source_url":"https://data.gov.de/suche/daten/infrastrukturdaten-der-db-infrago"}},{"type":"Feature","geometry":{"type":"LineString","coordinates":[[11.437294574489444,48.763606834131664],[11.437098092347027,48.76524929962871]]},"properties":{"kind":"rail_bridge","name":"EÜ über Donau","length_m":185.0,"route":"5851","state":"Bayern","crossing_type":"EÜ über natürlich schiffbaren Fluß","source":"DB InfraGO infrastructure data","source_url":"https://data.gov.de/suche/daten/infrastrukturdaten-der-db-infrago"}},{"type":"Feature","geometry":{"type":"LineString","coordinates":[[12.134322046030562,49.02125007453205],[12.134031702959092,49.024231113202966]]},"properties":{"kind":"rail_bridge","name":"Hafeneinfahrt","length_m":342.0,"route":"5860","state":"Bayern","crossing_type":"EÜ über natürlich schiffbaren Fluß","source":"DB InfraGO infrastructure data","source_url":"https://data.gov.de/suche/daten/infrastrukturdaten-der-db-infrago"}},{"type":"Feature","geometry":{"type":"LineString","coordinates":[[12.124052402568418,49.12619579815722],[12.12362948268205,49.12723825902283]]},"properties":{"kind":"rail_bridge","name":"EÜ ü.Fluß\"Regen\"  w=6x17,52m/hl=9","length_m":127.0,"route":"5860","state":"Bayern","crossing_type":"EÜ über anderen Wasserlauf","source":"DB InfraGO infrastructure data","source_url":"https://data.gov.de/suche/daten/infrastrukturdaten-der-db-infrago"}},{"type":"Feature","geometry":{"type":"LineString","coordinates":[[12.09924090629495,49.330099773820486],[12.098311289220831,49.331540102313866]]},"properties":{"kind":"rail_bridge","name":"EÜ","length_m":173.0,"route":"5860","state":"Bayern","crossing_type":"EÜ über anderen Wasserlauf","source":"DB InfraGO infrastructure data","source_url":"https://data.gov.de/suche/daten/infrastrukturdaten-der-db-infrago"}},{"type":"Feature","geometry":{"type":"LineString","coordinates":[[11.065759026901333,49.4423705013719],[11.065400219339915,49.4423365984207]]},"properties":{"kind":"rail_bridge","name":"E","length_m":115.0,"route":"5900","state":"Bayern","crossing_type":"EÜ über DBAG-Gleise","source":"DB InfraGO infrastructure data","source_url":"https://data.gov.de/suche/daten/infrastrukturdaten-der-db-infrago"}},{"type":"Feature","geometry":{"type":"LineString","coordinates":[[11.065367829349213,49.4423335406264],[11.064350990392736,49.44225272358911]]},"properties":{"kind":"rail_bridge","name":"EÜ ü.DB S-Bahn Roth","length_m":585.0,"route":"5900","state":"Bayern","crossing_type":"EÜ über DBAG-Gleise","source":"DB InfraGO infrastructure data","source_url":"https://data.gov.de/suche/daten/infrastrukturdaten-der-db-infrago"}},{"type":"Feature","geometry":{"type":"LineString","coordinates":[[11.021949192508444,49.4585256881229],[11.021882472495337,49.458565490656454]]},"properties":{"kind":"rail_bridge","name":"E","length_m":127.0,"route":"5900","state":"Bayern","crossing_type":"EÜ über DBAG-Gleise","source":"DB InfraGO infrastructure data","source_url":"https://data.gov.de/suche/daten/infrastrukturdaten-der-db-infrago"}},{"type":"Feature","geometry":{"type":"LineString","coordinates":[[11.015646054259841,49.463203315932354],[11.014309457873615,49.4639136044505]]},"properties":{"kind":"rail_bridge","name":"EÜ Frankenschnellweg A73","length_m":82.0,"route":"5900","state":"Bayern","crossing_type":"EÜ über Bundesstraße","source":"DB InfraGO infrastructure data","source_url":"https://data.gov.de/suche/daten/infrastrukturdaten-der-db-infrago"}},{"type":"Feature","geometry":{"type":"LineString","coordinates":[[10.98148251130366,49.47134293853688],[10.979298553176562,49.47146503220453]]},"properties":{"kind":"rail_bridge","name":"EÜ Siebenbogenbrücke","length_m":172.0,"route":"5900","state":"Bayern","crossing_type":"EÜ über anderen Wasserlauf","source":"DB InfraGO infrastructure data","source_url":"https://data.gov.de/suche/daten/infrastrukturdaten-der-db-infrago"}},{"type":"Feature","geometry":{"type":"LineString","coordinates":[[10.977593760235587,49.49828251170448],[10.979356294435119,49.49939786272961]]},"properties":{"kind":"rail_bridge","name":"EÜ Regnitz","length_m":176.0,"route":"5900","state":"Bayern","crossing_type":"EÜ über anderen Wasserlauf","source":"DB InfraGO infrastructure data","source_url":"https://data.gov.de/suche/daten/infrastrukturdaten-der-db-infrago"}},{"type":"Feature","geometry":{"type":"LineString","coordinates":[[10.996567838621448,49.558483905689734],[10.996591043310868,49.55946376360071]]},"properties":{"kind":"rail_bridge","name":"EÜ BAB A3","length_m":110.0,"route":"5900","state":"Bayern","crossing_type":"EÜ über Autobahn","source":"DB InfraGO infrastructure data","source_url":"https://data.gov.de/suche/daten/infrastrukturdaten-der-db-infrago"}},{"type":"Feature","geometry":{"type":"LineString","coordinates":[[11.059182321484073,49.746497475357394],[11.058972293973154,49.74707921504795]]},"properties":{"kind":"rail_bridge","name":"EÜ BAB A73","length_m":92.0,"route":"5900","state":"Bayern","crossing_type":"EÜ über Autobahn","source":"DB InfraGO infrastructure data","source_url":"https://data.gov.de/suche/daten/infrastrukturdaten-der-db-infrago"}},{"type":"Feature","geometry":{"type":"LineString","coordinates":[[11.005427190023047,49.42142249077776],[11.003945861285436,49.42094245932319]]},"properties":{"kind":"rail_bridge","name":"E","length_m":153.0,"route":"5902","state":"Bayern","crossing_type":"EÜ über anderen Wasserlauf","source":"DB InfraGO infrastructure data","source_url":"https://data.gov.de/suche/daten/infrastrukturdaten-der-db-infrago"}},{"type":"Feature","geometry":{"type":"LineString","coordinates":[[11.307244457355651,49.5190140462045],[11.307809402571467,49.51906612559637]]},"properties":{"kind":"rail_bridge","name":"EÜ  A9","length_m":82.0,"route":"5903","state":"Bayern","crossing_type":"EÜ über Autobahn","source":"DB InfraGO infrastructure data","source_url":"https://data.gov.de/suche/daten/infrastrukturdaten-der-db-infrago"}},{"type":"Feature","geometry":{"type":"LineString","coordinates":[[11.412299633690843,49.50968603745041],[11.413380626667056,49.50953742544097]]},"properties":{"kind":"rail_bridge","name":"EÜ Sittenbach  w=9x8,50m ; hl=4,10m","length_m":104.0,"route":"5903","state":"Bayern","crossing_type":"EÜ über andere Straße/Weg KFZ-Verkehr","source":"DB InfraGO infrastructure data","source_url":"https://data.gov.de/suche/daten/infrastrukturdaten-der-db-infrago"}},{"type":"Feature","geometry":{"type":"LineString","coordinates":[[11.960508295482484,49.9268914632459],[11.960654667545525,49.92810221245982]]},"properties":{"kind":"rail_bridge","name":"EÜ über Fichtelnaab  w=2x66,15m;","length_m":161.0,"route":"5903","state":"Bayern","crossing_type":"EÜ über anderen Wasserlauf","source":"DB InfraGO infrastructure data","source_url":"https://data.gov.de/suche/daten/infrastrukturdaten-der-db-infrago"}},{"type":"Feature","geometry":{"type":"LineString","coordinates":[[12.14848581369039,50.02660574928192],[12.148977765095738,50.0272295464834]]},"properties":{"kind":"rail_bridge","name":"w=38,24m u. 38,14m; hl=23,37m","length_m":83.0,"route":"5903","state":"Bayern","crossing_type":"EÜ über anderen Wasserlauf","source":"DB InfraGO infrastructure data","source_url":"https://data.gov.de/suche/daten/infrastrukturdaten-der-db-infrago"}},{"type":"Feature","geometry":{"type":"LineString","coordinates":[[12.172053344412566,50.04621374515616],[12.172390458521017,50.04687014773235]]},"properties":{"kind":"rail_bridge","name":"EÜ Röslau  über die Röslau","length_m":82.0,"route":"5903","state":"Bayern","crossing_type":"EÜ über anderen Wasserlauf","source":"DB InfraGO infrastructure data","source_url":"https://data.gov.de/suche/daten/infrastrukturdaten-der-db-infrago"}},{"type":"Feature","geometry":{"type":"LineString","coordinates":[[11.298342205068872,49.51062262164853],[11.299131322509036,49.51081457474165]]},"properties":{"kind":"rail_bridge","name":"BAB A 9","length_m":103.0,"route":"5904","state":"Bayern","crossing_type":"EÜ über Autobahn","source":"DB InfraGO infrastructure data","source_url":"https://data.gov.de/suche/daten/infrastrukturdaten-der-db-infrago"}},{"type":"Feature","geometry":{"type":"LineString","coordinates":[[10.943385749693833,49.47896520725301],[10.942234437383737,49.47951958508413]]},"properties":{"kind":"rail_bridge","name":"EÜ Rhein Main Donau Kanal","length_m":103.0,"route":"5910","state":"Bayern","crossing_type":"EÜ über künstliche Wasserstraße (Kanal)","source":"DB InfraGO infrastructure data","source_url":"https://data.gov.de/suche/daten/infrastrukturdaten-der-db-infrago"}},{"type":"Feature","geometry":{"type":"LineString","coordinates":[[10.7273940897639,49.551972922706604],[10.725104255676264,49.55265345094106],[10.722199590458665,49.553744310211655],[10.721412115534504,49.55397548143737],[10.720311607509737,49.55421961040033]]},"properties":{"kind":"rail_bridge","name":"EÜ Aurachtalbrücke","length_m":530.0,"route":"5910","state":"Bayern","crossing_type":"EÜ über Tal","source":"DB InfraGO infrastructure data","source_url":"https://data.gov.de/suche/daten/infrastrukturdaten-der-db-infrago"}},{"type":"Feature","geometry":{"type":"LineString","coordinates":[[10.164911412751815,49.725531860156266],[10.162545910733847,49.72613306269378]]},"properties":{"kind":"rail_bridge","name":"gis 25.01.2001","length_m":219.0,"route":"5910","state":"Bayern","crossing_type":"EÜ über schiffbar gemachten Fluß","source":"DB InfraGO infrastructure data","source_url":"https://data.gov.de/suche/daten/infrastrukturdaten-der-db-infrago"}},{"type":"Feature","geometry":{"type":"LineString","coordinates":[[10.971122273662157,49.45807528824917],[10.97145438508059,49.457136911720006]]},"properties":{"kind":"rail_bridge","name":"E Rhein-Main-Donau Ka","length_m":101.0,"route":"5911","state":"Bayern","crossing_type":"EÜ über künstliche Wasserstraße (Kanal)","source":"DB InfraGO infrastructure data","source_url":"https://data.gov.de/suche/daten/infrastrukturdaten-der-db-infrago"}},{"type":"Feature","geometry":{"type":"LineString","coordinates":[[10.984461514647883,49.56787645047389],[10.983348271080391,49.56772874279794]]},"properties":{"kind":"rail_bridge","name":"EÜ Regnitzbrücke","length_m":90.0,"route":"5916","state":"Bayern","crossing_type":"EÜ über anderen Wasserlauf","source":"DB InfraGO infrastructure data","source_url":"https://data.gov.de/suche/daten/infrastrukturdaten-der-db-infrago"}},{"type":"Feature","geometry":{"type":"LineString","coordinates":[[10.980546857146521,49.56727603879238],[10.979479268966978,49.56709369986036]]},"properties":{"kind":"rail_bridge","name":"EÜ Flutöffnung","length_m":83.0,"route":"5916","state":"Bayern","crossing_type":"EÜ über Graben/Flutöffn. zeitw. Wasser","source":"DB InfraGO infrastructure data","source_url":"https://data.gov.de/suche/daten/infrastrukturdaten-der-db-infrago"}},{"type":"Feature","geometry":{"type":"LineString","coordinates":[[10.971086882298604,49.565393774078764],[10.970099825174733,49.565178613232305]]},"properties":{"kind":"rail_bridge","name":"EÜ RMD Kanal","length_m":83.0,"route":"5916","state":"Bayern","crossing_type":"EÜ über künstliche Wasserstraße (Kanal)","source":"DB InfraGO infrastructure data","source_url":"https://data.gov.de/suche/daten/infrastrukturdaten-der-db-infrago"}},{"type":"Feature","geometry":{"type":"LineString","coordinates":[[10.962284569784016,50.09609736690683],[10.96203292293382,50.098059077207296]]},"properties":{"kind":"rail_bridge","name":"EÜ km85,985  Mainbrücke Wiesen","length_m":223.0,"route":"5919","state":"Bayern","crossing_type":"EÜ über anderen Wasserlauf","source":"DB InfraGO infrastructure data","source_url":"https://data.gov.de/suche/daten/infrastrukturdaten-der-db-infrago"}},{"type":"Feature","geometry":{"type":"LineString","coordinates":[[10.958717512960837,50.10709590394219],[10.958281027526548,50.1078301888574]]},"properties":{"kind":"rail_bridge","name":"Flutmuldenbrücke Wiesen  Flutmuldenbrücke Wiesen","length_m":92.0,"route":"5919","state":"Bayern","crossing_type":"EÜ über Landstraße II. Ordnung/Kreisstraße","source":"DB InfraGO infrastructure data","source_url":"https://data.gov.de/suche/daten/infrastrukturdaten-der-db-infrago"}},{"type":"Feature","geometry":{"type":"LineString","coordinates":[[10.94667901865474,50.146724028321515],[10.9470909015944,50.14753223880366]]},"properties":{"kind":"rail_bridge","name":"EÜ Stadelbachbrücke","length_m":94.0,"route":"5919","state":"Bayern","crossing_type":"EÜ über Landstraße I. Ordnung/Staatstraße","source":"DB InfraGO infrastructure data","source_url":"https://data.gov.de/suche/daten/infrastrukturdaten-der-db-infrago"}},{"type":"Feature","geometry":{"type":"LineString","coordinates":[[10.989070535912205,50.188588782794014],[10.990705964244404,50.18992238134847]]},"properties":{"kind":"rail_bridge","name":"EÜ Mühlbachbrücke","length_m":189.0,"route":"5919","state":"Bayern","crossing_type":"EÜ über Tal","source":"DB InfraGO infrastructure data","source_url":"https://data.gov.de/suche/daten/infrastrukturdaten-der-db-infrago"}},{"type":"Feature","geometry":{"type":"LineString","coordinates":[[10.996414416067964,50.19518082831729],[10.997174906037927,50.196068647411344],[10.998170994659144,50.19735091632622],[10.998815058785164,50.1982594713981],[10.999986798424496,50.200163823116064]]},"properties":{"kind":"rail_bridge","name":"EÜ Talbrücke Weißenbrunn am Forst","length_m":624.0,"route":"5919","state":"Bayern","crossing_type":"EÜ über Tal","source":"DB InfraGO infrastructure data","source_url":"https://data.gov.de/suche/daten/infrastrukturdaten-der-db-infrago"}},{"type":"Feature","geometry":{"type":"LineString","coordinates":[[11.015259423729963,50.247599142334124],[11.015259428685049,50.247599150741706]]},"properties":{"kind":"rail_bridge","name":"E Kiengrundbrücke","length_m":113.0,"route":"5919","state":"Bayern","crossing_type":"EÜ über Landstraße II. Ordnung/Kreisstraße","source":"DB InfraGO infrastructure data","source_url":"https://data.gov.de/suche/daten/infrastrukturdaten-der-db-infrago"}},{"type":"Feature","geometry":{"type":"LineString","coordinates":[[11.006327946592537,50.30998522196119],[11.006145853563428,50.311369928174926]]},"properties":{"kind":"rail_bridge","name":"EÜ Fornbachbrücke","length_m":155.0,"route":"5919","state":"Bayern","crossing_type":"EÜ über anderen Wasserlauf","source":"DB InfraGO infrastructure data","source_url":"https://data.gov.de/suche/daten/infrastrukturdaten-der-db-infrago"}},{"type":"Feature","geometry":{"type":"LineString","coordinates":[[11.015847580145037,50.346261463444435],[11.01707914481974,50.348069493974734],[11.017713304339562,50.34887497869859]]},"properties":{"kind":"rail_bridge","name":"EÜ Talbrücke Pöpelholz","length_m":310.0,"route":"5919","state":"Bayern","crossing_type":"EÜ über Tal","source":"DB InfraGO infrastructure data","source_url":"https://data.gov.de/suche/daten/infrastrukturdaten-der-db-infrago"}},{"type":"Feature","geometry":{"type":"LineString","coordinates":[[11.020006750149923,50.35176239720504],[11.020006918583546,50.35176260455782]]},"properties":{"kind":"rail_bridge","name":"EÜ Froschgrundseebrücke","length_m":810.0,"route":"5919","state":"Bayern","crossing_type":"EÜ über Tal","source":"DB InfraGO infrastructure data","source_url":"https://data.gov.de/suche/daten/infrastrukturdaten-der-db-infrago"}},{"type":"Feature","geometry":{"type":"LineString","coordinates":[[11.035555494277903,50.3852750327695],[11.034734097075104,50.388006671489926],[11.03212905390057,50.39496331398533]]},"properties":{"kind":"rail_bridge","name":"EÜ Grümpental  5919/120,70/1631","length_m":1120.0,"route":"5919","state":"Thüringen","crossing_type":"EÜ über Tal","source":"DB InfraGO infrastructure data","source_url":"https://data.gov.de/suche/daten/infrastrukturdaten-der-db-infrago"}},{"type":"Feature","geometry":{"type":"LineString","coordinates":[[11.022895871538672,50.41931643038348],[11.02148055685666,50.42304724820646]]},"properties":{"kind":"rail_bridge","name":"Truckenthalbrücke","length_m":440.0,"route":"5919","state":"Thüringen","crossing_type":"EÜ über Tal","source":"DB InfraGO infrastructure data","source_url":"https://data.gov.de/suche/daten/infrastrukturdaten-der-db-infrago"}},{"type":"Feature","geometry":{"type":"LineString","coordinates":[[10.993986878629693,50.50947220417429],[10.993681057217046,50.51141437936331]]},"properties":{"kind":"rail_bridge","name":"EÜ Grubentalbrücke","length_m":217.0,"route":"5919","state":"Thüringen","crossing_type":"EÜ über Tal","source":"DB InfraGO infrastructure data","source_url":"https://data.gov.de/suche/daten/infrastrukturdaten-der-db-infrago"}},{"type":"Feature","geometry":{"type":"LineString","coordinates":[[10.99340699648582,50.51315472828397],[10.992987388399508,50.51581910902947]]},"properties":{"kind":"rail_bridge","name":"EÜ Dunkeltalbrücke","length_m":291.0,"route":"5919","state":"Thüringen","crossing_type":"EÜ über Tal","source":"DB InfraGO infrastructure data","source_url":"https://data.gov.de/suche/daten/infrastrukturdaten-der-db-infrago"}},{"type":"Feature","geometry":{"type":"LineString","coordinates":[[10.992047523188287,50.52178596207643],[10.991760868811852,50.52362171714034]]},"properties":{"kind":"rail_bridge","name":"EÜ Rehtalbrücke","length_m":211.0,"route":"5919","state":"Thüringen","crossing_type":"EÜ über Tal","source":"DB InfraGO infrastructure data","source_url":"https://data.gov.de/suche/daten/infrastrukturdaten-der-db-infrago"}},{"type":"Feature","geometry":{"type":"LineString","coordinates":[[10.991467642659291,50.53415085873108],[10.991562833542625,50.53531197690563],[10.991871314743737,50.53783696388761]]},"properties":{"kind":"rail_bridge","name":"EÜ Massetalbrücke","length_m":394.0,"route":"5919","state":"Thüringen","crossing_type":"EÜ über Tal","source":"DB InfraGO infrastructure data","source_url":"https://data.gov.de/suche/daten/infrastrukturdaten-der-db-infrago"}},{"type":"Feature","geometry":{"type":"LineString","coordinates":[[10.994087716066856,50.55599733095124],[10.99449430831584,50.5593294793072]]},"properties":{"kind":"rail_bridge","name":"Oelzetalbrücke  5919/139,74/1631","length_m":382.0,"route":"5919","state":"Thüringen","crossing_type":"EÜ über Tal","source":"DB InfraGO infrastructure data","source_url":"https://data.gov.de/suche/daten/infrastrukturdaten-der-db-infrago"}},{"type":"Feature","geometry":{"type":"LineString","coordinates":[[10.982426208143233,50.62714303529545],[10.98214927585645,50.62871474503165]]},"properties":{"kind":"rail_bridge","name":"Wohlrosetalbrücke","length_m":160.0,"route":"5919","state":"Thüringen","crossing_type":"EÜ über Tal","source":"DB InfraGO infrastructure data","source_url":"https://data.gov.de/suche/daten/infrastrukturdaten-der-db-infrago"}},{"type":"Feature","geometry":{"type":"LineString","coordinates":[[10.982426046114075,50.64405914093705],[10.982518575596615,50.64495317180644]]},"properties":{"kind":"rail_bridge","name":"Schobsetalbrücke","length_m":95.0,"route":"5919","state":"Thüringen","crossing_type":"EÜ über Tal","source":"DB InfraGO infrastructure data","source_url":"https://data.gov.de/suche/daten/infrastrukturdaten-der-db-infrago"}},{"type":"Feature","geometry":{"type":"LineString","coordinates":[[11.003122346989638,50.69620384622083],[11.004412176713057,50.69869917824242],[11.005431983316791,50.7010846984672]]},"properties":{"kind":"rail_bridge","name":"EÜ Wümbachtalbrücke","length_m":580.0,"route":"5919","state":"Thüringen","crossing_type":"EÜ über Tal","source":"DB InfraGO infrastructure data","source_url":"https://data.gov.de/suche/daten/infrastrukturdaten-der-db-infrago"}},{"type":"Feature","geometry":{"type":"LineString","coordinates":[[11.007435042074578,50.71352070890774],[11.007461238778067,50.714664541922964]]},"properties":{"kind":"rail_bridge","name":"EÜ Röstalbrücke","length_m":145.0,"route":"5919","state":"Thüringen","crossing_type":"EÜ über Tal","source":"DB InfraGO infrastructure data","source_url":"https://data.gov.de/suche/daten/infrastrukturdaten-der-db-infrago"}},{"type":"Feature","geometry":{"type":"LineString","coordinates":[[11.00782445562559,50.73051441603942],[11.007883247270378,50.733078297447946]]},"properties":{"kind":"rail_bridge","name":"EÜ Humbachtalbrücke  5919/159,438/1612","length_m":302.0,"route":"5919","state":"Thüringen","crossing_type":"EÜ über Bundesstraße","source":"DB InfraGO infrastructure data","source_url":"https://data.gov.de/suche/daten/infrastrukturdaten-der-db-infrago"}},{"type":"Feature","geometry":{"type":"LineString","coordinates":[[10.97401884984176,50.88821566666878],[10.970228768559831,50.88994360864932],[10.960459552385451,50.894173875271846]]},"properties":{"kind":"rail_bridge","name":"EÜ Geratalbrücke","length_m":1135.0,"route":"5919","state":"Thüringen","crossing_type":"EÜ über Tal","source":"DB InfraGO infrastructure data","source_url":"https://data.gov.de/suche/daten/infrastrukturdaten-der-db-infrago"}},{"type":"Feature","geometry":{"type":"LineString","coordinates":[[10.95891163538534,50.89485644364273],[10.957854950429649,50.89533244501359]]},"properties":{"kind":"rail_bridge","name":"EÜ Mohlsdorf (A 4)","length_m":90.0,"route":"5919","state":"Thüringen","crossing_type":"EÜ über Autobahn","source":"DB InfraGO infrastructure data","source_url":"https://data.gov.de/suche/daten/infrastrukturdaten-der-db-infrago"}},{"type":"Feature","geometry":{"type":"LineString","coordinates":[[10.984848131798675,50.94069428310443],[10.988543221512947,50.942395929971646]]},"properties":{"kind":"rail_bridge","name":"Geratalbrücke","length_m":326.0,"route":"5919","state":"Thüringen","crossing_type":"EÜ über Tal","source":"DB InfraGO infrastructure data","source_url":"https://data.gov.de/suche/daten/infrastrukturdaten-der-db-infrago"}},{"type":"Feature","geometry":{"type":"LineString","coordinates":[[11.309636068249487,51.093533342768474],[11.31687947470035,51.09595600012321]]},"properties":{"kind":"rail_bridge","name":"Scherkondetalbrücke  5919/215,641/1631","length_m":590.0,"route":"5919","state":"Thüringen","crossing_type":"EÜ über Tal","source":"DB InfraGO infrastructure data","source_url":"https://data.gov.de/suche/daten/infrastrukturdaten-der-db-infrago"}},{"type":"Feature","geometry":{"type":"LineString","coordinates":[[11.402460682593189,51.12769093980764],[11.40757956315654,51.12921000466568],[11.415507278277577,51.13139351054281]]},"properties":{"kind":"rail_bridge","name":"Gänsebachtalbrücke","length_m":1005.0,"route":"5919","state":"Thüringen","crossing_type":"EÜ über Tal","source":"DB InfraGO infrastructure data","source_url":"https://data.gov.de/suche/daten/infrastrukturdaten-der-db-infrago"}},{"type":"Feature","geometry":{"type":"LineString","coordinates":[[11.551318954938345,51.208539689522546],[11.554348184816272,51.20969811118315]]},"properties":{"kind":"rail_bridge","name":"Saubachtalbrücke","length_m":248.0,"route":"5919","state":"Sachsen-Anhalt","crossing_type":"EÜ über Tal","source":"DB InfraGO infrastructure data","source_url":"https://data.gov.de/suche/daten/infrastrukturdaten-der-db-infrago"}},{"type":"Feature","geometry":{"type":"LineString","coordinates":[[11.768091017519007,51.331082079356904],[11.77207238831064,51.332004136474666]]},"properties":{"kind":"rail_bridge","name":"E EÜ Stöbnitztal","length_m":297.0,"route":"5919","state":"Sachsen-Anhalt","crossing_type":"EÜ über Graben/Flutöffn. zeitw. Wasser","source":"DB InfraGO infrastructure data","source_url":"https://data.gov.de/suche/daten/infrastrukturdaten-der-db-infrago"}},{"type":"Feature","geometry":{"type":"LineString","coordinates":[[12.196719227301722,51.425852079740466],[12.198486499995909,51.42568771742101]]},"properties":{"kind":"rail_bridge","name":"EÜ BAB 9","length_m":151.0,"route":"5919","state":"Sachsen","crossing_type":"EÜ über Autobahn","source":"DB InfraGO infrastructure data","source_url":"https://data.gov.de/suche/daten/infrastrukturdaten-der-db-infrago"}},{"type":"Feature","geometry":{"type":"LineString","coordinates":[[11.11234061614713,49.457518746843995],[11.111890787899437,49.456573028375004]]},"properties":{"kind":"rail_bridge","name":"EÜ  Wöhrder See","length_m":113.0,"route":"5922","state":"Bayern","crossing_type":"EÜ über stehendes Gewässer (See)","source":"DB InfraGO infrastructure data","source_url":"https://data.gov.de/suche/daten/infrastrukturdaten-der-db-infrago"}},{"type":"Feature","geometry":{"type":"LineString","coordinates":[[11.033720055878481,49.465653083941596],[11.032257268994673,49.465135802737656]]},"properties":{"kind":"rail_bridge","name":"EÜ Regnitz","length_m":123.0,"route":"5923","state":"Bayern","crossing_type":"EÜ über anderen Wasserlauf","source":"DB InfraGO infrastructure data","source_url":"https://data.gov.de/suche/daten/infrastrukturdaten-der-db-infrago"}},{"type":"Feature","geometry":{"type":"LineString","coordinates":[[11.201122657682188,49.35600718429948],[11.201173869795763,49.35508973468732]]},"properties":{"kind":"rail_bridge","name":"EÜ Schwarzbach","length_m":108.0,"route":"5934","state":"Bayern","crossing_type":"EÜ über anderen Wasserlauf","source":"DB InfraGO infrastructure data","source_url":"https://data.gov.de/suche/daten/infrastrukturdaten-der-db-infrago"}},{"type":"Feature","geometry":{"type":"LineString","coordinates":[[11.246082768697752,49.192794209291826],[11.247101057464873,49.19159931542815]]},"properties":{"kind":"rail_bridge","name":"EB ü. Main - Donau - Kanal","length_m":141.0,"route":"5934","state":"Bayern","crossing_type":"EÜ über anderen Wasserlauf","source":"DB InfraGO infrastructure data","source_url":"https://data.gov.de/suche/daten/infrastrukturdaten-der-db-infrago"}},{"type":"Feature","geometry":{"type":"LineString","coordinates":[[11.051800037171805,49.418875948081094],[11.051431100614918,49.41797690480193]]},"properties":{"kind":"rail_bridge","name":"Rhein-Main-Donau-Kanal","length_m":109.0,"route":"5943","state":"Bayern","crossing_type":"EÜ über künstliche Wasserstraße (Kanal)","source":"DB InfraGO infrastructure data","source_url":"https://data.gov.de/suche/daten/infrastrukturdaten-der-db-infrago"}},{"type":"Feature","geometry":{"type":"LineString","coordinates":[[11.068247542282515,49.42066042480061],[11.066746688708427,49.4208259729941]]},"properties":{"kind":"rail_bridge","name":"Minerva-Str.","length_m":82.0,"route":"5950","state":"Bayern","crossing_type":"EÜ über andere Straße/Weg KFZ-Verkehr","source":"DB InfraGO infrastructure data","source_url":"https://data.gov.de/suche/daten/infrastrukturdaten-der-db-infrago"}},{"type":"Feature","geometry":{"type":"LineString","coordinates":[[11.050956354386384,49.419149636179206],[11.05068212424522,49.41831544738479]]},"properties":{"kind":"rail_bridge","name":"Rhein-Main-Donau-Kanal","length_m":110.0,"route":"5971","state":"Bayern","crossing_type":"EÜ über künstliche Wasserstraße (Kanal)","source":"DB InfraGO infrastructure data","source_url":"https://data.gov.de/suche/daten/infrastrukturdaten-der-db-infrago"}},{"type":"Feature","geometry":{"type":"LineString","coordinates":[[11.040697427221769,49.36332915222047],[11.040406276420756,49.36182422208314]]},"properties":{"kind":"rail_bridge","name":"Rednitztal S-Bahn","length_m":172.0,"route":"5971","state":"Bayern","crossing_type":"EÜ über anderen Wasserlauf","source":"DB InfraGO infrastructure data","source_url":"https://data.gov.de/suche/daten/infrastrukturdaten-der-db-infrago"}},{"type":"Feature","geometry":{"type":"LineString","coordinates":[[11.03826845782448,49.33127675822819],[11.03738446196696,49.330288591543976]]},"properties":{"kind":"rail_bridge","name":"EÜ Schwabach","length_m":129.0,"route":"5971","state":"Bayern","crossing_type":"EÜ über anderen Wasserlauf","source":"DB InfraGO infrastructure data","source_url":"https://data.gov.de/suche/daten/infrastrukturdaten-der-db-infrago"}},{"type":"Feature","geometry":{"type":"LineString","coordinates":[[11.01524706066277,49.46356773331772],[11.015247049887243,49.463567738926024]]},"properties":{"kind":"rail_bridge","name":"E Autob.A73 Nordgleis","length_m":83.0,"route":"5972","state":"Bayern","crossing_type":"EÜ über Autobahn","source":"DB InfraGO infrastructure data","source_url":"https://data.gov.de/suche/daten/infrastrukturdaten-der-db-infrago"}},{"type":"Feature","geometry":{"type":"LineString","coordinates":[[10.981604824905935,49.471484789569494],[10.979383227555434,49.47161224458645]]},"properties":{"kind":"rail_bridge","name":"EÜ Rednitzbrücke Fürth SB","length_m":162.0,"route":"5972","state":"Bayern","crossing_type":"EÜ über anderen Wasserlauf","source":"DB InfraGO infrastructure data","source_url":"https://data.gov.de/suche/daten/infrastrukturdaten-der-db-infrago"}},{"type":"Feature","geometry":{"type":"LineString","coordinates":[[10.977608025362013,49.49814561013767],[10.97917744794548,49.49913219842161]]},"properties":{"kind":"rail_bridge","name":"EÜ","length_m":170.0,"route":"5972","state":"Bayern","crossing_type":"EÜ über anderen Wasserlauf","source":"DB InfraGO infrastructure data","source_url":"https://data.gov.de/suche/daten/infrastrukturdaten-der-db-infrago"}},{"type":"Feature","geometry":{"type":"LineString","coordinates":[[13.468120426900507,52.50320310527112],[13.470636166883315,52.502759467482804]]},"properties":{"kind":"rail_bridge","name":"EÜ Bahnsteig S-B","length_m":156.0,"route":"6004","state":"Berlin","crossing_type":"EÜ über DBAG-Gleise","source":"DB InfraGO infrastructure data","source_url":"https://data.gov.de/suche/daten/infrastrukturdaten-der-db-infrago"}},{"type":"Feature","geometry":{"type":"LineString","coordinates":[[13.478010385172707,52.50134231806757],[13.478010398837712,52.50134231471469]]},"properties":{"kind":"rail_bridge","name":"E Bogen 1-21 Rgb","length_m":147.0,"route":"6004","state":"Berlin","crossing_type":"EÜ über nur Räume für DBAG-Zwecke","source":"DB InfraGO infrastructure data","source_url":"https://data.gov.de/suche/daten/infrastrukturdaten-der-db-infrago"}},{"type":"Feature","geometry":{"type":"LineString","coordinates":[[13.446972388303342,52.50699252671476],[13.44944957746809,52.50650084055453]]},"properties":{"kind":"rail_bridge","name":"KRBW Ostkreuz S-B","length_m":177.0,"route":"6006","state":"Berlin","crossing_type":"EÜ über DBAG-Gleise","source":"DB InfraGO infrastructure data","source_url":"https://data.gov.de/suche/daten/infrastrukturdaten-der-db-infrago"}},{"type":"Feature","geometry":{"type":"LineString","coordinates":[[13.447114193691704,52.50696841232847],[13.449297429738024,52.50653465994703]]},"properties":{"kind":"rail_bridge","name":"EÜ Bahnsteig S-B","length_m":156.0,"route":"6006","state":"Berlin","crossing_type":"EÜ über DBAG-Gleise","source":"DB InfraGO infrastructure data","source_url":"https://data.gov.de/suche/daten/infrastrukturdaten-der-db-infrago"}},{"type":"Feature","geometry":{"type":"LineString","coordinates":[[13.67186140793098,52.517954791856035],[13.672048515743503,52.51797207457251]]},"properties":{"kind":"rail_bridge","name":"EÜ Lindenallee","length_m":180.0,"route":"6006","state":"Brandenburg","crossing_type":"EÜ über Graben/Flutöffn. zeitw. Wasser","source":"DB InfraGO infrastructure data","source_url":"https://data.gov.de/suche/daten/infrastrukturdaten-der-db-infrago"}},{"type":"Feature","geometry":{"type":"LineString","coordinates":[[13.718101829646464,52.52250487844298],[13.719000786593087,52.5226907808872]]},"properties":{"kind":"rail_bridge","name":"EÜ A10 Neuenhagen","length_m":90.0,"route":"6006","state":"Brandenburg","crossing_type":"EÜ über Autobahn","source":"DB InfraGO infrastructure data","source_url":"https://data.gov.de/suche/daten/infrastrukturdaten-der-db-infrago"}},{"type":"Feature","geometry":{"type":"LineString","coordinates":[[13.467953420831655,52.50015265666026],[13.467953418963903,52.50015264775024]]},"properties":{"kind":"rail_bridge","name":"Kreuzungsbauw.4/15/05","length_m":87.5,"route":"6007","state":"Berlin","crossing_type":"EÜ über DBAG-Gleise","source":"DB InfraGO infrastructure data","source_url":"https://data.gov.de/suche/daten/infrastrukturdaten-der-db-infrago"}},{"type":"Feature","geometry":{"type":"LineString","coordinates":[[13.560174215171589,52.422145188347876],[13.560283069968973,52.42205164357278]]},"properties":{"kind":"rail_bridge","name":"EÜ Adlergestell","length_m":109.0,"route":"6007","state":"Berlin","crossing_type":"EÜ über DBAG-Gleise","source":"DB InfraGO infrastructure data","source_url":"https://data.gov.de/suche/daten/infrastrukturdaten-der-db-infrago"}},{"type":"Feature","geometry":{"type":"LineString","coordinates":[[13.534947054472136,52.533539741376046],[13.534996367491637,52.534125012149595]]},"properties":{"kind":"rail_bridge","name":"E Krbw 1  S-B 6011","length_m":115.0,"route":"6011","state":"Berlin","crossing_type":"EÜ über DBAG-Gleise","source":"DB InfraGO infrastructure data","source_url":"https://data.gov.de/suche/daten/infrastrukturdaten-der-db-infrago"}},{"type":"Feature","geometry":{"type":"LineString","coordinates":[[13.288187068856107,52.50035947217386],[13.288016770617968,52.50031120148671]]},"properties":{"kind":"rail_bridge","name":"Krbw S-Bahn Chab-Hal","length_m":92.0,"route":"6013","state":"Berlin","crossing_type":"EÜ über andere Straße/Weg KFZ-Verkehr","source":"DB InfraGO infrastructure data","source_url":"https://data.gov.de/suche/daten/infrastrukturdaten-der-db-infrago"}},{"type":"Feature","geometry":{"type":"LineString","coordinates":[[13.360573393766064,52.539607056775836],[13.36057338694713,52.539607051964445]]},"properties":{"kind":"rail_bridge","name":"E EÜ Spandauer Schiff","length_m":149.38,"route":"6019","state":"Berlin","crossing_type":"EÜ über künstliche Wasserstraße (Kanal)","source":"DB InfraGO infrastructure data","source_url":"https://data.gov.de/suche/daten/infrastrukturdaten-der-db-infrago"}},{"type":"Feature","geometry":{"type":"LineString","coordinates":[[13.355447071482326,52.53768217073089],[13.356555598373063,52.538131485073706]]},"properties":{"kind":"rail_bridge","name":"Bahnbogen 1-12","length_m":95.0,"route":"6020","state":"Berlin","crossing_type":"EÜ über andere Straße/Weg KFZ-Verkehr","source":"DB InfraGO infrastructure data","source_url":"https://data.gov.de/suche/daten/infrastrukturdaten-der-db-infrago"}},{"type":"Feature","geometry":{"type":"LineString","coordinates":[[13.35672017982268,52.538205013834165],[13.358360046481307,52.53893836034446]]},"properties":{"kind":"rail_bridge","name":"EÜ Spandauer Schifffahrtskanal","length_m":129.0,"route":"6020","state":"Berlin","crossing_type":"EÜ über künstliche Wasserstraße (Kanal)","source":"DB InfraGO infrastructure data","source_url":"https://data.gov.de/suche/daten/infrastrukturdaten-der-db-infrago"}},{"type":"Feature","geometry":{"type":"LineString","coordinates":[[13.469572134762013,52.50392632907254],[13.469331389507117,52.50354636916352],[13.468867632293142,52.502397615705654]]},"properties":{"kind":"rail_bridge","name":"KRBW Ostkreuz S-B","length_m":177.0,"route":"6020","state":"Berlin","crossing_type":"EÜ über DBAG-Gleise","source":"DB InfraGO infrastructure data","source_url":"https://data.gov.de/suche/daten/infrastrukturdaten-der-db-infrago"}},{"type":"Feature","geometry":{"type":"LineString","coordinates":[[13.469509216973105,52.50384507728939],[13.469331389507117,52.50354636916352],[13.468906391708924,52.502493614567015]]},"properties":{"kind":"rail_bridge","name":"EÜ Bahnsteig S-B","length_m":156.0,"route":"6020","state":"Berlin","crossing_type":"EÜ über DBAG-Gleise","source":"DB InfraGO infrastructure data","source_url":"https://data.gov.de/suche/daten/infrastrukturdaten-der-db-infrago"}},{"type":"Feature","geometry":{"type":"LineString","coordinates":[[13.365697594804285,52.47574452387645],[13.365697589678867,52.47574453229474]]},"properties":{"kind":"rail_bridge","name":"E KRBW Bf Papestr","length_m":138.0,"route":"6020","state":"Berlin","crossing_type":"EÜ über DBAG-Gleise","source":"DB InfraGO infrastructure data","source_url":"https://data.gov.de/suche/daten/infrastrukturdaten-der-db-infrago"}},{"type":"Feature","geometry":{"type":"LineString","coordinates":[[13.365439971518324,52.476156772021874],[13.365357572565282,52.47628206181512]]},"properties":{"kind":"rail_bridge","name":"KRBW Papestraße F-B","length_m":136.0,"route":"6020","state":"Berlin","crossing_type":"EÜ über DBAG-Gleise","source":"DB InfraGO infrastructure data","source_url":"https://data.gov.de/suche/daten/infrastrukturdaten-der-db-infrago"}},{"type":"Feature","geometry":{"type":"LineString","coordinates":[[13.365429738125565,52.476172332193215],[13.365429732644369,52.47617234052755]]},"properties":{"kind":"rail_bridge","name":"E KRBW Bf Papestr","length_m":140.0,"route":"6020","state":"Berlin","crossing_type":"EÜ über DBAG-Gleise","source":"DB InfraGO infrastructure data","source_url":"https://data.gov.de/suche/daten/infrastrukturdaten-der-db-infrago"}},{"type":"Feature","geometry":{"type":"LineString","coordinates":[[13.345696819475776,52.47809967049735],[13.34318492911911,52.4781316665661]]},"properties":{"kind":"rail_bridge","name":"EÜ Innsbrucker Platz","length_m":196.0,"route":"6020","state":"Berlin","crossing_type":"EÜ über Autobahn","source":"DB InfraGO infrastructure data","source_url":"https://data.gov.de/suche/daten/infrastrukturdaten-der-db-infrago"}},{"type":"Feature","geometry":{"type":"LineString","coordinates":[[13.285526745389452,52.52865547631786],[13.286703808624148,52.529008863813516]]},"properties":{"kind":"rail_bridge","name":"Krbw Berlin-Hamburg","length_m":103.0,"route":"6020","state":"Berlin","crossing_type":"EÜ über andere Straße/Weg KFZ-Verkehr","source":"DB InfraGO infrastructure data","source_url":"https://data.gov.de/suche/daten/infrastrukturdaten-der-db-infrago"}},{"type":"Feature","geometry":{"type":"LineString","coordinates":[[13.425844333863601,52.51215216945786],[13.425199755679445,52.51221680224367],[13.424599779227808,52.512336762533565],[13.424010572536723,52.51251916719427],[13.423527369213517,52.51272829954079]]},"properties":{"kind":"rail_bridge","name":"Bahnbogen 33-44","length_m":162.0,"route":"6024","state":"Berlin","crossing_type":"EÜ Überbrückungsreihe (Stadtbahnbögen)","source":"DB InfraGO infrastructure data","source_url":"https://data.gov.de/suche/daten/infrastrukturdaten-der-db-infrago"}},{"type":"Feature","geometry":{"type":"LineString","coordinates":[[13.423256738120095,52.51285387262222],[13.42243097694053,52.513219662397205],[13.418564502821816,52.514628672541335]]},"properties":{"kind":"rail_bridge","name":"Bahnbogen 45-66","length_m":340.0,"route":"6024","state":"Berlin","crossing_type":"EÜ Überbrückungsreihe (Stadtbahnbögen)","source":"DB InfraGO infrastructure data","source_url":"https://data.gov.de/suche/daten/infrastrukturdaten-der-db-infrago"}},{"type":"Feature","geometry":{"type":"LineString","coordinates":[[13.41856451486833,52.514628667379405],[13.418209021409828,52.51478099642683]]},"properties":{"kind":"rail_bridge","name":"EÜ Vorhalle Jannowitzbrücke","length_m":80.0,"route":"6024","state":"Berlin","crossing_type":"EÜ über nur Räume für DBAG-Zwecke","source":"DB InfraGO infrastructure data","source_url":"https://data.gov.de/suche/daten/infrastrukturdaten-der-db-infrago"}},{"type":"Feature","geometry":{"type":"LineString","coordinates":[[13.418209021409828,52.51478099642683],[13.417716252690042,52.515050708219334],[13.417482857189846,52.515257576005986]]},"properties":{"kind":"rail_bridge","name":"EÜ Vorplatz Jannowitzbrücke","length_m":81.0,"route":"6024","state":"Berlin","crossing_type":"EÜ über andere Straße/Weg KFZ-Verkehr","source":"DB InfraGO infrastructure data","source_url":"https://data.gov.de/suche/daten/infrastrukturdaten-der-db-infrago"}},{"type":"Feature","geometry":{"type":"LineString","coordinates":[[13.416685515929741,52.516410473498105],[13.416685510117349,52.516410481749475]]},"properties":{"kind":"rail_bridge","name":"Bahnbogen 79-87","length_m":123.0,"route":"6024","state":"Berlin","crossing_type":"EÜ Überbrückungsreihe (Stadtbahnbögen)","source":"DB InfraGO infrastructure data","source_url":"https://data.gov.de/suche/daten/infrastrukturdaten-der-db-infrago"}},{"type":"Feature","geometry":{"type":"LineString","coordinates":[[13.415639777580454,52.51749826883153],[13.41547952869898,52.51774566936187],[13.415224325291852,52.51837360858543],[13.414946368854872,52.518891351086246],[13.414457507563725,52.51939589983878],[13.41399846064326,52.51971371185508]]},"properties":{"kind":"rail_bridge","name":"Bahnbogen 88-107","length_m":260.0,"route":"6024","state":"Berlin","crossing_type":"EÜ über nur Räume für DBAG-Zwecke","source":"DB InfraGO infrastructure data","source_url":"https://data.gov.de/suche/daten/infrastrukturdaten-der-db-infrago"}},{"type":"Feature","geometry":{"type":"LineString","coordinates":[[13.413281540717216,52.5201956052914],[13.412414153576934,52.52078085059138]]},"properties":{"kind":"rail_bridge","name":"Bahnbogen 112-117","length_m":95.0,"route":"6024","state":"Berlin","crossing_type":"EÜ Überbrückungsreihe (Stadtbahnbögen)","source":"DB InfraGO infrastructure data","source_url":"https://data.gov.de/suche/daten/infrastrukturdaten-der-db-infrago"}},{"type":"Feature","geometry":{"type":"LineString","coordinates":[[13.412075624047299,52.5210116952853],[13.41015365257095,52.522188345197456]]},"properties":{"kind":"rail_bridge","name":"Bogen 1-20 Bf Alex","length_m":180.0,"route":"6024","state":"Berlin","crossing_type":"EÜ über nur Räume für DBAG-Zwecke","source":"DB InfraGO infrastructure data","source_url":"https://data.gov.de/suche/daten/infrastrukturdaten-der-db-infrago"}},{"type":"Feature","geometry":{"type":"LineString","coordinates":[[13.412075624047299,52.5210116952853],[13.410153663537965,52.522188339205144]]},"properties":{"kind":"rail_bridge","name":"Bogen 1-20 Bf Alex","length_m":180.0,"route":"6024","state":"Berlin","crossing_type":"EÜ über nur Räume für DBAG-Zwecke","source":"DB InfraGO infrastructure data","source_url":"https://data.gov.de/suche/daten/infrastrukturdaten-der-db-infrago"}},{"type":"Feature","geometry":{"type":"LineString","coordinates":[[13.408508051537089,52.52293220286651],[13.407750404298843,52.523192366313154],[13.407126813684561,52.52331976052551]]},"properties":{"kind":"rail_bridge","name":"Bahnbogen 125-131","length_m":101.0,"route":"6024","state":"Berlin","crossing_type":"EÜ Überbrückungsreihe (Stadtbahnbögen)","source":"DB InfraGO infrastructure data","source_url":"https://data.gov.de/suche/daten/infrastrukturdaten-der-db-infrago"}},{"type":"Feature","geometry":{"type":"LineString","coordinates":[[13.406939397735124,52.523346578877025],[13.40642777058556,52.523397128480596],[13.405591230474911,52.52339726680786],[13.404607389423315,52.52326408808764],[13.403854476860747,52.52306928076961]]},"properties":{"kind":"rail_bridge","name":"Bahnbogen 132-147","length_m":224.0,"route":"6024","state":"Berlin","crossing_type":"EÜ Überbrückungsreihe (Stadtbahnbögen)","source":"DB InfraGO infrastructure data","source_url":"https://data.gov.de/suche/daten/infrastrukturdaten-der-db-infrago"}},{"type":"Feature","geometry":{"type":"LineString","coordinates":[[13.403533187087252,52.52298051243264],[13.402619421381361,52.52273488811788]]},"properties":{"kind":"rail_bridge","name":"Bfs.Bogen 1-9 Hkm","length_m":89.0,"route":"6024","state":"Berlin","crossing_type":"EÜ Überbrückungsreihe (Stadtbahnbögen)","source":"DB InfraGO infrastructure data","source_url":"https://data.gov.de/suche/daten/infrastrukturdaten-der-db-infrago"}},{"type":"Feature","geometry":{"type":"LineString","coordinates":[[13.403533160260775,52.5229805050241],[13.402619407872104,52.52273488454587]]},"properties":{"kind":"rail_bridge","name":"Bfs.Bogen 1-9 Hkm","length_m":89.0,"route":"6024","state":"Berlin","crossing_type":"EÜ Überbrückungsreihe (Stadtbahnbögen)","source":"DB InfraGO infrastructure data","source_url":"https://data.gov.de/suche/daten/infrastrukturdaten-der-db-infrago"}},{"type":"Feature","geometry":{"type":"LineString","coordinates":[[13.402619853677331,52.52273500242123],[13.401083433932474,52.52246588677454]]},"properties":{"kind":"rail_bridge","name":"Bfs.Bogen 10-21 Hkm","length_m":80.64,"route":"6024","state":"Berlin","crossing_type":"EÜ Überbrückungsreihe (Stadtbahnbögen)","source":"DB InfraGO infrastructure data","source_url":"https://data.gov.de/suche/daten/infrastrukturdaten-der-db-infrago"}},{"type":"Feature","geometry":{"type":"LineString","coordinates":[[13.40261984016807,52.52273499884924],[13.401083419266797,52.522465885870105]]},"properties":{"kind":"rail_bridge","name":"Bfs.Bogen 10-21 Hkm","length_m":100.0,"route":"6024","state":"Berlin","crossing_type":"EÜ Überbrückungsreihe (Stadtbahnbögen)","source":"DB InfraGO infrastructure data","source_url":"https://data.gov.de/suche/daten/infrastrukturdaten-der-db-infrago"}},{"type":"Feature","geometry":{"type":"LineString","coordinates":[[13.40008433049783,52.522412990022275],[13.398099217406305,52.5223144698566]]},"properties":{"kind":"rail_bridge","name":"Bahnbogen 149-161","length_m":134.0,"route":"6024","state":"Berlin","crossing_type":"EÜ Überbrückungsreihe (Stadtbahnbögen)","source":"DB InfraGO infrastructure data","source_url":"https://data.gov.de/suche/daten/infrastrukturdaten-der-db-infrago"}},{"type":"Feature","geometry":{"type":"LineString","coordinates":[[13.40008433049783,52.522412990022275],[13.398099217406305,52.5223144698566]]},"properties":{"kind":"rail_bridge","name":"Bahnbogen 149-161","length_m":134.0,"route":"6024","state":"Berlin","crossing_type":"EÜ Überbrückungsreihe (Stadtbahnbögen)","source":"DB InfraGO infrastructure data","source_url":"https://data.gov.de/suche/daten/infrastrukturdaten-der-db-infrago"}},{"type":"Feature","geometry":{"type":"LineString","coordinates":[[13.396308281747137,52.521793733615596],[13.395014801114174,52.521165745659665]]},"properties":{"kind":"rail_bridge","name":"EÜ Museumsinsel","length_m":113.0,"route":"6024","state":"Berlin","crossing_type":"EÜ über andere Straße/Weg Fahrverkehr","source":"DB InfraGO infrastructure data","source_url":"https://data.gov.de/suche/daten/infrastrukturdaten-der-db-infrago"}},{"type":"Feature","geometry":{"type":"LineString","coordinates":[[13.396308281747137,52.521793733615596],[13.395014801114174,52.521165745659665]]},"properties":{"kind":"rail_bridge","name":"EÜ Museumsinsel","length_m":113.0,"route":"6024","state":"Berlin","crossing_type":"EÜ über andere Straße/Weg Fahrverkehr","source":"DB InfraGO infrastructure data","source_url":"https://data.gov.de/suche/daten/infrastrukturdaten-der-db-infrago"}},{"type":"Feature","geometry":{"type":"LineString","coordinates":[[13.394274082287541,52.520797545178525],[13.393735575898095,52.52058044128471],[13.393073192190808,52.52039858785306],[13.392044226731002,52.52026422972569]]},"properties":{"kind":"rail_bridge","name":"Bahnbogen 177-188","length_m":155.0,"route":"6024","state":"Berlin","crossing_type":"EÜ über nur Räume für DBAG-Zwecke","source":"DB InfraGO infrastructure data","source_url":"https://data.gov.de/suche/daten/infrastrukturdaten-der-db-infrago"}},{"type":"Feature","geometry":{"type":"LineString","coordinates":[[13.39427407033076,52.520797539920544],[13.393735575898095,52.52058044128471],[13.393073192190808,52.52039858785306],[13.392044212086626,52.5202642287044]]},"properties":{"kind":"rail_bridge","name":"Bahnbogen 177-188","length_m":155.0,"route":"6024","state":"Berlin","crossing_type":"EÜ über nur Räume für DBAG-Zwecke","source":"DB InfraGO infrastructure data","source_url":"https://data.gov.de/suche/daten/infrastrukturdaten-der-db-infrago"}},{"type":"Feature","geometry":{"type":"LineString","coordinates":[[13.39169892725485,52.52024014794916],[13.390434491203928,52.52015461180344]]},"properties":{"kind":"rail_bridge","name":"Bahnbogen 190-195","length_m":85.0,"route":"6024","state":"Berlin","crossing_type":"EÜ über nur Räume für DBAG-Zwecke","source":"DB InfraGO infrastructure data","source_url":"https://data.gov.de/suche/daten/infrastrukturdaten-der-db-infrago"}},{"type":"Feature","geometry":{"type":"LineString","coordinates":[[13.39169892725485,52.52024014794916],[13.390434505853992,52.5201546127938]]},"properties":{"kind":"rail_bridge","name":"Bahnbogen 190-195","length_m":85.0,"route":"6024","state":"Berlin","crossing_type":"EÜ über nur Räume für DBAG-Zwecke","source":"DB InfraGO infrastructure data","source_url":"https://data.gov.de/suche/daten/infrastrukturdaten-der-db-infrago"}},{"type":"Feature","geometry":{"type":"LineString","coordinates":[[13.388083939007114,52.52028235758572],[13.386517850332963,52.52060845136101]]},"properties":{"kind":"rail_bridge","name":"Räume Gl 1-3, Pf 2-15","length_m":130.0,"route":"6024","state":"Berlin","crossing_type":"EÜ über nur Räume für DBAG-Zwecke","source":"DB InfraGO infrastructure data","source_url":"https://data.gov.de/suche/daten/infrastrukturdaten-der-db-infrago"}},{"type":"Feature","geometry":{"type":"LineString","coordinates":[[13.384175810418155,52.52110558481098],[13.384170169115182,52.521107040010925]]},"properties":{"kind":"rail_bridge","name":"Bahnbogen 210-242","length_m":295.0,"route":"6024","state":"Berlin","crossing_type":"EÜ Überbrückungsreihe (Stadtbahnbögen)","source":"DB InfraGO infrastructure data","source_url":"https://data.gov.de/suche/daten/infrastrukturdaten-der-db-infrago"}},{"type":"Feature","geometry":{"type":"LineString","coordinates":[[13.379559174035741,52.52152634240883],[13.378558575069526,52.52179245255272],[13.377878574224006,52.52209743697081],[13.37757920146028,52.52229127894719]]},"properties":{"kind":"rail_bridge","name":"Bahnbogen 243-255","length_m":158.0,"route":"6024","state":"Berlin","crossing_type":"EÜ Überbrückungsreihe (Stadtbahnbögen)","source":"DB InfraGO infrastructure data","source_url":"https://data.gov.de/suche/daten/infrastrukturdaten-der-db-infrago"}},{"type":"Feature","geometry":{"type":"LineString","coordinates":[[13.376034461933987,52.52375164899533],[13.375553935948528,52.524169739305606],[13.375037144136282,52.524496400223995],[13.373837502460063,52.52497578133592]]},"properties":{"kind":"rail_bridge","name":"EÜ Überbrückungsreihe  (Stadtbahnbögen)","length_m":157.0,"route":"6024","state":"Berlin","crossing_type":"EÜ Überbrückungsreihe (Stadtbahnbögen)","source":"DB InfraGO infrastructure data","source_url":"https://data.gov.de/suche/daten/infrastrukturdaten-der-db-infrago"}},{"type":"Feature","geometry":{"type":"LineString","coordinates":[[13.373243358227649,52.52512905763325],[13.373243344552826,52.52512906102208]]},"properties":{"kind":"rail_bridge","name":"EÜ Humboldthafen (neu)","length_m":275.0,"route":"6024","state":"Berlin","crossing_type":"EÜ über schiffbar gemachten Fluß","source":"DB InfraGO infrastructure data","source_url":"https://data.gov.de/suche/daten/infrastrukturdaten-der-db-infrago"}},{"type":"Feature","geometry":{"type":"LineString","coordinates":[[13.369821853655635,52.52523395269944],[13.368588810883269,52.52510615733507]]},"properties":{"kind":"rail_bridge","name":"EÜ BLS TB. I Br.12-15","length_m":154.0,"route":"6024","state":"Berlin","crossing_type":"EÜ über DBAG-Gleise","source":"DB InfraGO infrastructure data","source_url":"https://data.gov.de/suche/daten/infrastrukturdaten-der-db-infrago"}},{"type":"Feature","geometry":{"type":"LineString","coordinates":[[13.36542667379429,52.52415029184671],[13.364577246510153,52.52364365646233]]},"properties":{"kind":"rail_bridge","name":"Brücke 1","length_m":83.0,"route":"6024","state":"Berlin","crossing_type":"EÜ über andere Straße/Weg KFZ-Verkehr","source":"DB InfraGO infrastructure data","source_url":"https://data.gov.de/suche/daten/infrastrukturdaten-der-db-infrago"}},{"type":"Feature","geometry":{"type":"LineString","coordinates":[[13.363353927291506,52.522927999397076],[13.363353916309682,52.52292799338193]]},"properties":{"kind":"rail_bridge","name":"E Anschlußbauwk West","length_m":88.0,"route":"6024","state":"Berlin","crossing_type":"EÜ über DBAG-Gleise","source":"DB InfraGO infrastructure data","source_url":"https://data.gov.de/suche/daten/infrastrukturdaten-der-db-infrago"}},{"type":"Feature","geometry":{"type":"LineString","coordinates":[[13.363133616635091,52.522814198703266],[13.358058136694389,52.52023823055165],[13.357433343916082,52.52000481635729],[13.356537700389627,52.51976031821186],[13.355546242761715,52.51960084992671]]},"properties":{"kind":"rail_bridge","name":"Bahnbogen 329-390","length_m":495.0,"route":"6024","state":"Berlin","crossing_type":"EÜ über andere Straße/Weg KFZ-Verkehr","source":"DB InfraGO infrastructure data","source_url":"https://data.gov.de/suche/daten/infrastrukturdaten-der-db-infrago"}},{"type":"Feature","geometry":{"type":"LineString","coordinates":[[13.355105992876215,52.51955751452941],[13.353858111605279,52.51953161977141],[13.351857019540795,52.519672857518955]]},"properties":{"kind":"rail_bridge","name":"Bahnbogen 391-410","length_m":225.0,"route":"6024","state":"Berlin","crossing_type":"EÜ über andere Straße/Weg KFZ-Verkehr","source":"DB InfraGO infrastructure data","source_url":"https://data.gov.de/suche/daten/infrastrukturdaten-der-db-infrago"}},{"type":"Feature","geometry":{"type":"LineString","coordinates":[[13.349822354137427,52.519823875475716],[13.347144635822858,52.5200269181488]]},"properties":{"kind":"rail_bridge","name":"Bahnbogen 1-20","length_m":173.0,"route":"6024","state":"Berlin","crossing_type":"EÜ über andere Straße/Weg KFZ-Verkehr","source":"DB InfraGO infrastructure data","source_url":"https://data.gov.de/suche/daten/infrastrukturdaten-der-db-infrago"}},{"type":"Feature","geometry":{"type":"LineString","coordinates":[[13.346823887286101,52.52004737702952],[13.34521296688154,52.52012881169368]]},"properties":{"kind":"rail_bridge","name":"Bahnbogen 412-422","length_m":95.0,"route":"6024","state":"Berlin","crossing_type":"EÜ Überbrückungsreihe (Stadtbahnbögen)","source":"DB InfraGO infrastructure data","source_url":"https://data.gov.de/suche/daten/infrastrukturdaten-der-db-infrago"}},{"type":"Feature","geometry":{"type":"LineString","coordinates":[[13.344792602813563,52.52012918776183],[13.34375159685757,52.520013662695895],[13.342993781103859,52.5198472442313],[13.341874020279105,52.51944382940766]]},"properties":{"kind":"rail_bridge","name":"Bahnbogen 423-439","length_m":215.0,"route":"6024","state":"Berlin","crossing_type":"EÜ Überbrückungsreihe (Stadtbahnbögen)","source":"DB InfraGO infrastructure data","source_url":"https://data.gov.de/suche/daten/infrastrukturdaten-der-db-infrago"}},{"type":"Feature","geometry":{"type":"LineString","coordinates":[[13.341579839580893,52.51930924250081],[13.340626435708526,52.518691372618164]]},"properties":{"kind":"rail_bridge","name":"Bahnbogen 440-446","length_m":80.0,"route":"6024","state":"Berlin","crossing_type":"EÜ Überbrückungsreihe (Stadtbahnbögen)","source":"DB InfraGO infrastructure data","source_url":"https://data.gov.de/suche/daten/infrastrukturdaten-der-db-infrago"}},{"type":"Feature","geometry":{"type":"LineString","coordinates":[[13.340446992497055,52.518542024560965],[13.339140321601096,52.51736285545149]]},"properties":{"kind":"rail_bridge","name":"Bahnbögen 447-458","length_m":131.9,"route":"6024","state":"Berlin","crossing_type":"EÜ Überbrückungsreihe (Stadtbahnbögen)","source":"DB InfraGO infrastructure data","source_url":"https://data.gov.de/suche/daten/infrastrukturdaten-der-db-infrago"}},{"type":"Feature","geometry":{"type":"LineString","coordinates":[[13.338934432385091,52.517179582554135],[13.337253281319374,52.515664165528264],[13.336854069348792,52.515158018405984]]},"properties":{"kind":"rail_bridge","name":"Bahnbogen 460-482","length_m":256.0,"route":"6024","state":"Berlin","crossing_type":"EÜ Überbrückungsreihe (Stadtbahnbögen)","source":"DB InfraGO infrastructure data","source_url":"https://data.gov.de/suche/daten/infrastrukturdaten-der-db-infrago"}},{"type":"Feature","geometry":{"type":"LineString","coordinates":[[13.336531670670434,52.51461529007306],[13.336206395867318,52.513930154507484]]},"properties":{"kind":"rail_bridge","name":"Bf Tiergarten Bahnbogen 1-5","length_m":81.0,"route":"6024","state":"Berlin","crossing_type":"EÜ Überbrückungsreihe (Stadtbahnbögen)","source":"DB InfraGO infrastructure data","source_url":"https://data.gov.de/suche/daten/infrastrukturdaten-der-db-infrago"}},{"type":"Feature","geometry":{"type":"LineString","coordinates":[[13.33497259177694,52.51141205648566],[13.334503716807065,52.51048625026799],[13.334009545492929,52.50974762305193]]},"properties":{"kind":"rail_bridge","name":"Bahnhbogen 507-530","length_m":215.0,"route":"6024","state":"Berlin","crossing_type":"EÜ Überbrückungsreihe (Stadtbahnbögen)","source":"DB InfraGO infrastructure data","source_url":"https://data.gov.de/suche/daten/infrastrukturdaten-der-db-infrago"}},{"type":"Feature","geometry":{"type":"LineString","coordinates":[[13.33497259177694,52.51141205648566],[13.334503716807065,52.51048625026799],[13.334009545492929,52.50974762305193]]},"properties":{"kind":"rail_bridge","name":"Bahnbogen 507-530","length_m":215.0,"route":"6024","state":"Berlin","crossing_type":"EÜ über andere Straße/Weg KFZ-Verkehr","source":"DB InfraGO infrastructure data","source_url":"https://data.gov.de/suche/daten/infrastrukturdaten-der-db-infrago"}},{"type":"Feature","geometry":{"type":"LineString","coordinates":[[13.334430955413167,52.51036678460902],[13.334009545492929,52.50974762305193]]},"properties":{"kind":"rail_bridge","name":"Verbreiterung 516-528 S-Bahn","length_m":118.18,"route":"6024","state":"Berlin","crossing_type":"EÜ über andere Straße/Weg KFZ-Verkehr","source":"DB InfraGO infrastructure data","source_url":"https://data.gov.de/suche/daten/infrastrukturdaten-der-db-infrago"}},{"type":"Feature","geometry":{"type":"LineString","coordinates":[[13.333316917362163,52.50888865930423],[13.332403501189722,52.507814583713134]]},"properties":{"kind":"rail_bridge","name":"Bogen 13-26, Gl 1-4 FB","length_m":136.0,"route":"6024","state":"Berlin","crossing_type":"EÜ über andere Straße/Weg KFZ-Verkehr","source":"DB InfraGO infrastructure data","source_url":"https://data.gov.de/suche/daten/infrastrukturdaten-der-db-infrago"}},{"type":"Feature","geometry":{"type":"LineString","coordinates":[[13.332922914020592,52.508425653652864],[13.332922907239649,52.50842564574021]]},"properties":{"kind":"rail_bridge","name":"E Gl.5-6 Hertza.-StR.","length_m":97.0,"route":"6024","state":"Berlin","crossing_type":"EÜ über andere Straße/Weg KFZ-Verkehr","source":"DB InfraGO infrastructure data","source_url":"https://data.gov.de/suche/daten/infrastrukturdaten-der-db-infrago"}},{"type":"Feature","geometry":{"type":"LineString","coordinates":[[13.33134976326705,52.506486669876764],[13.330786096255054,52.50595556050516],[13.330343212392751,52.50563480481581]]},"properties":{"kind":"rail_bridge","name":"EÜ WiB Hardenberg-/Kantstraße","length_m":104.0,"route":"6024","state":"Berlin","crossing_type":"EÜ über andere Straße/Weg KFZ-Verkehr","source":"DB InfraGO infrastructure data","source_url":"https://data.gov.de/suche/daten/infrastrukturdaten-der-db-infrago"}},{"type":"Feature","geometry":{"type":"LineString","coordinates":[[13.329880492232741,52.50537072415041],[13.329408741867816,52.50516899783481],[13.328720672555455,52.50495886189849],[13.327850382281216,52.50479602740278]]},"properties":{"kind":"rail_bridge","name":"Bahnbogen 544-560","length_m":145.0,"route":"6024","state":"Berlin","crossing_type":"EÜ über andere Straße/Weg KFZ-Verkehr","source":"DB InfraGO infrastructure data","source_url":"https://data.gov.de/suche/daten/infrastrukturdaten-der-db-infrago"}},{"type":"Feature","geometry":{"type":"LineString","coordinates":[[13.32758971746317,52.504764062319126],[13.326704626309535,52.50471967319076],[13.32575258906717,52.504763605288595]]},"properties":{"kind":"rail_bridge","name":"Bahnbogen 561-573","length_m":117.0,"route":"6024","state":"Berlin","crossing_type":"EÜ über andere Straße/Weg KFZ-Verkehr","source":"DB InfraGO infrastructure data","source_url":"https://data.gov.de/suche/daten/infrastrukturdaten-der-db-infrago"}},{"type":"Feature","geometry":{"type":"LineString","coordinates":[[13.325421859581198,52.50478098952806],[13.323427260487833,52.50488841687029]]},"properties":{"kind":"rail_bridge","name":"Bahnbogen 574-587","length_m":126.66,"route":"6024","state":"Berlin","crossing_type":"EÜ Überbrückungsreihe (Stadtbahnbögen)","source":"DB InfraGO infrastructure data","source_url":"https://data.gov.de/suche/daten/infrastrukturdaten-der-db-infrago"}},{"type":"Feature","geometry":{"type":"LineString","coordinates":[[13.320152259703027,52.505159164679796],[13.320152245056947,52.50515916554619]]},"properties":{"kind":"rail_bridge","name":"A Gewölbenische 1-20","length_m":135.0,"route":"6024","state":"Berlin","crossing_type":"EÜ Überbrückungsreihe (Stadtbahnbögen)","source":"DB InfraGO infrastructure data","source_url":"https://data.gov.de/suche/daten/infrastrukturdaten-der-db-infrago"}},{"type":"Feature","geometry":{"type":"LineString","coordinates":[[13.222651374932083,52.528511021343846],[13.222482230847326,52.52882620566053],[13.222189669417583,52.52918754317742]]},"properties":{"kind":"rail_bridge","name":"E EÜ Char.Chaus.+Hafe","length_m":85.0,"route":"6025","state":"Berlin","crossing_type":"EÜ über andere Straße/Weg KFZ-Verkehr","source":"DB InfraGO infrastructure data","source_url":"https://data.gov.de/suche/daten/infrastrukturdaten-der-db-infrago"}},{"type":"Feature","geometry":{"type":"LineString","coordinates":[[13.221205025688212,52.529966207903456],[13.220340370853616,52.530373894561386],[13.219619401303458,52.5306043480526]]},"properties":{"kind":"rail_bridge","name":"KRBW Abzweig 6025","length_m":129.0,"route":"6025","state":"Berlin","crossing_type":"EÜ über DBAG-Gleise","source":"DB InfraGO infrastructure data","source_url":"https://data.gov.de/suche/daten/infrastrukturdaten-der-db-infrago"}},{"type":"Feature","geometry":{"type":"LineString","coordinates":[[13.20363934349344,52.53322432795267],[13.202002689161258,52.533736973919844]]},"properties":{"kind":"rail_bridge","name":"EÜ Havel Spandau","length_m":134.0,"route":"6025","state":"Berlin","crossing_type":"EÜ über natürlich schiffbaren Fluß","source":"DB InfraGO infrastructure data","source_url":"https://data.gov.de/suche/daten/infrastrukturdaten-der-db-infrago"}},{"type":"Feature","geometry":{"type":"LineString","coordinates":[[13.198592368361155,52.53462733026347],[13.198592354366385,52.534627333078994]]},"properties":{"kind":"rail_bridge","name":"E Räume Bf.Spandau","length_m":94.0,"route":"6025","state":"Berlin","crossing_type":"EÜ über Wege/Räume Reisende-Bstg.Zug.","source":"DB InfraGO infrastructure data","source_url":"https://data.gov.de/suche/daten/infrastrukturdaten-der-db-infrago"}},{"type":"Feature","geometry":{"type":"LineString","coordinates":[[13.276875636865608,52.71467004617187],[13.276875632559099,52.714670054769215]]},"properties":{"kind":"rail_bridge","name":"E Fgbr. Borgsdorf","length_m":80.0,"route":"6030","state":"Brandenburg","crossing_type":"EÜ über Wege/Räume Reisende-Bstg.Zug.","source":"DB InfraGO infrastructure data","source_url":"https://data.gov.de/suche/daten/infrastrukturdaten-der-db-infrago"}},{"type":"Feature","geometry":{"type":"LineString","coordinates":[[13.386226866847245,52.52051545923156],[13.386201909656316,52.520492573788]]},"properties":{"kind":"rail_bridge","name":"Räume Gl 4, Pf 2-18","length_m":140.0,"route":"6032","state":"Berlin","crossing_type":"EÜ über nur Räume für DBAG-Zwecke","source":"DB InfraGO infrastructure data","source_url":"https://data.gov.de/suche/daten/infrastrukturdaten-der-db-infrago"}},{"type":"Feature","geometry":{"type":"LineString","coordinates":[[13.358595459260924,52.48445160784312],[13.357304353815998,52.4835807001169]]},"properties":{"kind":"rail_bridge","name":"Krbw Nord-Süd Tunnel","length_m":131.0,"route":"6032","state":"Berlin","crossing_type":"EÜ über DBAG-Gleise","source":"DB InfraGO infrastructure data","source_url":"https://data.gov.de/suche/daten/infrastrukturdaten-der-db-infrago"}},{"type":"Feature","geometry":{"type":"LineString","coordinates":[[13.364141663345215,52.47405740384269],[13.363979303908048,52.47367375187205]]},"properties":{"kind":"rail_bridge","name":"EÜ Sachsendamm S-B","length_m":91.0,"route":"6035","state":"Berlin","crossing_type":"EÜ über Autobahn","source":"DB InfraGO infrastructure data","source_url":"https://data.gov.de/suche/daten/infrastrukturdaten-der-db-infrago"}},{"type":"Feature","geometry":{"type":"LineString","coordinates":[[13.363979303908048,52.47367375187205],[13.363856415419114,52.47338148607017]]},"properties":{"kind":"rail_bridge","name":"EÜ BAB Sachsendamm","length_m":91.0,"route":"6035","state":"Berlin","crossing_type":"EÜ über Autobahn","source":"DB InfraGO infrastructure data","source_url":"https://data.gov.de/suche/daten/infrastrukturdaten-der-db-infrago"}},{"type":"Feature","geometry":{"type":"LineString","coordinates":[[13.281827592118969,52.49760727742399],[13.282116056510603,52.497936268196355],[13.282400158569121,52.498463527091836]]},"properties":{"kind":"rail_bridge","name":"EÜ Halenseestr.","length_m":104.0,"route":"6042","state":"Berlin","crossing_type":"EÜ über Autobahn","source":"DB InfraGO infrastructure data","source_url":"https://data.gov.de/suche/daten/infrastrukturdaten-der-db-infrago"}},{"type":"Feature","geometry":{"type":"LineString","coordinates":[[13.497582875714393,52.4936962346659],[13.499231720796157,52.493182399863656]]},"properties":{"kind":"rail_bridge","name":"Krbw Gl. Bln.-Erkner","length_m":128.0,"route":"6070","state":"Berlin","crossing_type":"EÜ über DBAG-Gleise","source":"DB InfraGO infrastructure data","source_url":"https://data.gov.de/suche/daten/infrastrukturdaten-der-db-infrago"}},{"type":"Feature","geometry":{"type":"LineString","coordinates":[[13.470905959664996,52.502997399266114],[13.472032442123746,52.50268783684313],[13.473355024721032,52.502482957406066]]},"properties":{"kind":"rail_bridge","name":"KRBW Ostkreuz S-B","length_m":177.0,"route":"6078","state":"Berlin","crossing_type":"EÜ über DBAG-Gleise","source":"DB InfraGO infrastructure data","source_url":"https://data.gov.de/suche/daten/infrastrukturdaten-der-db-infrago"}},{"type":"Feature","geometry":{"type":"LineString","coordinates":[[13.471037896237087,52.50295778404868],[13.472032442123746,52.50268783684313],[13.473196365193163,52.502502144860294]]},"properties":{"kind":"rail_bridge","name":"EÜ Bahnsteig S-B","length_m":156.0,"route":"6078","state":"Berlin","crossing_type":"EÜ über DBAG-Gleise","source":"DB InfraGO infrastructure data","source_url":"https://data.gov.de/suche/daten/infrastrukturdaten-der-db-infrago"}},{"type":"Feature","geometry":{"type":"LineString","coordinates":[[13.718511411263478,52.5221855039594],[13.719516621427408,52.522280456418535]]},"properties":{"kind":"rail_bridge","name":"EÜ A10 Neuenhagen","length_m":97.0,"route":"6078","state":"Brandenburg","crossing_type":"EÜ über Autobahn","source":"DB InfraGO infrastructure data","source_url":"https://data.gov.de/suche/daten/infrastrukturdaten-der-db-infrago"}},{"type":"Feature","geometry":{"type":"LineString","coordinates":[[13.073774190768896,52.60752137421878],[13.072677327099232,52.60693112167051]]},"properties":{"kind":"rail_bridge","name":"EÜ Havelkanal bei Swd","length_m":108.0,"route":"6087","state":"Brandenburg","crossing_type":"EÜ über andere Straße/Weg Fahrverkehr","source":"DB InfraGO infrastructure data","source_url":"https://data.gov.de/suche/daten/infrastrukturdaten-der-db-infrago"}},{"type":"Feature","geometry":{"type":"LineString","coordinates":[[13.067479752026653,53.89640944309781],[13.06673895941161,53.896666685675896]]},"properties":{"kind":"rail_bridge","name":"Tollensebrücke","length_m":80.0,"route":"6088","state":"Mecklenburg-Vorpommern","crossing_type":"EÜ über natürlich schiffbaren Fluß","source":"DB InfraGO infrastructure data","source_url":"https://data.gov.de/suche/daten/infrastrukturdaten-der-db-infrago"}},{"type":"Feature","geometry":{"type":"LineString","coordinates":[[13.049109177774458,53.914254365997806],[13.049338993673238,53.91510126538007]]},"properties":{"kind":"rail_bridge","name":"Peenebrücke","length_m":86.0,"route":"6088","state":"Mecklenburg-Vorpommern","crossing_type":"EÜ über natürlich schiffbaren Fluß","source":"DB InfraGO infrastructure data","source_url":"https://data.gov.de/suche/daten/infrastrukturdaten-der-db-infrago"}},{"type":"Feature","geometry":{"type":"LineString","coordinates":[[13.287865339913138,52.67942981253493],[13.287740020297854,52.67900001905115]]},"properties":{"kind":"rail_bridge","name":"Krbw Vbk Bi-How","length_m":150.0,"route":"6089","state":"Brandenburg","crossing_type":"EÜ über DBAG-Gleise","source":"DB InfraGO infrastructure data","source_url":"https://data.gov.de/suche/daten/infrastrukturdaten-der-db-infrago"}},{"type":"Feature","geometry":{"type":"LineString","coordinates":[[13.203509299155545,52.533128080618134],[13.201876122574319,52.53364377629472]]},"properties":{"kind":"rail_bridge","name":"EÜ Havel Spandau","length_m":134.0,"route":"6100","state":"Berlin","crossing_type":"EÜ über natürlich schiffbaren Fluß","source":"DB InfraGO infrastructure data","source_url":"https://data.gov.de/suche/daten/infrastrukturdaten-der-db-infrago"}},{"type":"Feature","geometry":{"type":"LineString","coordinates":[[13.120702605102569,52.55151765706236],[13.120136232706962,52.55166349179473]]},"properties":{"kind":"rail_bridge","name":"EÜ Ortsumg. Falkensee","length_m":81.0,"route":"6100","state":"Brandenburg","crossing_type":"EÜ über Landstraße II. Ordnung/Kreisstraße","source":"DB InfraGO infrastructure data","source_url":"https://data.gov.de/suche/daten/infrastrukturdaten-der-db-infrago"}},{"type":"Feature","geometry":{"type":"LineString","coordinates":[[10.074867737435605,53.52643921936289],[10.074151565896278,53.52680020866615]]},"properties":{"kind":"rail_bridge","name":"EÜ Tidekanal","length_m":85.0,"route":"6100","state":"Hamburg","crossing_type":"EÜ über künstliche Wasserstraße (Kanal)","source":"DB InfraGO infrastructure data","source_url":"https://data.gov.de/suche/daten/infrastrukturdaten-der-db-infrago"}},{"type":"Feature","geometry":{"type":"LineString","coordinates":[[10.056456708241093,53.534628639636416],[10.054629850714942,53.53522159072999]]},"properties":{"kind":"rail_bridge","name":"KRZBW Str 6100  ü. Str 1234","length_m":143.0,"route":"6100","state":"Hamburg","crossing_type":"EÜ über DBAG-Gleise","source":"DB InfraGO infrastructure data","source_url":"https://data.gov.de/suche/daten/infrastrukturdaten-der-db-infrago"}},{"type":"Feature","geometry":{"type":"LineString","coordinates":[[10.007643654153831,53.55200327685264],[10.007618100814517,53.55206577468568]]},"properties":{"kind":"rail_bridge","name":"EÜ U-Bahn und Bstg-Zugang","length_m":114.0,"route":"6100","state":"Hamburg","crossing_type":"EÜ über andere Bahnen","source":"DB InfraGO infrastructure data","source_url":"https://data.gov.de/suche/daten/infrastrukturdaten-der-db-infrago"}},{"type":"Feature","geometry":{"type":"LineString","coordinates":[[9.99142558225689,53.55923645918667],[9.991425571696615,53.55923646560048]]},"properties":{"kind":"rail_bridge","name":"E ü Kasem Alsterglaci","length_m":89.0,"route":"6100","state":"Hamburg","crossing_type":"EÜ über nur Räume für DBAG-Zwecke","source":"DB InfraGO infrastructure data","source_url":"https://data.gov.de/suche/daten/infrastrukturdaten-der-db-infrago"}},{"type":"Feature","geometry":{"type":"LineString","coordinates":[[9.989558535573067,53.56078083107124],[9.989440160020523,53.560874407451635]]},"properties":{"kind":"rail_bridge","name":"EÜ EG/Bstg-Zugang Hp Dammtor","length_m":133.0,"route":"6100","state":"Hamburg","crossing_type":"EÜ über Wege/Räume Reisende-Bstg.Zug.","source":"DB InfraGO infrastructure data","source_url":"https://data.gov.de/suche/daten/infrastrukturdaten-der-db-infrago"}},{"type":"Feature","geometry":{"type":"LineString","coordinates":[[9.955581619590467,53.56135245582836],[9.95463563668463,53.56122311952178]]},"properties":{"kind":"rail_bridge","name":"EÜ Straßenkreuzung Sternbrücke","length_m":86.0,"route":"6100","state":"Hamburg","crossing_type":"EÜ über Bundesstraße","source":"DB InfraGO infrastructure data","source_url":"https://data.gov.de/suche/daten/infrastrukturdaten-der-db-infrago"}},{"type":"Feature","geometry":{"type":"LineString","coordinates":[[9.954435003939203,53.5611964813415],[9.953987539270377,53.56114651376684]]},"properties":{"kind":"rail_bridge","name":"EÜ Kasematten","length_m":114.0,"route":"6100","state":"Hamburg","crossing_type":"EÜ Überbrückungsreihe (Stadtbahnbögen)","source":"DB InfraGO infrastructure data","source_url":"https://data.gov.de/suche/daten/infrastrukturdaten-der-db-infrago"}},{"type":"Feature","geometry":{"type":"LineString","coordinates":[[9.938559745620227,53.56299382389846],[9.936757865010025,53.56286719631527],[9.935784234389116,53.562710239353265],[9.934928952077797,53.56244909332307],[9.934298796127022,53.56214789778916],[9.93386177480838,53.56187052541221]]},"properties":{"kind":"rail_bridge","name":"Eingl. KRZBW","length_m":360.0,"route":"6100","state":"Hamburg","crossing_type":"EÜ über DBAG-Gleise","source":"DB InfraGO infrastructure data","source_url":"https://data.gov.de/suche/daten/infrastrukturdaten-der-db-infrago"}},{"type":"Feature","geometry":{"type":"LineString","coordinates":[[9.936520937114981,53.5628393904472],[9.935784234389116,53.562710239353265],[9.935015514737344,53.56248109678853]]},"properties":{"kind":"rail_bridge","name":"EÜ Dreigleisbrücke","length_m":109.0,"route":"6100","state":"Hamburg","crossing_type":"EÜ über DBAG-Gleise","source":"DB InfraGO infrastructure data","source_url":"https://data.gov.de/suche/daten/infrastrukturdaten-der-db-infrago"}},{"type":"Feature","geometry":{"type":"LineString","coordinates":[[13.349508714705484,52.53663005180324],[13.348748934580149,52.53644124024582]]},"properties":{"kind":"rail_bridge","name":"SBV - Tunnel","length_m":130.0,"route":"6106","state":"Berlin","crossing_type":"EÜ über DBAG-Gleise","source":"DB InfraGO infrastructure data","source_url":"https://data.gov.de/suche/daten/infrastrukturdaten-der-db-infrago"}},{"type":"Feature","geometry":{"type":"LineString","coordinates":[[13.24032016266131,52.52756658062463],[13.238128251073942,52.528164766416445],[13.23686741916535,52.528446005699976]]},"properties":{"kind":"rail_bridge","name":"EU Kraftwerk Reuter","length_m":254.0,"route":"6107","state":"Berlin","crossing_type":"EÜ über DBAG-Gleise","source":"DB InfraGO infrastructure data","source_url":"https://data.gov.de/suche/daten/infrastrukturdaten-der-db-infrago"}},{"type":"Feature","geometry":{"type":"LineString","coordinates":[[12.955749776185785,52.55083606157949],[12.954528353859473,52.55092101955132]]},"properties":{"kind":"rail_bridge","name":"EÜ Havelkanal Wus","length_m":108.0,"route":"6107","state":"Brandenburg","crossing_type":"EÜ über künstliche Wasserstraße (Kanal)","source":"DB InfraGO infrastructure data","source_url":"https://data.gov.de/suche/daten/infrastrukturdaten-der-db-infrago"}},{"type":"Feature","geometry":{"type":"LineString","coordinates":[[12.325862593237838,52.59346053229932],[12.322831642168781,52.5928875345355]]},"properties":{"kind":"rail_bridge","name":"EÜ Havel Rathenow","length_m":176.0,"route":"6107","state":"Brandenburg","crossing_type":"EÜ über natürlich schiffbaren Fluß","source":"DB InfraGO infrastructure data","source_url":"https://data.gov.de/suche/daten/infrastrukturdaten-der-db-infrago"}},{"type":"Feature","geometry":{"type":"LineString","coordinates":[[11.995075222946092,52.59848822300887],[11.995074267823759,52.59848841083039]]},"properties":{"kind":"rail_bridge","name":"Flutbrücke Ost","length_m":812.0,"route":"6107","state":"Sachsen-Anhalt","crossing_type":"EÜ über natürlich schiffbaren Fluß","source":"DB InfraGO infrastructure data","source_url":"https://data.gov.de/suche/daten/infrastrukturdaten-der-db-infrago"}},{"type":"Feature","geometry":{"type":"LineString","coordinates":[[10.66773248736649,52.42195682748916],[10.66627835058005,52.42212744230221]]},"properties":{"kind":"rail_bridge","name":"EÜ Mittellandkanal","length_m":100.0,"route":"6107","state":"Niedersachsen","crossing_type":"EÜ über künstliche Wasserstraße (Kanal)","source":"DB InfraGO infrastructure data","source_url":"https://data.gov.de/suche/daten/infrastrukturdaten-der-db-infrago"}},{"type":"Feature","geometry":{"type":"LineString","coordinates":[[10.202156451396254,52.42253634791149],[10.20105094458124,52.4222449301699]]},"properties":{"kind":"rail_bridge","name":"EÜ Fuhse","length_m":83.0,"route":"6107","state":"Niedersachsen","crossing_type":"EÜ über anderen Wasserlauf","source":"DB InfraGO infrastructure data","source_url":"https://data.gov.de/suche/daten/infrastrukturdaten-der-db-infrago"}},{"type":"Feature","geometry":{"type":"LineString","coordinates":[[13.431445447857856,52.51122339857784],[13.431445434093016,52.51122340113192]]},"properties":{"kind":"rail_bridge","name":"E Gleisfelderweitg.5-","length_m":124.0,"route":"6109","state":"Berlin","crossing_type":"EÜ über Wege/Räume Reisende-Bstg.Zug.","source":"DB InfraGO infrastructure data","source_url":"https://data.gov.de/suche/daten/infrastrukturdaten-der-db-infrago"}},{"type":"Feature","geometry":{"type":"LineString","coordinates":[[13.428657281619515,52.51177988293245],[13.428657268143134,52.51177988600656]]},"properties":{"kind":"rail_bridge","name":"E Gleisfelderw.12-23","length_m":218.0,"route":"6109","state":"Berlin","crossing_type":"EÜ über Wege/Räume Reisende-Bstg.Zug.","source":"DB InfraGO infrastructure data","source_url":"https://data.gov.de/suche/daten/infrastrukturdaten-der-db-infrago"}},{"type":"Feature","geometry":{"type":"LineString","coordinates":[[13.425833156101042,52.512081188950745],[13.424622699345413,52.512252534266096],[13.423952507598903,52.51245463769857],[13.423508304196996,52.51264841409392]]},"properties":{"kind":"rail_bridge","name":"Bahnbogen 33-44","length_m":155.0,"route":"6109","state":"Berlin","crossing_type":"EÜ Überbrückungsreihe (Stadtbahnbögen)","source":"DB InfraGO infrastructure data","source_url":"https://data.gov.de/suche/daten/infrastrukturdaten-der-db-infrago"}},{"type":"Feature","geometry":{"type":"LineString","coordinates":[[13.423238409333546,52.512774784631716],[13.422507036089169,52.51310650027308],[13.42101697138109,52.513627881764265],[13.419237289636753,52.514167779897534],[13.418483056918886,52.51445644562648]]},"properties":{"kind":"rail_bridge","name":"Bahnbogen 45-66","length_m":340.0,"route":"6109","state":"Berlin","crossing_type":"EÜ Überbrückungsreihe (Stadtbahnbögen)","source":"DB InfraGO infrastructure data","source_url":"https://data.gov.de/suche/daten/infrastrukturdaten-der-db-infrago"}},{"type":"Feature","geometry":{"type":"LineString","coordinates":[[13.416640370710455,52.51628262491243],[13.416360522773116,52.51664360108891],[13.41576105948065,52.51720661915382]]},"properties":{"kind":"rail_bridge","name":"Bahnbogen 79-87","length_m":130.0,"route":"6109","state":"Berlin","crossing_type":"EÜ Überbrückungsreihe (Stadtbahnbögen)","source":"DB InfraGO infrastructure data","source_url":"https://data.gov.de/suche/daten/infrastrukturdaten-der-db-infrago"}},{"type":"Feature","geometry":{"type":"LineString","coordinates":[[13.415611851376335,52.51737666170134],[13.415305796596677,52.51781840114989],[13.415120475742368,52.51832531084873],[13.414802133897085,52.51890451301484],[13.414487206918144,52.519247135396874],[13.414000858315088,52.51960729381535]]},"properties":{"kind":"rail_bridge","name":"Bahnbogen 88-107 F-Bahn","length_m":310.0,"route":"6109","state":"Berlin","crossing_type":"EÜ Überbrückungsreihe (Stadtbahnbögen)","source":"DB InfraGO infrastructure data","source_url":"https://data.gov.de/suche/daten/infrastrukturdaten-der-db-infrago"}},{"type":"Feature","geometry":{"type":"LineString","coordinates":[[13.413277875108552,52.52008662147485],[13.412399938236778,52.52066611045016]]},"properties":{"kind":"rail_bridge","name":"Bahnbogen 112-117","length_m":121.0,"route":"6109","state":"Berlin","crossing_type":"EÜ Überbrückungsreihe (Stadtbahnbögen)","source":"DB InfraGO infrastructure data","source_url":"https://data.gov.de/suche/daten/infrastrukturdaten-der-db-infrago"}},{"type":"Feature","geometry":{"type":"LineString","coordinates":[[13.384078269494923,52.52104129175509],[13.38257748457354,52.52134633517799],[13.38079703893382,52.52135083518704],[13.379871321833466,52.52140516578659]]},"properties":{"kind":"rail_bridge","name":"Bahnbogen 209-242","length_m":295.0,"route":"6109","state":"Berlin","crossing_type":"EÜ Überbrückungsreihe (Stadtbahnbögen)","source":"DB InfraGO infrastructure data","source_url":"https://data.gov.de/suche/daten/infrastrukturdaten-der-db-infrago"}},{"type":"Feature","geometry":{"type":"LineString","coordinates":[[13.380623431851141,52.52135467366356],[13.379679215427858,52.52143004863846],[13.379020948573348,52.5215632796071],[13.37844388214846,52.521752054165404]]},"properties":{"kind":"rail_bridge","name":"Bahnbogen 244-255","length_m":158.0,"route":"6109","state":"Berlin","crossing_type":"EÜ Überbrückungsreihe (Stadtbahnbögen)","source":"DB InfraGO infrastructure data","source_url":"https://data.gov.de/suche/daten/infrastrukturdaten-der-db-infrago"}},{"type":"Feature","geometry":{"type":"LineString","coordinates":[[13.376765566896994,52.522899676503656],[13.376765559094332,52.52289968401657]]},"properties":{"kind":"rail_bridge","name":"E Bahnbogen 261-274","length_m":154.0,"route":"6109","state":"Berlin","crossing_type":"EÜ über nur Räume für DBAG-Zwecke","source":"DB InfraGO infrastructure data","source_url":"https://data.gov.de/suche/daten/infrastrukturdaten-der-db-infrago"}},{"type":"Feature","geometry":{"type":"LineString","coordinates":[[13.367568497576354,52.52462062123368],[13.367568484195624,52.52462061770001]]},"properties":{"kind":"rail_bridge","name":"A Bstbr.Teil-BW2","length_m":123.0,"route":"6109","state":"Berlin","crossing_type":"EÜ über Wege/Räume Reisende-Bstg.Zug.","source":"DB InfraGO infrastructure data","source_url":"https://data.gov.de/suche/daten/infrastrukturdaten-der-db-infrago"}},{"type":"Feature","geometry":{"type":"LineString","coordinates":[[13.367541736123574,52.52461355390957],[13.367541722742851,52.524613550375925]]},"properties":{"kind":"rail_bridge","name":"A Bstbr.Teil-BW2 GL3+","length_m":123.0,"route":"6109","state":"Berlin","crossing_type":"EÜ über Wege/Räume Reisende-Bstg.Zug.","source":"DB InfraGO infrastructure data","source_url":"https://data.gov.de/suche/daten/infrastrukturdaten-der-db-infrago"}},{"type":"Feature","geometry":{"type":"LineString","coordinates":[[13.366173737949934,52.52419701862343],[13.366173725662433,52.5241970138354]]},"properties":{"kind":"rail_bridge","name":"A Bstgbr.Teil-BW3,GL1","length_m":94.0,"route":"6109","state":"Berlin","crossing_type":"EÜ über Wege/Räume Reisende-Bstg.Zug.","source":"DB InfraGO infrastructure data","source_url":"https://data.gov.de/suche/daten/infrastrukturdaten-der-db-infrago"}},{"type":"Feature","geometry":{"type":"LineString","coordinates":[[13.3661491629642,52.524187442557185],[13.366149150676698,52.524187437769164]]},"properties":{"kind":"rail_bridge","name":"A Bstgbr.Teil-BW3,GL3","length_m":94.0,"route":"6109","state":"Berlin","crossing_type":"EÜ über Wege/Räume Reisende-Bstg.Zug.","source":"DB InfraGO infrastructure data","source_url":"https://data.gov.de/suche/daten/infrastrukturdaten-der-db-infrago"}},{"type":"Feature","geometry":{"type":"LineString","coordinates":[[13.363207880541772,52.52276147150288],[13.358806332191993,52.5205025930514],[13.357870974349098,52.52007304986931],[13.356524441925279,52.519685308733244],[13.355681350878939,52.51954645662029]]},"properties":{"kind":"rail_bridge","name":"Bahnbogen 329-390","length_m":495.0,"route":"6109","state":"Berlin","crossing_type":"EÜ Überbrückungsreihe (Stadtbahnbögen)","source":"DB InfraGO infrastructure data","source_url":"https://data.gov.de/suche/daten/infrastrukturdaten-der-db-infrago"}},{"type":"Feature","geometry":{"type":"LineString","coordinates":[[13.351972118864998,52.519594743723836],[13.351972089629903,52.51959474585105]]},"properties":{"kind":"rail_bridge","name":"Bahnbogen 391-410","length_m":225.0,"route":"6109","state":"Berlin","crossing_type":"EÜ über andere Straße/Weg KFZ-Verkehr","source":"DB InfraGO infrastructure data","source_url":"https://data.gov.de/suche/daten/infrastrukturdaten-der-db-infrago"}},{"type":"Feature","geometry":{"type":"LineString","coordinates":[[13.351345639413049,52.51964032626992],[13.350141001974348,52.51972796593612]]},"properties":{"kind":"rail_bridge","name":"EÜ Spree","length_m":80.0,"route":"6109","state":"Berlin","crossing_type":"EÜ über künstliche Wasserstraße (Kanal)","source":"DB InfraGO infrastructure data","source_url":"https://data.gov.de/suche/daten/infrastrukturdaten-der-db-infrago"}},{"type":"Feature","geometry":{"type":"LineString","coordinates":[[13.346909391542358,52.51996058669985],[13.345291914350543,52.520059562373724]]},"properties":{"kind":"rail_bridge","name":"Bahnbogen 412-422","length_m":95.0,"route":"6109","state":"Berlin","crossing_type":"EÜ Überbrückungsreihe (Stadtbahnbögen)","source":"DB InfraGO infrastructure data","source_url":"https://data.gov.de/suche/daten/infrastrukturdaten-der-db-infrago"}},{"type":"Feature","geometry":{"type":"LineString","coordinates":[[13.341640450937854,52.51923993112899],[13.341030092659604,52.51888808831338],[13.34069025841267,52.518615888672976]]},"properties":{"kind":"rail_bridge","name":"Bahnbogen 440-446","length_m":80.0,"route":"6109","state":"Berlin","crossing_type":"EÜ Überbrückungsreihe (Stadtbahnbögen)","source":"DB InfraGO infrastructure data","source_url":"https://data.gov.de/suche/daten/infrastrukturdaten-der-db-infrago"}},{"type":"Feature","geometry":{"type":"LineString","coordinates":[[13.34051128672854,52.518464879482245],[13.33919087462854,52.517281727592206]]},"properties":{"kind":"rail_bridge","name":"Bahnbogen 447-458","length_m":132.0,"route":"6109","state":"Berlin","crossing_type":"EÜ Überbrückungsreihe (Stadtbahnbögen)","source":"DB InfraGO infrastructure data","source_url":"https://data.gov.de/suche/daten/infrastrukturdaten-der-db-infrago"}},{"type":"Feature","geometry":{"type":"LineString","coordinates":[[13.338983899531446,52.51709740179126],[13.337671915904277,52.5159307515601],[13.337291088495705,52.515547655000944],[13.336943279176493,52.515048675727186]]},"properties":{"kind":"rail_bridge","name":"Bahnbogen 460-482","length_m":256.0,"route":"6109","state":"Berlin","crossing_type":"EÜ Überbrückungsreihe (Stadtbahnbögen)","source":"DB InfraGO infrastructure data","source_url":"https://data.gov.de/suche/daten/infrastrukturdaten-der-db-infrago"}},{"type":"Feature","geometry":{"type":"LineString","coordinates":[[13.336655103228106,52.51449515552004],[13.336307261855294,52.513809820680855]]},"properties":{"kind":"rail_bridge","name":"Bahnbogen 1-5 Bf Tg","length_m":81.0,"route":"6109","state":"Berlin","crossing_type":"EÜ Überbrückungsreihe (Stadtbahnbögen)","source":"DB InfraGO infrastructure data","source_url":"https://data.gov.de/suche/daten/infrastrukturdaten-der-db-infrago"}},{"type":"Feature","geometry":{"type":"LineString","coordinates":[[13.332222885349928,52.507099983739614],[13.332222878854216,52.507099975652615]]},"properties":{"kind":"rail_bridge","name":"E WIB Gl.1 Pfeiler 13","length_m":130.0,"route":"6109","state":"Berlin","crossing_type":"EÜ über andere Straße/Weg KFZ-Verkehr","source":"DB InfraGO infrastructure data","source_url":"https://data.gov.de/suche/daten/infrastrukturdaten-der-db-infrago"}},{"type":"Feature","geometry":{"type":"LineString","coordinates":[[13.33221638963069,52.50709189673329],[13.332216383134972,52.50709188864629]]},"properties":{"kind":"rail_bridge","name":"Bstg.A Bf.Zoo","length_m":270.0,"route":"6109","state":"Berlin","crossing_type":"EÜ über Wege/Räume Reisende-Bstg.Zug.","source":"DB InfraGO infrastructure data","source_url":"https://data.gov.de/suche/daten/infrastrukturdaten-der-db-infrago"}},{"type":"Feature","geometry":{"type":"LineString","coordinates":[[13.33210296641899,52.50695536765785],[13.332102959307312,52.50695535976611]]},"properties":{"kind":"rail_bridge","name":"E Gl.2+3 Hard.-Pf.13","length_m":105.0,"route":"6109","state":"Berlin","crossing_type":"EÜ über andere Straße/Weg KFZ-Verkehr","source":"DB InfraGO infrastructure data","source_url":"https://data.gov.de/suche/daten/infrastrukturdaten-der-db-infrago"}},{"type":"Feature","geometry":{"type":"LineString","coordinates":[[13.332095854754789,52.50694747595556],[13.332095847643123,52.506947468063814]]},"properties":{"kind":"rail_bridge","name":"A Bstg B Bf.Zoo","length_m":270.0,"route":"6109","state":"Berlin","crossing_type":"EÜ über nur Räume für DBAG-Zwecke","source":"DB InfraGO infrastructure data","source_url":"https://data.gov.de/suche/daten/infrastrukturdaten-der-db-infrago"}},{"type":"Feature","geometry":{"type":"LineString","coordinates":[[13.329887979324708,52.50527610560409],[13.329119499666849,52.50498976278888],[13.327855985006726,52.50472364013338]]},"properties":{"kind":"rail_bridge","name":"Bahnbogen 544-560","length_m":121.0,"route":"6109","state":"Berlin","crossing_type":"EÜ über andere Straße/Weg KFZ-Verkehr","source":"DB InfraGO infrastructure data","source_url":"https://data.gov.de/suche/daten/infrastrukturdaten-der-db-infrago"}},{"type":"Feature","geometry":{"type":"LineString","coordinates":[[13.327596750603496,52.5046932208641],[13.326567821705032,52.504650302143666],[13.325772432488892,52.5046909237506]]},"properties":{"kind":"rail_bridge","name":"Bahnhbogen 561-573","length_m":117.0,"route":"6109","state":"Berlin","crossing_type":"EÜ Überbrückungsreihe (Stadtbahnbögen)","source":"DB InfraGO infrastructure data","source_url":"https://data.gov.de/suche/daten/infrastrukturdaten-der-db-infrago"}},{"type":"Feature","geometry":{"type":"LineString","coordinates":[[13.32544433774931,52.50470842592049],[13.323503088887938,52.50481740819683]]},"properties":{"kind":"rail_bridge","name":"Bahnbogen 574-587","length_m":127.0,"route":"6109","state":"Berlin","crossing_type":"EÜ Überbrückungsreihe (Stadtbahnbögen)","source":"DB InfraGO infrastructure data","source_url":"https://data.gov.de/suche/daten/infrastrukturdaten-der-db-infrago"}},{"type":"Feature","geometry":{"type":"LineString","coordinates":[[13.246347780098127,52.52453173018919],[13.245497681330365,52.525062060256026]]},"properties":{"kind":"rail_bridge","name":"EÜ Spandauer Damm","length_m":98.0,"route":"6109","state":"Berlin","crossing_type":"EÜ über andere Straße/Weg KFZ-Verkehr","source":"DB InfraGO infrastructure data","source_url":"https://data.gov.de/suche/daten/infrastrukturdaten-der-db-infrago"}},{"type":"Feature","geometry":{"type":"LineString","coordinates":[[13.2406758062766,52.52728228674326],[13.237294388840425,52.52825928759099]]},"properties":{"kind":"rail_bridge","name":"EU Kraftwerk Reuter","length_m":254.0,"route":"6109","state":"Berlin","crossing_type":"EÜ über DBAG-Gleise","source":"DB InfraGO infrastructure data","source_url":"https://data.gov.de/suche/daten/infrastrukturdaten-der-db-infrago"}},{"type":"Feature","geometry":{"type":"LineString","coordinates":[[13.061231496920794,52.391836327037986],[13.059430498870132,52.39196954311043]]},"properties":{"kind":"rail_bridge","name":"EÜ Havel Potsdam","length_m":134.0,"route":"6110","state":"Brandenburg","crossing_type":"EÜ über natürlich schiffbaren Fluß","source":"DB InfraGO infrastructure data","source_url":"https://data.gov.de/suche/daten/infrastrukturdaten-der-db-infrago"}},{"type":"Feature","geometry":{"type":"LineString","coordinates":[[12.936165873358814,52.39276483289349],[12.934765735965314,52.39272890776603]]},"properties":{"kind":"rail_bridge","name":"EÜ Havel bei Werder","length_m":101.0,"route":"6110","state":"Brandenburg","crossing_type":"EÜ über natürlich schiffbaren Fluß","source":"DB InfraGO infrastructure data","source_url":"https://data.gov.de/suche/daten/infrastrukturdaten-der-db-infrago"}},{"type":"Feature","geometry":{"type":"LineString","coordinates":[[11.707749267735991,52.149471826010235],[11.707749254066625,52.149471822813794]]},"properties":{"kind":"rail_bridge","name":"Ehlebrücke","length_m":457.0,"route":"6110","state":"Sachsen-Anhalt","crossing_type":"EÜ über Graben/Flutöffn. zeitw. Wasser","source":"DB InfraGO infrastructure data","source_url":"https://data.gov.de/suche/daten/infrastrukturdaten-der-db-infrago"}},{"type":"Feature","geometry":{"type":"LineString","coordinates":[[11.707735215625522,52.14946854006241],[11.701510838962248,52.1480162556772]]},"properties":{"kind":"rail_bridge","name":"E EÜ Ehleflutgelände","length_m":457.0,"route":"6110","state":"Sachsen-Anhalt","crossing_type":"EÜ über Graben/Flutöffn. zeitw. Wasser","source":"DB InfraGO infrastructure data","source_url":"https://data.gov.de/suche/daten/infrastrukturdaten-der-db-infrago"}},{"type":"Feature","geometry":{"type":"LineString","coordinates":[[11.67210925563492,52.147076371103374],[11.663948280275216,52.150571671935325]]},"properties":{"kind":"rail_bridge","name":"Bahnüberquerung","length_m":680.0,"route":"6110","state":"Sachsen-Anhalt","crossing_type":"EÜ über schiffbar gemachten Fluß","source":"DB InfraGO infrastructure data","source_url":"https://data.gov.de/suche/daten/infrastrukturdaten-der-db-infrago"}},{"type":"Feature","geometry":{"type":"LineString","coordinates":[[11.672074744634106,52.14709112595111],[11.669689064625814,52.148112525469095]]},"properties":{"kind":"rail_bridge","name":"E EÜ Elbeflutgelände","length_m":204.0,"route":"6110","state":"Sachsen-Anhalt","crossing_type":"EÜ über Graben/Flutöffn. zeitw. Wasser","source":"DB InfraGO infrastructure data","source_url":"https://data.gov.de/suche/daten/infrastrukturdaten-der-db-infrago"}},{"type":"Feature","geometry":{"type":"LineString","coordinates":[[11.66958497615747,52.14815712021165],[11.663892279599512,52.150595466786015]]},"properties":{"kind":"rail_bridge","name":"Herrenkrugbrücke","length_m":479.0,"route":"6110","state":"Sachsen-Anhalt","crossing_type":"EÜ über Graben/Flutöffn. zeitw. Wasser","source":"DB InfraGO infrastructure data","source_url":"https://data.gov.de/suche/daten/infrastrukturdaten-der-db-infrago"}},{"type":"Feature","geometry":{"type":"LineString","coordinates":[[12.980546449944738,52.34304151370912],[12.980546485231832,52.34304191744918]]},"properties":{"kind":"rail_bridge","name":"E EÜ Havel bei Caputh","length_m":106.0,"route":"6115","state":"Brandenburg","crossing_type":"EÜ über natürlich schiffbaren Fluß","source":"DB InfraGO infrastructure data","source_url":"https://data.gov.de/suche/daten/infrastrukturdaten-der-db-infrago"}},{"type":"Feature","geometry":{"type":"LineString","coordinates":[[13.015839117371867,52.38003228107135],[13.016234163985475,52.38074629962182]]},"properties":{"kind":"rail_bridge","name":"EÜ Zeppelinstraße","length_m":85.0,"route":"6115","state":"Brandenburg","crossing_type":"EÜ über andere Straße/Weg KFZ-Verkehr","source":"DB InfraGO infrastructure data","source_url":"https://data.gov.de/suche/daten/infrastrukturdaten-der-db-infrago"}},{"type":"Feature","geometry":{"type":"LineString","coordinates":[[13.016017836924625,52.3701499802249],[13.01761306490314,52.369340856478644]]},"properties":{"kind":"rail_bridge","name":"EÜ Templiner See","length_m":159.0,"route":"6116","state":"Brandenburg","crossing_type":"EÜ über künstliche Wasserstraße (Kanal)","source":"DB InfraGO infrastructure data","source_url":"https://data.gov.de/suche/daten/infrastrukturdaten-der-db-infrago"}},{"type":"Feature","geometry":{"type":"LineString","coordinates":[[13.561899562953238,52.426471228278565],[13.562232415411865,52.42712421181383]]},"properties":{"kind":"rail_bridge","name":"EÜ Teltowkanal","length_m":82.0,"route":"6126","state":"Berlin","crossing_type":"EÜ über andere Straße/Weg Fahrverkehr","source":"DB InfraGO infrastructure data","source_url":"https://data.gov.de/suche/daten/infrastrukturdaten-der-db-infrago"}},{"type":"Feature","geometry":{"type":"LineString","coordinates":[[13.557764514247904,52.453072171543795],[13.557637130459787,52.454394941177526]]},"properties":{"kind":"rail_bridge","name":"EÜ Spree","length_m":160.0,"route":"6126","state":"Berlin","crossing_type":"EÜ über natürlich schiffbaren Fluß","source":"DB InfraGO infrastructure data","source_url":"https://data.gov.de/suche/daten/infrastrukturdaten-der-db-infrago"}},{"type":"Feature","geometry":{"type":"LineString","coordinates":[[13.358315411546167,52.457189491320676],[13.35776681480395,52.45565358367191]]},"properties":{"kind":"rail_bridge","name":"6132+5.399+1615","length_m":175.0,"route":"6132","state":"Berlin","crossing_type":"EÜ über andere Straße/Weg KFZ-Verkehr","source":"DB InfraGO infrastructure data","source_url":"https://data.gov.de/suche/daten/infrastrukturdaten-der-db-infrago"}},{"type":"Feature","geometry":{"type":"LineString","coordinates":[[13.357843012330745,52.455866742185165],[13.357707135621,52.455486255299064]]},"properties":{"kind":"rail_bridge","name":"Krbw Dresdener Bahn  6135/5,525/1641","length_m":297.0,"route":"6132","state":"Berlin","crossing_type":"EÜ über DBAG-Gleise","source":"DB InfraGO infrastructure data","source_url":"https://data.gov.de/suche/daten/infrastrukturdaten-der-db-infrago"}},{"type":"Feature","geometry":{"type":"LineString","coordinates":[[12.653281847523647,51.86021585882965],[12.652655868001329,51.85904147772825]]},"properties":{"kind":"rail_bridge","name":"Eisenbahnüberführung","length_m":143.0,"route":"6132","state":"Sachsen-Anhalt","crossing_type":"EÜ über Graben/Flutöffn. zeitw. Wasser","source":"DB InfraGO infrastructure data","source_url":"https://data.gov.de/suche/daten/infrastrukturdaten-der-db-infrago"}},{"type":"Feature","geometry":{"type":"LineString","coordinates":[[12.652655868001329,51.85904147772825],[12.651594658978146,51.85610308489602]]},"properties":{"kind":"rail_bridge","name":"EÜ Strombrücke Elbe","length_m":337.0,"route":"6132","state":"Sachsen-Anhalt","crossing_type":"EÜ über natürlich schiffbaren Fluß","source":"DB InfraGO infrastructure data","source_url":"https://data.gov.de/suche/daten/infrastrukturdaten-der-db-infrago"}},{"type":"Feature","geometry":{"type":"LineString","coordinates":[[12.648330124947037,51.84990366284151],[12.647388190795505,51.84910423713604],[12.646625567374056,51.84856928994823]]},"properties":{"kind":"rail_bridge","name":"EÜ Flutbrücke II Wittenberg","length_m":198.0,"route":"6132","state":"Sachsen-Anhalt","crossing_type":"EÜ über Graben/Flutöffn. zeitw. Wasser","source":"DB InfraGO infrastructure data","source_url":"https://data.gov.de/suche/daten/infrastrukturdaten-der-db-infrago"}},{"type":"Feature","geometry":{"type":"LineString","coordinates":[[12.642768198076364,51.846560533748594],[12.641627930565855,51.84602176489278]]},"properties":{"kind":"rail_bridge","name":"EÜ Flutbrücke III Wittenberg","length_m":89.0,"route":"6132","state":"Sachsen-Anhalt","crossing_type":"EÜ über anderen Wasserlauf","source":"DB InfraGO infrastructure data","source_url":"https://data.gov.de/suche/daten/infrastrukturdaten-der-db-infrago"}},{"type":"Feature","geometry":{"type":"LineString","coordinates":[[12.34360018098916,51.65526102711528],[12.341316758805746,51.654307214353864]]},"properties":{"kind":"rail_bridge","name":"Vorflutbrücke Mulde","length_m":199.0,"route":"6132","state":"Sachsen-Anhalt","crossing_type":"EÜ über Graben/Flutöffn. zeitw. Wasser","source":"DB InfraGO infrastructure data","source_url":"https://data.gov.de/suche/daten/infrastrukturdaten-der-db-infrago"}},{"type":"Feature","geometry":{"type":"LineString","coordinates":[[12.338746226145386,51.65331344022567],[12.3355435546037,51.652074535890556]]},"properties":{"kind":"rail_bridge","name":"Muldebrücke","length_m":269.0,"route":"6132","state":"Sachsen-Anhalt","crossing_type":"EÜ über anderen Wasserlauf","source":"DB InfraGO infrastructure data","source_url":"https://data.gov.de/suche/daten/infrastrukturdaten-der-db-infrago"}},{"type":"Feature","geometry":{"type":"LineString","coordinates":[[12.328330628856246,51.64839475423805],[12.327415776857363,51.64772879282196]]},"properties":{"kind":"rail_bridge","name":"Leinebrücke","length_m":96.0,"route":"6132","state":"Sachsen-Anhalt","crossing_type":"EÜ über Graben/Flutöffn. zeitw. Wasser","source":"DB InfraGO infrastructure data","source_url":"https://data.gov.de/suche/daten/infrastrukturdaten-der-db-infrago"}},{"type":"Feature","geometry":{"type":"LineString","coordinates":[[11.986579882146732,51.47733848840883],[11.986630840679194,51.477279490105616]]},"properties":{"kind":"rail_bridge","name":"EÜ Personentunnel Bstge","length_m":125.0,"route":"6132","state":"Sachsen-Anhalt","crossing_type":"EÜ über nur Räume für DBAG-Zwecke","source":"DB InfraGO infrastructure data","source_url":"https://data.gov.de/suche/daten/infrastrukturdaten-der-db-infrago"}},{"type":"Feature","geometry":{"type":"LineString","coordinates":[[13.136276009797099,51.75047706887032],[13.13707131726592,51.7496370070888]]},"properties":{"kind":"rail_bridge","name":"Elsterbrücke ohne Bettung","length_m":112.0,"route":"6133","state":"Sachsen-Anhalt","crossing_type":"EÜ über Graben/Flutöffn. zeitw. Wasser","source":"DB InfraGO infrastructure data","source_url":"https://data.gov.de/suche/daten/infrastrukturdaten-der-db-infrago"}},{"type":"Feature","geometry":{"type":"LineString","coordinates":[[13.237956779597013,51.60394817075187],[13.238074618121347,51.60368916799542]]},"properties":{"kind":"rail_bridge","name":"Kreuzungsbauwerk","length_m":85.0,"route":"6133","state":"Brandenburg","crossing_type":"EÜ über DBAG-Gleise","source":"DB InfraGO infrastructure data","source_url":"https://data.gov.de/suche/daten/infrastrukturdaten-der-db-infrago"}},{"type":"Feature","geometry":{"type":"LineString","coordinates":[[13.48489229699638,52.49918524858713],[13.485498677307305,52.498509809272115]]},"properties":{"kind":"rail_bridge","name":"Krbw Zobtener Str.","length_m":132.0,"route":"6140","state":"Berlin","crossing_type":"EÜ über DBAG-Gleise","source":"DB InfraGO infrastructure data","source_url":"https://data.gov.de/suche/daten/infrastrukturdaten-der-db-infrago"}},{"type":"Feature","geometry":{"type":"LineString","coordinates":[[13.556853424443624,52.42166064796313],[13.556864690891747,52.421465673254474]]},"properties":{"kind":"rail_bridge","name":"EÜ Adlergestell  mit Kabelbrücke","length_m":121.0,"route":"6142","state":"Berlin","crossing_type":"EÜ über DBAG-Gleise","source":"DB InfraGO infrastructure data","source_url":"https://data.gov.de/suche/daten/infrastrukturdaten-der-db-infrago"}},{"type":"Feature","geometry":{"type":"LineString","coordinates":[[13.519439469880872,52.44967695465493],[13.520719673189122,52.44959686567322]]},"properties":{"kind":"rail_bridge","name":"EÜ Adlergestell","length_m":110.0,"route":"6143","state":"Berlin","crossing_type":"EÜ über DBAG-Gleise","source":"DB InfraGO infrastructure data","source_url":"https://data.gov.de/suche/daten/infrastrukturdaten-der-db-infrago"}},{"type":"Feature","geometry":{"type":"LineString","coordinates":[[13.552906693965284,52.42720185989214],[13.553574282190318,52.42698153419169],[13.554429615967253,52.42682884846142]]},"properties":{"kind":"rail_bridge","name":"EÜ Adlergestell Bw 12/","length_m":118.0,"route":"6144","state":"Berlin","crossing_type":"EÜ über andere Straße/Weg KFZ-Verkehr","source":"DB InfraGO infrastructure data","source_url":"https://data.gov.de/suche/daten/infrastrukturdaten-der-db-infrago"}},{"type":"Feature","geometry":{"type":"LineString","coordinates":[[13.430477468280001,52.51158553217768],[13.430477482720036,52.51158553032264]]},"properties":{"kind":"rail_bridge","name":"Bahnbogen 4-27","length_m":251.0,"route":"6152","state":"Berlin","crossing_type":"EÜ Überbrückungsreihe (Stadtbahnbögen)","source":"DB InfraGO infrastructure data","source_url":"https://data.gov.de/suche/daten/infrastrukturdaten-der-db-infrago"}},{"type":"Feature","geometry":{"type":"LineString","coordinates":[[13.430477468280001,52.51158553217768],[13.430477482720036,52.51158553032264]]},"properties":{"kind":"rail_bridge","name":"Bahnbogen 4-27","length_m":251.0,"route":"6152","state":"Berlin","crossing_type":"EÜ Überbrückungsreihe (Stadtbahnbögen)","source":"DB InfraGO infrastructure data","source_url":"https://data.gov.de/suche/daten/infrastrukturdaten-der-db-infrago"}},{"type":"Feature","geometry":{"type":"LineString","coordinates":[[13.432557545421023,52.511314062179196],[13.433607710522386,52.511053793852106],[13.434816354607094,52.51053735155052]]},"properties":{"kind":"rail_bridge","name":"EÜ Bahnsteig S-B","length_m":156.0,"route":"6152","state":"Berlin","crossing_type":"EÜ über DBAG-Gleise","source":"DB InfraGO infrastructure data","source_url":"https://data.gov.de/suche/daten/infrastrukturdaten-der-db-infrago"}},{"type":"Feature","geometry":{"type":"LineString","coordinates":[[13.432557545421023,52.511314062179196],[13.433607710522386,52.511053793852106],[13.434816354607094,52.51053735155052]]},"properties":{"kind":"rail_bridge","name":"EÜ KRBW Ostkreuz","length_m":177.0,"route":"6152","state":"Berlin","crossing_type":"EÜ über DBAG-Gleise","source":"DB InfraGO infrastructure data","source_url":"https://data.gov.de/suche/daten/infrastrukturdaten-der-db-infrago"}},{"type":"Feature","geometry":{"type":"LineString","coordinates":[[13.466940133491958,52.50326400774626],[13.466940147600273,52.503264005234605]]},"properties":{"kind":"rail_bridge","name":"Krbw Südk.Süd 4/16/51","length_m":360.19,"route":"6152","state":"Berlin","crossing_type":"EÜ über DBAG-Gleise","source":"DB InfraGO infrastructure data","source_url":"https://data.gov.de/suche/daten/infrastrukturdaten-der-db-infrago"}},{"type":"Feature","geometry":{"type":"LineString","coordinates":[[13.467278731206711,52.5032037249363],[13.467278745314921,52.50320372242443]]},"properties":{"kind":"rail_bridge","name":"Krbw Südk.Nord4/16/52","length_m":218.26,"route":"6152","state":"Berlin","crossing_type":"EÜ über DBAG-Gleise","source":"DB InfraGO infrastructure data","source_url":"https://data.gov.de/suche/daten/infrastrukturdaten-der-db-infrago"}},{"type":"Feature","geometry":{"type":"LineString","coordinates":[[13.469768046413725,52.502775961423346],[13.46978368562403,52.502773428688286]]},"properties":{"kind":"rail_bridge","name":"EÜ über Gleise der DB AG  SU über Gleiser der DB AG","length_m":177.0,"route":"6152","state":"Berlin","crossing_type":"EÜ über DBAG-Gleise","source":"DB InfraGO infrastructure data","source_url":"https://data.gov.de/suche/daten/infrastrukturdaten-der-db-infrago"}},{"type":"Feature","geometry":{"type":"LineString","coordinates":[[13.476409141490757,52.501553701038134],[13.476409155464875,52.50155369826228]]},"properties":{"kind":"rail_bridge","name":"E Bogen 1-20 Rgb","length_m":141.0,"route":"6152","state":"Berlin","crossing_type":"EÜ über nur Räume für DBAG-Zwecke","source":"DB InfraGO infrastructure data","source_url":"https://data.gov.de/suche/daten/infrastrukturdaten-der-db-infrago"}},{"type":"Feature","geometry":{"type":"LineString","coordinates":[[13.434643265728107,52.51025337745945],[13.435752639028225,52.50977533945105]]},"properties":{"kind":"rail_bridge","name":"EÜ KRBW Ostkreuz","length_m":177.0,"route":"6153","state":"Berlin","crossing_type":"EÜ über DBAG-Gleise","source":"DB InfraGO infrastructure data","source_url":"https://data.gov.de/suche/daten/infrastrukturdaten-der-db-infrago"}},{"type":"Feature","geometry":{"type":"LineString","coordinates":[[13.44544541740687,52.50712431250271],[13.447914347135868,52.50668099440774]]},"properties":{"kind":"rail_bridge","name":"EÜ Bahnsteig S-B","length_m":156.0,"route":"6153","state":"Berlin","crossing_type":"EÜ über DBAG-Gleise","source":"DB InfraGO infrastructure data","source_url":"https://data.gov.de/suche/daten/infrastrukturdaten-der-db-infrago"}},{"type":"Feature","geometry":{"type":"LineString","coordinates":[[14.655217814115636,52.131563821796455],[14.65521781240225,52.13156381287068]]},"properties":{"kind":"rail_bridge","name":"EÜ Neu. Oder-Spree-Kanal","length_m":101.0,"route":"6153","state":"Brandenburg","crossing_type":"EÜ über künstliche Wasserstraße (Kanal)","source":"DB InfraGO infrastructure data","source_url":"https://data.gov.de/suche/daten/infrastrukturdaten-der-db-infrago"}},{"type":"Feature","geometry":{"type":"LineString","coordinates":[[14.654401523992624,52.127307827020275],[14.654240074412707,52.12647164922181]]},"properties":{"kind":"rail_bridge","name":"EÜ Alt. Oder-Spree-Kanal  Stahlbrücke","length_m":112.0,"route":"6153","state":"Brandenburg","crossing_type":"EÜ über künstliche Wasserstraße (Kanal)","source":"DB InfraGO infrastructure data","source_url":"https://data.gov.de/suche/daten/infrastrukturdaten-der-db-infrago"}},{"type":"Feature","geometry":{"type":"LineString","coordinates":[[14.572891711061036,52.319909889978376],[14.576690365085739,52.32128631216308]]},"properties":{"kind":"rail_bridge","name":"EÜ Oderbrücke Frankfurt/Oder","length_m":460.0,"route":"6155","state":"Brandenburg","crossing_type":"EÜ über natürlich schiffbaren Fluß","source":"DB InfraGO infrastructure data","source_url":"https://data.gov.de/suche/daten/infrastrukturdaten-der-db-infrago"}},{"type":"Feature","geometry":{"type":"LineString","coordinates":[[13.35686956906611,52.53816699665765],[13.358511582634739,52.53889650698564]]},"properties":{"kind":"rail_bridge","name":"EÜ Spandauer Schifffahrtskanal","length_m":130.0,"route":"6170","state":"Berlin","crossing_type":"EÜ über künstliche Wasserstraße (Kanal)","source":"DB InfraGO infrastructure data","source_url":"https://data.gov.de/suche/daten/infrastrukturdaten-der-db-infrago"}},{"type":"Feature","geometry":{"type":"LineString","coordinates":[[13.453169419842736,52.471046937500525],[13.452767287102008,52.47088455029235]]},"properties":{"kind":"rail_bridge","name":"Krbw Ringbahn","length_m":90.0,"route":"6170","state":"Berlin","crossing_type":"EÜ über DBAG-Gleise","source":"DB InfraGO infrastructure data","source_url":"https://data.gov.de/suche/daten/infrastrukturdaten-der-db-infrago"}},{"type":"Feature","geometry":{"type":"LineString","coordinates":[[13.345922227037844,52.47802489315461],[13.342781279220938,52.47799733868624]]},"properties":{"kind":"rail_bridge","name":"EÜ InnsbruckerPlatz","length_m":214.0,"route":"6170","state":"Berlin","crossing_type":"EÜ über Autobahn","source":"DB InfraGO infrastructure data","source_url":"https://data.gov.de/suche/daten/infrastrukturdaten-der-db-infrago"}},{"type":"Feature","geometry":{"type":"LineString","coordinates":[[13.359379919427235,52.53570174669485],[13.359689327847143,52.53527319119135],[13.360566433267007,52.534405568429044]]},"properties":{"kind":"rail_bridge","name":"EÜ Nordost","length_m":569.0,"route":"6171","state":"Berlin","crossing_type":"EÜ über DBAG-Gleise","source":"DB InfraGO infrastructure data","source_url":"https://data.gov.de/suche/daten/infrastrukturdaten-der-db-infrago"}},{"type":"Feature","geometry":{"type":"LineString","coordinates":[[13.370364473110248,52.47115930125548],[13.368498947442065,52.47109157682869]]},"properties":{"kind":"rail_bridge","name":"EÜ Sachsendamm+BAB","length_m":131.0,"route":"6172","state":"Berlin","crossing_type":"EÜ über Bundesstraße","source":"DB InfraGO infrastructure data","source_url":"https://data.gov.de/suche/daten/infrastrukturdaten-der-db-infrago"}},{"type":"Feature","geometry":{"type":"LineString","coordinates":[[13.282030921356183,52.4974652058661],[13.283015895227843,52.497858300864664]]},"properties":{"kind":"rail_bridge","name":"EÜ Halenseestraße","length_m":83.0,"route":"6178","state":"Berlin","crossing_type":"EÜ über Autobahn","source":"DB InfraGO infrastructure data","source_url":"https://data.gov.de/suche/daten/infrastrukturdaten-der-db-infrago"}},{"type":"Feature","geometry":{"type":"LineString","coordinates":[[13.240121168904212,52.527089447438755],[13.236785725486413,52.52812095009072]]},"properties":{"kind":"rail_bridge","name":"EU Kraftwerk Reuter","length_m":254.0,"route":"6179","state":"Berlin","crossing_type":"EÜ über DBAG-Gleise","source":"DB InfraGO infrastructure data","source_url":"https://data.gov.de/suche/daten/infrastrukturdaten-der-db-infrago"}},{"type":"Feature","geometry":{"type":"LineString","coordinates":[[13.216886666168179,52.63296989600177],[13.215695311922726,52.63314881508127]]},"properties":{"kind":"rail_bridge","name":"EÜ Oder-Havel-Kanal","length_m":155.0,"route":"6183","state":"Brandenburg","crossing_type":"EÜ über natürlich schiffbaren Fluß","source":"DB InfraGO infrastructure data","source_url":"https://data.gov.de/suche/daten/infrastrukturdaten-der-db-infrago"}},{"type":"Feature","geometry":{"type":"LineString","coordinates":[[12.955847667809895,52.55096717618366],[12.954626233580315,52.55105200260429]]},"properties":{"kind":"rail_bridge","name":"6185/129,371/1633  EÜ Havelkanal Wus","length_m":90.0,"route":"6185","state":"Brandenburg","crossing_type":"EÜ über künstliche Wasserstraße (Kanal)","source":"DB InfraGO infrastructure data","source_url":"https://data.gov.de/suche/daten/infrastrukturdaten-der-db-infrago"}},{"type":"Feature","geometry":{"type":"LineString","coordinates":[[12.326003883664303,52.59367702827946],[12.322510280132223,52.59301546966203]]},"properties":{"kind":"rail_bridge","name":"EÜ Havel Rathenow","length_m":230.0,"route":"6185","state":"Brandenburg","crossing_type":"EÜ über natürlich schiffbaren Fluß","source":"DB InfraGO infrastructure data","source_url":"https://data.gov.de/suche/daten/infrastrukturdaten-der-db-infrago"}},{"type":"Feature","geometry":{"type":"LineString","coordinates":[[11.9951533180313,52.59865886072544],[11.995153008890572,52.59865892113824]]},"properties":{"kind":"rail_bridge","name":"Flutbrücke Ost","length_m":838.0,"route":"6185","state":"Sachsen-Anhalt","crossing_type":"EÜ über natürlich schiffbaren Fluß","source":"DB InfraGO infrastructure data","source_url":"https://data.gov.de/suche/daten/infrastrukturdaten-der-db-infrago"}},{"type":"Feature","geometry":{"type":"LineString","coordinates":[[11.073984275227147,52.457335481505204],[11.072446602908247,52.45703871645989]]},"properties":{"kind":"rail_bridge","name":"Eisenbahnüberführung","length_m":130.0,"route":"6185","state":"Sachsen-Anhalt","crossing_type":"EÜ über künstliche Wasserstraße (Kanal)","source":"DB InfraGO infrastructure data","source_url":"https://data.gov.de/suche/daten/infrastrukturdaten-der-db-infrago"}},{"type":"Feature","geometry":{"type":"LineString","coordinates":[[14.049230591902017,51.23235539665378],[14.048549874990131,51.23163558396137]]},"properties":{"kind":"rail_bridge","name":"Viadukt Bischheim-Häslich","length_m":105.0,"route":"6200","state":"Sachsen","crossing_type":"EÜ über andere Straße/Weg Fahrverkehr","source":"DB InfraGO infrastructure data","source_url":"https://data.gov.de/suche/daten/infrastrukturdaten-der-db-infrago"}},{"type":"Feature","geometry":{"type":"LineString","coordinates":[[13.934221044134619,50.96692545043813],[13.934325394174719,50.96607013111468],[13.934256866126885,50.96473209401837],[13.93417948895364,50.96437705813443]]},"properties":{"kind":"rail_bridge","name":"EÜ Elbebrücke Pirna","length_m":290.0,"route":"6200","state":"Sachsen","crossing_type":"EÜ über andere Straße/Weg Fahrverkehr","source":"DB InfraGO infrastructure data","source_url":"https://data.gov.de/suche/daten/infrastrukturdaten-der-db-infrago"}},{"type":"Feature","geometry":{"type":"LineString","coordinates":[[14.67889732821642,51.098104596528025],[14.67639930044582,51.09857627880822]]},"properties":{"kind":"rail_bridge","name":"EÜ (Löbauer Wasser)","length_m":190.0,"route":"6212","state":"Sachsen","crossing_type":"EÜ über andere Straße/Weg Fahrverkehr","source":"DB InfraGO infrastructure data","source_url":"https://data.gov.de/suche/daten/infrastrukturdaten-der-db-infrago"}},{"type":"Feature","geometry":{"type":"LineString","coordinates":[[14.587039241599376,51.15764507299885],[14.585842062502685,51.158006603301395]]},"properties":{"kind":"rail_bridge","name":"Viadukt Niethen","length_m":118.0,"route":"6212","state":"Sachsen","crossing_type":"EÜ über Graben/Flutöffn. zeitw. Wasser","source":"DB InfraGO infrastructure data","source_url":"https://data.gov.de/suche/daten/infrastrukturdaten-der-db-infrago"}},{"type":"Feature","geometry":{"type":"LineString","coordinates":[[14.42017380866055,51.175285028961426],[14.417070880521393,51.17582577391449]]},"properties":{"kind":"rail_bridge","name":"Viadukt Bautzen","length_m":245.0,"route":"6212","state":"Sachsen","crossing_type":"EÜ über andere Straße/Weg Fahrverkehr","source":"DB InfraGO infrastructure data","source_url":"https://data.gov.de/suche/daten/infrastrukturdaten-der-db-infrago"}},{"type":"Feature","geometry":{"type":"LineString","coordinates":[[14.248352358400206,51.139561405120176],[14.245455335852007,51.14042616992887]]},"properties":{"kind":"rail_bridge","name":"Eisenbahnüberführung  Viadukt","length_m":240.0,"route":"6212","state":"Sachsen","crossing_type":"EÜ über andere Straße/Weg Fahrverkehr","source":"DB InfraGO infrastructure data","source_url":"https://data.gov.de/suche/daten/infrastrukturdaten-der-db-infrago"}},{"type":"Feature","geometry":{"type":"LineString","coordinates":[[13.94418694041736,51.10472374270347],[13.94294448225133,51.10490588201073]]},"properties":{"kind":"rail_bridge","name":"Bachbrücke Schwarze Röder  Eisenbahnüberführung","length_m":88.0,"route":"6212","state":"Sachsen","crossing_type":"EÜ über Graben/Flutöffn. zeitw. Wasser","source":"DB InfraGO infrastructure data","source_url":"https://data.gov.de/suche/daten/infrastrukturdaten-der-db-infrago"}},{"type":"Feature","geometry":{"type":"LineString","coordinates":[[13.797508397591772,51.12279487092715],[13.79678341048692,51.122098913442976]]},"properties":{"kind":"rail_bridge","name":"Kreuzungsbauwerk GD","length_m":146.0,"route":"6212","state":"Sachsen","crossing_type":"EÜ über DBAG-Gleise","source":"DB InfraGO infrastructure data","source_url":"https://data.gov.de/suche/daten/infrastrukturdaten-der-db-infrago"}},{"type":"Feature","geometry":{"type":"LineString","coordinates":[[13.746761472675049,51.07029548988464],[13.746050681399822,51.06961130908637]]},"properties":{"kind":"rail_bridge","name":"Kreuzungsbauwerk BRII  zu TP:DN-----BR0000400","length_m":92.0,"route":"6212","state":"Sachsen","crossing_type":"EÜ über nur Räume für DBAG-Zwecke","source":"DB InfraGO infrastructure data","source_url":"https://data.gov.de/suche/daten/infrastrukturdaten-der-db-infrago"}},{"type":"Feature","geometry":{"type":"LineString","coordinates":[[14.755238722383455,50.906609607507235],[14.754692386943518,50.90686444072722]]},"properties":{"kind":"rail_bridge","name":"-Schülertal-Viadukt-","length_m":88.0,"route":"6214","state":"Sachsen","crossing_type":"EÜ über Graben/Flutöffn. zeitw. Wasser","source":"DB InfraGO infrastructure data","source_url":"https://data.gov.de/suche/daten/infrastrukturdaten-der-db-infrago"}},{"type":"Feature","geometry":{"type":"LineString","coordinates":[[14.748301061993766,50.90978412588642],[14.747518163013256,50.91057707776347]]},"properties":{"kind":"rail_bridge","name":"Eisenbahnüberführung  Mandau-Viadukt","length_m":117.0,"route":"6214","state":"Sachsen","crossing_type":"EÜ über andere Straße/Weg Fahrverkehr","source":"DB InfraGO infrastructure data","source_url":"https://data.gov.de/suche/daten/infrastrukturdaten-der-db-infrago"}},{"type":"Feature","geometry":{"type":"LineString","coordinates":[[14.740665529025128,50.924254803707136],[14.740311045300425,50.92511146951267]]},"properties":{"kind":"rail_bridge","name":"-Mandauviadukt-","length_m":112.0,"route":"6214","state":"Sachsen","crossing_type":"EÜ über andere Straße/Weg Fahrverkehr","source":"DB InfraGO infrastructure data","source_url":"https://data.gov.de/suche/daten/infrastrukturdaten-der-db-infrago"}},{"type":"Feature","geometry":{"type":"LineString","coordinates":[[14.434299133077017,51.04714837596086],[14.433648565723349,51.047493768593704],[14.433119693244583,51.04787056382938]]},"properties":{"kind":"rail_bridge","name":"-Sohlander Viadukt-","length_m":123.0,"route":"6215","state":"Sachsen","crossing_type":"EÜ über DBAG-Gleise","source":"DB InfraGO infrastructure data","source_url":"https://data.gov.de/suche/daten/infrastrukturdaten-der-db-infrago"}},{"type":"Feature","geometry":{"type":"LineString","coordinates":[[14.427304861317449,51.07618469473605],[14.427284162355896,51.07750846814432]]},"properties":{"kind":"rail_bridge","name":"E Viadukt Schirgiswal","length_m":151.0,"route":"6215","state":"Sachsen","crossing_type":"EÜ über andere Straße/Weg Fahrverkehr","source":"DB InfraGO infrastructure data","source_url":"https://data.gov.de/suche/daten/infrastrukturdaten-der-db-infrago"}},{"type":"Feature","geometry":{"type":"LineString","coordinates":[[14.25618944448506,50.96943600145784],[14.255182042716731,50.969633131001494]]},"properties":{"kind":"rail_bridge","name":"Eisenbahnüberführung","length_m":134.0,"route":"6216","state":"Sachsen","crossing_type":"EÜ über andere Straße/Weg Fahrverkehr","source":"DB InfraGO infrastructure data","source_url":"https://data.gov.de/suche/daten/infrastrukturdaten-der-db-infrago"}},{"type":"Feature","geometry":{"type":"LineString","coordinates":[[14.131432436223854,50.924264890930445],[14.13135523066284,50.92307380322659],[14.131596440694665,50.92186632044901]]},"properties":{"kind":"rail_bridge","name":"EÜ Elbebrücke Bad Schandau","length_m":273.0,"route":"6216","state":"Sachsen","crossing_type":"EÜ über Graben/Flutöffn. zeitw. Wasser","source":"DB InfraGO infrastructure data","source_url":"https://data.gov.de/suche/daten/infrastrukturdaten-der-db-infrago"}},{"type":"Feature","geometry":{"type":"LineString","coordinates":[[14.238178792195153,51.0952479367034],[14.237379993263017,51.09592891880289],[14.236608585993825,51.09668444468075],[14.236001454987182,51.09749719214609],[14.235573314635184,51.098348739871]]},"properties":{"kind":"rail_bridge","name":"-Putzkauer Viadukt-","length_m":400.0,"route":"6217","state":"Sachsen","crossing_type":"EÜ über andere Straße/Weg Fahrverkehr","source":"DB InfraGO infrastructure data","source_url":"https://data.gov.de/suche/daten/infrastrukturdaten-der-db-infrago"}},{"type":"Feature","geometry":{"type":"LineString","coordinates":[[14.425287033451205,51.49459263876814],[14.425610747029626,51.49513898783428]]},"properties":{"kind":"rail_bridge","name":"EÜ Spree bei Graustein","length_m":107.0,"route":"6222","state":"Sachsen","crossing_type":"EÜ über Graben/Flutöffn. zeitw. Wasser","source":"DB InfraGO infrastructure data","source_url":"https://data.gov.de/suche/daten/infrastrukturdaten-der-db-infrago"}},{"type":"Feature","geometry":{"type":"LineString","coordinates":[[13.73348288008218,51.04036096471869],[13.73017552285761,51.0414410961089]]},"properties":{"kind":"rail_bridge","name":"Dresden Hbf  Nordhalle","length_m":260.0,"route":"6239","state":"Sachsen","crossing_type":"EÜ über nur Räume für DBAG-Zwecke","source":"DB InfraGO infrastructure data","source_url":"https://data.gov.de/suche/daten/infrastrukturdaten-der-db-infrago"}},{"type":"Feature","geometry":{"type":"LineString","coordinates":[[13.720746248606632,51.05263653994336],[13.721394488916998,51.053525268954196],[13.721869785036208,51.054053199418796]]},"properties":{"kind":"rail_bridge","name":"Bahnbögen 1 - 13  Könneritzstraße","length_m":162.0,"route":"6239","state":"Sachsen","crossing_type":"EÜ über nur Räume für DBAG-Zwecke","source":"DB InfraGO infrastructure data","source_url":"https://data.gov.de/suche/daten/infrastrukturdaten-der-db-infrago"}},{"type":"Feature","geometry":{"type":"LineString","coordinates":[[13.722068864390682,51.054255166437855],[13.723166534828598,51.055168665109825]]},"properties":{"kind":"rail_bridge","name":"Bahnbögen 14 - 23  Schweriner Str.","length_m":125.0,"route":"6239","state":"Sachsen","crossing_type":"EÜ über nur Räume für DBAG-Zwecke","source":"DB InfraGO infrastructure data","source_url":"https://data.gov.de/suche/daten/infrastrukturdaten-der-db-infrago"}},{"type":"Feature","geometry":{"type":"LineString","coordinates":[[13.724332930121196,51.056042857425226],[13.725641456828022,51.057015225772716]]},"properties":{"kind":"rail_bridge","name":"Bahnbögen 24 - 33  Dresden-Mitte","length_m":136.0,"route":"6239","state":"Sachsen","crossing_type":"EÜ über nur Räume für DBAG-Zwecke","source":"DB InfraGO infrastructure data","source_url":"https://data.gov.de/suche/daten/infrastrukturdaten-der-db-infrago"}},{"type":"Feature","geometry":{"type":"LineString","coordinates":[[13.725893939639684,51.05720027854676],[13.726983459135669,51.05803784630613]]},"properties":{"kind":"rail_bridge","name":"Bahnbögen 34 - 41  Friedrichstraße","length_m":124.0,"route":"6239","state":"Sachsen","crossing_type":"EÜ über nur Räume für DBAG-Zwecke","source":"DB InfraGO infrastructure data","source_url":"https://data.gov.de/suche/daten/infrastrukturdaten-der-db-infrago"}},{"type":"Feature","geometry":{"type":"LineString","coordinates":[[14.22311199383299,50.89527892945289],[14.222497449591824,50.8958414830452]]},"properties":{"kind":"rail_bridge","name":"Hirschmühlenviadukt","length_m":82.0,"route":"6240","state":"Sachsen","crossing_type":"EÜ über andere Straße/Weg Fahrverkehr","source":"DB InfraGO infrastructure data","source_url":"https://data.gov.de/suche/daten/infrastrukturdaten-der-db-infrago"}},{"type":"Feature","geometry":{"type":"LineString","coordinates":[[14.076940812983725,50.91927672685131],[14.075453260563595,50.91922244664207],[14.07452069058581,50.91925830741918]]},"properties":{"kind":"rail_bridge","name":"Viadukt in Königstein  Eisenbahnüberführung","length_m":159.0,"route":"6240","state":"Sachsen","crossing_type":"EÜ über andere Straße/Weg KFZ-Verkehr","source":"DB InfraGO infrastructure data","source_url":"https://data.gov.de/suche/daten/infrastrukturdaten-der-db-infrago"}},{"type":"Feature","geometry":{"type":"LineString","coordinates":[[14.07366186265054,50.91932922940646],[14.07206490833901,50.919551859268196]]},"properties":{"kind":"rail_bridge","name":"Viadukt II Königstein","length_m":124.0,"route":"6240","state":"Sachsen","crossing_type":"EÜ über andere Straße/Weg KFZ-Verkehr","source":"DB InfraGO infrastructure data","source_url":"https://data.gov.de/suche/daten/infrastrukturdaten-der-db-infrago"}},{"type":"Feature","geometry":{"type":"LineString","coordinates":[[13.728626722990814,51.05966107570911],[13.729157087353432,51.060170203079025],[13.729512050056902,51.06044504300056],[13.730013083594981,51.06073529791123],[13.730655448267148,51.06101235556842],[13.734000832298413,51.06211653832228]]},"properties":{"kind":"rail_bridge","name":"EÜ Marienbrücke  Bogenbrücke","length_m":490.0,"route":"6240","state":"Sachsen","crossing_type":"EÜ über natürlich schiffbaren Fluß","source":"DB InfraGO infrastructure data","source_url":"https://data.gov.de/suche/daten/infrastrukturdaten-der-db-infrago"}},{"type":"Feature","geometry":{"type":"LineString","coordinates":[[13.739364463025494,51.06563442442324],[13.740788835068349,51.06654473306749]]},"properties":{"kind":"rail_bridge","name":"Eisenbahnüberführung  Bf Dre-N. Gewölbereihe","length_m":156.0,"route":"6241","state":"Sachsen","crossing_type":"EÜ über nur Räume für DBAG-Zwecke","source":"DB InfraGO infrastructure data","source_url":"https://data.gov.de/suche/daten/infrastrukturdaten-der-db-infrago"}},{"type":"Feature","geometry":{"type":"LineString","coordinates":[[13.746340734951778,51.07019247393993],[13.746843373882756,51.0705954588615]]},"properties":{"kind":"rail_bridge","name":"Kreuzungsbauwerk BRI  Gewölbe hinter ib/TP:DN-----BR0000500","length_m":111.0,"route":"6241","state":"Sachsen","crossing_type":"EÜ über DBAG-Gleise","source":"DB InfraGO infrastructure data","source_url":"https://data.gov.de/suche/daten/infrastrukturdaten-der-db-infrago"}},{"type":"Feature","geometry":{"type":"LineString","coordinates":[[13.747416450544002,51.07105699237344],[13.748079526738868,51.07165903342635]]},"properties":{"kind":"rail_bridge","name":"Eisenbahnüberführung  Bahnbögen liegende Gewölbe","length_m":100.0,"route":"6241","state":"Sachsen","crossing_type":"EÜ über nur Räume für DBAG-Zwecke","source":"DB InfraGO infrastructure data","source_url":"https://data.gov.de/suche/daten/infrastrukturdaten-der-db-infrago"}},{"type":"Feature","geometry":{"type":"LineString","coordinates":[[13.738343748305544,51.06735066168175],[13.738558258115436,51.06699950968017],[13.738688016846694,51.06656121956171],[13.738664906322773,51.06611212699736],[13.738549542164055,51.06572613066373]]},"properties":{"kind":"rail_bridge","name":"Viadukt  Hansastraße","length_m":194.0,"route":"6246","state":"Sachsen","crossing_type":"EÜ über nur Räume für DBAG-Zwecke","source":"DB InfraGO infrastructure data","source_url":"https://data.gov.de/suche/daten/infrastrukturdaten-der-db-infrago"}},{"type":"Feature","geometry":{"type":"LineString","coordinates":[[13.605876644344875,51.094776728946904],[13.604541340611188,51.097818052011164]]},"properties":{"kind":"rail_bridge","name":"EÜ Elbebrücke Niederwartha","length_m":359.0,"route":"6248","state":"Sachsen","crossing_type":"EÜ über Graben/Flutöffn. zeitw. Wasser","source":"DB InfraGO infrastructure data","source_url":"https://data.gov.de/suche/daten/infrastrukturdaten-der-db-infrago"}},{"type":"Feature","geometry":{"type":"LineString","coordinates":[[13.53085329878771,51.257897125841005],[13.530702463585001,51.258113811109915]]},"properties":{"kind":"rail_bridge","name":"Kreuzungsbauwerk","length_m":155.0,"route":"6248","state":"Sachsen","crossing_type":"EÜ über DBAG-Gleise","source":"DB InfraGO infrastructure data","source_url":"https://data.gov.de/suche/daten/infrastrukturdaten-der-db-infrago"}},{"type":"Feature","geometry":{"type":"LineString","coordinates":[[13.164032172639846,51.197743530707086],[13.163047453064383,51.19666647307341]]},"properties":{"kind":"rail_bridge","name":"EÜ Viadukt Ostrau","length_m":150.0,"route":"6255","state":"Sachsen","crossing_type":"EÜ über Landstraße I. Ordnung/Staatstraße","source":"DB InfraGO infrastructure data","source_url":"https://data.gov.de/suche/daten/infrastrukturdaten-der-db-infrago"}},{"type":"Feature","geometry":{"type":"LineString","coordinates":[[13.099598261443159,51.131444120782405],[13.099436574898052,51.13068123521961]]},"properties":{"kind":"rail_bridge","name":"EÜ über Freiberger Mulde","length_m":95.0,"route":"6255","state":"Sachsen","crossing_type":"EÜ über Graben/Flutöffn. zeitw. Wasser","source":"DB InfraGO infrastructure data","source_url":"https://data.gov.de/suche/daten/infrastrukturdaten-der-db-infrago"}},{"type":"Feature","geometry":{"type":"LineString","coordinates":[[13.044977989372155,51.10930242119466],[13.043348050314192,51.10847454507643],[13.042048658015728,51.107894783364166]]},"properties":{"kind":"rail_bridge","name":"Limmritzer Viadukt","length_m":260.0,"route":"6255","state":"Sachsen","crossing_type":"EÜ über andere Straße/Weg Fahrverkehr","source":"DB InfraGO infrastructure data","source_url":"https://data.gov.de/suche/daten/infrastrukturdaten-der-db-infrago"}},{"type":"Feature","geometry":{"type":"LineString","coordinates":[[13.024367675469788,51.10481628041759],[13.02371261982368,51.104396969130434]]},"properties":{"kind":"rail_bridge","name":"Eisenbahnüberführung","length_m":80.0,"route":"6255","state":"Sachsen","crossing_type":"EÜ über andere Straße/Weg Fahrverkehr","source":"DB InfraGO infrastructure data","source_url":"https://data.gov.de/suche/daten/infrastrukturdaten-der-db-infrago"}},{"type":"Feature","geometry":{"type":"LineString","coordinates":[[13.022275224231596,51.10279318187172],[13.021783347315152,51.1019681642292],[13.021645120900205,51.101530830308505],[13.021521025158798,51.10089686026817]]},"properties":{"kind":"rail_bridge","name":"Eisenbahnüberführung","length_m":228.0,"route":"6255","state":"Sachsen","crossing_type":"EÜ über andere Straße/Weg Fahrverkehr","source":"DB InfraGO infrastructure data","source_url":"https://data.gov.de/suche/daten/infrastrukturdaten-der-db-infrago"}},{"type":"Feature","geometry":{"type":"LineString","coordinates":[[13.021596865935305,51.09741663533126],[13.02165511041952,51.09640544475771]]},"properties":{"kind":"rail_bridge","name":"Eisenbahnüberführung","length_m":110.0,"route":"6255","state":"Sachsen","crossing_type":"EÜ über andere Straße/Weg Fahrverkehr","source":"DB InfraGO infrastructure data","source_url":"https://data.gov.de/suche/daten/infrastrukturdaten-der-db-infrago"}},{"type":"Feature","geometry":{"type":"LineString","coordinates":[[13.013374248735312,51.08189805996245],[13.013176180273986,51.08135698604781],[13.012981381928181,51.08041141575613]]},"properties":{"kind":"rail_bridge","name":"Eisenbahnüberführung","length_m":172.0,"route":"6255","state":"Sachsen","crossing_type":"EÜ über andere Straße/Weg Fahrverkehr","source":"DB InfraGO infrastructure data","source_url":"https://data.gov.de/suche/daten/infrastrukturdaten-der-db-infrago"}},{"type":"Feature","geometry":{"type":"LineString","coordinates":[[12.954937936540464,50.931490686578854],[12.955325317247175,50.93089337712839]]},"properties":{"kind":"rail_bridge","name":"Eisenbahnüberführung","length_m":84.0,"route":"6255","state":"Sachsen","crossing_type":"EÜ über andere Straße/Weg Fahrverkehr","source":"DB InfraGO infrastructure data","source_url":"https://data.gov.de/suche/daten/infrastrukturdaten-der-db-infrago"}},{"type":"Feature","geometry":{"type":"LineString","coordinates":[[13.481541609037453,50.914196484133626],[13.480718669696664,50.91304167428332]]},"properties":{"kind":"rail_bridge","name":"Colmnitzer Viadukt","length_m":148.0,"route":"6258","state":"Sachsen","crossing_type":"EÜ über andere Straße/Weg Fahrverkehr","source":"DB InfraGO infrastructure data","source_url":"https://data.gov.de/suche/daten/infrastrukturdaten-der-db-infrago"}},{"type":"Feature","geometry":{"type":"LineString","coordinates":[[13.436725912346871,50.90241944409029],[13.43516710015115,50.902880755626775]]},"properties":{"kind":"rail_bridge","name":"Talbrücke Niederbobritzsch","length_m":175.0,"route":"6258","state":"Sachsen","crossing_type":"EÜ über andere Straße/Weg Fahrverkehr","source":"DB InfraGO infrastructure data","source_url":"https://data.gov.de/suche/daten/infrastrukturdaten-der-db-infrago"}},{"type":"Feature","geometry":{"type":"LineString","coordinates":[[13.388294211915888,50.900562255469765],[13.38724772990573,50.89981672851974],[13.386444337932309,50.89932020091178]]},"properties":{"kind":"rail_bridge","name":"Viadukt Muldenhütten","length_m":180.0,"route":"6258","state":"Sachsen","crossing_type":"EÜ über Graben/Flutöffn. zeitw. Wasser","source":"DB InfraGO infrastructure data","source_url":"https://data.gov.de/suche/daten/infrastrukturdaten-der-db-infrago"}},{"type":"Feature","geometry":{"type":"LineString","coordinates":[[13.243369094122164,50.91056552547124],[13.239215904113307,50.909007515588044]]},"properties":{"kind":"rail_bridge","name":"Wegefahrter-Viadukt","length_m":348.0,"route":"6258","state":"Sachsen","crossing_type":"EÜ über Graben/Flutöffn. zeitw. Wasser","source":"DB InfraGO infrastructure data","source_url":"https://data.gov.de/suche/daten/infrastrukturdaten-der-db-infrago"}},{"type":"Feature","geometry":{"type":"LineString","coordinates":[[13.13559660894107,50.84530567140632],[13.131091107369206,50.84621517261396]]},"properties":{"kind":"rail_bridge","name":"EÜ Hetzbachtalbrücke","length_m":360.0,"route":"6258","state":"Sachsen","crossing_type":"EÜ über andere Straße/Weg Fahrverkehr","source":"DB InfraGO infrastructure data","source_url":"https://data.gov.de/suche/daten/infrastrukturdaten-der-db-infrago"}},{"type":"Feature","geometry":{"type":"LineString","coordinates":[[13.123354727534426,50.84776724578074],[13.11885210179405,50.84866969933839]]},"properties":{"kind":"rail_bridge","name":"Flöhatalbrücke","length_m":360.0,"route":"6258","state":"Sachsen","crossing_type":"EÜ über DBAG-Gleise","source":"DB InfraGO infrastructure data","source_url":"https://data.gov.de/suche/daten/infrastrukturdaten-der-db-infrago"}},{"type":"Feature","geometry":{"type":"LineString","coordinates":[[12.920673862190071,50.82440491280453],[12.9174288475708,50.82571207888011]]},"properties":{"kind":"rail_bridge","name":"Viadukt Beckerbrücke","length_m":290.0,"route":"6258","state":"Sachsen","crossing_type":"EÜ über Bundesstraße","source":"DB InfraGO infrastructure data","source_url":"https://data.gov.de/suche/daten/infrastrukturdaten-der-db-infrago"}},{"type":"Feature","geometry":{"type":"LineString","coordinates":[[12.688652409870022,50.795082387862365],[12.687612706389599,50.79542853249687]]},"properties":{"kind":"rail_bridge","name":"Hüttengrundviadukt","length_m":122.0,"route":"6258","state":"Sachsen","crossing_type":"EÜ über Wege/Räume Reisende-Bstg.Zug.","source":"DB InfraGO infrastructure data","source_url":"https://data.gov.de/suche/daten/infrastrukturdaten-der-db-infrago"}},{"type":"Feature","geometry":{"type":"LineString","coordinates":[[12.555891104277423,50.82943300817086],[12.554896488353107,50.82942088932383]]},"properties":{"kind":"rail_bridge","name":"Lungwitzbach-Viadukt","length_m":93.0,"route":"6258","state":"Sachsen","crossing_type":"EÜ über Landstraße I. Ordnung/Staatstraße","source":"DB InfraGO infrastructure data","source_url":"https://data.gov.de/suche/daten/infrastrukturdaten-der-db-infrago"}},{"type":"Feature","geometry":{"type":"LineString","coordinates":[[12.554684548887833,50.82941291703385],[12.554582499866802,50.829406547988754]]},"properties":{"kind":"rail_bridge","name":"EÜ Grabenbrücke","length_m":110.0,"route":"6258","state":"Sachsen","crossing_type":"EÜ über Graben/Flutöffn. zeitw. Wasser","source":"DB InfraGO infrastructure data","source_url":"https://data.gov.de/suche/daten/infrastrukturdaten-der-db-infrago"}},{"type":"Feature","geometry":{"type":"LineString","coordinates":[[12.540931306485943,50.82774843500134],[12.54008913773367,50.827618812343545]]},"properties":{"kind":"rail_bridge","name":"Muldenbrücke","length_m":84.0,"route":"6258","state":"Sachsen","crossing_type":"EÜ über anderen Wasserlauf","source":"DB InfraGO infrastructure data","source_url":"https://data.gov.de/suche/daten/infrastrukturdaten-der-db-infrago"}},{"type":"Feature","geometry":{"type":"LineString","coordinates":[[12.532157919061934,50.82809370416327],[12.53008304035497,50.82859720637561]]},"properties":{"kind":"rail_bridge","name":"Flutbrücke","length_m":160.0,"route":"6258","state":"Sachsen","crossing_type":"EÜ über Bundesstraße","source":"DB InfraGO infrastructure data","source_url":"https://data.gov.de/suche/daten/infrastrukturdaten-der-db-infrago"}},{"type":"Feature","geometry":{"type":"LineString","coordinates":[[12.480102585570606,50.72031987668213],[12.479877612394285,50.7195507573917]]},"properties":{"kind":"rail_bridge","name":"Eisenbahnüberführung  Marienthaler Viadukt","length_m":94.0,"route":"6258","state":"Sachsen","crossing_type":"EÜ über Landstraße I. Ordnung/Staatstraße","source":"DB InfraGO infrastructure data","source_url":"https://data.gov.de/suche/daten/infrastrukturdaten-der-db-infrago"}},{"type":"Feature","geometry":{"type":"LineString","coordinates":[[12.68258392955855,50.62977832488011],[12.682416862412119,50.63082201999988]]},"properties":{"kind":"rail_bridge","name":"Poppenwaldviadukt","length_m":131.0,"route":"6264","state":"Sachsen","crossing_type":"EÜ über andere Straße/Weg Fahrverkehr","source":"DB InfraGO infrastructure data","source_url":"https://data.gov.de/suche/daten/infrastrukturdaten-der-db-infrago"}},{"type":"Feature","geometry":{"type":"LineString","coordinates":[[12.427396305946308,50.92923482059996],[12.426633667963015,50.928868037066124]]},"properties":{"kind":"rail_bridge","name":"E Pleißebrücke","length_m":81.0,"route":"6266","state":"Thüringen","crossing_type":"EÜ über anderen Wasserlauf","source":"DB InfraGO infrastructure data","source_url":"https://data.gov.de/suche/daten/infrastrukturdaten-der-db-infrago"}},{"type":"Feature","geometry":{"type":"LineString","coordinates":[[12.383388588888451,50.71075355475224],[12.38332440814417,50.71076876042073]]},"properties":{"kind":"rail_bridge","name":"Römertal-Viadukt","length_m":225.0,"route":"6267","state":"Sachsen","crossing_type":"EÜ über Landstraße II. Ordnung/Kreisstraße","source":"DB InfraGO infrastructure data","source_url":"https://data.gov.de/suche/daten/infrastrukturdaten-der-db-infrago"}},{"type":"Feature","geometry":{"type":"LineString","coordinates":[[12.173546452479396,50.85936239228514],[12.172448524417417,50.85957867890422]]},"properties":{"kind":"rail_bridge","name":"Eisenbahnüberführung Gessental","length_m":104.0,"route":"6268","state":"Thüringen","crossing_type":"EÜ über Tal","source":"DB InfraGO infrastructure data","source_url":"https://data.gov.de/suche/daten/infrastrukturdaten-der-db-infrago"}},{"type":"Feature","geometry":{"type":"LineString","coordinates":[[12.077727997326834,50.8168014021014],[12.077359830383369,50.81574651221691]]},"properties":{"kind":"rail_bridge","name":"Melitzer Viadukt","length_m":120.0,"route":"6269","state":"Thüringen","crossing_type":"EÜ über anderen Wasserlauf","source":"DB InfraGO infrastructure data","source_url":"https://data.gov.de/suche/daten/infrastrukturdaten-der-db-infrago"}},{"type":"Feature","geometry":{"type":"LineString","coordinates":[[12.100359775895361,50.79059303026313],[12.100446070188003,50.78974595065259]]},"properties":{"kind":"rail_bridge","name":"EÜ über die Weiße Elster","length_m":96.0,"route":"6269","state":"Thüringen","crossing_type":"EÜ über anderen Wasserlauf","source":"DB InfraGO infrastructure data","source_url":"https://data.gov.de/suche/daten/infrastrukturdaten-der-db-infrago"}},{"type":"Feature","geometry":{"type":"LineString","coordinates":[[12.174809640750192,50.69460046147718],[12.175194557425751,50.69380402255955]]},"properties":{"kind":"rail_bridge","name":"EÜ Elsterbrücke 5","length_m":98.0,"route":"6269","state":"Thüringen","crossing_type":"EÜ über anderen Wasserlauf","source":"DB InfraGO infrastructure data","source_url":"https://data.gov.de/suche/daten/infrastrukturdaten-der-db-infrago"}},{"type":"Feature","geometry":{"type":"LineString","coordinates":[[12.196833890510595,50.64230558068121],[12.19677845251898,50.64210607748067],[12.1965414523861,50.64168350955234],[12.196365319708873,50.641485696313836]]},"properties":{"kind":"rail_bridge","name":"Elsterbrücke","length_m":109.0,"route":"6269","state":"Thüringen","crossing_type":"EÜ über anderen Wasserlauf","source":"DB InfraGO infrastructure data","source_url":"https://data.gov.de/suche/daten/infrastrukturdaten-der-db-infrago"}},{"type":"Feature","geometry":{"type":"LineString","coordinates":[[12.114848792954488,50.50219003644091],[12.114248205255981,50.50148453701862],[12.113672708455248,50.50061104985764]]},"properties":{"kind":"rail_bridge","name":"EÜ Syra","length_m":210.0,"route":"6270","state":"Sachsen","crossing_type":"EÜ über andere Straße/Weg Fahrverkehr","source":"DB InfraGO infrastructure data","source_url":"https://data.gov.de/suche/daten/infrastrukturdaten-der-db-infrago"}},{"type":"Feature","geometry":{"type":"LineString","coordinates":[[12.078571653670005,50.47520828958743],[12.077697275473609,50.474652529653554]]},"properties":{"kind":"rail_bridge","name":"EÜ Rosenbach","length_m":127.0,"route":"6270","state":"Sachsen","crossing_type":"EÜ über andere Straße/Weg Fahrverkehr","source":"DB InfraGO infrastructure data","source_url":"https://data.gov.de/suche/daten/infrastrukturdaten-der-db-infrago"}},{"type":"Feature","geometry":{"type":"LineString","coordinates":[[12.25537560600595,50.299821522246354],[12.255129591463882,50.298761321630984]]},"properties":{"kind":"rail_bridge","name":"Rauntal-Viadukt","length_m":113.0,"route":"6270","state":"Sachsen","crossing_type":"EÜ über andere Straße/Weg Fahrverkehr","source":"DB InfraGO infrastructure data","source_url":"https://data.gov.de/suche/daten/infrastrukturdaten-der-db-infrago"}},{"type":"Feature","geometry":{"type":"LineString","coordinates":[[13.693477784572188,51.05841480036316],[13.692793082057623,51.05854682483059]]},"properties":{"kind":"rail_bridge","name":"Eisenbahnüberführung","length_m":85.0,"route":"6272","state":"Sachsen","crossing_type":"EÜ über DBAG-Gleise","source":"DB InfraGO infrastructure data","source_url":"https://data.gov.de/suche/daten/infrastrukturdaten-der-db-infrago"}},{"type":"Feature","geometry":{"type":"LineString","coordinates":[[10.685270324253313,50.609728721663295],[10.685042064064413,50.60899208470056]]},"properties":{"kind":"rail_bridge","name":"E Lauterbachviadukt","length_m":115.0,"route":"6298","state":"Thüringen","crossing_type":"EÜ über Landstraße I. Ordnung/Staatstraße","source":"DB InfraGO infrastructure data","source_url":"https://data.gov.de/suche/daten/infrastrukturdaten-der-db-infrago"}},{"type":"Feature","geometry":{"type":"LineString","coordinates":[[10.956367606346864,50.83728273085092],[10.957093123620004,50.83719359156754],[10.958195835008969,50.837165727448685]]},"properties":{"kind":"rail_bridge","name":"Geraviadukt","length_m":138.0,"route":"6299","state":"Thüringen","crossing_type":"EÜ über anderen Wasserlauf","source":"DB InfraGO infrastructure data","source_url":"https://data.gov.de/suche/daten/infrastrukturdaten-der-db-infrago"}},{"type":"Feature","geometry":{"type":"LineString","coordinates":[[11.074003909211605,50.77302407380783],[11.074452409496182,50.77230600953554],[11.074656370416422,50.77187564369981],[11.07484456498472,50.77131294253015]]},"properties":{"kind":"rail_bridge","name":"6299/15,163/1612  Ilmviadukt","length_m":201.0,"route":"6299","state":"Thüringen","crossing_type":"EÜ über andere Straße/Weg Fahrverkehr","source":"DB InfraGO infrastructure data","source_url":"https://data.gov.de/suche/daten/infrastrukturdaten-der-db-infrago"}},{"type":"Feature","geometry":{"type":"LineString","coordinates":[[11.360465032237066,50.661598271227305],[11.362355699128162,50.66106577934514]]},"properties":{"kind":"rail_bridge","name":"6299/46,014/1634  Saalebrücke","length_m":147.0,"route":"6299","state":"Thüringen","crossing_type":"EÜ über anderen Wasserlauf","source":"DB InfraGO infrastructure data","source_url":"https://data.gov.de/suche/daten/infrastrukturdaten-der-db-infrago"}},{"type":"Feature","geometry":{"type":"LineString","coordinates":[[11.307360166719631,51.36081344245462],[11.306851987500561,51.36047169752762]]},"properties":{"kind":"rail_bridge","name":"Unstrutbrücke","length_m":80.0,"route":"6300","state":"Thüringen","crossing_type":"EÜ über anderen Wasserlauf","source":"DB InfraGO infrastructure data","source_url":"https://data.gov.de/suche/daten/infrastrukturdaten-der-db-infrago"}},{"type":"Feature","geometry":{"type":"LineString","coordinates":[[11.343478952320746,50.987880197040205],[11.343581974664168,50.986699983824394]]},"properties":{"kind":"rail_bridge","name":"Ilmviadukt","length_m":153.0,"route":"6307","state":"Thüringen","crossing_type":"EÜ über anderen Wasserlauf","source":"DB InfraGO infrastructure data","source_url":"https://data.gov.de/suche/daten/infrastrukturdaten-der-db-infrago"}},{"type":"Feature","geometry":{"type":"LineString","coordinates":[[11.596583256496098,50.88148445622578],[11.597741028915626,50.88069816353528]]},"properties":{"kind":"rail_bridge","name":"EÜ","length_m":120.0,"route":"6307","state":"Thüringen","crossing_type":"EÜ über Graben/Flutöffn. zeitw. Wasser","source":"DB InfraGO infrastructure data","source_url":"https://data.gov.de/suche/daten/infrastrukturdaten-der-db-infrago"}},{"type":"Feature","geometry":{"type":"LineString","coordinates":[[12.01111144176214,50.89050145921468],[12.01230970271002,50.890530212238296]]},"properties":{"kind":"rail_bridge","name":"EÜ Erlbachbrücke","length_m":83.0,"route":"6307","state":"Thüringen","crossing_type":"EÜ über Graben/Flutöffn. zeitw. Wasser","source":"DB InfraGO infrastructure data","source_url":"https://data.gov.de/suche/daten/infrastrukturdaten-der-db-infrago"}},{"type":"Feature","geometry":{"type":"LineString","coordinates":[[10.368972093104249,50.655873081417795],[10.369852212324746,50.65555345989976]]},"properties":{"kind":"rail_bridge","name":"Werrabrücke","length_m":80.0,"route":"6311","state":"Thüringen","crossing_type":"EÜ über Graben/Flutöffn. zeitw. Wasser","source":"DB InfraGO infrastructure data","source_url":"https://data.gov.de/suche/daten/infrastrukturdaten-der-db-infrago"}},{"type":"Feature","geometry":{"type":"LineString","coordinates":[[11.005959739539215,50.224144896145525],[11.006161359199568,50.224138081282156]]},"properties":{"kind":"rail_bridge","name":"Füllbachtalbrücke","length_m":1012.0,"route":"6311","state":"Bayern","crossing_type":"EÜ über Tal","source":"DB InfraGO infrastructure data","source_url":"https://data.gov.de/suche/daten/infrastrukturdaten-der-db-infrago"}},{"type":"Feature","geometry":{"type":"LineString","coordinates":[[11.07535243652004,50.15909371737706],[11.07543331597155,50.15824882862286]]},"properties":{"kind":"rail_bridge","name":"EÜ  lh=10,17","length_m":98.0,"route":"6311","state":"Bayern","crossing_type":"EÜ über anderen Wasserlauf","source":"DB InfraGO infrastructure data","source_url":"https://data.gov.de/suche/daten/infrastrukturdaten-der-db-infrago"}},{"type":"Feature","geometry":{"type":"LineString","coordinates":[[13.11087807693767,54.30714901461122],[13.11263445584159,54.30789434205148]]},"properties":{"kind":"rail_bridge","name":"Ziegelgrabenbrücke  Klappbrücke","length_m":140.0,"route":"6321","state":"Mecklenburg-Vorpommern","crossing_type":"EÜ über künstliche Wasserstraße (Kanal)","source":"DB InfraGO infrastructure data","source_url":"https://data.gov.de/suche/daten/infrastrukturdaten-der-db-infrago"}},{"type":"Feature","geometry":{"type":"LineString","coordinates":[[13.126647237486978,54.31523815542299],[13.133236933365012,54.31878177388227]]},"properties":{"kind":"rail_bridge","name":"Strelasundbrücke","length_m":560.0,"route":"6321","state":"Mecklenburg-Vorpommern","crossing_type":"EÜ über künstliche Wasserstraße (Kanal)","source":"DB InfraGO infrastructure data","source_url":"https://data.gov.de/suche/daten/infrastrukturdaten-der-db-infrago"}},{"type":"Feature","geometry":{"type":"LineString","coordinates":[[12.158039233797426,54.04090581747315],[12.15730000163392,54.04197046574885]]},"properties":{"kind":"rail_bridge","name":"Warnowbrücke bei Neix Faw.","length_m":108.0,"route":"6325","state":"Mecklenburg-Vorpommern","crossing_type":"EÜ über Graben/Flutöffn. zeitw. Wasser","source":"DB InfraGO infrastructure data","source_url":"https://data.gov.de/suche/daten/infrastrukturdaten-der-db-infrago"}},{"type":"Feature","geometry":{"type":"LineString","coordinates":[[11.987816391950524,51.422984037655596],[11.988015249115364,51.42247878225012],[11.98808417540418,51.42159594940062]]},"properties":{"kind":"rail_bridge","name":"E Überwerfungsbauwerk","length_m":159.0,"route":"6340","state":"Sachsen-Anhalt","crossing_type":"EÜ über DBAG-Gleise","source":"DB InfraGO infrastructure data","source_url":"https://data.gov.de/suche/daten/infrastrukturdaten-der-db-infrago"}},{"type":"Feature","geometry":{"type":"LineString","coordinates":[[11.988194309785834,51.42024723959598],[11.988297063279857,51.41899756661315]]},"properties":{"kind":"rail_bridge","name":"Weiße Elster Brücke  Brücke mit Bettung","length_m":142.0,"route":"6340","state":"Sachsen-Anhalt","crossing_type":"EÜ über Graben/Flutöffn. zeitw. Wasser","source":"DB InfraGO infrastructure data","source_url":"https://data.gov.de/suche/daten/infrastrukturdaten-der-db-infrago"}},{"type":"Feature","geometry":{"type":"LineString","coordinates":[[11.98856643833662,51.41555285044999],[11.988624035715565,51.4148427721757]]},"properties":{"kind":"rail_bridge","name":"Flutbrücke","length_m":86.0,"route":"6340","state":"Sachsen-Anhalt","crossing_type":"EÜ über Graben/Flutöffn. zeitw. Wasser","source":"DB InfraGO infrastructure data","source_url":"https://data.gov.de/suche/daten/infrastrukturdaten-der-db-infrago"}},{"type":"Feature","geometry":{"type":"LineString","coordinates":[[11.988907919667847,51.41134499391662],[11.98890792039607,51.41134498494521]]},"properties":{"kind":"rail_bridge","name":"Saale-Elster-Talbrücke","length_m":2817.0,"route":"6340","state":"Sachsen-Anhalt","crossing_type":"EÜ über Graben/Flutöffn. zeitw. Wasser","source":"DB InfraGO infrastructure data","source_url":"https://data.gov.de/suche/daten/infrastrukturdaten-der-db-infrago"}},{"type":"Feature","geometry":{"type":"LineString","coordinates":[[11.989679739087753,51.40186688644922],[11.989786773838787,51.40055630178462]]},"properties":{"kind":"rail_bridge","name":"Saaleflutbrücke","length_m":145.0,"route":"6340","state":"Sachsen-Anhalt","crossing_type":"EÜ über Graben/Flutöffn. zeitw. Wasser","source":"DB InfraGO infrastructure data","source_url":"https://data.gov.de/suche/daten/infrastrukturdaten-der-db-infrago"}},{"type":"Feature","geometry":{"type":"LineString","coordinates":[[11.990401282899082,51.39624671080862],[11.990515225486071,51.395558354077856]]},"properties":{"kind":"rail_bridge","name":"Saalebrücke","length_m":84.0,"route":"6340","state":"Sachsen-Anhalt","crossing_type":"EÜ über natürlich schiffbaren Fluß","source":"DB InfraGO infrastructure data","source_url":"https://data.gov.de/suche/daten/infrastrukturdaten-der-db-infrago"}},{"type":"Feature","geometry":{"type":"LineString","coordinates":[[11.963103499414162,51.20367560351052],[11.960566083245528,51.20361440097846]]},"properties":{"kind":"rail_bridge","name":"Saalebrücke Weißenfels","length_m":185.0,"route":"6340","state":"Sachsen-Anhalt","crossing_type":"EÜ über anderen Wasserlauf","source":"DB InfraGO infrastructure data","source_url":"https://data.gov.de/suche/daten/infrastrukturdaten-der-db-infrago"}},{"type":"Feature","geometry":{"type":"LineString","coordinates":[[11.863967971423756,51.17497348448041],[11.86302659765517,51.17476065228322]]},"properties":{"kind":"rail_bridge","name":"Saalebrücke 2  Strombrücke","length_m":81.0,"route":"6340","state":"Sachsen-Anhalt","crossing_type":"EÜ über anderen Wasserlauf","source":"DB InfraGO infrastructure data","source_url":"https://data.gov.de/suche/daten/infrastrukturdaten-der-db-infrago"}},{"type":"Feature","geometry":{"type":"LineString","coordinates":[[11.822858185203565,51.16782328360422],[11.821376944720289,51.16767696516714]]},"properties":{"kind":"rail_bridge","name":"Saaleflutbrücke 7","length_m":113.16,"route":"6340","state":"Sachsen-Anhalt","crossing_type":"EÜ über Graben/Flutöffn. zeitw. Wasser","source":"DB InfraGO infrastructure data","source_url":"https://data.gov.de/suche/daten/infrastrukturdaten-der-db-infrago"}},{"type":"Feature","geometry":{"type":"LineString","coordinates":[[11.719422178546566,51.137398540016854],[11.718865975018808,51.13631675820015]]},"properties":{"kind":"rail_bridge","name":"Saalebrücke 8","length_m":128.0,"route":"6340","state":"Sachsen-Anhalt","crossing_type":"EÜ über natürlich schiffbaren Fluß","source":"DB InfraGO infrastructure data","source_url":"https://data.gov.de/suche/daten/infrastrukturdaten-der-db-infrago"}},{"type":"Feature","geometry":{"type":"LineString","coordinates":[[11.705121381937513,51.11162577550979],[11.70336331199646,51.11137515137361]]},"properties":{"kind":"rail_bridge","name":"Saalebrücke 9","length_m":112.0,"route":"6340","state":"Sachsen-Anhalt","crossing_type":"EÜ über anderen Wasserlauf","source":"DB InfraGO infrastructure data","source_url":"https://data.gov.de/suche/daten/infrastrukturdaten-der-db-infrago"}},{"type":"Feature","geometry":{"type":"LineString","coordinates":[[11.69539168804498,51.110255069654315],[11.694271464141735,51.11009716071588]]},"properties":{"kind":"rail_bridge","name":"Saaleflutbrücke 11","length_m":86.0,"route":"6340","state":"Sachsen-Anhalt","crossing_type":"EÜ über Landstraße II. Ordnung/Kreisstraße","source":"DB InfraGO infrastructure data","source_url":"https://data.gov.de/suche/daten/infrastrukturdaten-der-db-infrago"}},{"type":"Feature","geometry":{"type":"LineString","coordinates":[[11.644024565419828,51.10303227115243],[11.643693634662714,51.1028370669113]]},"properties":{"kind":"rail_bridge","name":"Kreuzungsbauwerk","length_m":165.0,"route":"6340","state":"Thüringen","crossing_type":"EÜ über DBAG-Gleise","source":"DB InfraGO infrastructure data","source_url":"https://data.gov.de/suche/daten/infrastrukturdaten-der-db-infrago"}},{"type":"Feature","geometry":{"type":"LineString","coordinates":[[11.517088300263161,51.03004624685505],[11.515927377775427,51.029802452891815]]},"properties":{"kind":"rail_bridge","name":"EÜ Talbrücke Apolda","length_m":103.0,"route":"6340","state":"Thüringen","crossing_type":"EÜ über andere Straße/Weg Fahrverkehr","source":"DB InfraGO infrastructure data","source_url":"https://data.gov.de/suche/daten/infrastrukturdaten-der-db-infrago"}},{"type":"Feature","geometry":{"type":"LineString","coordinates":[[11.468203927106483,51.0270940296758],[11.46704986018184,51.02729155193598]]},"properties":{"kind":"rail_bridge","name":"EÜ Ilmbrücke","length_m":89.0,"route":"6340","state":"Thüringen","crossing_type":"EÜ über anderen Wasserlauf","source":"DB InfraGO infrastructure data","source_url":"https://data.gov.de/suche/daten/infrastrukturdaten-der-db-infrago"}},{"type":"Feature","geometry":{"type":"LineString","coordinates":[[11.038298382721667,50.97213114752497],[11.038298369918502,50.97213114357912]]},"properties":{"kind":"rail_bridge","name":"E PT  DLZ Erfurt Hbf.","length_m":100.0,"route":"6340","state":"Thüringen","crossing_type":"EÜ über Wege/Räume Reisende-Bstg.Zug.","source":"DB InfraGO infrastructure data","source_url":"https://data.gov.de/suche/daten/infrastrukturdaten-der-db-infrago"}},{"type":"Feature","geometry":{"type":"LineString","coordinates":[[10.950657771445483,50.924018408758734],[10.950478768266292,50.92407415754411]]},"properties":{"kind":"rail_bridge","name":"Apfelstädttalbrücke","length_m":260.0,"route":"6340","state":"Thüringen","crossing_type":"EÜ über Landstraße II. Ordnung/Kreisstraße","source":"DB InfraGO infrastructure data","source_url":"https://data.gov.de/suche/daten/infrastrukturdaten-der-db-infrago"}},{"type":"Feature","geometry":{"type":"LineString","coordinates":[[10.22983683171814,51.00858411066077],[10.227515862072558,51.00908099377283]]},"properties":{"kind":"rail_bridge","name":"Werrabrücke","length_m":181.0,"route":"6340","state":"Thüringen","crossing_type":"EÜ über anderen Wasserlauf","source":"DB InfraGO infrastructure data","source_url":"https://data.gov.de/suche/daten/infrastrukturdaten-der-db-infrago"}},{"type":"Feature","geometry":{"type":"LineString","coordinates":[[9.554681052579202,51.08011051490838],[9.554141029666432,51.08068214340935]]},"properties":{"kind":"rail_bridge","name":"EÜ - Gewölbebrücke  Fuldabrücke","length_m":101.0,"route":"6340","state":"Hessen","crossing_type":"EÜ über Tal","source":"DB InfraGO infrastructure data","source_url":"https://data.gov.de/suche/daten/infrastrukturdaten-der-db-infrago"}},{"type":"Feature","geometry":{"type":"LineString","coordinates":[[9.5401087088087,51.09424683314186],[9.536912582613738,51.096064312668645]]},"properties":{"kind":"rail_bridge","name":"EÜ - Gewölbebrücke  Viadukt Malsfeld","length_m":289.0,"route":"6340","state":"Hessen","crossing_type":"EÜ über Tal","source":"DB InfraGO infrastructure data","source_url":"https://data.gov.de/suche/daten/infrastrukturdaten-der-db-infrago"}},{"type":"Feature","geometry":{"type":"LineString","coordinates":[[9.470180548508884,51.225247317273855],[9.46858064034014,51.227138742898155]]},"properties":{"kind":"rail_bridge","name":"EÜ -Gewölbebrücke-  Fuldabrücke","length_m":266.0,"route":"6340","state":"Hessen","crossing_type":"EÜ über natürlich schiffbaren Fluß","source":"DB InfraGO infrastructure data","source_url":"https://data.gov.de/suche/daten/infrastrukturdaten-der-db-infrago"}},{"type":"Feature","geometry":{"type":"LineString","coordinates":[[11.931033813127565,51.45110811552718],[11.928751915132981,51.45194773883159]]},"properties":{"kind":"rail_bridge","name":"EÜ Saalebrücke","length_m":195.0,"route":"6343","state":"Sachsen-Anhalt","crossing_type":"EÜ über natürlich schiffbaren Fluß","source":"DB InfraGO infrastructure data","source_url":"https://data.gov.de/suche/daten/infrastrukturdaten-der-db-infrago"}},{"type":"Feature","geometry":{"type":"LineString","coordinates":[[11.918097646387146,51.45586805847613],[11.914756158525625,51.457097251367934]]},"properties":{"kind":"rail_bridge","name":"EÜ Saaleflutbrücke","length_m":269.0,"route":"6343","state":"Sachsen-Anhalt","crossing_type":"EÜ über Graben/Flutöffn. zeitw. Wasser","source":"DB InfraGO infrastructure data","source_url":"https://data.gov.de/suche/daten/infrastrukturdaten-der-db-infrago"}},{"type":"Feature","geometry":{"type":"LineString","coordinates":[[11.738381487660094,51.66981702195172],[11.733727633272498,51.668695905988535]]},"properties":{"kind":"rail_bridge","name":"EÜ Saalebrücke Könnern","length_m":355.0,"route":"6344","state":"Sachsen-Anhalt","crossing_type":"EÜ über Graben/Flutöffn. zeitw. Wasser","source":"DB InfraGO infrastructure data","source_url":"https://data.gov.de/suche/daten/infrastrukturdaten-der-db-infrago"}},{"type":"Feature","geometry":{"type":"LineString","coordinates":[[13.00661751189126,51.56691181350413],[13.011572246411477,51.56722817700607]]},"properties":{"kind":"rail_bridge","name":"Elbebrücke Torgau","length_m":355.0,"route":"6345","state":"Sachsen","crossing_type":"EÜ über natürlich schiffbaren Fluß","source":"DB InfraGO infrastructure data","source_url":"https://data.gov.de/suche/daten/infrastrukturdaten-der-db-infrago"}},{"type":"Feature","geometry":{"type":"LineString","coordinates":[[12.003216815058563,51.46345566240152],[12.004181931321495,51.463115036479024]]},"properties":{"kind":"rail_bridge","name":"EÜ Leipziger Chaussee","length_m":80.0,"route":"6351","state":"Sachsen-Anhalt","crossing_type":"EÜ über Bundesstraße","source":"DB InfraGO infrastructure data","source_url":"https://data.gov.de/suche/daten/infrastrukturdaten-der-db-infrago"}},{"type":"Feature","geometry":{"type":"LineString","coordinates":[[12.472578904618537,50.97986215747709],[12.472588860458707,50.97915255284924]]},"properties":{"kind":"rail_bridge","name":"Eisenbahnüberführung","length_m":83.0,"route":"6362","state":"Thüringen","crossing_type":"EÜ über Graben/Flutöffn. zeitw. Wasser","source":"DB InfraGO infrastructure data","source_url":"https://data.gov.de/suche/daten/infrastrukturdaten-der-db-infrago"}},{"type":"Feature","geometry":{"type":"LineString","coordinates":[[12.362264419942209,50.76818511436051],[12.362466549129149,50.76748524034457]]},"properties":{"kind":"rail_bridge","name":"Viadukt Langenhessen","length_m":113.0,"route":"6362","state":"Sachsen","crossing_type":"EÜ über anderen Wasserlauf","source":"DB InfraGO infrastructure data","source_url":"https://data.gov.de/suche/daten/infrastrukturdaten-der-db-infrago"}},{"type":"Feature","geometry":{"type":"LineString","coordinates":[[12.367082737345013,50.72347972852913],[12.367524996870875,50.722062427283475]]},"properties":{"kind":"rail_bridge","name":"Viadukt Leubnitztal","length_m":171.0,"route":"6362","state":"Sachsen","crossing_type":"EÜ über Landstraße II. Ordnung/Kreisstraße","source":"DB InfraGO infrastructure data","source_url":"https://data.gov.de/suche/daten/infrastrukturdaten-der-db-infrago"}},{"type":"Feature","geometry":{"type":"LineString","coordinates":[[12.375131498826203,50.714972467669156],[12.375901254499327,50.71441911446581]]},"properties":{"kind":"rail_bridge","name":"Viadukt Steinpleis","length_m":126.0,"route":"6362","state":"Sachsen","crossing_type":"EÜ über andere Straße/Weg Fahrverkehr","source":"DB InfraGO infrastructure data","source_url":"https://data.gov.de/suche/daten/infrastrukturdaten-der-db-infrago"}},{"type":"Feature","geometry":{"type":"LineString","coordinates":[[12.245255404304833,50.62568327048621],[12.244834083731014,50.62483091600779],[12.24303332184409,50.62071841250357]]},"properties":{"kind":"rail_bridge","name":"Göltzschtalbrücke","length_m":578.0,"route":"6362","state":"Sachsen","crossing_type":"EÜ über Tal","source":"DB InfraGO infrastructure data","source_url":"https://data.gov.de/suche/daten/infrastrukturdaten-der-db-infrago"}},{"type":"Feature","geometry":{"type":"LineString","coordinates":[[11.94496948470999,50.432112267917425],[11.946019729801701,50.43176829537947]]},"properties":{"kind":"rail_bridge","name":"EÜ Grobauer Viadukt","length_m":154.0,"route":"6362","state":"Sachsen","crossing_type":"EÜ über Landstraße II. Ordnung/Kreisstraße","source":"DB InfraGO infrastructure data","source_url":"https://data.gov.de/suche/daten/infrastrukturdaten-der-db-infrago"}},{"type":"Feature","geometry":{"type":"LineString","coordinates":[[11.903387355753837,50.33678542242485],[11.903107669016896,50.335234713880126]]},"properties":{"kind":"rail_bridge","name":"EÜ Saalebrücke","length_m":174.0,"route":"6362","state":"Bayern","crossing_type":"EÜ über Tal","source":"DB InfraGO infrastructure data","source_url":"https://data.gov.de/suche/daten/infrastrukturdaten-der-db-infrago"}},{"type":"Feature","geometry":{"type":"LineString","coordinates":[[12.723215087694609,51.35941196658892],[12.725509904900859,51.36055203992474]]},"properties":{"kind":"rail_bridge","name":"E EÜ Muldebrücke Wurz","length_m":190.0,"route":"6363","state":"Sachsen","crossing_type":"EÜ über Graben/Flutöffn. zeitw. Wasser","source":"DB InfraGO infrastructure data","source_url":"https://data.gov.de/suche/daten/infrastrukturdaten-der-db-infrago"}},{"type":"Feature","geometry":{"type":"LineString","coordinates":[[12.723446515420893,51.35952446122122],[12.72552470916446,51.360559443780964]]},"properties":{"kind":"rail_bridge","name":"6363+24.47+1633","length_m":185.0,"route":"6363","state":"Sachsen","crossing_type":"EÜ über natürlich schiffbaren Fluß","source":"DB InfraGO infrastructure data","source_url":"https://data.gov.de/suche/daten/infrastrukturdaten-der-db-infrago"}},{"type":"Feature","geometry":{"type":"LineString","coordinates":[[13.31211108947263,51.32079826375015],[13.313092038396002,51.32127166034003]]},"properties":{"kind":"rail_bridge","name":"Eisenbahnüberführung  Viadukt 2 Röderau","length_m":90.0,"route":"6363","state":"Sachsen","crossing_type":"EÜ über Graben/Flutöffn. zeitw. Wasser","source":"DB InfraGO infrastructure data","source_url":"https://data.gov.de/suche/daten/infrastrukturdaten-der-db-infrago"}},{"type":"Feature","geometry":{"type":"LineString","coordinates":[[12.055558854289867,51.299616904460386],[12.054227722826578,51.2975502549385]]},"properties":{"kind":"rail_bridge","name":"EÜ Saalebrücke","length_m":255.0,"route":"6367","state":"Sachsen-Anhalt","crossing_type":"EÜ über natürlich schiffbaren Fluß","source":"DB InfraGO infrastructure data","source_url":"https://data.gov.de/suche/daten/infrastrukturdaten-der-db-infrago"}},{"type":"Feature","geometry":{"type":"LineString","coordinates":[[12.38947646347205,51.31384089368808],[12.389592839891783,51.313599795340956]]},"properties":{"kind":"rail_bridge","name":"Rahmenbauwerk","length_m":327.0,"route":"6377","state":"Sachsen","crossing_type":"EÜ über DBAG-Gleise","source":"DB InfraGO infrastructure data","source_url":"https://data.gov.de/suche/daten/infrastrukturdaten-der-db-infrago"}},{"type":"Feature","geometry":{"type":"LineString","coordinates":[[12.342156048308937,51.300278714644186],[12.34322703824096,51.29965386685062]]},"properties":{"kind":"rail_bridge","name":"EÜ Elsterflutbrücke","length_m":109.0,"route":"6379","state":"Sachsen","crossing_type":"EÜ über Graben/Flutöffn. zeitw. Wasser","source":"DB InfraGO infrastructure data","source_url":"https://data.gov.de/suche/daten/infrastrukturdaten-der-db-infrago"}},{"type":"Feature","geometry":{"type":"LineString","coordinates":[[12.323615196174286,51.36625394867514],[12.324352466153453,51.36774147223961]]},"properties":{"kind":"rail_bridge","name":"EÜ Luppeviadukt","length_m":170.0,"route":"6380","state":"Sachsen","crossing_type":"EÜ über anderen Wasserlauf","source":"DB InfraGO infrastructure data","source_url":"https://data.gov.de/suche/daten/infrastrukturdaten-der-db-infrago"}},{"type":"Feature","geometry":{"type":"LineString","coordinates":[[12.325999215285064,51.37106722921666],[12.327990384215951,51.375095436061976],[12.328151432683798,51.375580149133285],[12.328227186594448,51.37616600946412]]},"properties":{"kind":"rail_bridge","name":"EÜ Wahrener Viadukt","length_m":570.0,"route":"6380","state":"Sachsen","crossing_type":"EÜ über Bundesstraße","source":"DB InfraGO infrastructure data","source_url":"https://data.gov.de/suche/daten/infrastrukturdaten-der-db-infrago"}},{"type":"Feature","geometry":{"type":"LineString","coordinates":[[12.373312913424298,51.363142678907515],[12.373551145565848,51.36306423797967]]},"properties":{"kind":"rail_bridge","name":"EÜ Gohliser Viadukt","length_m":282.0,"route":"6382","state":"Sachsen","crossing_type":"EÜ über Landstraße II. Ordnung/Kreisstraße","source":"DB InfraGO infrastructure data","source_url":"https://data.gov.de/suche/daten/infrastrukturdaten-der-db-infrago"}},{"type":"Feature","geometry":{"type":"LineString","coordinates":[[12.01309285048796,50.9370695146703],[12.014241111219555,50.93673113828197]]},"properties":{"kind":"rail_bridge","name":"Elstertalbrücke","length_m":88.0,"route":"6383","state":"Thüringen","crossing_type":"EÜ über anderen Wasserlauf","source":"DB InfraGO infrastructure data","source_url":"https://data.gov.de/suche/daten/infrastrukturdaten-der-db-infrago"}},{"type":"Feature","geometry":{"type":"LineString","coordinates":[[11.392281731459317,50.61299263937974],[11.39390869659854,50.61305156680711]]},"properties":{"kind":"rail_bridge","name":"Eisenbahnüberführung  Saalebrücke","length_m":128.0,"route":"6383","state":"Thüringen","crossing_type":"EÜ über andere Straße/Weg Fahrverkehr","source":"DB InfraGO infrastructure data","source_url":"https://data.gov.de/suche/daten/infrastrukturdaten-der-db-infrago"}},{"type":"Feature","geometry":{"type":"LineString","coordinates":[[12.511703489190909,51.096178487977575],[12.514365120081246,51.09559742694009]]},"properties":{"kind":"rail_bridge","name":"Wyhraer Viadukt","length_m":196.0,"route":"6385","state":"Sachsen","crossing_type":"EÜ über Graben/Flutöffn. zeitw. Wasser","source":"DB InfraGO infrastructure data","source_url":"https://data.gov.de/suche/daten/infrastrukturdaten-der-db-infrago"}},{"type":"Feature","geometry":{"type":"LineString","coordinates":[[12.63956166538506,51.0595789358445],[12.64271408307166,51.0598659299138]]},"properties":{"kind":"rail_bridge","name":"Niedergräfenhainer Viadukt","length_m":236.0,"route":"6385","state":"Sachsen","crossing_type":"EÜ über andere Straße/Weg Fahrverkehr","source":"DB InfraGO infrastructure data","source_url":"https://data.gov.de/suche/daten/infrastrukturdaten-der-db-infrago"}},{"type":"Feature","geometry":{"type":"LineString","coordinates":[[12.674388481788618,51.0623330495227],[12.676336135008633,51.06197523734615]]},"properties":{"kind":"rail_bridge","name":"Geithainer Viadukt","length_m":96.0,"route":"6385","state":"Sachsen","crossing_type":"EÜ über andere Straße/Weg Fahrverkehr","source":"DB InfraGO infrastructure data","source_url":"https://data.gov.de/suche/daten/infrastrukturdaten-der-db-infrago"}},{"type":"Feature","geometry":{"type":"LineString","coordinates":[[12.76764581024819,50.98274499496999],[12.769941701190277,50.98050899450424]]},"properties":{"kind":"rail_bridge","name":"Göhrener Viadukt","length_m":430.0,"route":"6385","state":"Sachsen","crossing_type":"EÜ über DBAG-Gleise","source":"DB InfraGO infrastructure data","source_url":"https://data.gov.de/suche/daten/infrastrukturdaten-der-db-infrago"}},{"type":"Feature","geometry":{"type":"LineString","coordinates":[[12.816152566165329,50.92114570311435],[12.813988650034977,50.91777072003109]]},"properties":{"kind":"rail_bridge","name":"Viadukt Burgstädt","length_m":427.0,"route":"6385","state":"Sachsen","crossing_type":"EÜ über andere Straße/Weg Fahrverkehr","source":"DB InfraGO infrastructure data","source_url":"https://data.gov.de/suche/daten/infrastrukturdaten-der-db-infrago"}},{"type":"Feature","geometry":{"type":"LineString","coordinates":[[12.880750163817156,50.868508346908726],[12.88129577058012,50.86815246371637],[12.88186498184706,50.8678839879704],[12.882487427792313,50.867670132373064],[12.883578484242651,50.86743766828226]]},"properties":{"kind":"rail_bridge","name":"Bahrmühlen-Viadukt","length_m":235.0,"route":"6385","state":"Sachsen","crossing_type":"EÜ über Autobahn","source":"DB InfraGO infrastructure data","source_url":"https://data.gov.de/suche/daten/infrastrukturdaten-der-db-infrago"}},{"type":"Feature","geometry":{"type":"LineString","coordinates":[[12.927739445737725,50.853841496344124],[12.928804877846254,50.854013592739854],[12.929571288738266,50.85405283238328]]},"properties":{"kind":"rail_bridge","name":"EÜ Chemnitztahlviadukt  Blankenauer Straße","length_m":130.0,"route":"6385","state":"Sachsen","crossing_type":"EÜ über andere Straße/Weg Fahrverkehr","source":"DB InfraGO infrastructure data","source_url":"https://data.gov.de/suche/daten/infrastrukturdaten-der-db-infrago"}},{"type":"Feature","geometry":{"type":"LineString","coordinates":[[12.793062317782086,51.173721367401924],[12.796025209065837,51.17376004448911],[12.796649078932873,51.173704941781715],[12.797452711991442,51.17353424890832]]},"properties":{"kind":"rail_bridge","name":"E Viadukt Koessern","length_m":310.0,"route":"6386","state":"Sachsen","crossing_type":"EÜ über Graben/Flutöffn. zeitw. Wasser","source":"DB InfraGO infrastructure data","source_url":"https://data.gov.de/suche/daten/infrastrukturdaten-der-db-infrago"}},{"type":"Feature","geometry":{"type":"LineString","coordinates":[[12.873202878963252,51.16461295317294],[12.876145293312224,51.16474502172689]]},"properties":{"kind":"rail_bridge","name":"E Muldenbruecke Roeda","length_m":230.0,"route":"6386","state":"Sachsen","crossing_type":"EÜ über Graben/Flutöffn. zeitw. Wasser","source":"DB InfraGO infrastructure data","source_url":"https://data.gov.de/suche/daten/infrastrukturdaten-der-db-infrago"}},{"type":"Feature","geometry":{"type":"LineString","coordinates":[[12.945668740970648,51.160725642415095],[12.947327964537628,51.16114629704282]]},"properties":{"kind":"rail_bridge","name":"Eisenbahnüberführung","length_m":130.0,"route":"6386","state":"Sachsen","crossing_type":"EÜ über Graben/Flutöffn. zeitw. Wasser","source":"DB InfraGO infrastructure data","source_url":"https://data.gov.de/suche/daten/infrastrukturdaten-der-db-infrago"}},{"type":"Feature","geometry":{"type":"LineString","coordinates":[[13.051513083758987,51.13003125389501],[13.05322898231997,51.12963550411156]]},"properties":{"kind":"rail_bridge","name":"E muldenbruecke schwe","length_m":120.0,"route":"6386","state":"Sachsen","crossing_type":"EÜ über Graben/Flutöffn. zeitw. Wasser","source":"DB InfraGO infrastructure data","source_url":"https://data.gov.de/suche/daten/infrastrukturdaten-der-db-infrago"}},{"type":"Feature","geometry":{"type":"LineString","coordinates":[[13.477110231679486,51.16145317607011],[13.4801644550995,51.162300007267085]]},"properties":{"kind":"rail_bridge","name":"EÜ über Bundesstraße","length_m":261.0,"route":"6386","state":"Sachsen","crossing_type":"EÜ über natürlich schiffbaren Fluß","source":"DB InfraGO infrastructure data","source_url":"https://data.gov.de/suche/daten/infrastrukturdaten-der-db-infrago"}},{"type":"Feature","geometry":{"type":"LineString","coordinates":[[11.973980750749515,51.41096641791049],[11.97494010093601,51.41115658943719]]},"properties":{"kind":"rail_bridge","name":"E EÜ SET Stabbogenbr.","length_m":115.0,"route":"6394","state":"Sachsen-Anhalt","crossing_type":"EÜ über Graben/Flutöffn. zeitw. Wasser","source":"DB InfraGO infrastructure data","source_url":"https://data.gov.de/suche/daten/infrastrukturdaten-der-db-infrago"}},{"type":"Feature","geometry":{"type":"LineString","coordinates":[[11.979212154374894,51.412453252248625],[11.980300403632842,51.41292977160732],[11.981411581563707,51.41349847881941],[11.982447807684512,51.41411808111131],[11.983854461328635,51.41507950141176],[11.984571593364125,51.41573036884877],[11.985968684656978,51.41721835120474],[11.986951924599696,51.418667969806776],[11.987362348261623,51.419535104239884],[11.987672597291708,51.42040954070066],[11.987874211539848,51.42129933592113],[11.987867922436545,51.42148760709579]]},"properties":{"kind":"rail_bridge","name":"E EÜ Abzw.Saal Elster","length_m":2414.0,"route":"6394","state":"Sachsen-Anhalt","crossing_type":"EÜ über Tal","source":"DB InfraGO infrastructure data","source_url":"https://data.gov.de/suche/daten/infrastrukturdaten-der-db-infrago"}},{"type":"Feature","geometry":{"type":"LineString","coordinates":[[12.23296297201103,51.403134125893736],[12.23562893849001,51.40330209919183],[12.236195775877558,51.40341091585031],[12.237038466587741,51.40369315274935]]},"properties":{"kind":"rail_bridge","name":"EÜ Straße B6","length_m":99.0,"route":"6398","state":"Sachsen","crossing_type":"EÜ über Bundesstraße","source":"DB InfraGO infrastructure data","source_url":"https://data.gov.de/suche/daten/infrastrukturdaten-der-db-infrago"}},{"type":"Feature","geometry":{"type":"LineString","coordinates":[[11.824032316920947,52.591759407552615],[11.823271259266217,52.59177395493228]]},"properties":{"kind":"rail_bridge","name":"E Krbw StendalGl.Stl.","length_m":960.0,"route":"6401","state":"Sachsen-Anhalt","crossing_type":"EÜ über DBAG-Gleise","source":"DB InfraGO infrastructure data","source_url":"https://data.gov.de/suche/daten/infrastrukturdaten-der-db-infrago"}},{"type":"Feature","geometry":{"type":"LineString","coordinates":[[11.752019106400478,52.97761325264202],[11.760085457084044,52.98516599483472]]},"properties":{"kind":"rail_bridge","name":"6401+50.7+1633","length_m":1000.0,"route":"6401","state":"Sachsen-Anhalt","crossing_type":"EÜ über natürlich schiffbaren Fluß","source":"DB InfraGO infrastructure data","source_url":"https://data.gov.de/suche/daten/infrastrukturdaten-der-db-infrago"}},{"type":"Feature","geometry":{"type":"LineString","coordinates":[[11.752079633931189,52.97767030994872],[11.760360790006587,52.985425851076485]]},"properties":{"kind":"rail_bridge","name":"Elbebrücke Wittenberge","length_m":1026.0,"route":"6401","state":"Sachsen-Anhalt","crossing_type":"EÜ über Graben/Flutöffn. zeitw. Wasser","source":"DB InfraGO infrastructure data","source_url":"https://data.gov.de/suche/daten/infrastrukturdaten-der-db-infrago"}},{"type":"Feature","geometry":{"type":"LineString","coordinates":[[11.762478207646211,52.98820343508922],[11.762826172579254,52.988802957771746]]},"properties":{"kind":"rail_bridge","name":"EÜ Stepenitzbrücke  Stabbogenbrücke mit Bettung","length_m":110.0,"route":"6401","state":"Brandenburg","crossing_type":"EÜ über natürlich schiffbaren Fluß","source":"DB InfraGO infrastructure data","source_url":"https://data.gov.de/suche/daten/infrastrukturdaten-der-db-infrago"}},{"type":"Feature","geometry":{"type":"LineString","coordinates":[[11.810164364741688,51.91728740183936],[11.809804185617995,51.91364013998239]]},"properties":{"kind":"rail_bridge","name":"EÜ Saalebrücke","length_m":400.0,"route":"6403","state":"Sachsen-Anhalt","crossing_type":"EÜ über natürlich schiffbaren Fluß","source":"DB InfraGO infrastructure data","source_url":"https://data.gov.de/suche/daten/infrastrukturdaten-der-db-infrago"}},{"type":"Feature","geometry":{"type":"LineString","coordinates":[[12.372462543221447,51.390058381585646],[12.376596485766271,51.3908537673794]]},"properties":{"kind":"rail_bridge","name":"EÜ Wiederitzsch, Viadukt","length_m":305.0,"route":"6403","state":"Sachsen","crossing_type":"EÜ über Graben/Flutöffn. zeitw. Wasser","source":"DB InfraGO infrastructure data","source_url":"https://data.gov.de/suche/daten/infrastrukturdaten-der-db-infrago"}},{"type":"Feature","geometry":{"type":"LineString","coordinates":[[11.514214237348606,52.244769222296945],[11.512904138951686,52.24579339500447]]},"properties":{"kind":"rail_bridge","name":"Brücke","length_m":122.0,"route":"6409","state":"Sachsen-Anhalt","crossing_type":"EÜ über künstliche Wasserstraße (Kanal)","source":"DB InfraGO infrastructure data","source_url":"https://data.gov.de/suche/daten/infrastrukturdaten-der-db-infrago"}},{"type":"Feature","geometry":{"type":"LineString","coordinates":[[12.236677628332746,51.881887062055014],[12.236348235942115,51.879984195048415]]},"properties":{"kind":"rail_bridge","name":"Elbebrücke","length_m":226.0,"route":"6411","state":"Sachsen-Anhalt","crossing_type":"EÜ über natürlich schiffbaren Fluß","source":"DB InfraGO infrastructure data","source_url":"https://data.gov.de/suche/daten/infrastrukturdaten-der-db-infrago"}},{"type":"Feature","geometry":{"type":"LineString","coordinates":[[12.235589311624139,51.873601826586864],[12.235166696934758,51.871672140282136]]},"properties":{"kind":"rail_bridge","name":"Muldeflutbrücke","length_m":218.0,"route":"6411","state":"Sachsen-Anhalt","crossing_type":"EÜ über Graben/Flutöffn. zeitw. Wasser","source":"DB InfraGO infrastructure data","source_url":"https://data.gov.de/suche/daten/infrastrukturdaten-der-db-infrago"}},{"type":"Feature","geometry":{"type":"LineString","coordinates":[[12.235158902919961,51.87163664237697],[12.2349136156046,51.870519146741835]]},"properties":{"kind":"rail_bridge","name":"Muldebrücke","length_m":125.0,"route":"6411","state":"Sachsen-Anhalt","crossing_type":"EÜ über anderen Wasserlauf","source":"DB InfraGO infrastructure data","source_url":"https://data.gov.de/suche/daten/infrastrukturdaten-der-db-infrago"}},{"type":"Feature","geometry":{"type":"LineString","coordinates":[[12.235551030821734,51.8605359631949],[12.23577852083252,51.8597999387082]]},"properties":{"kind":"rail_bridge","name":"Peiskerbrücke","length_m":83.0,"route":"6411","state":"Sachsen-Anhalt","crossing_type":"EÜ über anderen Wasserlauf","source":"DB InfraGO infrastructure data","source_url":"https://data.gov.de/suche/daten/infrastrukturdaten-der-db-infrago"}},{"type":"Feature","geometry":{"type":"LineString","coordinates":[[12.300187547218275,51.59817809329762],[12.299745855705073,51.597595907500406]]},"properties":{"kind":"rail_bridge","name":"Kreuzungsbauwerk  ü. 6132","length_m":298.0,"route":"6411","state":"Sachsen-Anhalt","crossing_type":"EÜ über DBAG-Gleise","source":"DB InfraGO infrastructure data","source_url":"https://data.gov.de/suche/daten/infrastrukturdaten-der-db-infrago"}},{"type":"Feature","geometry":{"type":"LineString","coordinates":[[12.386099221151959,51.403104017604036],[12.38666506384464,51.40180055883374]]},"properties":{"kind":"rail_bridge","name":"Krbw über 6411","length_m":176.0,"route":"6411","state":"Sachsen","crossing_type":"EÜ über DBAG-Gleise","source":"DB InfraGO infrastructure data","source_url":"https://data.gov.de/suche/daten/infrastrukturdaten-der-db-infrago"}},{"type":"Feature","geometry":{"type":"LineString","coordinates":[[12.391346925685943,51.39044989857794],[12.391442893299077,51.39020761545063]]},"properties":{"kind":"rail_bridge","name":"Kreuzungsbauwerk  Stahlbrücke","length_m":130.0,"route":"6411","state":"Sachsen","crossing_type":"EÜ über DBAG-Gleise","source":"DB InfraGO infrastructure data","source_url":"https://data.gov.de/suche/daten/infrastrukturdaten-der-db-infrago"}},{"type":"Feature","geometry":{"type":"LineString","coordinates":[[11.746543116888251,51.801238414990486],[11.744805934431035,51.80281402148614]]},"properties":{"kind":"rail_bridge","name":"6420/21,105 1637  Saalebrücke","length_m":225.0,"route":"6420","state":"Sachsen-Anhalt","crossing_type":"EÜ über natürlich schiffbaren Fluß","source":"DB InfraGO infrastructure data","source_url":"https://data.gov.de/suche/daten/infrastrukturdaten-der-db-infrago"}},{"type":"Feature","geometry":{"type":"LineString","coordinates":[[11.743585563231708,51.803944755026215],[11.742451536074732,51.80492400172582],[11.742109962835894,51.80516664800474]]},"properties":{"kind":"rail_bridge","name":"6420/21,450/1637  Flutbrücke","length_m":185.0,"route":"6420","state":"Sachsen-Anhalt","crossing_type":"EÜ über Graben/Flutöffn. zeitw. Wasser","source":"DB InfraGO infrastructure data","source_url":"https://data.gov.de/suche/daten/infrastrukturdaten-der-db-infrago"}},{"type":"Feature","geometry":{"type":"LineString","coordinates":[[11.934188797988437,52.59348489279526],[11.932172822912348,52.593622522635116]]},"properties":{"kind":"rail_bridge","name":"EÜ VerbGl. DBAG 618","length_m":227.0,"route":"6428","state":"Sachsen-Anhalt","crossing_type":"EÜ über DBAG-Gleise","source":"DB InfraGO infrastructure data","source_url":"https://data.gov.de/suche/daten/infrastrukturdaten-der-db-infrago"}},{"type":"Feature","geometry":{"type":"LineString","coordinates":[[11.464825193175747,53.85667027048968],[11.464825190891583,53.856670279371954]]},"properties":{"kind":"rail_bridge","name":"E Verbundbrücke A20","length_m":83.0,"route":"6441","state":"Mecklenburg-Vorpommern","crossing_type":"EÜ über Autobahn","source":"DB InfraGO infrastructure data","source_url":"https://data.gov.de/suche/daten/infrastrukturdaten-der-db-infrago"}},{"type":"Feature","geometry":{"type":"LineString","coordinates":[[12.537063899128027,52.40392167769513],[12.53646972412707,52.404620531960724]]},"properties":{"kind":"rail_bridge","name":"Havelbrücke","length_m":91.0,"route":"6512","state":"Brandenburg","crossing_type":"EÜ über Graben/Flutöffn. zeitw. Wasser","source":"DB InfraGO infrastructure data","source_url":"https://data.gov.de/suche/daten/infrastrukturdaten-der-db-infrago"}},{"type":"Feature","geometry":{"type":"LineString","coordinates":[[14.26252558714214,52.17689055754896],[14.261634110211387,52.177543198660416]]},"properties":{"kind":"rail_bridge","name":"EÜ über die Spree","length_m":105.0,"route":"6520","state":"Brandenburg","crossing_type":"EÜ über natürlich schiffbaren Fluß","source":"DB InfraGO infrastructure data","source_url":"https://data.gov.de/suche/daten/infrastrukturdaten-der-db-infrago"}},{"type":"Feature","geometry":{"type":"LineString","coordinates":[[14.09270861249013,52.20179374774596],[14.09152065454349,52.201803337934784]]},"properties":{"kind":"rail_bridge","name":"EÜ Viadukt Glienicke","length_m":81.0,"route":"6520","state":"Brandenburg","crossing_type":"EÜ über Graben/Flutöffn. zeitw. Wasser","source":"DB InfraGO infrastructure data","source_url":"https://data.gov.de/suche/daten/infrastrukturdaten-der-db-infrago"}},{"type":"Feature","geometry":{"type":"LineString","coordinates":[[14.099157849882403,52.35063991893108],[14.098656866618214,52.350030700176056]]},"properties":{"kind":"rail_bridge","name":"Eisenbahnüberführung Spree","length_m":81.0,"route":"6521","state":"Brandenburg","crossing_type":"EÜ über natürlich schiffbaren Fluß","source":"DB InfraGO infrastructure data","source_url":"https://data.gov.de/suche/daten/infrastrukturdaten-der-db-infrago"}},{"type":"Feature","geometry":{"type":"LineString","coordinates":[[14.686528779846466,50.890025627557705],[14.685403943393977,50.88995886364926]]},"properties":{"kind":"rail_bridge","name":"EÜ Viadukt Großschönau","length_m":99.0,"route":"6588","state":"Sachsen","crossing_type":"EÜ über Graben/Flutöffn. zeitw. Wasser","source":"DB InfraGO infrastructure data","source_url":"https://data.gov.de/suche/daten/infrastrukturdaten-der-db-infrago"}},{"type":"Feature","geometry":{"type":"LineString","coordinates":[[13.863829181731642,50.94183988417907],[13.86360213618547,50.94112976676912]]},"properties":{"kind":"rail_bridge","name":"EÜ Müglitzbach + Straße","length_m":87.0,"route":"6605","state":"Sachsen","crossing_type":"EÜ über andere Straße/Weg Fahrverkehr","source":"DB InfraGO infrastructure data","source_url":"https://data.gov.de/suche/daten/infrastrukturdaten-der-db-infrago"}},{"type":"Feature","geometry":{"type":"LineString","coordinates":[[13.862065153046661,50.935895167797476],[13.861542654460338,50.93562900675646]]},"properties":{"kind":"rail_bridge","name":"EÜ Müglitzbach","length_m":80.0,"route":"6605","state":"Sachsen","crossing_type":"EÜ über andere Straße/Weg Fahrverkehr","source":"DB InfraGO infrastructure data","source_url":"https://data.gov.de/suche/daten/infrastrukturdaten-der-db-infrago"}},{"type":"Feature","geometry":{"type":"LineString","coordinates":[[13.808044065947136,50.89588723155926],[13.80795153472324,50.895366472136246],[13.807976777719666,50.895227509243604]]},"properties":{"kind":"rail_bridge","name":"EÜ Müglitzbach","length_m":87.0,"route":"6605","state":"Sachsen","crossing_type":"EÜ über Landstraße I. Ordnung/Staatstraße","source":"DB InfraGO infrastructure data","source_url":"https://data.gov.de/suche/daten/infrastrukturdaten-der-db-infrago"}},{"type":"Feature","geometry":{"type":"LineString","coordinates":[[13.814184119226832,50.86980929874644],[13.813946512710098,50.869241541952476]]},"properties":{"kind":"rail_bridge","name":"EÜ Müglitzbach","length_m":89.0,"route":"6605","state":"Sachsen","crossing_type":"EÜ über andere Straße/Weg Fahrverkehr","source":"DB InfraGO infrastructure data","source_url":"https://data.gov.de/suche/daten/infrastrukturdaten-der-db-infrago"}},{"type":"Feature","geometry":{"type":"LineString","coordinates":[[13.789684960081201,50.854564071910254],[13.788748351848813,50.85464044523728]]},"properties":{"kind":"rail_bridge","name":"EÜ Müglitzbach","length_m":86.0,"route":"6605","state":"Sachsen","crossing_type":"EÜ über andere Straße/Weg Fahrverkehr","source":"DB InfraGO infrastructure data","source_url":"https://data.gov.de/suche/daten/infrastrukturdaten-der-db-infrago"}},{"type":"Feature","geometry":{"type":"LineString","coordinates":[[13.771009478534536,50.83729448030565],[13.770732070218976,50.836667438792404]]},"properties":{"kind":"rail_bridge","name":"E Müglitzbach + StrU","length_m":101.0,"route":"6605","state":"Sachsen","crossing_type":"EÜ über andere Straße/Weg Fahrverkehr","source":"DB InfraGO infrastructure data","source_url":"https://data.gov.de/suche/daten/infrastrukturdaten-der-db-infrago"}},{"type":"Feature","geometry":{"type":"LineString","coordinates":[[13.770368631228788,50.83580133229062],[13.770175890553505,50.835283619499265]]},"properties":{"kind":"rail_bridge","name":"E Müglitzbach + StrU","length_m":84.0,"route":"6605","state":"Sachsen","crossing_type":"EÜ über andere Straße/Weg Fahrverkehr","source":"DB InfraGO infrastructure data","source_url":"https://data.gov.de/suche/daten/infrastrukturdaten-der-db-infrago"}},{"type":"Feature","geometry":{"type":"LineString","coordinates":[[13.770069228924767,50.83409835981599],[13.770331334674657,50.833572785455154],[13.770463908340203,50.83343875612948]]},"properties":{"kind":"rail_bridge","name":"E Müglitzbach + StrU","length_m":88.0,"route":"6605","state":"Sachsen","crossing_type":"EÜ über andere Straße/Weg Fahrverkehr","source":"DB InfraGO infrastructure data","source_url":"https://data.gov.de/suche/daten/infrastrukturdaten-der-db-infrago"}},{"type":"Feature","geometry":{"type":"LineString","coordinates":[[13.772226736004695,50.82983744921588],[13.77184931841894,50.82945771086074]]},"properties":{"kind":"rail_bridge","name":"E Talbrücke","length_m":87.0,"route":"6605","state":"Sachsen","crossing_type":"EÜ über andere Straße/Weg Fahrverkehr","source":"DB InfraGO infrastructure data","source_url":"https://data.gov.de/suche/daten/infrastrukturdaten-der-db-infrago"}},{"type":"Feature","geometry":{"type":"LineString","coordinates":[[13.789469804730354,50.76066761628773],[13.788707740691436,50.760414149779024],[13.78839011866517,50.760397344385524]]},"properties":{"kind":"rail_bridge","name":"Viadukt Geising","length_m":87.0,"route":"6605","state":"Sachsen","crossing_type":"EÜ über andere Straße/Weg Fahrverkehr","source":"DB InfraGO infrastructure data","source_url":"https://data.gov.de/suche/daten/infrastrukturdaten-der-db-infrago"}},{"type":"Feature","geometry":{"type":"LineString","coordinates":[[13.29335362499771,51.311188210842346],[13.293194673973769,51.31132138532259]]},"properties":{"kind":"rail_bridge","name":"Elbebrücke Riesa","length_m":365.0,"route":"6612","state":"Sachsen","crossing_type":"EÜ über natürlich schiffbaren Fluß","source":"DB InfraGO infrastructure data","source_url":"https://data.gov.de/suche/daten/infrastrukturdaten-der-db-infrago"}},{"type":"Feature","geometry":{"type":"LineString","coordinates":[[12.872942427422766,50.53113002269049],[12.87250353410796,50.53089769404009],[12.871976086754488,50.530719780269536]]},"properties":{"kind":"rail_bridge","name":"Eisenbahnüberführung","length_m":90.0,"route":"6624","state":"Sachsen","crossing_type":"EÜ über andere Straße/Weg Fahrverkehr","source":"DB InfraGO infrastructure data","source_url":"https://data.gov.de/suche/daten/infrastrukturdaten-der-db-infrago"}},{"type":"Feature","geometry":{"type":"LineString","coordinates":[[13.05353654490805,50.70532447025021],[13.053663941402291,50.705696605933916],[13.053927798690696,50.706175066237456]]},"properties":{"kind":"rail_bridge","name":"EÜ ber Die Zschopau","length_m":80.0,"route":"6644","state":"Sachsen","crossing_type":"EÜ über andere Straße/Weg Fahrverkehr","source":"DB InfraGO infrastructure data","source_url":"https://data.gov.de/suche/daten/infrastrukturdaten-der-db-infrago"}},{"type":"Feature","geometry":{"type":"LineString","coordinates":[[13.08984244831212,50.77177130525056],[13.088957895777812,50.772214303958116]]},"properties":{"kind":"rail_bridge","name":"EÜ über die Zschopau","length_m":86.0,"route":"6644","state":"Sachsen","crossing_type":"EÜ über anderen Wasserlauf","source":"DB InfraGO infrastructure data","source_url":"https://data.gov.de/suche/daten/infrastrukturdaten-der-db-infrago"}},{"type":"Feature","geometry":{"type":"LineString","coordinates":[[12.468438566005483,50.71303627048638],[12.468028347462383,50.71292700871184]]},"properties":{"kind":"rail_bridge","name":"Eisenbahnüberführung  Kreuzungsbauwerk","length_m":108.0,"route":"6650","state":"Sachsen","crossing_type":"EÜ über DBAG-Gleise","source":"DB InfraGO infrastructure data","source_url":"https://data.gov.de/suche/daten/infrastrukturdaten-der-db-infrago"}},{"type":"Feature","geometry":{"type":"LineString","coordinates":[[12.05996830554319,50.781720359077646],[12.059968304598193,50.78172035010799]]},"properties":{"kind":"rail_bridge","name":"E* Oschütztalviadukt","length_m":185.0,"route":"6653","state":"Thüringen","crossing_type":"EÜ über Bundesstraße","source":"DB InfraGO infrastructure data","source_url":"https://data.gov.de/suche/daten/infrastrukturdaten-der-db-infrago"}},{"type":"Feature","geometry":{"type":"LineString","coordinates":[[11.626203241282935,50.47170848097301],[11.625686927989989,50.471376800398865],[11.625175489057222,50.470914775438175]]},"properties":{"kind":"rail_bridge","name":"EÜ Viadukt Unterlemnitz","length_m":118.0,"route":"6683","state":"Thüringen","crossing_type":"EÜ über andere Straße/Weg Fahrverkehr","source":"DB InfraGO infrastructure data","source_url":"https://data.gov.de/suche/daten/infrastrukturdaten-der-db-infrago"}},{"type":"Feature","geometry":{"type":"LineString","coordinates":[[11.542142613194049,50.774503513962436],[11.541515052166504,50.77383667585025]]},"properties":{"kind":"rail_bridge","name":"EÜ Saalebrücke","length_m":101.0,"route":"6684","state":"Thüringen","crossing_type":"EÜ über anderen Wasserlauf","source":"DB InfraGO infrastructure data","source_url":"https://data.gov.de/suche/daten/infrastrukturdaten-der-db-infrago"}},{"type":"Feature","geometry":{"type":"LineString","coordinates":[[11.546904208524255,50.47723579924982],[11.547641744917422,50.476257195351316]]},"properties":{"kind":"rail_bridge","name":"Viadukt Bärenmühle","length_m":126.0,"route":"6686","state":"Thüringen","crossing_type":"EÜ über Bundesstraße","source":"DB InfraGO infrastructure data","source_url":"https://data.gov.de/suche/daten/infrastrukturdaten-der-db-infrago"}},{"type":"Feature","geometry":{"type":"LineString","coordinates":[[10.86381804688971,50.74485172705773],[10.86372485985191,50.744424057662705],[10.863728340843194,50.74401264879544]]},"properties":{"kind":"rail_bridge","name":"Viadukt Angelroda","length_m":101.0,"route":"6694","state":"Thüringen","crossing_type":"EÜ über Landstraße I. Ordnung/Staatstraße","source":"DB InfraGO infrastructure data","source_url":"https://data.gov.de/suche/daten/infrastrukturdaten-der-db-infrago"}},{"type":"Feature","geometry":{"type":"LineString","coordinates":[[10.986033008459621,50.66382560834314],[10.986186807037932,50.663697737807254]]},"properties":{"kind":"rail_bridge","name":"EÜ Ilmtalbrücke","length_m":1690.0,"route":"6695","state":"Thüringen","crossing_type":"EÜ über Tal","source":"DB InfraGO infrastructure data","source_url":"https://data.gov.de/suche/daten/infrastrukturdaten-der-db-infrago"}},{"type":"Feature","geometry":{"type":"LineString","coordinates":[[11.656417313675506,51.24818043662788],[11.655123137832874,51.24886150006012]]},"properties":{"kind":"rail_bridge","name":"Viadukt","length_m":120.0,"route":"6726","state":"Sachsen-Anhalt","crossing_type":"EÜ über Graben/Flutöffn. zeitw. Wasser","source":"DB InfraGO infrastructure data","source_url":"https://data.gov.de/suche/daten/infrastrukturdaten-der-db-infrago"}},{"type":"Feature","geometry":{"type":"LineString","coordinates":[[11.648500664176034,51.28716674652649],[11.64835660644649,51.287253848680436]]},"properties":{"kind":"rail_bridge","name":"E EÜ Unstruttalbrücke","length_m":2668.0,"route":"6726","state":"Sachsen-Anhalt","crossing_type":"EÜ über Tal","source":"DB InfraGO infrastructure data","source_url":"https://data.gov.de/suche/daten/infrastrukturdaten-der-db-infrago"}},{"type":"Feature","geometry":{"type":"LineString","coordinates":[[11.812421316339824,51.30424501168313],[11.808999990224276,51.30525962063612]]},"properties":{"kind":"rail_bridge","name":"Viadukt Mücheln (Stahlbeton mit Bettung)  7 Öffnungen zu je 29,7m","length_m":264.0,"route":"6807","state":"Sachsen-Anhalt","crossing_type":"EÜ über andere Straße/Weg KFZ-Verkehr","source":"DB InfraGO infrastructure data","source_url":"https://data.gov.de/suche/daten/infrastrukturdaten-der-db-infrago"}},{"type":"Feature","geometry":{"type":"LineString","coordinates":[[12.024189610456155,51.33125137176306],[12.026158615085773,51.33197369450723]]},"properties":{"kind":"rail_bridge","name":"E EÜ Saalebrücke Leun","length_m":165.0,"route":"6810","state":"Sachsen-Anhalt","crossing_type":"EÜ über Graben/Flutöffn. zeitw. Wasser","source":"DB InfraGO infrastructure data","source_url":"https://data.gov.de/suche/daten/infrastrukturdaten-der-db-infrago"}},{"type":"Feature","geometry":{"type":"LineString","coordinates":[[12.016726460224772,51.23581912059595],[12.020501805401512,51.23406233226616]]},"properties":{"kind":"rail_bridge","name":"Saalebrücke","length_m":329.0,"route":"6812","state":"Sachsen-Anhalt","crossing_type":"EÜ über natürlich schiffbaren Fluß","source":"DB InfraGO infrastructure data","source_url":"https://data.gov.de/suche/daten/infrastrukturdaten-der-db-infrago"}},{"type":"Feature","geometry":{"type":"LineString","coordinates":[[12.650395348083435,51.45702299560912],[12.64698404716868,51.45575300807967]]},"properties":{"kind":"rail_bridge","name":"Muldebrücke","length_m":333.0,"route":"6831","state":"Sachsen","crossing_type":"EÜ über anderen Wasserlauf","source":"DB InfraGO infrastructure data","source_url":"https://data.gov.de/suche/daten/infrastrukturdaten-der-db-infrago"}},{"type":"Feature","geometry":{"type":"LineString","coordinates":[[11.739176225460914,51.83077762757513],[11.740614810238709,51.83148036133494]]},"properties":{"kind":"rail_bridge","name":"E EÜ Bodebrücke","length_m":110.0,"route":"6853","state":"Sachsen-Anhalt","crossing_type":"EÜ über anderen Wasserlauf","source":"DB InfraGO infrastructure data","source_url":"https://data.gov.de/suche/daten/infrastrukturdaten-der-db-infrago"}},{"type":"Feature","geometry":{"type":"LineString","coordinates":[[10.980171293255255,51.80525414300156],[10.97903754992317,51.80493373315016]]},"properties":{"kind":"rail_bridge","name":"EÜ über B6n","length_m":146.0,"route":"6866","state":"Sachsen-Anhalt","crossing_type":"EÜ über Bundesstraße","source":"DB InfraGO infrastructure data","source_url":"https://data.gov.de/suche/daten/infrastrukturdaten-der-db-infrago"}},{"type":"Feature","geometry":{"type":"LineString","coordinates":[[11.3810477813312,52.295165357450166],[11.379208813002757,52.295483280590076]]},"properties":{"kind":"rail_bridge","name":"Vollwandträgerbrücke","length_m":133.0,"route":"6892","state":"Sachsen-Anhalt","crossing_type":"EÜ über Graben/Flutöffn. zeitw. Wasser","source":"DB InfraGO infrastructure data","source_url":"https://data.gov.de/suche/daten/infrastrukturdaten-der-db-infrago"}},{"type":"Feature","geometry":{"type":"LineString","coordinates":[[11.904070586299973,52.581251944990434],[11.904271880059678,52.58114176442664]]},"properties":{"kind":"rail_bridge","name":"Krbwk Str. 6894 / EÜ 188","length_m":81.0,"route":"6894","state":"Sachsen-Anhalt","crossing_type":"EÜ über Bundesstraße","source":"DB InfraGO infrastructure data","source_url":"https://data.gov.de/suche/daten/infrastrukturdaten-der-db-infrago"}},{"type":"Feature","geometry":{"type":"LineString","coordinates":[[11.01536943201667,52.445943832855704],[11.01772976130518,52.44640581192698]]},"properties":{"kind":"rail_bridge","name":"EÜ VerbGl. DBAG 618","length_m":227.0,"route":"6900","state":"Sachsen-Anhalt","crossing_type":"EÜ über DBAG-Gleise","source":"DB InfraGO infrastructure data","source_url":"https://data.gov.de/suche/daten/infrastrukturdaten-der-db-infrago"}},{"type":"Feature","geometry":{"type":"LineString","coordinates":[[14.823803887127086,50.89466451476706],[14.82380519916792,50.89457565310066]]},"properties":{"kind":"rail_bridge","name":"Neißeviadukt Zittau","length_m":778.0,"route":"6960","state":"Sachsen","crossing_type":"EÜ über DBAG-Gleise","source":"DB InfraGO infrastructure data","source_url":"https://data.gov.de/suche/daten/infrastrukturdaten-der-db-infrago"}}]}