{"type":"FeatureCollection","features":[{"type":"Feature","geometry":{"type":"MultiPolygon","coordinates":[[[[8.635999799000047,54.91156926800005],[8.68091272700002,54.91033151100004],[8.72176051200006,54.894590219000065],[8.73512372600004,54.893005541000036],[8.754353637000065,54.89636068400006],[8.775118962000022,54.89296006600006],[8.800968788000034,54.90466342700006],[8.826377070000035,54.906769143000076],[8.835767257000043,54.905714268000054],[8.84869744100007,54.89728160400006],[8.893151258000046,54.904337730000066],[8.94800712600005,54.90237027100005],[9.026858772000026,54.881439975000035],[9.048491351000052,54.87215137000004],[9.090453748000073,54.87040385100005],[9.113097123000045,54.87360159800005],[9.142906070000038,54.87300801100008],[9.241390738000064,54.84832886000004],[9.243701393000038,54.84330540900004],[9.23567958500007,54.83287077800003],[9.250086096000075,54.80971142900006],[9.273756803000026,54.81154651800006],[9.282967436000035,54.80953779600003],[9.293447822000076,54.802343578000034],[9.293071217000033,54.80735657900004],[9.296024071000033,54.808635182000046],[9.345333850000031,54.802077894000035],[9.343526387000054,54.80625087100003],[9.371115216000021,54.82040194800004],[9.375701003000074,54.832680812000035],[9.383670384000027,54.83851250200007],[9.410555848000058,54.841958532000035],[9.416595649000044,54.83867180000004],[9.422933882000052,54.82322309700004],[9.435377562000042,54.80900138700008],[9.430311568000036,54.800228196000035],[9.435555521000026,54.792558694000036],[9.438990871000044,54.80158857100008],[9.45255994400003,54.808559615000036],[9.46410891000005,54.82119959900007],[9.501346389000048,54.82575330200007],[9.51481689800005,54.836485319000076],[9.56410342700002,54.855446218000054],[9.593659135000053,54.87596233900007],[9.606150540000044,54.87389957100004],[9.59103573300007,54.85054943700004],[9.593803854000043,54.841082981000056],[9.604535890000022,54.83073559300004],[9.62331351000006,54.831435688000056],[9.651482625000028,54.82169748900003],[9.665614904000051,54.82202296500003],[9.768558532000043,54.797193449000076],[9.792597715000056,54.796819879000054],[9.80284047200007,54.78346911700004],[9.832827505000068,54.76065857800006],[9.850629337000044,54.75488745800004],[9.873658744000068,54.75218394400008],[9.890364309000063,54.768395447000046],[9.903247133000036,54.764653242000065],[9.906634549000046,54.768670332000056],[9.901759089000052,54.77502507100007],[9.902276909000022,54.78844182300003],[9.908493320000048,54.797863781000046],[9.955951454000058,54.77995487900006],[9.97502389300007,54.759206309000035],[9.981283475000055,54.73346936400003],[9.989604801000041,54.71762061000004],[10.036540699000057,54.687119116000076],[10.034476781000023,54.67535045400007],[10.029295142000024,54.68094765300003],[10.030971630000067,54.685549887000036],[10.015259013000048,54.69217229900005],[9.991307018000043,54.682649222000066],[9.988959988000033,54.68475907800007],[9.99350656100006,54.689806360000034],[9.991504418000034,54.69808507700003],[9.983866566000074,54.70116106900008],[9.973997200000042,54.69050876700004],[9.978947996000045,54.686414178000064],[9.977862311000024,54.68298942600006],[9.947946827000067,54.67759545100006],[9.942201427000043,54.67375861900007],[9.933266697000022,54.65065367700004],[9.93176122500006,54.631610468000076],[9.936618551000038,54.63311363000008],[9.931788408000045,54.62842119100003],[9.914411490000077,54.629118721000054],[9.909770429000048,54.63385462000008],[9.906885293000073,54.63214561700005],[9.907147851000047,54.627511122000044],[9.884607897000024,54.61851677800007],[9.871733883000047,54.60860905900006],[9.837018937000039,54.59738248200006],[9.821964817000037,54.586729356000035],[9.812965759000065,54.58579762200003],[9.807924858000035,54.579948365000064],[9.804065932000071,54.583449287000064],[9.787998190000053,54.57353377800007],[9.769315418000076,54.57956327900007],[9.765130253000052,54.57125620000005],[9.768283757000063,54.56547632100006],[9.738424304000034,54.54253898400003],[9.733577791000073,54.53229983800003],[9.717264950000072,54.532920809000075],[9.710977111000034,54.520239358000026],[9.703624447000038,54.51981089000003],[9.696813922000047,54.52696396600004],[9.672463228000026,54.52516688400004],[9.639591648000021,54.52119508800007],[9.633421747000057,54.51400182300006],[9.627010530000064,54.52075265800005],[9.632058087000075,54.526250796000056],[9.627979994000043,54.53007364200005],[9.605155858000046,54.52677956400004],[9.603896086000077,54.52078463500004],[9.586013360000038,54.51053177000006],[9.549050080000029,54.510716796000054],[9.548761943000045,54.50753751800005],[9.554092977000039,54.50396720100008],[9.581240464000075,54.50192288200003],[9.628766271000075,54.51214336700008],[9.635670998000023,54.50899418600005],[9.663447530000042,54.50717159800007],[9.675010667000038,54.49609707700006],[9.69674421600007,54.49013099800004],[9.708863184000052,54.49175797500004],[9.712221267000075,54.50039416100003],[9.700385858000061,54.51640690700003],[9.714790402000062,54.51771923600006],[9.72105351700003,54.528304508000076],[9.724590763000037,54.52811550800004],[9.72600069200007,54.52200331500006],[9.733711465000056,54.52478632000003],[9.741796608000072,54.53008682400008],[9.740623074000041,54.535647796000035],[9.747521276000043,54.54511013100006],[9.762694604000046,54.55065393900003],[9.769451827000069,54.556423436000046],[9.788301704000048,54.55978702400006],[9.802210827000067,54.566783136000026],[9.821058300000061,54.58250615700007],[9.838592652000045,54.58487716700006],[9.84160337700007,54.58982784400007],[9.879436030000022,54.599693337000076],[9.90445339400003,54.61381280200004],[9.937539548000075,54.62403654000008],[9.937229516000059,54.629025511000066],[9.945232030000057,54.63672496100003],[9.936782659000073,54.65065367700004],[9.940599858000041,54.654852050000045],[9.939001508000047,54.66072963100004],[9.949592719000066,54.674003963000075],[9.97708821200007,54.673440612000036],[9.993421478000073,54.66632605500007],[10.002416872000026,54.67337564700006],[10.010001627000065,54.66192364400007],[10.033246420000069,54.65874979600005],[10.031170218000057,54.63657494100005],[10.033287307000023,54.62128173600007],[10.025933087000055,54.59562800100008],[10.025663069000075,54.55003681100004],[10.014590488000067,54.54420059200004],[9.99837287300005,54.52255345100008],[9.964898411000036,54.50295436600004],[9.875705950000054,54.47584705700007],[9.842612104000068,54.47430916400003],[9.841738340000063,54.46812074500008],[9.845222931000023,54.460690294000074],[9.864217825000026,54.44852510000004],[9.912895124000045,54.45236107000005],[9.939414078000027,54.46296748600008],[9.99557653200003,54.46842864700005],[10.026255426000034,54.47563405200003],[10.125408795000055,54.48508002700004],[10.15893303100006,54.474810458000036],[10.197487325000054,54.45422848100003],[10.195547625000074,54.45030001100008],[10.184465548000048,54.44647351900005],[10.16851679000007,54.432845017000034],[10.189308757000049,54.40722535100008],[10.190204425000047,54.39507388700008],[10.167350095000074,54.38508166500003],[10.160389619000057,54.375787897000066],[10.146552701000076,54.367056364000064],[10.145302538000067,54.35381391300007],[10.154218920000062,54.33960425200007],[10.148157875000038,54.324782463000076],[10.164924979000034,54.32859385200004],[10.17996290900004,54.36158505800006],[10.195314250000024,54.36641440800008],[10.19539420700005,54.37920973900003],[10.208023947000072,54.388741777000064],[10.210248068000055,54.39651960700007],[10.229928073000053,54.41438836600008],[10.280328029000032,54.41835095300007],[10.289057261000039,54.42072676600003],[10.285444144000053,54.425454571000046],[10.302889228000026,54.43336990500006],[10.332688648000044,54.43543901700008],[10.39206635100004,54.42522508500008],[10.421202600000072,54.41170606700007],[10.485521016000064,54.38928247900003],[10.539544971000055,54.37988295300005],[10.594390504000046,54.36497011900008],[10.636380065000026,54.348976132000075],[10.657126575000063,54.32886259600008],[10.678266397000073,54.32092795300008],[10.678722494000056,54.31699292300004],[10.69184483500004,54.30806643600005],[10.71375073400003,54.30507256800007],[10.737599763000048,54.309376179000026],[10.768855723000058,54.30727868000008],[10.799198552000064,54.31618881700007],[10.87260576500006,54.35844758300004],[10.90700098700006,54.36795368400004],[10.922646751000059,54.37780539400006],[10.951973361000057,54.38357188900005],[10.984969129000035,54.37823550400003],[11.004641226000047,54.378862567000056],[11.006874615000072,54.37746406300005],[11.003173626000034,54.372068667000065],[11.022131126000033,54.36777539900004],[11.071373797000035,54.376080140000056],[11.087711355000067,54.388741777000064],[11.107549724000023,54.39656136200006],[11.109456107000028,54.38990810200005],[11.119533250000075,54.39351394200003],[11.129984956000044,54.388741777000064],[11.127196131000062,54.37683687900005],[11.121284567000032,54.37148193400003],[11.082690135000064,54.35361986800007],[11.068966369000066,54.35800578200008],[11.059855847000051,54.355353431000026],[11.05893500600007,54.35128345800007],[11.062826825000059,54.34496868600007],[11.071940501000029,54.34485897300004],[11.076667006000037,54.30264535900005],[11.083890411000027,54.27036960800007],[11.08258986800007,54.24648091800003],[11.093004584000028,54.20142847500006],[11.090253183000073,54.197623011000076],[11.078541405000067,54.195621379000045],[11.064087733000065,54.18929829400008],[11.047357853000051,54.176871583000036],[10.958691831000067,54.14250789000005],[10.884221363000051,54.09116620900005],[10.865454573000022,54.085529060000056],[10.852288595000061,54.08900408800008],[10.823604160000059,54.08970286200008],[10.816688396000075,54.09278806000003],[10.81329947300003,54.09843491200007],[10.803503232000025,54.097581121000076],[10.799810227000023,54.08415996900004],[10.78463077500004,54.07049900800007],[10.755337028000042,54.05400572600007],[10.751277404000064,54.04410972800008],[10.75456630800005,54.03303690200005],[10.77277059000005,54.009282436000035],[10.786320723000074,53.998458707000054],[10.79896704600003,53.99320839000006],[10.858085120000055,53.99381200100004],[10.872580496000069,53.98971251800003],[10.883782378000035,53.97943623900005],[10.882585150000068,53.96745117100005],[10.885324025000045,53.95902324100007],[10.903661397000064,53.956821956000056],[10.908754719000058,53.946952586000066],[10.896473176000029,53.93559594900006],[10.896725053000068,53.92392447000003],[10.938030329000071,53.91934930100007],[10.94976199100006,53.913442315000054],[10.962186354000039,53.913660191000076],[10.967132126000024,53.90960217400004],[10.956533525000054,53.90922593200003],[10.931611573000055,53.900699530000054],[10.909439406000047,53.89901716900005],[10.902825347000032,53.905841689000056],[10.910301066000045,53.91472324600005],[10.885964233000038,53.924080624000055],[10.879061367000077,53.922163828000066],[10.872580496000069,53.91379753800004],[10.849193082000056,53.90460581100007],[10.84613474300005,53.89713798900004],[10.819511743000021,53.89286780000003],[10.799947203000045,53.876492581000036],[10.772875697000075,53.87369843600004],[10.748655259000031,53.85115246300006],[10.752240913000037,53.84836712500004],[10.748483836000048,53.834378334000064],[10.760584423000068,53.82364533100008],[10.762964579000027,53.81115294600005],[10.772773404000077,53.79382759200007],[10.766754332000062,53.780653967000035],[10.768633406000049,53.77505687400003],[10.75731169900007,53.76079564500003],[10.758033106000028,53.74751764000007],[10.772127707000038,53.74894111900005],[10.80798212700006,53.73767748800003],[10.807120291000047,53.72710808800008],[10.810949354000059,53.720619044000046],[10.824664381000048,53.71148078400006],[10.850326137000025,53.70496437000003],[10.851581072000045,53.70065114800008],[10.888083124000048,53.70494354900006],[10.921702240000059,53.698844472000076],[10.925284164000061,53.69385444800008],[10.922991012000068,53.689803124000036],[10.940036005000024,53.68392694100004],[10.943315086000041,53.67517059000005],[10.94089398500006,53.66542375500006],[10.953114054000025,53.657138057000054],[10.951918315000057,53.647622495000064],[10.946534437000025,53.64613221500008],[10.944970469000054,53.640803196000036],[10.929562869000051,53.62870702400005],[10.922480474000054,53.60400475900008],[10.91812305600007,53.59805872900006],[10.923390419000043,53.58486728300005],[10.911107552000033,53.57257462100006],[10.853059802000075,53.56597257800007],[10.839822942000069,53.57541388300007],[10.826371494000057,53.57569896400008],[10.822973326000067,53.57258440700008],[10.826420875000053,53.56650829400007],[10.825321135000024,53.55651542500004],[10.830792563000045,53.54451041500005],[10.81985108300006,53.53428954200007],[10.819709101000058,53.52385073500005],[10.815586320000023,53.52157362500003],[10.82351409000006,53.51769582500003],[10.824333801000023,53.51374087700003],[10.809016340000028,53.51570658000003],[10.784737453000048,53.50779966400006],[10.776708129000042,53.49523241300005],[10.757079993000048,53.484247604000075],[10.727006079000034,53.48046727700006],[10.720536766000066,53.47644055500007],[10.702052518000073,53.47746092600005],[10.692973020000068,53.45513789600005],[10.654116501000033,53.46131812200008],[10.64316307300004,53.45621455500003],[10.634904599000038,53.45603303900003],[10.625834264000048,53.44336248700006],[10.61778128900005,53.41618241500004],[10.620119119000037,53.40270653300007],[10.61550640400003,53.38437386800007],[10.599490519000028,53.37717586100007],[10.595046769000021,53.36392761900004],[10.574523172000056,53.36033919300007],[10.556595119000065,53.368189303000065],[10.49794029900005,53.37484455100008],[10.429981162000047,53.39819068700007],[10.397946663000027,53.41145462900005],[10.377499729000021,53.42381608900007],[10.330843002000051,53.42517880300005],[10.307954020000068,53.43320100700004],[10.317666970000062,53.43597033700007],[10.316104671000062,53.44119534500004],[10.325958841000045,53.44963964100003],[10.312671429000034,53.45184726000008],[10.307671623000033,53.44376436400006],[10.303518542000063,53.44320467400007],[10.297417082000038,53.44719477900003],[10.297133615000064,53.45135576900003],[10.270829540000022,53.463845347000074],[10.27130214400006,53.46776582600006],[10.26374511900002,53.47433308500007],[10.23882848900007,53.483817560000034],[10.236678400000073,53.496354352000026],[10.219902839000042,53.49877897500005],[10.222645390000025,53.505591380000055],[10.210601625000038,53.520046527000034],[10.199935007000022,53.51442565700006],[10.18811523200003,53.51302952100008],[10.164082041000029,53.52111625900005],[10.162282871000059,53.525486777000026],[10.166065772000024,53.53645415400007],[10.155534703000058,53.53751605800005],[10.151785074000031,53.54444819200006],[10.153015985000025,53.54988630300005],[10.15959656800004,53.55609222100003],[10.148268166000037,53.56671155500004],[10.15312063400006,53.57754723900007],[10.161579802000063,53.58451979000006],[10.201449382000021,53.584076104000076],[10.192750027000045,53.59364295000006],[10.196334498000056,53.60188509300008],[10.190279639000039,53.613344407000056],[10.206427552000036,53.62315589200006],[10.214928500000042,53.62493568700006],[10.216880097000058,53.63114076900007],[10.221761618000073,53.63372246400007],[10.192898203000027,53.638663016000066],[10.197764722000045,53.64658390200003],[10.194872949000057,53.65412829300004],[10.183239247000074,53.662891728000034],[10.175002992000032,53.66435722600005],[10.171684240000047,53.66896505300008],[10.158120598000039,53.67041101700005],[10.142434034000075,53.67889780200005],[10.158117966000077,53.69057098800005],[10.159935218000044,53.70555989400003],[10.168937837000044,53.71102066700007],[10.183897731000059,53.712360938000074],[10.192936062000058,53.73000042400008],[10.168237603000023,53.738236106000045],[10.145430864000048,53.725565059000076],[10.128340639000044,53.72045078100007],[10.120424951000075,53.713816748000056],[10.083348845000046,53.72011156700006],[10.069628117000036,53.70624440800003],[10.07817334300006,53.70385549000008],[10.076495886000032,53.69979280100006],[10.061621263000063,53.68764980000003],[10.067267319000052,53.679392654000026],[10.050957381000046,53.677462337000065],[10.038992417000031,53.681879913000046],[10.000714260000052,53.68135356800008],[9.992180424000026,53.67502687400008],[9.989476338000031,53.65085613200006],[9.986904784000046,53.64840799900003],[9.945375869000031,53.652928141000075],[9.906617806000042,53.652451865000046],[9.904073135000033,53.64224595300004],[9.883853319000025,53.621538960000066],[9.872029979000047,53.614712799000074],[9.856199748000051,53.59901374600008],[9.837103725000077,53.592065639000054],[9.835837217000062,53.587790770000026],[9.825134290000051,53.58475197900003],[9.816270802000076,53.58640191200004],[9.790905166000073,53.60199770600008],[9.796903477000058,53.60667755500003],[9.794941964000031,53.61004737600007],[9.771551460000069,53.61635586700004],[9.770294087000025,53.62746247500007],[9.76367250800007,53.627495055000054],[9.75468081200006,53.61375747300008],[9.758247807000032,53.61021654800004],[9.756048234000048,53.60411357000004],[9.748525802000074,53.603130357000055],[9.744510605000073,53.59854822200003],[9.74695017700003,53.592065639000054],[9.737415276000036,53.581716490000076],[9.74133216000007,53.578703114000064],[9.737384290000023,53.57628081800004],[9.734364863000053,53.56521552600003],[9.673247194000055,53.57210103700004],[9.645652276000021,53.58801092300007],[9.614030755000044,53.59647138300005],[9.560434651000037,53.61880363000006],[9.536096285000042,53.646928563000074],[9.541867617000037,53.65752657100006],[9.556711953000047,53.63881695900005],[9.566957282000033,53.631704056000046],[9.571228185000052,53.633568352000054],[9.551199234000023,53.65253694900008],[9.552444603000026,53.66721118400005],[9.524743542000067,53.70842019000003],[9.504355677000035,53.71949819400004],[9.455861851000066,53.73247909600008],[9.442706487000066,53.74069205700005],[9.438735617000077,53.74687228800008],[9.428918875000022,53.752830062000044],[9.422851231000038,53.76874516500004],[9.409756723000044,53.78463690600006],[9.408424584000045,53.79482237000008],[9.402388321000046,53.79526995300006],[9.403955242000052,53.80155144500003],[9.39555471400007,53.81767874900004],[9.401706782000076,53.82418618000003],[9.387859061000029,53.82455368300003],[9.345724552000036,53.845428637000055],[9.32739809900005,53.85982266000008],[9.274482255000066,53.876436057000035],[9.231267191000029,53.88618663200003],[9.198433484000077,53.88943213400006],[9.094138092000037,53.88840279200008],[9.06234674600006,53.89614047100008],[9.032159446000037,53.898909943000035],[9.022518748000039,53.89692174000004],[9.019934032000037,53.889943111000036],[8.972388583000054,53.892070775000036],[8.944121540000026,53.90815915100006],[8.941674739000064,53.91206508700003],[8.913808171000028,53.92637796400004],[8.892908595000051,53.95214862000006],[8.874361048000026,53.98250881900003],[8.85585148000007,53.99557730500004],[8.834796466000057,54.02083927900003],[8.82705608200007,54.02511046700005],[8.848975120000034,54.03966723600007],[8.880688384000052,54.04561374700006],[8.923012646000075,54.042030459000046],[8.96061204800003,54.034438590000036],[8.977757979000046,54.04156187500007],[8.982898040000066,54.050137412000026],[8.983755083000062,54.06011523500007],[8.968298782000033,54.06493933300004],[8.974253400000066,54.07211580100005],[8.953462194000053,54.08781453300003],[8.924534641000037,54.13248499200006],[8.908021955000038,54.13511087100005],[8.858743967000066,54.12105150300005],[8.854706218000047,54.12777679900006],[8.837387186000058,54.13339984900006],[8.825394243000062,54.147024557000066],[8.817321779000054,54.16682851200005],[8.808285393000062,54.17603736400008],[8.818815638000046,54.20513755200005],[8.834285782000052,54.216373934000046],[8.838422372000025,54.231321069000046],[8.832340140000042,54.239812881000034],[8.836356433000049,54.25105144300005],[8.843643603000032,54.257680350000044],[8.844813221000038,54.26553280200005],[8.837346044000071,54.28326856500007],[8.82121285200003,54.291240420000065],[8.782700810000051,54.28125045200005],[8.771730540000021,54.28223225800008],[8.768693105000068,54.28856740100008],[8.749258217000033,54.28949712700006],[8.739690114000041,54.29374195200006],[8.721883926000032,54.289011162000065],[8.70646942600007,54.29314550400005],[8.703890689000048,54.28626853700007],[8.690004819000023,54.27949287900003],[8.673084170000038,54.27920160600007],[8.65275906200003,54.28619381500005],[8.631154404000029,54.30091725900007],[8.610326282000074,54.307970743000055],[8.602816956000026,54.31448999700007],[8.59978650000005,54.32455260100005],[8.600816490000057,54.32834720000005],[8.605926128000021,54.327728843000045],[8.603367986000023,54.340167217000044],[8.622020855000073,54.342580689000044],[8.634020815000042,54.337755135000066],[8.644053627000062,54.33804351400005],[8.652809856000033,54.34293654100003],[8.646823073000064,54.34510542700008],[8.654124774000024,54.34887061900008],[8.65908394500002,54.34696736700005],[8.688963338000065,54.35508880200007],[8.692429699000058,54.35869714800003],[8.690364931000033,54.37343198000008],[8.65753899300006,54.37449079600003],[8.650594352000041,54.37859747600004],[8.649874823000061,54.383122497000045],[8.65776893900005,54.393040582000026],[8.673120919000041,54.399380274000066],[8.698859368000058,54.39669488800007],[8.741162849000034,54.398847396000065],[8.801268597000046,54.40830758700008],[8.832364097000038,54.40833898100004],[8.853775903000042,54.40290873600003],[8.872854399000062,54.40525651200005],[8.910894735000056,54.41750301600007],[8.932754257000056,54.43376696200005],[8.94794742800002,54.44019939200007],[8.958880707000048,54.45363206900004],[8.999493435000034,54.462853550000034],[9.005296776000023,54.472980825000036],[9.025145192000025,54.472202881000044],[9.007525402000056,54.47883339200007],[9.011400172000037,54.48382745100008],[9.010834398000043,54.49063421500006],[9.003303222000056,54.50202915400007],[8.991499103000024,54.51180764600008],[8.990938013000061,54.522877648000076],[8.98208532700005,54.52355087300003],[8.946575494000058,54.51224310600003],[8.947443798000052,54.500414962000036],[8.931540587000029,54.49151587500006],[8.924327766000033,54.47865974600006],[8.914129468000056,54.470259928000075],[8.893051557000035,54.46079759500003],[8.82710122900005,54.46284861200007],[8.807438123000054,54.47178166900005],[8.818091595000055,54.48591664000003],[8.807284543000037,54.494027361000065],[8.811845719000075,54.50243303800005],[8.838132178000023,54.50909171100005],[8.871956957000066,54.52945699900005],[8.877877239000043,54.542693986000074],[8.870006487000069,54.55962842300005],[8.871284002000039,54.56637723500006],[8.890941772000076,54.59915450600005],[8.883377448000033,54.60955033100004],[8.846626423000032,54.62622398800005],[8.830615402000035,54.65140662400006],[8.780790396000043,54.66632322900006],[8.75414150100005,54.68180647200006],[8.75012717800007,54.68946850900005],[8.750916569000026,54.69845892500007],[8.741804751000075,54.71528701300008],[8.719724531000054,54.72517769800004],[8.69507330700003,54.72486359900006],[8.689440216000037,54.73080770100006],[8.714586379000025,54.73846317700003],[8.706815266000035,54.75271040200005],[8.697587672000054,54.76137653900008],[8.700625803000037,54.77460555300007],[8.683891783000036,54.79316786900006],[8.680822944000056,54.79138853000006],[8.659480631000065,54.79584973300007],[8.644704625000031,54.81864520800008],[8.608335443000044,54.84128436900005],[8.612271135000071,54.87701139100005],[8.60279880500002,54.88717438000003],[8.634638474000042,54.894337318000055],[8.637440876000028,54.89981541900005],[8.635999799000047,54.91156926800005]]],[[[9.545660583000029,53.66145544700004],[9.540328013000021,53.663316087000055],[9.544484619000059,53.66720886300004],[9.545660583000029,53.66145544700004]]],[[[9.530103274000055,53.675194919000035],[9.52609588100006,53.665313996000066],[9.495898268000076,53.71062470900006],[9.516976897000063,53.70264896500004],[9.530103274000055,53.675194919000035]]],[[[9.41223285600006,53.77522079800008],[9.415062287000069,53.76151075700005],[9.405390404000059,53.76655702100004],[9.396551096000053,53.78149574300005],[9.41223285600006,53.77522079800008]]],[[[8.964000412000075,54.064866849000055],[8.959773528000028,54.06231610200007],[8.95608488800002,54.064204017000066],[8.959177465000039,54.06736357900007],[8.964000412000075,54.064866849000055]]],[[[8.688772329000074,54.05116483200004],[8.691243448000023,54.04637229800005],[8.683353608000061,54.04745514800004],[8.677339442000061,54.05456734300003],[8.686064589000068,54.066746943000055],[8.696764169000062,54.068436871000074],[8.693612358000053,54.06257437900007],[8.699311969000064,54.05785942500006],[8.688772329000074,54.05116483200004]]],[[[7.886442613000042,54.186621580000065],[7.893447809000065,54.17364697100004],[7.885720814000024,54.17454219200005],[7.875346605000061,54.18635762300005],[7.886442613000042,54.186621580000065]]],[[[7.920715210000026,54.18532219800005],[7.912881440000035,54.18030791500007],[7.901774661000047,54.185092215000054],[7.913719634000074,54.190544629000044],[7.920715210000026,54.18532219800005]]],[[[11.189074627000025,54.40836889800005],[11.18571565600007,54.40643881200003],[11.181319085000041,54.40909801200007],[11.185703859000057,54.41164246200003],[11.189074627000025,54.40836889800005]]],[[[11.04684823100007,54.43020303700007],[11.044286231000058,54.42686480100008],[11.040012769000043,54.42930929700003],[11.043765123000071,54.43269948900007],[11.04684823100007,54.43020303700007]]],[[[11.036580148000041,54.431581176000066],[11.034056159000045,54.43124361500003],[11.027736394000044,54.43525480000005],[11.032728870000028,54.43718755300006],[11.036580148000041,54.431581176000066]]],[[[11.090941667000038,54.435652452000056],[11.087934363000045,54.43492408000003],[11.083632519000048,54.43779182000003],[11.088558050000074,54.43954652500008],[11.090941667000038,54.435652452000056]]],[[[8.733164551000073,54.465063041000064],[8.727332187000059,54.462317419000044],[8.719428618000052,54.465949082000066],[8.727743693000036,54.46849077200005],[8.733164551000073,54.465063041000064]]],[[[8.56130779700004,54.463266315000055],[8.55194848800005,54.459173777000046],[8.541911010000035,54.46596439500007],[8.550536800000032,54.468893595000054],[8.56130779700004,54.463266315000055]]],[[[8.517018877000055,54.52823114500006],[8.513337130000025,54.52615134700005],[8.509023477000028,54.52859697000008],[8.514096580000057,54.531163065000044],[8.517018877000055,54.52823114500006]]],[[[11.27001378600005,54.46121473900007],[11.281718050000052,54.44463458300004],[11.29733529300006,54.430759368000054],[11.310863118000043,54.40528877600008],[11.306842870000025,54.40284313600006],[11.290171093000026,54.40409960000005],[11.24951763200005,54.411288564000074],[11.198216957000056,54.40796308000006],[11.195948017000035,54.41147550800008],[11.204556275000073,54.41330137700004],[11.205807604000029,54.41641275400008],[11.190222177000066,54.41994164400006],[11.177099724000072,54.41913419800005],[11.170768878000047,54.41522838800006],[11.17737938700003,54.40587582900008],[11.175353076000022,54.40272804300008],[11.120900841000037,54.40282258900004],[11.097096529000055,54.411158528000044],[11.096106983000027,54.42150786500008],[11.099823704000073,54.43376600700003],[11.090787867000074,54.44559537900005],[11.062787793000041,54.451632568000036],[11.01701461500005,54.43967670100005],[11.008571926000059,54.443300416000056],[11.004678345000059,54.450569949000055],[11.010352585000021,54.48096368600005],[11.017616735000047,54.49469622100003],[11.037256789000025,54.51733109800006],[11.063762128000064,54.533689294000055],[11.163003098000047,54.52259292100007],[11.196992238000064,54.50947804600003],[11.225801856000032,54.50425627100003],[11.240248995000059,54.49473220900006],[11.254405253000073,54.47219689900004],[11.27001378600005,54.46121473900007]]],[[[8.82401257500004,54.54404582500007],[8.815607532000058,54.542830921000075],[8.792022019000058,54.553711590000034],[8.808029244000068,54.55718850000005],[8.82401257500004,54.54404582500007]]],[[[8.664809352000077,54.49351212000005],[8.638824992000025,54.48937996700005],[8.61984572700004,54.490877874000034],[8.595131475000073,54.50648113200003],[8.587034484000071,54.52091038300006],[8.588416346000031,54.52795622600007],[8.594404891000067,54.53247721300005],[8.625152485000058,54.53671628500007],[8.644477172000052,54.54611657500004],[8.669798237000066,54.552780392000045],[8.70180734400003,54.55750421600004],[8.708593337000025,54.552780392000045],[8.706306,54.538948160000075],[8.695605292000039,54.52250580900005],[8.692148201000066,54.507655312000054],[8.664809352000077,54.49351212000005]]],[[[8.514408038000056,54.578969819000065],[8.53373530600004,54.575465835000045],[8.557361855000067,54.57814354000004],[8.574619183000038,54.56524490500004],[8.57512902700006,54.56132233400007],[8.564377844000035,54.55715627500007],[8.55097537100005,54.55687304000003],[8.53706156000004,54.56468515100005],[8.514124232000029,54.571438209000064],[8.509354823000024,54.57653717900007],[8.514408038000056,54.578969819000065]]],[[[8.829731165000055,54.60319881000004],[8.819396340000026,54.595530548000056],[8.809095033000062,54.60247931300006],[8.824131285000021,54.60495571700005],[8.829731165000055,54.60319881000004]]],[[[8.728339278000021,54.62872904500006],[8.718664291000039,54.627486902000044],[8.709293079000076,54.63225635500004],[8.71542516300002,54.64007172700008],[8.737925576000066,54.64309113400003],[8.737551735000068,54.63472084700004],[8.728339278000021,54.62872904500006]]],[[[8.646189980000031,54.639616155000056],[8.606921928000077,54.63323303300007],[8.587067794000063,54.63447185600006],[8.547375134000049,54.61930995500006],[8.529746353000064,54.62744250700007],[8.541974767000056,54.635976561000064],[8.603750166000054,54.64218891500008],[8.636674207000056,54.64927155100003],[8.651588141000047,54.65680119700005],[8.662156615000072,54.65427762600007],[8.657948350000026,54.64529708100008],[8.646189980000031,54.639616155000056]]],[[[10.034356824000042,54.668245582000054],[10.032737329000042,54.66308989100003],[10.030295910000063,54.66328702700008],[10.028488608000032,54.66597477300007],[10.034356824000042,54.668245582000054]]],[[[8.709372421000069,54.67717385900005],[8.698281911000038,54.67002660800006],[8.681687410000052,54.67359587100003],[8.697819812000034,54.68133217900004],[8.709372421000069,54.67717385900005]]],[[[8.39310394100005,54.61279888100006],[8.370972842000072,54.60847130700006],[8.338809490000074,54.62777749900005],[8.304193548000057,54.65441360800003],[8.29435120900007,54.665605490000075],[8.308478102000038,54.68259608500006],[8.34168666200003,54.70133052700004],[8.344045917000074,54.69998597500006],[8.343190977000063,54.68733763200004],[8.361158639000053,54.65050151200006],[8.379697221000072,54.64094954600006],[8.379422868000063,54.633204403000036],[8.395809349000046,54.62755050000004],[8.39265927300005,54.62221584900004],[8.400709146000054,54.62044744900004],[8.39310394100005,54.61279888100006]]],[[[8.541799389000062,54.75541059500006],[8.582973738000021,54.74540157700005],[8.587977932000058,54.74076204000005],[8.584335218000035,54.73022609100008],[8.595947653000053,54.71871431500006],[8.582063084000026,54.71019688500007],[8.575973316000045,54.70161757300008],[8.575532131000045,54.692244308000056],[8.567118574000062,54.68094141800003],[8.554993417000048,54.67909143600008],[8.47480517400004,54.682188765000035],[8.450907938000057,54.69301444600006],[8.426835231000041,54.69494089600005],[8.403063600000053,54.70046252800006],[8.396473169000046,54.705076390000045],[8.395743650000043,54.71593419900006],[8.407394962000069,54.73346936400003],[8.41941394500003,54.74220755200008],[8.43691384300007,54.74822928900005],[8.541799389000062,54.75541059500006]]],[[[8.421557925000059,55.057196558000044],[8.451807790000032,55.04742595600004],[8.448247441000035,55.04409335000008],[8.429079347000027,55.04789231400008],[8.400355012000034,55.044493697000064],[8.399334552000028,55.03967454000008],[8.403474150000022,55.03600418600007],[8.429159510000034,55.03307164800003],[8.437521520000075,55.018900020000046],[8.418283514000052,55.008778978000066],[8.39286852500004,55.002052183000046],[8.37034204500003,54.988784542000076],[8.353986797000061,54.96797516000004],[8.362446394000074,54.944234409000046],[8.362619739000024,54.90914784900008],[8.371892543000058,54.897822664000046],[8.380384842000069,54.892356359000075],[8.43353813300007,54.876643270000045],[8.484698388000027,54.87714065100005],[8.512600335000059,54.88423178700003],[8.570805739000036,54.885067597000045],[8.505259637000051,54.88017294100007],[8.452539192000074,54.85711403400006],[8.413296659000025,54.84737348900006],[8.377783064000027,54.85890961400003],[8.363753028000076,54.875411891000056],[8.347429334000026,54.87607153700003],[8.340391414000067,54.87970898800006],[8.33406257200005,54.87327417500006],[8.33190527100004,54.86321617700003],[8.308643288000042,54.858931717000075],[8.300503717000026,54.85157751000003],[8.29387261000005,54.82794612300006],[8.29965317400007,54.81719690400007],[8.299075087000062,54.80394934600008],[8.294404150000048,54.79404355200006],[8.294483592000063,54.78309474800005],[8.299832795000043,54.77289667700006],[8.294375337000076,54.74379482400008],[8.27971545400004,54.75520344900008],[8.288079977000052,54.87763529700004],[8.297281207000026,54.90914784900008],[8.321998724000025,54.949670998000045],[8.382147932000066,55.03541438800005],[8.400051603000065,55.05286989900003],[8.421557925000059,55.057196558000044]]]]},"properties":{"kind":"state_boundary","name":"Schleswig-Holstein","nuts_id":"DEF","source":"Eurostat GISCO NUTS 2024","source_url":"https://gisco-services.ec.europa.eu/distribution/v2/nuts/nuts-2024-files.html"}},{"type":"Feature","geometry":{"type":"MultiPolygon","coordinates":[[[[10.45102317900006,47.55459539800006],[10.454438851000077,47.55579702400007],[10.439792512000054,47.525084657000036],[10.440721938000024,47.51454886100004],[10.432260273000054,47.50361159300007],[10.443465828000058,47.48491255300007],[10.463763401000051,47.482740367000076],[10.469090007000034,47.46934157000004],[10.466390518000026,47.45308178000005],[10.474750658000062,47.433211337000046],[10.459844516000032,47.42801468400006],[10.453351316000067,47.41810918900006],[10.438427469000032,47.41282332600008],[10.429718154000057,47.39127439200007],[10.436768155000038,47.380363103000036],[10.420616965000022,47.38424504500006],[10.412406748000024,47.37840160800005],[10.396560903000022,47.37622688400006],[10.389249410000048,47.37026934100004],[10.385254080000038,47.35599634600004],[10.357853287000069,47.33723526000006],[10.346487385000046,47.32063483500008],[10.348802740000053,47.317509150000035],[10.32953903200007,47.30481552200007],[10.315450393000049,47.30609515100008],[10.295826373000068,47.299017148000075],[10.281311321000032,47.288163644000065],[10.265975566000066,47.28807596100006],[10.25900699500005,47.281722314000035],[10.243459291000022,47.27809374200007],[10.234680959000059,47.27116243100005],[10.22166014000004,47.27554873100007],[10.201594188000058,47.27640407700005],[10.178352767000035,47.270114025000055],[10.173760807000065,47.271646142000066],[10.172087788000056,47.27907864400004],[10.179279327000074,47.29492574200003],[10.190948677000051,47.29478883300004],[10.210406342000056,47.307243879000055],[10.213036167000041,47.31426834700005],[10.200702728000067,47.32667188200003],[10.217734571000051,47.354675728000075],[10.235731538000039,47.372790027000065],[10.232792078000045,47.378603844000054],[10.234472742000037,47.38307042500003],[10.22652991900003,47.38795836500003],[10.21222980500005,47.38107774400004],[10.182886215000053,47.39168411900005],[10.18003877800004,47.38691777400004],[10.169565145000035,47.384653325000045],[10.168924,47.37218553500003],[10.166017066000052,47.36923851500006],[10.141149390000066,47.36724007300006],[10.119590967000022,47.37492172300006],[10.099850746000072,47.35476135000005],[10.082889754000064,47.39373392200008],[10.08493035400005,47.39954990600006],[10.072082182000031,47.407092154000054],[10.075530596000021,47.41455348200003],[10.095488734000071,47.41810918900006],[10.104564415000027,47.42814823400005],[10.094076130000076,47.44187829400005],[10.094065256000022,47.45164082800005],[10.090300807000062,47.45927272100005],[10.072517606000076,47.45596805000008],[10.052523354000073,47.46898296900008],[10.053208391000055,47.475712343000055],[10.04235608700003,47.488037054000074],[10.009478153000032,47.482032254000046],[9.999526182000068,47.483017139000026],[9.988671962000069,47.49743114900008],[9.994208038000068,47.50334256900004],[9.965027845000066,47.52300044100008],[9.967813723000063,47.546240553000075],[9.960752573000036,47.540988524000056],[9.960264854000059,47.53508302600005],[9.941423106000059,47.537546156000076],[9.933648325000036,47.53263743700006],[9.919839634000027,47.53035626900004],[9.899846058000037,47.54429337500005],[9.878774011000075,47.54654058800003],[9.874557737000032,47.52856663800003],[9.858685775000026,47.534397400000046],[9.850196010000047,47.54127896500006],[9.81627461100004,47.549105445000066],[9.825343701000065,47.56037407900004],[9.821742455000049,47.56972309500003],[9.826568862000045,47.57796541000005],[9.823746682000035,47.587183915000026],[9.802545381000073,47.59538245200008],[9.777051631000063,47.59440778700008],[9.76350941100003,47.58592607600008],[9.756529271000034,47.57845221200006],[9.755747490000033,47.57222980900008],[9.749540142000058,47.570504861000074],[9.745988692000026,47.556104137000034],[9.740663295000047,47.553536663000045],[9.732172811000055,47.53373461800004],[9.680359379000038,47.523357608000026],[9.558720702000073,47.541892877000066],[9.602077112000075,47.58433807600005],[9.619756298000027,47.58322738900006],[9.621834722000074,47.588840176000076],[9.628219055000045,47.59286124600004],[9.64328492900006,47.589759455000035],[9.637354678000065,47.602347413000075],[9.652548886000034,47.60580731200008],[9.659397109000054,47.61154666500005],[9.67122084400006,47.611059682000075],[9.681449351000026,47.60476607800007],[9.692151663000061,47.61042352000004],[9.695751031000043,47.60441260500005],[9.70541608800005,47.60207543800004],[9.728540382000062,47.60916152800007],[9.733658430000048,47.615196946000026],[9.73704934500006,47.61321104000007],[9.745672691000038,47.61591619600006],[9.741532585000073,47.60514490400004],[9.747718388000067,47.603688616000056],[9.754621094000072,47.608919781000054],[9.755860116000065,47.614317537000034],[9.778790591000075,47.63008445300005],[9.794256140000073,47.63564701900003],[9.799480877000065,47.643483383000046],[9.79615999300006,47.64715167400004],[9.79902905800003,47.64957607200006],[9.81563750500004,47.65014171300004],[9.827880218000075,47.65813270000007],[9.831706023000038,47.67148597400006],[9.837332563000075,47.67194687800003],[9.841770229000076,47.677001344000075],[9.860355384000059,47.67757472800008],[9.87912162200007,47.674071464000065],[9.89099344500005,47.66426158100006],[9.932625659000053,47.65395536500006],[9.94165121900005,47.65666946600004],[9.968471985000065,47.653614900000036],[9.975470389000066,47.65758508000005],[9.977317683000024,47.665406449000045],[9.997935964000021,47.67943814700004],[10.028435328000057,47.686079902000074],[10.031074880000062,47.675243282000054],[10.044720135000034,47.67585254800008],[10.048641301000032,47.68033809900004],[10.060012909000022,47.679383778000044],[10.074085152000066,47.65864373900007],[10.072815504000062,47.64316409700007],[10.077292527000054,47.63927434900006],[10.082952126000066,47.65427547300004],[10.092593993000037,47.66369932300006],[10.09426800700004,47.67003222200003],[10.111387317000037,47.666366106000055],[10.12864630200005,47.67641518900007],[10.131890223000028,47.68510083000007],[10.12949208300006,47.69096044300005],[10.138119508000045,47.697442747000025],[10.13943738000006,47.70327334600006],[10.118272748000038,47.71704551900007],[10.117937637000068,47.73351650400008],[10.11464516500007,47.73811043000006],[10.117493473000025,47.752239142000064],[10.115812212000037,47.76041496600004],[10.086006575000056,47.77041621300003],[10.081562316000031,47.778536528000075],[10.06787175900007,47.78537294200004],[10.094359360000055,47.80289146900003],[10.114456959000051,47.80121953200006],[10.117087033000075,47.80324019900007],[10.113203259000045,47.80748577000003],[10.117984744000069,47.810986093000054],[10.134237217000077,47.81137484700008],[10.13192829600007,47.820087423000075],[10.105254513000034,47.84112954900007],[10.107292253000026,47.85038993200004],[10.097962719000066,47.84986360500005],[10.103444910000064,47.857599013000026],[10.102079248000052,47.865482618000044],[10.08346388700005,47.85658134200003],[10.076755629000047,47.86780956600006],[10.091279458000031,47.867766139000025],[10.104462741000077,47.87852118400008],[10.104757114000051,47.88243196600007],[10.09947707300006,47.88558370900006],[10.103531994000036,47.89263972800006],[10.102117195000062,47.90440140100003],[10.109349520000023,47.91097613300008],[10.105822011000043,47.92440898800004],[10.110136718000035,47.93714985100007],[10.09341901700003,47.945149815000036],[10.085128990000044,47.95693461700006],[10.08868341300007,47.96891468700005],[10.114927349000027,47.976300482000056],[10.11546521200006,47.989036948000034],[10.120978042000047,47.99689556800007],[10.12042378700005,48.00326294100006],[10.132386782000026,48.01540013400006],[10.135728037000035,48.02376141900004],[10.128044815000067,48.03246606700003],[10.14047086200003,48.04721086100005],[10.14343610700007,48.058843307000075],[10.140640532000077,48.06490199900003],[10.142980672000022,48.07365379200007],[10.134591241000066,48.08085681100005],[10.140392310000038,48.098916615000064],[10.13666149100004,48.10078312400003],[10.134213682000052,48.11276236100008],[10.122835257000077,48.11740201500004],[10.107074650000072,48.13214407800007],[10.085835230000043,48.18301269700004],[10.085198667000043,48.20568346700003],[10.077312739000035,48.210995954000055],[10.077487513000051,48.22083685800004],[10.069539141000064,48.224441468000066],[10.068916684000044,48.23111133300006],[10.061487596000063,48.24093532100005],[10.067770972000062,48.25126320500004],[10.063088592000042,48.25806789400008],[10.065183822000051,48.281438560000026],[10.04420383200005,48.29341872800006],[10.025077851000049,48.32118543100006],[10.01161184600005,48.331891546000065],[10.010194725000076,48.34168690900003],[9.997605834000069,48.35011795400004],[9.995568453000033,48.35535071400005],[9.998732885000038,48.362357931000076],[9.985932323000043,48.369563251000045],[9.98302829100004,48.36363902200003],[9.97787145600006,48.36317051300006],[9.970499921000055,48.36886612300003],[9.968403040000055,48.37470262900007],[9.990858249000041,48.393855762000044],[10.014294645000064,48.404024614000036],[10.020204123000042,48.41893957800005],[10.042414116000032,48.429731899000046],[10.028775709000058,48.43760088500005],[10.030991191000055,48.44266778300005],[10.037053528000058,48.44491170400005],[10.032694509000066,48.45719634300008],[10.069589524000037,48.458068910000065],[10.100720477000038,48.470894471000065],[10.106836548000047,48.47703262600004],[10.117452041000035,48.47461697700004],[10.123042217000034,48.46206036500007],[10.133895591000055,48.45487146700003],[10.170871694000027,48.45831497700004],[10.176766325000074,48.46421635300004],[10.176633787000071,48.46842656600006],[10.184647736000045,48.47107493100003],[10.183431227000028,48.47584581700005],[10.217915428000026,48.488467643000035],[10.240036591000035,48.49160516100005],[10.237506472000064,48.50019611300007],[10.241958725000075,48.50055473800006],[10.240986159000045,48.50528409400005],[10.234691627000075,48.50534160500007],[10.230779511000037,48.51051105800008],[10.246754683000063,48.51170205300008],[10.255992592000041,48.51887074500007],[10.295733506000033,48.51702327800007],[10.312022960000036,48.52294397700007],[10.310406751000073,48.52572230700008],[10.313184694000029,48.52855431300003],[10.304350229000022,48.52981285900006],[10.302168126000026,48.53469456900007],[10.301760512000044,48.54597836900007],[10.31383945600004,48.55909558700006],[10.306253426000069,48.581777368000076],[10.294108460000075,48.59022441600007],[10.29710917400007,48.603809581000064],[10.318910241000026,48.60404538700004],[10.321656516000075,48.60968865500007],[10.298848311000029,48.62389186400003],[10.29650984500006,48.633563921000075],[10.28483753100005,48.63696234100007],[10.279806665000024,48.64587507300007],[10.269391992000067,48.64738666800008],[10.268935655000064,48.65200905800003],[10.259529790000045,48.65489258300005],[10.262085795000075,48.65934359700003],[10.255362571000035,48.66479029000004],[10.261479450000024,48.672109318000025],[10.256188534000046,48.67975863200007],[10.265185320000057,48.68023129000005],[10.270950990000074,48.68524857300008],[10.270427063000056,48.70303347200007],[10.281298180000022,48.70098655100003],[10.292634729000042,48.69274803300004],[10.315868909000073,48.68388857200006],[10.319327773000055,48.688854019000075],[10.337235884000052,48.688352096000074],[10.347087728000076,48.67861067600006],[10.35096352000005,48.66719193000006],[10.348775296000042,48.66088564300003],[10.352597352000032,48.65469301200005],[10.36122232100007,48.65318650300003],[10.368754606000039,48.66306669900007],[10.388704528000062,48.66798886200007],[10.392903280000041,48.68746899700005],[10.408781687000044,48.69808365200004],[10.435264356000062,48.69562842300007],[10.436669305000066,48.69222109300006],[10.432415853000066,48.68702524200006],[10.423257387000035,48.68988870900006],[10.420023227000058,48.68211947900005],[10.425550738000027,48.67308798800008],[10.409509469000056,48.667520059000026],[10.410638938000034,48.661034124000025],[10.417008328000065,48.66339096400003],[10.431353323000053,48.66193980600008],[10.449163027000054,48.66591825000006],[10.454959966000047,48.670277774000056],[10.464998017000028,48.67053363000008],[10.48213600500003,48.685440449000055],[10.490919646000066,48.688077272000044],[10.487258070000053,48.696662133000075],[10.481188043000031,48.69625072200006],[10.475308467000048,48.70268501000004],[10.481638813000075,48.709289212000044],[10.464258482000048,48.72168822500004],[10.460465244000034,48.73075919900003],[10.464280821000045,48.73513707600006],[10.450977996000063,48.73429003800004],[10.446268244000066,48.72893905700005],[10.438463071000058,48.736989994000055],[10.423689313000068,48.74423464400007],[10.417848909000043,48.75161247600005],[10.427223432000062,48.75713843400007],[10.419313342000066,48.762487047000036],[10.414362554000036,48.77093036200006],[10.41823695100004,48.77577691300007],[10.430321625000033,48.77054230200008],[10.432990793000045,48.776345882000044],[10.428044338000063,48.786038415000064],[10.433709781000061,48.78896893900003],[10.421120773000041,48.79816655600007],[10.434785541000053,48.80175313900003],[10.446426331000055,48.81076153600003],[10.447678609000036,48.83104366400005],[10.426268422000021,48.83692061700003],[10.429172168000036,48.84494436700004],[10.452107395000041,48.85261169000006],[10.45316439100003,48.859610933000056],[10.44931635000006,48.862297427000044],[10.452580933000036,48.87347562000008],[10.447027657000035,48.87733987300004],[10.452809070000058,48.88647894300004],[10.449397118000036,48.89258403900004],[10.439128485000026,48.89915723800004],[10.42599214300003,48.902410522000025],[10.424890766000033,48.90758575900003],[10.44267866000007,48.90893107100004],[10.453891464000037,48.91499938000004],[10.455961333000062,48.92120743500004],[10.439356365000037,48.93289241400004],[10.448347096000077,48.93712353700005],[10.444136897000021,48.94506195000008],[10.432845408000048,48.94574388800004],[10.428511320000041,48.95518012100007],[10.419458055000064,48.95917611900006],[10.424245188000043,48.96206607600004],[10.417538806000039,48.968241083000066],[10.403681736000067,48.96679041900006],[10.40397064800004,48.97486740800008],[10.40984932300006,48.97743556900008],[10.39441229700003,48.98946235200003],[10.381771791000062,48.98850811300008],[10.380942638000022,48.998504351000065],[10.372808836000047,49.00323939200007],[10.353473407000024,49.00600140000006],[10.35534664000005,49.012971081000046],[10.345737778000057,49.01808940300003],[10.349829597000053,49.02320723100007],[10.34925258000004,49.02785388600006],[10.338558970000065,49.02762128900008],[10.333760374000065,49.03090683500005],[10.332311570000059,49.02717796100006],[10.327986292000048,49.029085586000065],[10.326098767000076,49.02563735600006],[10.320476486000075,49.02571605900005],[10.303515272000027,49.03212481000003],[10.30112084500007,49.03915196100007],[10.29566171600004,49.04199402900008],[10.28350449900006,49.03709364900004],[10.264446726000074,49.04399976800005],[10.252215008000064,49.040234689000044],[10.25676339000006,49.05949499600007],[10.261330152000028,49.06177584500006],[10.256914142000028,49.07024944700004],[10.23517978600006,49.07543502100003],[10.246705244000054,49.08036093000004],[10.248482501000069,49.09145540500003],[10.230141870000068,49.09027760500004],[10.22241406300003,49.09709644600008],[10.213007108000056,49.094998489000034],[10.204997406000075,49.09811886800003],[10.214344849000042,49.105129642000065],[10.214963337000029,49.112319452000065],[10.22709906800003,49.11187139100008],[10.230877816000032,49.11895124100005],[10.256947684000068,49.12905052700006],[10.251771974000064,49.13389009600007],[10.254562446000023,49.13901170400004],[10.247781301000032,49.14813644000003],[10.237105598000028,49.149742049000054],[10.231146600000045,49.15707298400008],[10.216219798000054,49.16307648900005],[10.200068977000058,49.15605521200007],[10.18874511100006,49.17304914200008],[10.178440748000071,49.173818029000074],[10.180415585000048,49.18161546600004],[10.171029474000022,49.178275402000054],[10.161256888000025,49.18321727000006],[10.152648212000031,49.19319201600007],[10.136081127000068,49.19962307000003],[10.12911747100003,49.19690459800006],[10.12598054700004,49.200437055000066],[10.12898455900006,49.209702064000055],[10.139013208000051,49.209540547000074],[10.13953361700004,49.21240675300004],[10.127719874000036,49.22336904300005],[10.124021755000058,49.24461247800008],[10.119828856000026,49.247358001000066],[10.131535736000046,49.25095009100005],[10.128305713000032,49.25449445900006],[10.112899416000062,49.25678429100003],[10.116712179000046,49.267667293000045],[10.125181887000053,49.27338677100005],[10.128599873000041,49.26349868300008],[10.135662547000038,49.26366899200008],[10.145423631000028,49.26894597100005],[10.150007299000038,49.27871530300007],[10.156620622000048,49.28075910300004],[10.133993898000028,49.29677199900004],[10.132529651000027,49.30500309400003],[10.144401642000048,49.31699779200005],[10.140034735000029,49.324924801000066],[10.132710919000033,49.32774345800004],[10.123661061000064,49.324910869000064],[10.107993620000059,49.33250465400005],[10.112571665000075,49.33463733000008],[10.104661434000036,49.339713535000044],[10.104042142000026,49.34601112900003],[10.109576892000064,49.351685442000075],[10.123129962000064,49.35223252500003],[10.12120711800003,49.35769441100007],[10.113746212000024,49.36128890600003],[10.116729873000054,49.36903142700004],[10.108272015000068,49.37878620200007],[10.111966667000047,49.384910492000074],[10.125560359000076,49.38755288300007],[10.143179166000039,49.38498757600007],[10.159271174000025,49.390788529000076],[10.160056484000052,49.394828294000035],[10.152217058000076,49.401015406000056],[10.150390470000048,49.41247350100008],[10.139419400000065,49.42386034900005],[10.132493187000023,49.43730183900004],[10.11746935900004,49.44367493400006],[10.109226646000025,49.44099237100005],[10.095867843000065,49.44822166100005],[10.097794416000056,49.45540395100005],[10.106080323000072,49.458733523000035],[10.107076435000067,49.461945865000075],[10.120898081000064,49.463760216000026],[10.118327538000074,49.47316953400008],[10.102203505000034,49.485759279000035],[10.10089967500005,49.49131052000007],[10.119919061000076,49.50934952700004],[10.104996593000067,49.51449050700006],[10.083573475000037,49.51310044500008],[10.078193084000077,49.51987570600005],[10.079823240000053,49.527033664000044],[10.088591843000074,49.53041493200004],[10.083723320000047,49.54356090300007],[10.06279310900004,49.54493037100008],[10.057956532000048,49.53616597900003],[10.041442354000026,49.529297462000045],[10.055465765000065,49.52027130000005],[10.056136365000043,49.51623449300007],[10.047210796000059,49.50769573800005],[10.028797459000032,49.50324842400005],[10.019246089000035,49.48645342700007],[10.009698099000047,49.48353299200005],[9.992258327000059,49.48620767800003],[9.973541803000046,49.48189786300003],[9.975700883000059,49.485245414000076],[9.953360154000052,49.48096689800008],[9.941509824000036,49.48203646300004],[9.92688309500005,49.485013372000026],[9.916298290000043,49.49161325800003],[9.91659958300005,49.499138825000045],[9.92342685400007,49.50610933400003],[9.917611453000063,49.51888409600008],[9.923739711000053,49.52561248400008],[9.92440037700004,49.538235143000065],[9.920912130000033,49.54411407500004],[9.926180900000077,49.55160065000007],[9.920811399000058,49.55380762300007],[9.924232801000073,49.558236101000034],[9.921933731000024,49.562482696000075],[9.898643,49.56340554600007],[9.902427939000063,49.572340386000064],[9.913590492000026,49.58109245000003],[9.910920499000042,49.58591330200005],[9.899054061000072,49.58760966800003],[9.876590211000064,49.57835771100008],[9.873777072000053,49.57259320500003],[9.865480852000076,49.56744988200006],[9.865878966000025,49.55651779300007],[9.857245466000052,49.545974587000046],[9.828800148000028,49.55178787600005],[9.817117692000068,49.55772768700007],[9.811544857000058,49.555682596000054],[9.835661309000045,49.56851460400003],[9.847936362000041,49.57890054300003],[9.842413566000062,49.59557795900008],[9.857547556000043,49.602110829000026],[9.861114608000037,49.60816807200007],[9.869578338000053,49.60984705300007],[9.864830638000058,49.625418843000034],[9.854100041000038,49.641920017000075],[9.835854477000055,49.64642686700006],[9.830315747000043,49.65266851900003],[9.832145742000023,49.65937545600008],[9.82302815600002,49.66519874200003],[9.824465334000024,49.672888801000056],[9.830485833000068,49.68054036500007],[9.838328340000032,49.681520627000054],[9.832972765000022,49.687886984000045],[9.834936312000025,49.691866471000026],[9.831744808000053,49.702982113000076],[9.79759029500002,49.72076248500008],[9.797675900000058,49.73107099400005],[9.791707778000045,49.73009557100005],[9.786927737000042,49.72263024400007],[9.770399894000036,49.71956656100008],[9.755159697000067,49.71133517000004],[9.74915425200004,49.69579729700007],[9.738263335000056,49.68857847700008],[9.728056989000038,49.69007474700004],[9.727588719000039,49.69831269900004],[9.719906503000061,49.70243909000004],[9.71498510500004,49.710165620000055],[9.711135887000069,49.726987070000064],[9.70486039800005,49.72469006100005],[9.700170807000063,49.71796322200004],[9.67845064200003,49.71616187600006],[9.675033882000037,49.69362784300006],[9.652274866000027,49.68847049900006],[9.633036941000057,49.69403708300007],[9.626331882000045,49.70466845200008],[9.633395513000039,49.71729662700005],[9.639561150000077,49.720377032000044],[9.63999397300006,49.72331645600008],[9.63090250700003,49.73124506800008],[9.645871245000023,49.737737640000034],[9.63972435200003,49.74122099200008],[9.644601230000035,49.745171036000045],[9.639216096000041,49.754217416000074],[9.65186581200004,49.766371467000056],[9.644995511000047,49.77664286500004],[9.649977092000029,49.780542439000044],[9.64873582000007,49.79147741200006],[9.619939898000041,49.78339045700005],[9.580530061000047,49.77840872500008],[9.572756640000023,49.78326528800005],[9.559395945000063,49.77900443500005],[9.558803952000062,49.76468481100005],[9.568243490000043,49.75080554900006],[9.562807435000025,49.74503953100003],[9.555604593000055,49.747849047000045],[9.551870721000057,49.76071526100003],[9.545475011000065,49.76650890500008],[9.537973402000034,49.76728377000006],[9.522554370000023,49.76151658800006],[9.514364243000045,49.764237585000046],[9.510566723000068,49.77052994500008],[9.512292187000071,49.78179891800005],[9.50717547000005,49.78656760900003],[9.483043827000074,49.78761138700003],[9.467002876000038,49.773114124000074],[9.455251752000038,49.77003207800004],[9.445400942000049,49.774026554000045],[9.43302357400006,49.78835140800004],[9.420738447000076,49.78837179700008],[9.390370940000025,49.77054561800003],[9.377530766000064,49.77772083900004],[9.369407648000049,49.77799425900008],[9.34618572000005,49.76850896800005],[9.317185995000045,49.76808323600005],[9.313551286000063,49.76196386600003],[9.322213748000024,49.749464473000046],[9.322410255000023,49.74366677900008],[9.31581604400003,49.740438495000035],[9.295724698000072,49.740410104000034],[9.323667167000053,49.73146874400004],[9.338140640000063,49.73412616300004],[9.36463412300003,49.727555831000075],[9.349967366000044,49.71846268200005],[9.357408817000021,49.70428839900006],[9.370676138000022,49.703959808000036],[9.381239546000074,49.70735945100006],[9.380989422000027,49.72527849100004],[9.386743056000057,49.730217792000076],[9.398292768000033,49.72880341100006],[9.401543466000021,49.721494051000036],[9.40793069600005,49.721458537000046],[9.420314317000077,49.706627541000046],[9.417323172000067,49.70327799100005],[9.42106078200004,49.69611218000006],[9.419231172000025,49.68995791800006],[9.406390922000071,49.67958165400006],[9.40824086200007,49.67627211300004],[9.400097708000033,49.67068037800004],[9.41737644400007,49.65744083900006],[9.407885461000035,49.64763556400004],[9.383480598000062,49.642835210000044],[9.366460072000052,49.656155682000076],[9.34115616300005,49.644338434000076],[9.304083080000055,49.654944476000026],[9.305257245000064,49.65087932600005],[9.289849532000062,49.64292537800003],[9.287453218000053,49.638536154000064],[9.27204801800002,49.63422107900004],[9.271360795000021,49.62660662700006],[9.284032237000076,49.615318140000056],[9.265971039000021,49.60717513000003],[9.25903656500003,49.59327605200008],[9.249268748000077,49.59296075800006],[9.248238549000064,49.58524836200007],[9.238701355000046,49.58129160000004],[9.194382523000058,49.57457302700004],[9.165305981000074,49.576019329000076],[9.156900335000046,49.57945333600003],[9.120693885000037,49.57383653200003],[9.107983630000035,49.57863252000004],[9.10300593200003,49.57745611000007],[9.083107513000073,49.60112212700005],[9.06638147800004,49.60236490300008],[9.068223312000043,49.60938235000003],[9.065830495000057,49.619723375000035],[9.084079272000054,49.634669415000076],[9.100516653000057,49.64146315000005],[9.100150343000053,49.652990017000036],[9.103418969000074,49.66043046900006],[9.08951333300007,49.66927270700006],[9.088158018000058,49.687601518000065],[9.092236552000031,49.69471287500005],[9.124519687000031,49.699646234000056],[9.127155367000057,49.70661559000007],[9.12301377700004,49.713762951000035],[9.133718919000046,49.71701976700007],[9.150808858000062,49.74285046300008],[9.127834106000023,49.75522658800003],[9.10784200300003,49.75977220500005],[9.113749906000066,49.77301294500006],[9.133294978000038,49.781532852000055],[9.128954375000035,49.79435641100008],[9.108140178000042,49.79798059600006],[9.09287206700003,49.79063431900005],[9.077864246000047,49.81821570100004],[9.085486016000061,49.826686866000045],[9.078876062000063,49.835742510000046],[9.088959559000045,49.84135692500007],[9.084730913000044,49.84750649500006],[9.064462296000045,49.83244901200004],[9.058247618000053,49.834603308000055],[9.055227161000062,49.844672383000045],[9.041553990000068,49.84171661100004],[9.036080437000066,49.84650394000005],[9.041528109000069,49.84869936100006],[9.043317780000052,49.85386975400007],[9.034043220000058,49.86209739700007],[9.035034750000023,49.86657154900007],[9.05008024700004,49.86631513100008],[9.038306327000043,49.87718651600005],[9.035795785000062,49.89752035500004],[9.030669767000063,49.90900127000003],[9.024398922000046,49.91082834400004],[9.031390215000044,49.92457579200004],[9.025183481000056,49.944297522000056],[9.020178779000048,49.94753358300005],[9.02637181700004,49.95509138300008],[9.019351148000055,49.97616858300006],[9.02017066600007,49.98481374100004],[9.016088342000046,49.991340570000034],[9.022753200000068,49.99632247200003],[9.032603857000026,49.99036514800008],[9.046991363000075,49.99107218800003],[9.046689976000039,49.995406640000056],[9.036034908000033,50.002522069000065],[9.039817748000075,50.01037337400004],[9.032112935000043,50.01866070400007],[9.031543829000043,50.03798367600007],[9.023042549000024,50.04364204400008],[9.009515588000056,50.04582955500007],[8.983156251000025,50.042508042000065],[8.976460321000047,50.04904825400007],[8.990559953000059,50.06711914200008],[8.998642072000052,50.06980568300003],[8.99799700400007,50.09133288800007],[9.016218992000063,50.110194284000045],[9.07132643600005,50.119438040000034],[9.077632202000075,50.11628839100007],[9.087080735000029,50.11670546400006],[9.099135846000024,50.125965396000026],[9.117461823000042,50.12647615100008],[9.144000540000036,50.11483870500007],[9.152839776000064,50.11701054700006],[9.155533184000035,50.11041126900005],[9.14479460800004,50.09848073100005],[9.149987184000054,50.09163912900004],[9.162545704000024,50.098186643000076],[9.160154394000074,50.10145074800005],[9.173464760000059,50.113508093000064],[9.174629366000033,50.11864265100007],[9.190673711000045,50.12756832500003],[9.18468325200007,50.13766475700004],[9.22318847300005,50.14863840100003],[9.26035558700005,50.13853853400008],[9.273927376000074,50.142661987000054],[9.307683805000067,50.13388585100006],[9.32916768900003,50.14013182800005],[9.343454278000024,50.131256163000046],[9.375639386000046,50.129660476000026],[9.395036875000073,50.097126176000074],[9.404984498000033,50.08773445500003],[9.413800870000046,50.08439772000003],[9.434592881000071,50.085190510000075],[9.446421031000057,50.089967268000066],[9.500327467000034,50.096646831000044],[9.51158515800006,50.094834251000066],[9.519177519000039,50.10585011000006],[9.518627368000068,50.114342055000066],[9.510578448000047,50.13017014900004],[9.507977524000069,50.14467334300008],[9.52203510000004,50.15068855900006],[9.531202043000064,50.16084965700003],[9.528152461000047,50.168139360000055],[9.505055846000062,50.169263510000064],[9.49890821100007,50.17588660400003],[9.501877429000047,50.192146517000026],[9.515581050000037,50.195268971000075],[9.516205350000064,50.199611642000036],[9.502065197000036,50.21230488800006],[9.504008586000054,50.21692569100003],[9.49550423900007,50.22703783800006],[9.501174695000032,50.243474021000054],[9.516105196000069,50.23424857600003],[9.534299176000047,50.23375769900008],[9.542311991000076,50.224851139000066],[9.57511283100007,50.23237850500004],[9.582461523000063,50.22244647100007],[9.620056783000052,50.22348521600003],[9.622281125000029,50.22541021100005],[9.620401575000074,50.22752536200005],[9.636549979000051,50.23505548300005],[9.65648813200005,50.23242163500004],[9.663781123000035,50.23443821400008],[9.666980873000057,50.23941195000003],[9.639522344000056,50.24866871100005],[9.63801488100006,50.25175599000005],[9.652061593000042,50.26874984400007],[9.68095820800005,50.27815552000004],[9.703422532000047,50.280752559000064],[9.712800238000057,50.290890009000066],[9.727705317000073,50.295062933000054],[9.745236606000049,50.31058057800004],[9.744612612000026,50.31970142100005],[9.748038030000032,50.32536807300005],[9.745006299000067,50.32919154100006],[9.746789802000023,50.34113391000005],[9.732914479000044,50.35614940500005],[9.74456189700004,50.36404236000004],[9.745447806000072,50.37247905800007],[9.753829592000045,50.385979020000036],[9.758564683000031,50.40261977400007],[9.75178797600006,50.41210403400004],[9.764130385000044,50.42574802300004],[9.779303758000026,50.41951270900006],[9.791440395000052,50.42506187300006],[9.80675971900007,50.42214711400004],[9.811265669000022,50.417129369000065],[9.809183319000056,50.41300150200004],[9.823699499000043,50.40632807500003],[9.837643655000022,50.405396877000044],[9.858800017000021,50.39800117200008],[9.870418160000042,50.40876815800004],[9.883624530000077,50.39965317900004],[9.903263896000055,50.404791070000044],[9.944422717000066,50.42330747600005],[9.958346501000051,50.42378178000007],[9.966939940000032,50.43416939100007],[9.988393658000064,50.445721614000036],[9.997459997000021,50.46098545600006],[10.018307633000063,50.46645539100007],[10.022021970000026,50.475468514000056],[10.030294699000024,50.48010060400003],[10.040062393000028,50.49432994500006],[10.041338322000058,50.51646964500003],[10.06503176800004,50.52811358500003],[10.074787058000027,50.53950591100005],[10.089698755000029,50.54498883000008],[10.107094128000028,50.563733428000035],[10.11940832700003,50.56422453500005],[10.125017255000046,50.56123295700007],[10.122170948000075,50.55558227300003],[10.13951975200007,50.54340047100004],[10.146499944000027,50.54387220000007],[10.150268242000038,50.551887571000066],[10.17354352700005,50.54437425300006],[10.177794318000053,50.551610233000076],[10.202815405000024,50.55428766500006],[10.206746860000067,50.542419393000046],[10.221098280000035,50.53833424900006],[10.22483517300003,50.53037789700005],[10.230184423000026,50.529261295000026],[10.226670170000034,50.51904073800006],[10.232041748000029,50.512079483000036],[10.25618791100004,50.51200589900003],[10.266258169000025,50.50520190600008],[10.27520895300006,50.50516272400006],[10.30192377800006,50.49346609300005],[10.331083786000022,50.49317235800004],[10.333724888000063,50.48674482000007],[10.340477187000033,50.48248963900005],[10.336983115000066,50.46649079400004],[10.348232129000053,50.462427158000025],[10.366470407000065,50.44106530400006],[10.373212611000042,50.43892774600005],[10.372725714000069,50.43263471600005],[10.402000335000025,50.42487104600008],[10.383999294000034,50.405741050000074],[10.394153950000032,50.39492334100004],[10.42444296900004,50.39293336500003],[10.437898388000065,50.39548314100006],[10.439651325000057,50.40149407400003],[10.450532229000032,50.401859656000056],[10.454142384000022,50.39929765200003],[10.463012989000049,50.37734176100008],[10.474716895000029,50.372798921000026],[10.487052211000048,50.374363335000055],[10.49444156100003,50.36771762800004],[10.489357332000054,50.36224539600005],[10.491992111000059,50.356463174000055],[10.504227570000069,50.35392219800008],[10.511388613000065,50.35902669700005],[10.51462440000006,50.349896450000074],[10.531748279000055,50.36492593000003],[10.544092191000061,50.36393019800005],[10.553683251000052,50.356695012000046],[10.550612235000074,50.34831173200007],[10.561816572000055,50.33767486700003],[10.583636183000067,50.33293285000008],[10.600550600000076,50.33368789800005],[10.592996886000037,50.30867053700007],[10.604418810000027,50.293691085000034],[10.59825166500002,50.28850984300004],[10.600248704000023,50.28241848600004],[10.591040259000067,50.27178440400007],[10.60134481600005,50.270236003000036],[10.598916491000068,50.26269886100005],[10.611389952000025,50.251216415000044],[10.601037399000063,50.24387752000007],[10.613893916000052,50.22420830400006],[10.63168194900004,50.22292844400005],[10.658254828000054,50.230046368000046],[10.661204712000028,50.22672602800003],[10.657478800000035,50.22367508500008],[10.684075429000075,50.22430981900004],[10.694963591000032,50.21278059200006],[10.719315933000075,50.205304872000056],[10.730322069000067,50.21253677800007],[10.726917344000071,50.240400160000036],[10.727728391000028,50.248004181000056],[10.731463786000063,50.25100370700005],[10.74516703300003,50.24895367900007],[10.750683107000043,50.24271316900007],[10.768439449000027,50.24112650300003],[10.782294659000058,50.24736160600003],[10.781843421000076,50.25128411800006],[10.800379796000072,50.250776347000055],[10.808427016000053,50.24050140200006],[10.825232794000044,50.237610017000065],[10.84559415800004,50.24391912400006],[10.850920325000061,50.25119903500007],[10.850729563000073,50.26407154900005],[10.846194895000053,50.26951192000007],[10.846358118000069,50.27509455400008],[10.83500618200003,50.273413607000066],[10.826939070000037,50.27749792000003],[10.804320232000066,50.28048727100003],[10.80179092000003,50.291691255000046],[10.792906146000064,50.294908699000075],[10.770554,50.293569012000034],[10.742309488000046,50.31492334400008],[10.717584801000044,50.32017116900005],[10.71474611900004,50.32654910200006],[10.715908108000065,50.33239295200008],[10.727071279000029,50.33798882600007],[10.728169580000042,50.344664081000076],[10.724854141000037,50.34896494000003],[10.714257622000048,50.347853900000075],[10.716528033000031,50.36311076800007],[10.737941814000067,50.36266576500003],[10.753031878000058,50.35823249400005],[10.759525729000075,50.36195862300008],[10.763609060000022,50.36933833100005],[10.773773965000032,50.37196963400004],[10.785421411000073,50.38516951200006],[10.800130427000056,50.37951564700006],[10.82072654500007,50.385893450000026],[10.830442955000024,50.39261535600008],[10.857208958000058,50.38782789800007],[10.864676620000068,50.38886980900003],[10.87410155200007,50.39648302900008],[10.885867162000068,50.39228665400003],[10.892407538000043,50.38101549600003],[10.933981407000033,50.39219222100007],[10.962237326000036,50.376283330000035],[10.958037367000031,50.36863099100003],[10.98578036500004,50.34732039600004],[10.998227444000065,50.349994957000035],[10.993600996000055,50.35684821900003],[10.995147433000056,50.365358280000066],[11.035782826000059,50.36020436700005],[11.032960102000061,50.35554908600005],[11.034411250000062,50.34871436800006],[11.045551877000037,50.34601048400003],[11.081440214000054,50.35254173000004],[11.090637043000072,50.36561194400008],[11.115305203000048,50.36700710500003],[11.118648938000035,50.35936281100004],[11.11615043300003,50.35049378300005],[11.121074471000043,50.34948132800008],[11.127167077000024,50.35525593400007],[11.135503659000051,50.35313127300003],[11.157895609000036,50.33090363200006],[11.15848531000006,50.324709631000076],[11.135571928000047,50.314233442000045],[11.13236394200004,50.308752509000044],[11.132843915000024,50.302461222000034],[11.145786592000036,50.28570356800003],[11.153859107000073,50.28461664200006],[11.15839906900004,50.28804749200003],[11.165260790000048,50.28299677900003],[11.182334959000059,50.28059927800007],[11.175487256000054,50.26982853000004],[11.189943055000072,50.27118555100003],[11.190720854000062,50.28160756600005],[11.198607375000051,50.291030712000065],[11.247074652000038,50.26842022400007],[11.259777790000044,50.27494644800004],[11.259274584000025,50.28875058300008],[11.252726482000071,50.295430974000055],[11.269292629000063,50.306917671000065],[11.257394868000063,50.32245348100008],[11.261677199000076,50.326012355000046],[11.262432753000041,50.33728248500006],[11.27709887800006,50.33596248400005],[11.26538591700006,50.35308902300005],[11.283285035000063,50.36046024500007],[11.275392085000021,50.38147803600003],[11.264748736000058,50.388398840000036],[11.270868860000064,50.39420353200006],[11.259197903000029,50.400083307000045],[11.267973182000048,50.41847916300003],[11.267331635000062,50.432595347000074],[11.262722324000038,50.44245920100008],[11.247844572000076,50.44936068900006],[11.254892764000033,50.456423038000025],[11.24573711100004,50.470461355000054],[11.247034505000045,50.47648539200003],[11.255185393000033,50.48134870700005],[11.265937886000074,50.479421107000064],[11.284706346000064,50.485070146000055],[11.289561191000075,50.48403341000005],[11.291965922000031,50.47834368800005],[11.303993633000061,50.48850205300005],[11.321546407000028,50.49150390700004],[11.323277395000048,50.50800314300005],[11.342296231000034,50.51059275800003],[11.346632687000067,50.52093193500008],[11.370343476000073,50.52279850600007],[11.387028352000073,50.51629838300005],[11.393224124000028,50.51956181600008],[11.423077694000028,50.515707457000076],[11.44097696600005,50.50053673700006],[11.435489993000033,50.492649432000064],[11.420480455000074,50.49250180200005],[11.422181417000047,50.48412627700003],[11.416608194000048,50.46812454500008],[11.422577578000073,50.46166028500005],[11.419222429000058,50.45200140800006],[11.420630518000053,50.44336641000007],[11.440203972000063,50.43832737900004],[11.449712059000035,50.43165955300003],[11.443441953000047,50.420821129000046],[11.463835325000048,50.431794324000066],[11.481568224000057,50.43162139900005],[11.481421040000043,50.42430864900007],[11.487541780000072,50.41578683100005],[11.47904070100003,50.40263154300004],[11.489850442000034,50.396774495000045],[11.500573562000056,50.399560448000045],[11.517454077000025,50.39548461600003],[11.520588940000039,50.37520024400004],[11.545490676000043,50.383786351000026],[11.55936715200005,50.38414717200004],[11.573086383000032,50.39954628000004],[11.593265667000026,50.402360205000036],[11.620865851000076,50.387997022000036],[11.694342763000066,50.39578688000006],[11.704980823000028,50.40309775600008],[11.709872348000033,50.40271688300004],[11.71444114600007,50.39748833600004],[11.744268770000076,50.40918021500005],[11.755509680000046,50.40867990000004],[11.75221840000006,50.41542739100004],[11.770556943000031,50.41210870100008],[11.77865244000003,50.41771637900007],[11.795222895000052,50.41757779200003],[11.81621038000003,50.40171015400006],[11.82618479100006,50.40290488100004],[11.826517138000042,50.400113],[11.819662315000073,50.395776055000056],[11.822751594000067,50.39034980200006],[11.85067742900003,50.401033218000066],[11.86248282500003,50.39998362600005],[11.883457336000049,50.414867607000076],[11.901760805000038,50.41637608900004],[11.919323122000037,50.424728016000074],[11.934595483000066,50.42278626700005],[11.952811908000058,50.40633074900006],[11.94839029600007,50.39922362000004],[11.951463103000037,50.39443150200003],[11.965837961000034,50.398915472000056],[11.97946833900005,50.38979379500006],[11.97975223700007,50.37977237700005],[11.98362964000006,50.37533480800005],[11.979888312000071,50.36933303700005],[11.981782490000057,50.357234248000054],[11.976043555000047,50.35229263200006],[11.98420235900005,50.350185227000054],[11.996479094000051,50.35325950200007],[11.999544248000063,50.34653768600003],[12.014058030000058,50.34659875400007],[12.019917828000075,50.34055064700004],[12.029525851000074,50.339604103000056],[12.033298887000058,50.32970687100004],[12.043187319000026,50.33179750700003],[12.047672048000038,50.32583381300003],[12.049907092000069,50.33052455100005],[12.056036468000059,50.327715081000065],[12.064406963000067,50.33239364600007],[12.079097206000029,50.32764201200007],[12.087050992000059,50.33126194600004],[12.092418631000044,50.32890246300008],[12.09209364800006,50.32569898600008],[12.100900625000065,50.31802807500003],[12.124423083000067,50.307994085000075],[12.119617149000021,50.29893392400004],[12.123607775000039,50.29085082600005],[12.138857055000074,50.27805701200003],[12.128028721000021,50.27017457200003],[12.101429621000023,50.26266089200004],[12.101449311000067,50.25582129500003],[12.092071148000059,50.250777619000075],[12.10601574900005,50.24604546200004],[12.11058016100003,50.23802298900006],[12.139169354000046,50.23110606900008],[12.148724216000062,50.23520584400006],[12.150502901000038,50.234019508000074],[12.147027714000046,50.23037811200004],[12.158080042000051,50.22644060600004],[12.161839478000047,50.21298065000008],[12.17377622500004,50.21145386100005],[12.184300910000047,50.20121026600003],[12.193979813000055,50.19867556600008],[12.192138445000069,50.194581921000065],[12.200797777000048,50.187123592000034],[12.208538743000076,50.171635527000035],[12.214884477000055,50.16592652000003],[12.210847182000066,50.158919670000046],[12.201866573000075,50.15288441200005],[12.20360701900006,50.14583515900006],[12.19529533800005,50.141826406000064],[12.201885297000047,50.10876446800006],[12.21046950300007,50.10259128200005],[12.22751770900004,50.10192594400007],[12.228683330000024,50.09704305900004],[12.233599906000052,50.094148430000075],[12.246554369000023,50.09665516700005],[12.246297425000023,50.09225608100007],[12.27223957600006,50.076395293000076],[12.261179197000047,50.06406021200007],[12.260798923000038,50.05815665500006],[12.270484509000028,50.06097364500005],[12.280457782000042,50.05577798500008],[12.29794853900006,50.05850214900005],[12.317286151000076,50.05229367600003],[12.316889822000064,50.04565028900004],[12.326850252000042,50.032999792000055],[12.341213823000032,50.038653993000025],[12.367993454000043,50.01818653600003],[12.376787739000065,50.01890327900003],[12.37991717500006,50.01452296800005],[12.386718873000063,50.01302537400005],[12.400949662000073,50.01425023500008],[12.400070560000074,50.00969956300003],[12.40324326900003,50.00615907400004],[12.424056956000072,50.00047701200003],[12.430810935000068,50.00196674600005],[12.434544811000023,49.99895993600006],[12.434559930000034,49.99443198800003],[12.426859669000066,49.991236686000036],[12.432351961000052,49.98536546200006],[12.46158295400005,49.99439601000006],[12.467475139000044,49.99211595200006],[12.476946446000056,49.98148098900003],[12.489727462000076,49.98090013700005],[12.499331594000068,49.97198286500003],[12.494396255000026,49.96936436000004],[12.489601441000048,49.959177827000076],[12.47914908000007,49.95711999300005],[12.471171471000048,49.94888631600003],[12.471616021000045,49.94360470300006],[12.478405047000024,49.93567248100004],[12.49134001300007,49.93619540200007],[12.50669489300003,49.928853384000035],[12.53621925300007,49.92487396000007],[12.547297924000077,49.91994654500007],[12.550988701000051,49.90508807900005],[12.539959561000046,49.891200344000026],[12.52201879300003,49.881467970000074],[12.516246637000052,49.864664911000034],[12.510608697000066,49.858766038000056],[12.498101005000024,49.85579924500007],[12.497166493000066,49.838482690000035],[12.486513460000026,49.841587477000076],[12.474525996000068,49.83551429600004],[12.473943898000073,49.817467590000035],[12.465669320000075,49.81171208000006],[12.470161295000025,49.800986684000065],[12.466894547000038,49.79495656300003],[12.473944546000041,49.78878638500004],[12.40521125500004,49.76241836400004],[12.401524209000058,49.758373121000034],[12.404542327000058,49.74493859700004],[12.413613420000047,49.73302225800006],[12.426028178000024,49.72929055600008],[12.442028704000052,49.70474812000003],[12.480133240000043,49.695050749000075],[12.485200431000067,49.68783791100003],[12.521402161000026,49.685669811000025],[12.528968934000034,49.66677207300006],[12.523240678000036,49.66040088800003],[12.524790600000074,49.65402097700007],[12.518248542000038,49.645744258000036],[12.52767080600006,49.63886303800007],[12.523247828000024,49.633353415000045],[12.523383139000032,49.62840847700005],[12.533275266000032,49.62584250300006],[12.527736177000065,49.62157775700007],[12.529753381000035,49.61837692300003],[12.547057152000036,49.62115496400003],[12.560669851000057,49.61963445900005],[12.557655664000038,49.61386049200007],[12.562307516000033,49.60940835100007],[12.564726736000068,49.596501395000075],[12.57615609100003,49.58618000100006],[12.571573071000046,49.56911841500005],[12.574413526000058,49.560144861000026],[12.593778745000066,49.542191357000036],[12.591627882000068,49.537315902000046],[12.622721476000038,49.52645963200007],[12.635553506000065,49.53116419200006],[12.644175764000067,49.52305744900008],[12.640299818000074,49.500996084000064],[12.643651427000066,49.48587201500004],[12.63376343300007,49.47619511100004],[12.649341723000077,49.46654294100006],[12.656867247000037,49.45237431600003],[12.655893632000073,49.434546916000045],[12.67924989100004,49.42644885400006],[12.70778467200006,49.42445021900005],[12.715906486000051,49.41402721700007],[12.732572196000035,49.40981637900006],[12.756809606000047,49.39481776100007],[12.76048589800007,49.38373916000006],[12.758976146000066,49.37464404600007],[12.767754361000073,49.36601245800006],[12.780395229000021,49.36072722800003],[12.779062820000036,49.34932673700007],[12.786286497000049,49.345398060000036],[12.803409457000043,49.34162204800003],[12.833933493000075,49.34085598100006],[12.845563688000027,49.344633215000044],[12.852948651000077,49.33896751700007],[12.882440742000028,49.33233706000004],[12.887996238000028,49.33428619800003],[12.88107760400004,49.344618843000035],[12.881662664000032,49.35027474900005],[12.90253487800004,49.34932592100006],[12.919901752000044,49.343439860000046],[12.946452021000027,49.343521546000034],[12.970763357000067,49.334501371000044],[12.987750475000041,49.32390500400004],[13.00757249700007,49.30599748100008],[13.028438161000054,49.303716773000076],[13.02648858200007,49.27796848300005],[13.033926222000048,49.26480736100007],[13.054530331000024,49.263846502000035],[13.060268067000038,49.250964483000075],[13.07153726000007,49.246714541000074],[13.08072801000003,49.24742483800003],[13.08771695300004,49.23804954000008],[13.08735598100003,49.229132185000026],[13.113513901000033,49.217864794000036],[13.109970737000026,49.20317885400004],[13.129618677000053,49.19636126100005],[13.16169202900005,49.17515876600004],[13.170907943000032,49.17357963100005],[13.17633518200006,49.16422947700005],[13.172141315000033,49.14304959000003],[13.20438166200006,49.12290713800007],[13.235947552000027,49.11373144100003],[13.281025150000062,49.12050125600007],[13.34364107600004,49.088636231000066],[13.361169828000072,49.071375153000076],[13.371017572000028,49.06656306700006],[13.37745695500007,49.05785135800005],[13.395018975000028,49.05236856400006],[13.397093411000071,49.04645381500006],[13.393353771000022,49.04127549300006],[13.39954220800007,49.03609486900007],[13.404974885000058,49.02373987800007],[13.400408237000022,49.016470070000025],[13.40881756500005,49.00444751600003],[13.402782355000056,48.99429076300004],[13.403186624000057,48.98817060700003],[13.427121348000071,48.97276960500005],[13.459985967000023,48.96258451500006],[13.46698312500007,48.955638933000046],[13.483469649000028,48.95146390300005],[13.483811266000032,48.94814199600006],[13.495581575000074,48.941355146000035],[13.508252674000062,48.94208327600006],[13.506144794000022,48.95996056300004],[13.508881151000026,48.96880327500003],[13.53149047900007,48.973873308000066],[13.551578318000054,48.96778749400005],[13.563294111000062,48.96992174600007],[13.571609954000053,48.96654509900003],[13.577294644000062,48.97038561900007],[13.582781743000055,48.969772386000045],[13.591707970000073,48.96174555500005],[13.591878099000041,48.95183645600008],[13.608540479000055,48.940487123000025],[13.609249484000031,48.943355703000066],[13.621491813000034,48.94857822100005],[13.63075857900003,48.94710385500008],[13.62331144600006,48.93866711700008],[13.636586873000056,48.926446240000075],[13.654730096000037,48.89497946900008],[13.66789620700007,48.89099149800006],[13.672934762000068,48.87990476300007],[13.716365705000044,48.87852170200006],[13.733170158000064,48.88634456200003],[13.748538188000055,48.86817457400008],[13.751013025000077,48.858043845000054],[13.765663075000077,48.83485841600003],[13.789639195000063,48.83029878700006],[13.797434249000048,48.81356013000004],[13.81531873800003,48.796900366000045],[13.807891062000067,48.78308752700008],[13.804008414000066,48.78118174800005],[13.813180634000048,48.773765602000026],[13.839507129000026,48.77160502800007],[13.837677772000063,48.76445502800004],[13.821976635000055,48.75416904300005],[13.817987231000075,48.73219467100006],[13.796106769000062,48.71360049300006],[13.802793694000059,48.70883664300004],[13.81055377000007,48.70828822100003],[13.812461197000061,48.70289559300005],[13.819661310000072,48.69995190600008],[13.83734105700006,48.70012798800008],[13.833603746000051,48.69190039600005],[13.820400083000038,48.694035935000045],[13.814481556000032,48.69201693300005],[13.813974853000047,48.684001694000074],[13.819004335000045,48.67436541300003],[13.814887117000069,48.64944288800007],[13.825517044000037,48.63468688300003],[13.825736862000042,48.61853620900007],[13.815288202000033,48.61318195700005],[13.802746852000041,48.59726826000008],[13.806533828000056,48.58539213600005],[13.801055683000072,48.57372090900003],[13.790338990000066,48.57106314600003],[13.771380007000062,48.55500182800006],[13.756388283000035,48.56518964300005],[13.748989921000032,48.55614402200007],[13.751954737000062,48.549709645000064],[13.744547256000033,48.54418551900005],[13.748485909000067,48.53775031600003],[13.747956299000066,48.53160506000006],[13.73435470100003,48.52505880500007],[13.727090617000044,48.51301965600004],[13.706351999000049,48.51754921300005],[13.662301179000053,48.53602692700008],[13.656018270000061,48.54591406900005],[13.641143940000063,48.552496338000026],[13.625194057000044,48.55442979000003],[13.599417267000035,48.56903992000008],[13.590711996000039,48.56845706900003],[13.578386609000063,48.55985160100005],[13.566217283000071,48.562592850000044],[13.528322968000055,48.58653829200006],[13.513497246000043,48.59096179000005],[13.507872054000075,48.58959581800008],[13.502563996000049,48.58122185000008],[13.505907767000053,48.57615791400008],[13.504102344000046,48.57304168100006],[13.489309956000056,48.563783740000076],[13.476874753000061,48.56346537500008],[13.475080051000077,48.55598665300005],[13.463490382000032,48.55440679700007],[13.449150151000026,48.56322584800006],[13.438574552000034,48.55723433300005],[13.438430625000024,48.548895025000036],[13.449704432000033,48.53713864700006],[13.444931839000049,48.52809145900005],[13.45697463600004,48.51146223000006],[13.42792088400006,48.458203824000066],[13.428424178000057,48.45187941300003],[13.43965436600007,48.43422385200006],[13.423180216000048,48.40701249700004],[13.417166272000031,48.38364047700003],[13.407837911000058,48.37216040700008],[13.374055272000021,48.35647010800005],[13.341349925000031,48.331691930000034],[13.31448403500002,48.316421941000044],[13.253685673000064,48.29315616300005],[13.177043068000046,48.29438993100007],[13.119536221000033,48.277670088000036],[13.081157529000052,48.27725639600004],[13.012930492000066,48.25287403400006],[12.99776550300004,48.23667626000008],[12.955232655000032,48.20897703900005],[12.872357519000047,48.20201144300006],[12.865168486000073,48.19708227700005],[12.848059767000052,48.16786203800007],[12.837434837000046,48.164545693000036],[12.828006628000026,48.15392885600005],[12.801193237000064,48.146788152000056],[12.784636997000064,48.12353784900006],[12.768501827000023,48.12850924600008],[12.759205847000032,48.12706115200007],[12.758190636000052,48.11860380200005],[12.751554922000025,48.112810409000076],[12.75063495300003,48.099595384000054],[12.754028866000056,48.08459035300007],[12.760439636000058,48.074624103000076],[12.833993531000033,48.028063634000034],[12.853561306000074,48.01239435400004],[12.869508138000072,47.96951482600008],[12.875785694000058,47.96260914100003],[12.911966303000042,47.95668043100005],[12.920687871000041,47.950882593000074],[12.921207716000026,47.94042478000006],[12.928473202000077,47.939217832000054],[12.93695292600006,47.94276164100006],[12.947164151000038,47.92103861600003],[12.966457576000039,47.90066550200004],[12.987598383000034,47.869191613000055],[13.001389926000058,47.85439459100007],[13.002560715000072,47.84257714600005],[12.989065738000022,47.83196298200005],[12.963251542000023,47.79943307800005],[12.940524826000058,47.78477825200008],[12.939696068000046,47.78002057600003],[12.927708003000077,47.770055598000056],[12.94144899400004,47.77048726700008],[12.943464844000061,47.76290550900006],[12.936830283000063,47.75784411800004],[12.933540669000024,47.74697151300006],[12.920234081000046,47.74320937200008],[12.905614453000055,47.72410643400008],[12.92985959200007,47.70968590100006],[12.944952132000026,47.71198816000003],[12.956687127000066,47.70827982700007],[12.987198331000059,47.70741134900004],[13.003692620000038,47.71488122400007],[13.00853156100004,47.721738747000074],[13.016631941000071,47.72263116500005],[13.04594099700006,47.712697983000055],[13.064018962000034,47.69520931500006],[13.079383352000036,47.68756221700005],[13.076948246000029,47.67305886500003],[13.079757457000028,47.66346845500004],[13.088756516000046,47.65472863200006],[13.088490810000053,47.649073927000074],[13.09636190200007,47.64058565900007],[13.097948211000073,47.63371708400007],[13.095954795000068,47.62864166900005],[13.062736174000065,47.601229947000036],[13.071507843000063,47.58989857000006],[13.068306279000069,47.58651776600004],[13.044366837000041,47.58254753800003],[13.04277597500004,47.57443334100003],[13.04940993300005,47.56524640300006],[13.056546449000052,47.561331222000035],[13.031706513000074,47.53342842300003],[13.044920620000028,47.524501291000036],[13.046373145000075,47.491939451000064],[13.027844836000043,47.48624834900005],[13.01793548300003,47.47472130800003],[13.002754630000027,47.46408472400003],[12.994097320000037,47.47168573600004],[12.993595678000077,47.477806420000036],[12.983971691000022,47.48165918800004],[12.97495592100006,47.48400538200008],[12.971881026000062,47.47502489100003],[12.966622208000047,47.474848217000044],[12.90883315700006,47.496914625000045],[12.884469461000037,47.51275556600007],[12.881552546000023,47.520985867000036],[12.852635083000052,47.530677283000045],[12.84687221400003,47.545086310000045],[12.817509464000068,47.545501898000055],[12.795094891000076,47.55668693700005],[12.77920068900005,47.57916275400004],[12.793625568000039,47.59339992000008],[12.791327348000038,47.59836702200005],[12.816654311000036,47.61298254600007],[12.789817776000064,47.63273665300005],[12.779081423000036,47.63395069200004],[12.759925998000028,47.65099958500008],[12.761562252000033,47.654735007000056],[12.77713446000007,47.66062705600007],[12.782659533000071,47.66884951600008],[12.78209152100004,47.67286362300007],[12.773042502000067,47.66684102900007],[12.758397693000063,47.66454113700007],[12.744923397000036,47.675221054000076],[12.732641699000055,47.67907683100003],[12.714780894000057,47.676749287000064],[12.695795413000042,47.682222995000075],[12.665502107000066,47.68041843700007],[12.649995666000052,47.67082567600005],[12.630164882000031,47.67563779200003],[12.604631582000025,47.67316211000008],[12.584763390000035,47.650069967000036],[12.575026261000062,47.632315980000044],[12.539078565000068,47.635907401000054],[12.511486158000025,47.625774344000035],[12.49822952900007,47.62678798600007],[12.489072658000055,47.637570416000074],[12.465444044000037,47.650266886000054],[12.452213860000029,47.66717132400004],[12.441175745000066,47.674964497000076],[12.442540241000074,47.68913336300005],[12.438794512000072,47.694814002000044],[12.412170278000076,47.69359050700007],[12.365993680000031,47.684233246000076],[12.350274188000071,47.691947568000046],[12.339989672000058,47.69036585600003],[12.336106935000032,47.69289761400006],[12.338045351000062,47.69708757500007],[12.283314157000063,47.68960807500008],[12.263609947000077,47.678900672000054],[12.257177482000031,47.67909986600006],[12.241844100000037,47.69570835500008],[12.246471193000048,47.70980375200003],[12.26408966300005,47.731870866000065],[12.257072100000073,47.74283912300007],[12.248173747000067,47.74003178400005],[12.226644700000065,47.71829086000008],[12.182815162000054,47.70068240200004],[12.162598478000064,47.701129938000065],[12.17082014400006,47.67783004200004],[12.182210849000057,47.66748576300006],[12.19841284000006,47.64214109200003],[12.207641715000022,47.61441182300007],[12.20664623600004,47.609533732000045],[12.178131570000062,47.600898905000065],[12.18084359200003,47.60989846900003],[12.177446012000075,47.614225893000025],[12.13802054000007,47.605566458000055],[12.113024780000046,47.61152090000007],[12.083876394000072,47.60990082600006],[12.06066222100003,47.61874355300006],[12.051970489000041,47.61515777900007],[12.036869248000073,47.61711159200007],[12.023088399000073,47.611320497000065],[12.01127709800005,47.623798770000064],[11.982602917000065,47.61904964800004],[11.976297824000028,47.61407356700005],[11.966372281000076,47.616947097000036],[11.914598908000073,47.61354137300003],[11.903258918000063,47.608711345000074],[11.854841389000057,47.60227896200007],[11.844807203000073,47.58171737500004],[11.775065795000046,47.59040483600006],[11.701829546000056,47.58888287600007],[11.679601965000074,47.58451496200007],[11.656326395000065,47.58599437300006],[11.639886425000043,47.59289746800005],[11.632883142000026,47.59244601900008],[11.632776002000071,47.581062186000054],[11.620093930000053,47.58399448600005],[11.606721272000073,47.580719808000026],[11.600727680000034,47.567973522000045],[11.588162562000036,47.555873716000065],[11.587374476000036,47.52581513400003],[11.570400766000034,47.51440786400008],[11.535407899000063,47.50907880900007],[11.518922258000032,47.510370813000065],[11.50686329000007,47.50521197900008],[11.484977065000066,47.50887727200006],[11.449322862000031,47.507231078000075],[11.439544304000037,47.51652100900003],[11.389427996000052,47.48052347700008],[11.384576511000034,47.472481542000025],[11.391553352000074,47.46714169900008],[11.407701767000049,47.46603767900007],[11.421427625000035,47.44485203700003],[11.379081907000057,47.44894573600004],[11.365329246000044,47.44503433800003],[11.339840106000054,47.44951081700003],[11.33243402000005,47.44521305600006],[11.329561239000043,47.43872822600008],[11.313071218000061,47.43094920900006],[11.302437075000057,47.430738975000054],[11.291317895000077,47.42616384000007],[11.292385412000044,47.41810918900006],[11.288623490000077,47.40628126200005],[11.274782283000036,47.39855097900005],[11.22696013600006,47.39536105700006],[11.222306285000059,47.397347403000026],[11.251796658000046,47.42720885500006],[11.250561960000027,47.431236123000076],[11.220917142000076,47.43066784200005],[11.206395568000062,47.43340720900005],[11.197271538000052,47.42766762400004],[11.162033833000066,47.42170387600004],[11.128039994000062,47.411591816000055],[11.123134908000054,47.405903316000035],[11.122748189000049,47.39923883300003],[11.115419248000023,47.39592808900005],[11.004739159000053,47.39424930200005],[10.970752547000075,47.40073416100006],[10.96977750800005,47.41340466200006],[10.984968275000028,47.420943213000044],[10.981762034000042,47.43128484500005],[10.956736739000064,47.452514086000065],[10.932482097000047,47.46803390800005],[10.929086692000055,47.47236212400003],[10.937086871000076,47.47950431000004],[10.933684394000068,47.48241951000006],[10.909013537000021,47.48522959700006],[10.886403739000059,47.479814763000036],[10.871157579000055,47.482892727000035],[10.871301072000051,47.49930666300003],[10.916154919000064,47.51341338700007],[10.91839688300007,47.51733907400006],[10.904083370000023,47.51857428100004],[10.890065398000047,47.53618051900003],[10.853078087000029,47.53337448800005],[10.838528603000043,47.52627514300008],[10.829345742000044,47.52831048300004],[10.81412077300007,47.52603091600008],[10.810911525000051,47.52043398700005],[10.79536852900003,47.52074437600004],[10.777603527000053,47.51465079500008],[10.763764683000034,47.51959762300004],[10.763797791000059,47.52761600700006],[10.758845472000075,47.53331876900006],[10.74038138900005,47.538532082000074],[10.720656089000045,47.53836352900004],[10.69586877300003,47.545086310000045],[10.69046365500003,47.557994972000074],[10.678010289000042,47.55623654600004],[10.674659500000075,47.55875961000004],[10.626524290000077,47.560868851000066],[10.619177862000072,47.566253664000044],[10.608783637000045,47.56580308100007],[10.598129813000071,47.56961290300006],[10.592889310000032,47.56236977900005],[10.580897504000063,47.55514898100006],[10.580991594000068,47.54686840900007],[10.574042040000052,47.53522552700008],[10.52453629100006,47.53516635100004],[10.488914713000042,47.54040434900003],[10.473137104000045,47.55036142400007],[10.454438851000077,47.55579702400007],[10.471889866000026,47.57065221100004],[10.471932414000037,47.57820806500007],[10.48177871100006,47.584526389000075],[10.472639953000055,47.58695047400005],[10.455534573000023,47.58313674200008],[10.437336824000056,47.583845534000034],[10.43086325400003,47.577315947000045],[10.43519264400004,47.568533408000064],[10.44535696500003,47.566094762000034],[10.45102317900006,47.55459539800006]]],[[[10.089384515000063,47.84587355900004],[10.09668950200006,47.84649984600003],[10.093577800000048,47.84235609600006],[10.089384515000063,47.84587355900004]]]]},"properties":{"kind":"state_boundary","name":"Bayern","nuts_id":"DE2","source":"Eurostat GISCO NUTS 2024","source_url":"https://gisco-services.ec.europa.eu/distribution/v2/nuts/nuts-2024-files.html"}},{"type":"Feature","geometry":{"type":"MultiPolygon","coordinates":[[[[13.486503796000022,52.66883373400003],[13.486416526000028,52.66032114200004],[13.489435370000024,52.656285197000045],[13.521729539000034,52.64374206700006],[13.518066824000073,52.63182251200004],[13.507077300000049,52.62536806400004],[13.497642116000065,52.60584331900003],[13.508141778000038,52.59297891300008],[13.547831917000053,52.58744313400007],[13.567858784000066,52.574029824000036],[13.580857756000057,52.570371701000056],[13.586647375000041,52.54868338500006],[13.630588168000031,52.54139338300007],[13.62736288800005,52.535161826000035],[13.62898702800004,52.53077506500006],[13.656895287000054,52.52986955600005],[13.658572407000065,52.525811066000074],[13.632467555000062,52.510524813000075],[13.625548722000076,52.49686734100004],[13.628088685000023,52.49220339100003],[13.615643100000057,52.48099623400003],[13.612742926000067,52.47107383700006],[13.62401262000003,52.46869932200008],[13.626784627000063,52.47319120800006],[13.642213602000027,52.47921882500003],[13.666979985000069,52.47416713600006],[13.694806130000075,52.46368769500003],[13.700622320000036,52.455895903000055],[13.704428276000044,52.45797116500006],[13.703471024000066,52.46648337400006],[13.715659191000043,52.461600729000054],[13.729298934000042,52.45101204700006],[13.751883465000049,52.447450106000076],[13.760019213000021,52.43734951000005],[13.753920314000027,52.43713996100007],[13.75088097400004,52.44120804000005],[13.738994026000057,52.433531505000076],[13.74102578000003,52.42805450000003],[13.730272338000077,52.41737509200004],[13.73874905100007,52.40732189500005],[13.731600679000053,52.400476379000054],[13.715361247000033,52.398774841000034],[13.686921245000065,52.38478102800008],[13.699737772000049,52.37788298900006],[13.691078147000042,52.36793218100007],[13.680222574000027,52.36887187900004],[13.67080181800003,52.365691206000065],[13.657141409000076,52.35088830600006],[13.651723083000036,52.33945763400004],[13.643613217000052,52.339849396000034],[13.637142771000072,52.34607612700006],[13.638736932000029,52.35866070900005],[13.646951930000057,52.36872607500004],[13.642569507000076,52.37154448600006],[13.642226997000023,52.37682461300005],[13.634025714000074,52.37674642600007],[13.627646725000034,52.38108764200007],[13.604439075000073,52.374205937000056],[13.605632738000054,52.37770707100003],[13.592004394000071,52.39337373200004],[13.564806126000065,52.388424617000055],[13.54027293300004,52.38889925400008],[13.535702240000035,52.39059928200004],[13.53551860400006,52.39956080800005],[13.51561665500003,52.40137140100006],[13.480947312000069,52.39657410600006],[13.469200761000025,52.41769226100007],[13.462565465000068,52.42030535200007],[13.41951317400003,52.40945857100007],[13.426903331000062,52.38749621900007],[13.420985176000045,52.37624695200003],[13.388521060000073,52.37796835600005],[13.386437638000075,52.38798144900005],[13.371843266000042,52.38880244200004],[13.370656,52.394074121000074],[13.346664155000042,52.40560098000003],[13.342083823000053,52.41082109300004],[13.311925902000041,52.399185567000075],[13.295442162000029,52.415498369000034],[13.274492192000025,52.40535763100007],[13.249843978000058,52.40496512900006],[13.244324384000038,52.419711351000046],[13.222559057000069,52.42001107800007],[13.165438534000032,52.40482090000006],[13.160672096000042,52.400245787000074],[13.171521256000062,52.39583364100008],[13.165898058000039,52.39427537600005],[13.139182116000029,52.39535306200003],[13.133944808000024,52.39881823200005],[13.125168020000046,52.39719178100006],[13.110437279000053,52.40563580500003],[13.111027837000051,52.41241735600005],[13.095007217000045,52.410298039000054],[13.08906074500004,52.41754068700004],[13.098743698000021,52.42428763700008],[13.108804749000058,52.42679229700008],[13.122015098000077,52.43923180200005],[13.110207847000027,52.45073207100006],[13.111206259000028,52.46538329600003],[13.118264601000021,52.47810839500005],[13.126483617000076,52.481272931000035],[13.16498262400006,52.51036639800003],[13.142848277000041,52.51925261100007],[13.118196328000067,52.517773041000055],[13.13077792300004,52.55524864100005],[13.145422195000037,52.553563170000075],[13.152734185000043,52.573534935000055],[13.150957844000061,52.58117464900005],[13.13298386300005,52.58020858000003],[13.128987425000048,52.587441925000064],[13.146756264000032,52.59084284100004],[13.164262891000021,52.598900556000046],[13.204254123000055,52.58756112100008],[13.216507603000025,52.587980737000066],[13.217620780000061,52.59270298900003],[13.202638402000048,52.60652221700008],[13.220912024000029,52.62734273900003],[13.263492908000046,52.627621659000056],[13.263210857000047,52.64004603500007],[13.282103199000062,52.64233097600004],[13.283199250000052,52.659745986000075],[13.310034022000025,52.65737604200007],[13.301486683000064,52.65298279000007],[13.309257392000063,52.643140505000076],[13.304328766000026,52.63615566700008],[13.309655554000074,52.62863511100005],[13.33668941600007,52.62296514500008],[13.357271897000032,52.62339038300007],[13.372102237000036,52.627761459000055],[13.39853983100005,52.648194466000064],[13.42323030600005,52.63650105000005],[13.43197783200003,52.63804563700006],[13.44246763600006,52.64917923400003],[13.459806848000028,52.64845098900008],[13.472263359000067,52.65374402800006],[13.472480444000041,52.65641431300003],[13.45215633500004,52.66326061500007],[13.458772741000075,52.66808437600008],[13.465929491000054,52.66781816400004],[13.480055475000029,52.67464656300007],[13.47792808500003,52.669193463000056],[13.486503796000022,52.66883373400003]]],[[[13.134191344000044,52.38755325200003],[13.131046086000026,52.38706792600004],[13.126534330000027,52.38926437200007],[13.131587041000046,52.39163460900005],[13.134191344000044,52.38755325200003]]]]},"properties":{"kind":"state_boundary","name":"Berlin","nuts_id":"DE3","source":"Eurostat GISCO NUTS 2024","source_url":"https://gisco-services.ec.europa.eu/distribution/v2/nuts/nuts-2024-files.html"}},{"type":"Feature","geometry":{"type":"Polygon","coordinates":[[[10.785686313000042,51.64202492600003],[10.816405578000058,51.638960361000045],[10.823244278000061,51.62407164800004],[10.835463668000045,51.63079621800006],[10.858830733000048,51.63242484300008],[10.88699252500004,51.61248068400005],[10.916059003000044,51.616373933000034],[10.918810609000047,51.61483185700007],[10.917482807000056,51.61034281500008],[10.932957974000033,51.60519607500004],[10.935734619000073,51.60043441300007],[10.92734712600003,51.592453136000074],[10.903596324000034,51.59449077900007],[10.895015888000046,51.59906881100005],[10.890447644000062,51.596473426000045],[10.883654894000074,51.58176694700006],[10.892069975000027,51.575635695000074],[10.898107131000074,51.56612552900003],[10.896722174000047,51.55395248900004],[10.903714722000075,51.55015588500004],[10.910863019000033,51.55417405000003],[10.91642911300005,51.54778266100004],[10.939390895000031,51.54176966000006],[10.947396441000024,51.536771044000034],[10.946988419000036,51.53415073000008],[10.938966059000052,51.53492246700006],[10.934419431000038,51.53051028400006],[10.935302704000037,51.51435893000007],[10.944271359000027,51.504918832000044],[10.939720984000076,51.50072545000006],[10.946634736000021,51.49900984900006],[10.94864897900004,51.50162954900003],[10.97294325200005,51.48196102300005],[10.961969626000041,51.471968798000034],[10.96299390200005,51.46038710300007],[10.968381359000034,51.458849083000075],[10.972036556000035,51.45267265600006],[10.967874639000058,51.43282412500008],[10.979680201000065,51.43192339800004],[10.978112958000054,51.426885104000064],[11.007198155000026,51.42872121800008],[11.009094884000035,51.42459256400008],[11.000579734000041,51.422973925000065],[10.996718860000044,51.41872384200008],[11.021609733000048,51.41821736000003],[11.040144621000024,51.42408637400007],[11.045611241000074,51.42216367900005],[11.05231879400003,51.42906421500004],[11.064994015000025,51.42937061900005],[11.126710390000028,51.41261872000007],[11.132654044000049,51.40553878400004],[11.154074148000063,51.402153500000054],[11.171926746000054,51.40624347500005],[11.187904165000077,51.40288086700008],[11.197424083000044,51.40715671800007],[11.208116451000024,51.40718778300004],[11.211529941000038,51.41180278600007],[11.223883018000038,51.41318610800005],[11.23090714600005,51.40832706100008],[11.23016747500003,51.405742503000056],[11.24789710500005,51.40542035800007],[11.244122835000042,51.39695497300005],[11.24850592200005,51.39513294500006],[11.25276914400007,51.40065302700003],[11.274318993000065,51.40075460400004],[11.27524595400007,51.40484335700006],[11.28497505100006,51.40220812700005],[11.321259885000075,51.410372547000065],[11.331288264000023,51.39095226400008],[11.34036016500005,51.39139844300007],[11.34766778900007,51.38455708300006],[11.356216242000073,51.389059633000045],[11.362677425000072,51.383367443000054],[11.367772338000066,51.386828336000065],[11.391882020000025,51.38377228400003],[11.397234246000039,51.377486],[11.390420376000066,51.366685010000026],[11.39365118400002,51.35434509500004],[11.400975047000031,51.34943700800005],[11.399436771000069,51.34483604900004],[11.408992156000068,51.34024548100007],[11.42732854600007,51.34238498800005],[11.428868286000068,51.33980999700003],[11.41589042000004,51.33336922800004],[11.473758486000065,51.29893393900005],[11.467594551000047,51.289153630000044],[11.459120282000072,51.292593485000054],[11.453418271000032,51.28328832500006],[11.45422893400007,51.276108597000075],[11.440240929000026,51.271688347000065],[11.437344347000021,51.26191191600003],[11.424617376000072,51.25415118400008],[11.41202553000005,51.24113431400008],[11.401571378000028,51.23627137900007],[11.39871947100005,51.237516877000076],[11.39927355900005,51.24265797700008],[11.385374531000025,51.24588698100007],[11.368967418000068,51.22956556300005],[11.365813756000023,51.22197836200007],[11.389412106000066,51.216783795000026],[11.388966237000034,51.20798499000006],[11.39267546900004,51.20393392700004],[11.39975600400004,51.205992425000034],[11.405721534000065,51.20315832500006],[11.407067802000029,51.20734007500005],[11.428788765000036,51.212251750000064],[11.443196129000057,51.20892071000003],[11.452402910000046,51.192477523000036],[11.457342264000033,51.194888097000046],[11.468144221000045,51.19228432700004],[11.470817273000023,51.169838456000036],[11.485548264000045,51.168017418000034],[11.474909671000034,51.16456239000007],[11.478348904000029,51.15790841900008],[11.472308861000045,51.14898818900008],[11.453860759000065,51.14600390700008],[11.46283971400004,51.129293559000075],[11.464638560000026,51.11260157900006],[11.487425381000037,51.10262842600008],[11.509631743000057,51.103564723000034],[11.513495861000024,51.107325665000076],[11.543844510000042,51.10281369000006],[11.548496389000036,51.11105187800007],[11.558556817000067,51.11013349700005],[11.571683907000022,51.118998962000035],[11.60166762600005,51.11386703100004],[11.616822520000028,51.10611248200007],[11.619631341000058,51.100334529000065],[11.636814193000077,51.10941824300005],[11.647079732000066,51.10730206200003],[11.664873682000064,51.11057347000008],[11.671449377000044,51.10393766400006],[11.691549474000055,51.098949882000056],[11.702388215000042,51.069431286000054],[11.720369617000074,51.07066785900008],[11.750142218000065,51.05872320800006],[11.751933978000068,51.05665028700008],[11.74642407400006,51.05305506700006],[11.752107525000042,51.048620595000045],[11.759753456000055,51.04777598600003],[11.759690027000033,51.04285810400006],[11.77090677800004,51.045253725000066],[11.771737066000071,51.05016938000006],[11.77638148400007,51.05296408300006],[11.806010466000032,51.047552773000064],[11.859492365000051,51.05405303500004],[11.864997593000055,51.051730829000064],[11.876559549000035,51.05650549300003],[11.889620343000047,51.05492359300007],[11.898114939000038,51.04536912800006],[11.909784115000036,51.04458852000005],[11.914303270000062,51.03788231600004],[11.91091005100003,51.02955001500004],[11.920227622000027,51.02663786800008],[11.942294041000025,51.03170989900008],[11.958538368000063,51.021447013000056],[11.976773736000041,51.01667546400006],[11.979171163000046,51.01325336900004],[11.975805927000067,51.00930163600003],[11.977487395000026,51.002161536000074],[11.96919824500003,50.997776171000055],[11.974238078000042,50.99032210300004],[11.99477967200005,50.992682169000034],[11.999765472000036,50.98942501300007],[12.00579252500006,50.99015930000007],[12.016627295000035,50.97868855300004],[12.011362877000067,50.97413781100005],[12.011661960000026,50.97034030400005],[12.02101865000003,50.96912251700007],[12.037121730000024,50.97254196500006],[12.055588518000036,50.968899941000075],[12.09158896200006,50.97607839400007],[12.133311693000053,50.96489818200007],[12.134155268000029,50.96117559800007],[12.152105605000031,50.96386063800003],[12.163529435000044,50.95860010000007],[12.163840926000034,50.966123147000076],[12.182303111000067,50.975110734000054],[12.19834088400006,50.957110138000075],[12.212765122000064,50.95792008900003],[12.21448163100007,50.938052249000066],[12.23888974700003,50.95222728500005],[12.241670361000047,50.961513411000055],[12.233597081000028,50.96166039600007],[12.238645251000037,50.97308557700006],[12.282549452000069,51.006921042000045],[12.292072871000073,51.02097099700006],[12.293205774000057,51.03000703200007],[12.286507425000025,51.03702225300003],[12.276414010000053,51.04055150800008],[12.25429822700005,51.037622372000044],[12.25046050900005,51.044467102000056],[12.261196161000044,51.050178585000026],[12.259415727000032,51.06577116700004],[12.267712858000039,51.07152830900003],[12.266953005000062,51.07709389000007],[12.272719437000035,51.07617463500003],[12.284978136000063,51.087047718000065],[12.283546929000067,51.091924025000026],[12.291149423000036,51.09153464000008],[12.304133715000034,51.09658075100003],[12.319426673000066,51.09427455500003],[12.332073508000065,51.10321775500006],[12.35579634100003,51.093682519000026],[12.355142274000059,51.08383930200006],[12.368021756000076,51.078598971000076],[12.376041145000045,51.077609575000054],[12.39272160400003,51.08354560600003],[12.410448208000048,51.07285495900004],[12.421292774000051,51.07798961200007],[12.449629297000058,51.07712012500008],[12.45838298600006,51.08455059000005],[12.461429427000041,51.06930409700004],[12.47053786400005,51.06434604800006],[12.50152263900003,51.06407611700007],[12.507627356000057,51.054294079000044],[12.502959998000051,51.051294358000064],[12.503700580000043,51.03433988300003],[12.510448738000036,51.02664821400003],[12.508490901000073,51.017423576000056],[12.515405771000076,51.018570338000075],[12.516162061000045,51.02682628800005],[12.520233391000033,51.023433520000026],[12.537958623000065,51.02368959700004],[12.535622153000077,51.015761344000055],[12.539356372000043,51.00646783900004],[12.528573484000049,51.00235752800006],[12.527549969000063,50.99889804800006],[12.552090399000065,50.99767667900005],[12.566764330000069,50.99284364200008],[12.578706916000044,50.98483883100005],[12.582864886000038,50.98947118800004],[12.60643963800004,50.996053034000056],[12.620998118000045,50.97551369700005],[12.629232727000044,50.94429902600007],[12.625541148000025,50.94222950100004],[12.640546996000069,50.93283300100006],[12.64440733500004,50.92687718900004],[12.652865525000038,50.92367806400006],[12.65286313100006,50.91898771700005],[12.641978507000033,50.91163492700008],[12.640120808000063,50.903073894000045],[12.620061290000024,50.909381567000025],[12.614504815000032,50.90553237000006],[12.573426055000027,50.90107792400005],[12.558314635000045,50.90590476700004],[12.537634557000047,50.901120795000054],[12.519838109000034,50.906968575000064],[12.509111319000056,50.90362470700006],[12.511120382000058,50.894099072000074],[12.486665789000028,50.89389714100008],[12.480070211000054,50.888081131000035],[12.46081096000006,50.88109785700004],[12.46402566200004,50.870124872000076],[12.450613056000066,50.86786174500003],[12.444151935000036,50.86258404400007],[12.44749424400004,50.85656064800003],[12.440981472000033,50.84382037700004],[12.428809689000047,50.84359125700007],[12.42020627200003,50.83958965000005],[12.412922975000072,50.84652495200004],[12.41693624900006,50.85478773700004],[12.412752779000073,50.856714915000055],[12.407934603000058,50.856308797000054],[12.40279885600006,50.84955123000003],[12.37849323000006,50.849555500000065],[12.376471808000076,50.853301298000076],[12.373596716000065,50.848960014000056],[12.347980716000052,50.83687687300005],[12.347034851000046,50.82439520600008],[12.307592312000054,50.81924003100005],[12.299336233000076,50.829618054000036],[12.296650168000042,50.82659479100005],[12.300970924000069,50.81678501300007],[12.296760494000068,50.81683047300004],[12.290598665000061,50.82265593000005],[12.282492699000045,50.81035817700007],[12.278536718000055,50.810573496000075],[12.276195500000028,50.817014103000076],[12.260393707000048,50.81214837700003],[12.250495470000033,50.818537442000036],[12.242835555000056,50.809060629000044],[12.25211140500005,50.80026433000006],[12.255504784000038,50.788838878000035],[12.286120728000071,50.78920606300005],[12.29016101600007,50.783426906000045],[12.284145442000067,50.77397121700005],[12.265759874000025,50.76127948000004],[12.240124853000054,50.766372243000035],[12.22931176700007,50.75715988200005],[12.229017146000047,50.73969510100005],[12.235823813000025,50.73385611800006],[12.263704502000053,50.73704034300005],[12.273429767000039,50.72820197400006],[12.254574180000077,50.715916682000056],[12.264855234000038,50.70281496200005],[12.264040967000028,50.69449288200008],[12.274421526000026,50.68693247500005],[12.308482082000069,50.68322004000004],[12.314810391000037,50.68524434400007],[12.320924139000056,50.681828937000034],[12.31489315500005,50.67035926400007],[12.317718132000039,50.66336406200003],[12.304733492000025,50.66209497400007],[12.298476615000027,50.651830317000076],[12.279951458000028,50.644176482000034],[12.265433074000043,50.643392412000026],[12.264345905000027,50.631239246000064],[12.245669677000024,50.63312915600005],[12.233397423000042,50.627564515000074],[12.229766407000056,50.63157844300008],[12.223005779000061,50.631263614000034],[12.199436123000055,50.64075372700006],[12.198830446000045,50.63209171700004],[12.189376137000068,50.62392641000008],[12.190734338000027,50.61552324300004],[12.182966497000052,50.612484797000036],[12.176125571000057,50.61441101100007],[12.17472639600004,50.62470465700005],[12.169193034000045,50.62874074400003],[12.152219673000047,50.62966900600003],[12.146775461000061,50.622606906000044],[12.14985409600007,50.61569007800006],[12.145647311000062,50.605566450000026],[12.116414389000056,50.59712891000004],[12.111397785000065,50.589195913000026],[12.13396586400006,50.582578685000044],[12.14566377400007,50.58534139000005],[12.158579982000049,50.58311843000007],[12.159393659000045,50.57962366400005],[12.154957638000042,50.573617453000054],[12.128261705000057,50.573585156000036],[12.119999220000068,50.56720342700004],[12.106441922000045,50.57319302600007],[12.101517933000025,50.578940457000044],[12.07984717200003,50.57685801000008],[12.075260898000067,50.55720011900007],[12.05321776900007,50.55167486700003],[12.041485954000052,50.553150275000064],[12.031494073000033,50.55069279500003],[12.030777019000027,50.55719120900005],[12.017535554000062,50.56784105600008],[12.034133391000069,50.58078720100008],[12.031983867000065,50.58354838200006],[12.035393427000031,50.59323723800003],[12.032076137000047,50.59716891900007],[12.021160793000035,50.59904574600006],[12.005985554000063,50.612005055000054],[12.020560230000058,50.62602994300005],[12.01024523700005,50.634898115000055],[12.003475147000074,50.634345014000075],[11.999435707000032,50.62770460200005],[11.980735768000045,50.621609500000034],[11.986733346000051,50.60978491600008],[11.96764424500003,50.600703992000035],[11.959110423000027,50.60325373000006],[11.944137313000056,50.59127541300006],[11.924757941000053,50.585519161000036],[11.932576202000064,50.56895237200007],[11.925011401000063,50.563124508000044],[11.922972680000044,50.556532170000025],[11.917586439000047,50.55942020600003],[11.910297032000074,50.55517745800006],[11.885743769000044,50.55176529800008],[11.873898031000067,50.54178955900005],[11.872940376000031,50.53794772800006],[11.887935126000059,50.51760329700005],[11.916167436000023,50.51696465900005],[11.917158018000066,50.52393205100003],[11.925247900000045,50.52539659100006],[11.932215288000066,50.520611177000035],[11.933335746000068,50.50708657100006],[11.939280025000073,50.503736006000054],[11.943813675000058,50.50561504700005],[11.951963877000026,50.49533911700007],[11.962036253000065,50.48995094800006],[11.96307227400007,50.484905903000026],[11.960266010000055,50.480860343000074],[11.947271618000059,50.47856367700007],[11.93833290200007,50.471381919000066],[11.946183696000048,50.46356160200003],[11.946210190000045,50.45623368400004],[11.931686077000052,50.46226158300004],[11.917781391000062,50.45472078900008],[11.894996885000069,50.44945789500008],[11.894045953000045,50.44472506000005],[11.889539237000065,50.44255025000007],[11.898251250000044,50.43643284700005],[11.926248145000045,50.432144341000026],[11.925229289000072,50.427578012000026],[11.901760805000038,50.41637608900004],[11.883457336000049,50.414867607000076],[11.86248282500003,50.39998362600005],[11.85067742900003,50.401033218000066],[11.822751594000067,50.39034980200006],[11.819662315000073,50.395776055000056],[11.826517138000042,50.400113],[11.82618479100006,50.40290488100004],[11.81621038000003,50.40171015400006],[11.795222895000052,50.41757779200003],[11.77865244000003,50.41771637900007],[11.770556943000031,50.41210870100008],[11.75221840000006,50.41542739100004],[11.755509680000046,50.40867990000004],[11.744268770000076,50.40918021500005],[11.71444114600007,50.39748833600004],[11.709872348000033,50.40271688300004],[11.704980823000028,50.40309775600008],[11.694342763000066,50.39578688000006],[11.620865851000076,50.387997022000036],[11.593265667000026,50.402360205000036],[11.573086383000032,50.39954628000004],[11.55936715200005,50.38414717200004],[11.545490676000043,50.383786351000026],[11.520588940000039,50.37520024400004],[11.517454077000025,50.39548461600003],[11.500573562000056,50.399560448000045],[11.489850442000034,50.396774495000045],[11.47904070100003,50.40263154300004],[11.487541780000072,50.41578683100005],[11.481421040000043,50.42430864900007],[11.481568224000057,50.43162139900005],[11.463835325000048,50.431794324000066],[11.443441953000047,50.420821129000046],[11.449712059000035,50.43165955300003],[11.440203972000063,50.43832737900004],[11.420630518000053,50.44336641000007],[11.419222429000058,50.45200140800006],[11.422577578000073,50.46166028500005],[11.416608194000048,50.46812454500008],[11.422181417000047,50.48412627700003],[11.420480455000074,50.49250180200005],[11.435489993000033,50.492649432000064],[11.44097696600005,50.50053673700006],[11.423077694000028,50.515707457000076],[11.393224124000028,50.51956181600008],[11.387028352000073,50.51629838300005],[11.370343476000073,50.52279850600007],[11.346632687000067,50.52093193500008],[11.342296231000034,50.51059275800003],[11.323277395000048,50.50800314300005],[11.321546407000028,50.49150390700004],[11.303993633000061,50.48850205300005],[11.291965922000031,50.47834368800005],[11.289561191000075,50.48403341000005],[11.284706346000064,50.485070146000055],[11.265937886000074,50.479421107000064],[11.255185393000033,50.48134870700005],[11.247034505000045,50.47648539200003],[11.24573711100004,50.470461355000054],[11.254892764000033,50.456423038000025],[11.247844572000076,50.44936068900006],[11.262722324000038,50.44245920100008],[11.267331635000062,50.432595347000074],[11.267973182000048,50.41847916300003],[11.259197903000029,50.400083307000045],[11.270868860000064,50.39420353200006],[11.264748736000058,50.388398840000036],[11.275392085000021,50.38147803600003],[11.283285035000063,50.36046024500007],[11.26538591700006,50.35308902300005],[11.27709887800006,50.33596248400005],[11.262432753000041,50.33728248500006],[11.261677199000076,50.326012355000046],[11.257394868000063,50.32245348100008],[11.269292629000063,50.306917671000065],[11.252726482000071,50.295430974000055],[11.259274584000025,50.28875058300008],[11.259777790000044,50.27494644800004],[11.247074652000038,50.26842022400007],[11.198607375000051,50.291030712000065],[11.190720854000062,50.28160756600005],[11.189943055000072,50.27118555100003],[11.175487256000054,50.26982853000004],[11.182334959000059,50.28059927800007],[11.165260790000048,50.28299677900003],[11.15839906900004,50.28804749200003],[11.153859107000073,50.28461664200006],[11.145786592000036,50.28570356800003],[11.132843915000024,50.302461222000034],[11.13236394200004,50.308752509000044],[11.135571928000047,50.314233442000045],[11.15848531000006,50.324709631000076],[11.157895609000036,50.33090363200006],[11.135503659000051,50.35313127300003],[11.127167077000024,50.35525593400007],[11.121074471000043,50.34948132800008],[11.11615043300003,50.35049378300005],[11.118648938000035,50.35936281100004],[11.115305203000048,50.36700710500003],[11.090637043000072,50.36561194400008],[11.081440214000054,50.35254173000004],[11.045551877000037,50.34601048400003],[11.034411250000062,50.34871436800006],[11.032960102000061,50.35554908600005],[11.035782826000059,50.36020436700005],[10.995147433000056,50.365358280000066],[10.993600996000055,50.35684821900003],[10.998227444000065,50.349994957000035],[10.98578036500004,50.34732039600004],[10.958037367000031,50.36863099100003],[10.962237326000036,50.376283330000035],[10.933981407000033,50.39219222100007],[10.892407538000043,50.38101549600003],[10.885867162000068,50.39228665400003],[10.87410155200007,50.39648302900008],[10.864676620000068,50.38886980900003],[10.857208958000058,50.38782789800007],[10.830442955000024,50.39261535600008],[10.82072654500007,50.385893450000026],[10.800130427000056,50.37951564700006],[10.785421411000073,50.38516951200006],[10.773773965000032,50.37196963400004],[10.763609060000022,50.36933833100005],[10.759525729000075,50.36195862300008],[10.753031878000058,50.35823249400005],[10.737941814000067,50.36266576500003],[10.716528033000031,50.36311076800007],[10.717379709000056,50.35667679000005],[10.71309582200007,50.35354138200006],[10.714257622000048,50.347853900000075],[10.724854141000037,50.34896494000003],[10.728169580000042,50.344664081000076],[10.727071279000029,50.33798882600007],[10.715908108000065,50.33239295200008],[10.717584801000044,50.32017116900005],[10.742309488000046,50.31492334400008],[10.770554,50.293569012000034],[10.792906146000064,50.294908699000075],[10.80179092000003,50.291691255000046],[10.804320232000066,50.28048727100003],[10.826939070000037,50.27749792000003],[10.83500618200003,50.273413607000066],[10.846358118000069,50.27509455400008],[10.846194895000053,50.26951192000007],[10.850729563000073,50.26407154900005],[10.850920325000061,50.25119903500007],[10.84559415800004,50.24391912400006],[10.825232794000044,50.237610017000065],[10.808427016000053,50.24050140200006],[10.800379796000072,50.250776347000055],[10.781843421000076,50.25128411800006],[10.782294659000058,50.24736160600003],[10.768439449000027,50.24112650300003],[10.750683107000043,50.24271316900007],[10.74516703300003,50.24895367900007],[10.731463786000063,50.25100370700005],[10.727728391000028,50.248004181000056],[10.726917344000071,50.240400160000036],[10.730322069000067,50.21253677800007],[10.719315933000075,50.205304872000056],[10.694963591000032,50.21278059200006],[10.684075429000075,50.22430981900004],[10.657478800000035,50.22367508500008],[10.661204712000028,50.22672602800003],[10.658254828000054,50.230046368000046],[10.63168194900004,50.22292844400005],[10.613893916000052,50.22420830400006],[10.601037399000063,50.24387752000007],[10.611389952000025,50.251216415000044],[10.598916491000068,50.26269886100005],[10.60134481600005,50.270236003000036],[10.591040259000067,50.27178440400007],[10.600248704000023,50.28241848600004],[10.59825166500002,50.28850984300004],[10.604418810000027,50.293691085000034],[10.592996886000037,50.30867053700007],[10.600550600000076,50.33368789800005],[10.583636183000067,50.33293285000008],[10.561816572000055,50.33767486700003],[10.550612235000074,50.34831173200007],[10.553683251000052,50.356695012000046],[10.544092191000061,50.36393019800005],[10.531748279000055,50.36492593000003],[10.51462440000006,50.349896450000074],[10.511388613000065,50.35902669700005],[10.504227570000069,50.35392219800008],[10.491992111000059,50.356463174000055],[10.489357332000054,50.36224539600005],[10.49444156100003,50.36771762800004],[10.487052211000048,50.374363335000055],[10.474716895000029,50.372798921000026],[10.463012989000049,50.37734176100008],[10.454142384000022,50.39929765200003],[10.450532229000032,50.401859656000056],[10.439651325000057,50.40149407400003],[10.437898388000065,50.39548314100006],[10.42444296900004,50.39293336500003],[10.394153950000032,50.39492334100004],[10.383999294000034,50.405741050000074],[10.402000335000025,50.42487104600008],[10.372725714000069,50.43263471600005],[10.373212611000042,50.43892774600005],[10.366470407000065,50.44106530400006],[10.348232129000053,50.462427158000025],[10.336983115000066,50.46649079400004],[10.340477187000033,50.48248963900005],[10.333724888000063,50.48674482000007],[10.331083786000022,50.49317235800004],[10.30192377800006,50.49346609300005],[10.27520895300006,50.50516272400006],[10.266258169000025,50.50520190600008],[10.25618791100004,50.51200589900003],[10.232041748000029,50.512079483000036],[10.226670170000034,50.51904073800006],[10.230184423000026,50.529261295000026],[10.22483517300003,50.53037789700005],[10.221098280000035,50.53833424900006],[10.206746860000067,50.542419393000046],[10.202815405000024,50.55428766500006],[10.177794318000053,50.551610233000076],[10.17354352700005,50.54437425300006],[10.150268242000038,50.551887571000066],[10.146499944000027,50.54387220000007],[10.13951975200007,50.54340047100004],[10.122170948000075,50.55558227300003],[10.125017255000046,50.56123295700007],[10.11940832700003,50.56422453500005],[10.107094128000028,50.563733428000035],[10.089698755000029,50.54498883000008],[10.074787058000027,50.53950591100005],[10.06503176800004,50.52811358500003],[10.041338322000058,50.51646964500003],[10.03870641800006,50.52873108600005],[10.048269054000059,50.54060087400006],[10.04853352300006,50.54653292800003],[10.060571099000072,50.55696159800004],[10.050452607000068,50.56320297600007],[10.045443361000025,50.575555430000065],[10.049221826000064,50.58538200700008],[10.048797462000039,50.59862037100004],[10.040439456000058,50.60511974000008],[10.037898015000053,50.61205512200007],[10.047640369000021,50.622329913000044],[10.058854527000051,50.62564492900003],[10.072660749000022,50.61993446900004],[10.081064713000046,50.62189022100006],[10.082101605000048,50.63307591700004],[10.067369149000058,50.657176357000026],[10.047189882000055,50.67402993200005],[10.02009730800006,50.67333278400008],[10.001265974000034,50.67634283400008],[9.972823859000073,50.66671598100004],[9.960336634000043,50.66762676600007],[9.949108186000046,50.664142534000064],[9.950975420000077,50.655375881000055],[9.967645652000044,50.64184446000007],[9.961106723000057,50.63554443900006],[9.960722170000054,50.62948348400005],[9.94575577300003,50.627304940000045],[9.926932539000063,50.62981201700006],[9.905678970000054,50.63958712800007],[9.887669010000025,50.634364324000046],[9.879400641000075,50.63529777000008],[9.877938725000035,50.64225220700007],[9.884322244000032,50.65359523400008],[9.880467710000062,50.66567015700008],[9.88164329600005,50.67217152400008],[9.894273294000072,50.68272675900005],[9.906839559000048,50.684824261000074],[9.920523936000052,50.69448029400007],[9.909634364000055,50.70467798400006],[9.934231889000046,50.72440281300004],[9.941371357000037,50.74183788000005],[9.939001421000057,50.75535813300007],[9.92144960500002,50.75950216700005],[9.928803033000065,50.77608855600005],[9.938620726000067,50.77461566800008],[9.946927518000052,50.77853871600007],[9.945814979000033,50.772998320000056],[9.949376666000035,50.772343773000046],[9.954092101000072,50.77935641700003],[9.950976491000063,50.78088637900004],[9.953820439000026,50.785736136000025],[9.944935706000024,50.79382773100008],[9.94430002300004,50.79857163400004],[9.956152591000034,50.81028532400006],[9.955778358000032,50.81520376200007],[9.951089959000058,50.81608162400005],[9.952558500000066,50.820733363000045],[9.977644561000034,50.83258144300004],[9.99464615100004,50.82576138700006],[10.006480704000069,50.836700637000035],[10.02432891500007,50.83280542300008],[10.027900371000044,50.840961881000055],[10.036460848000047,50.845436721000056],[10.036823340000069,50.85326594900005],[10.021981370000049,50.84924656800007],[10.018916903000047,50.856922559000054],[10.021893115000069,50.86448646600007],[10.055980912000052,50.87977143000006],[10.057130659000052,50.89018663300004],[10.044390641000064,50.89238587400007],[10.049569243000064,50.89877342600005],[10.014594665000061,50.92006931200007],[10.00161444300005,50.92042752000003],[9.98147262200007,50.906216776000065],[9.971473487000026,50.90793918900005],[9.969722502000025,50.912754179000046],[9.984013297000047,50.92256714600006],[9.987112823000075,50.933568035000064],[9.965598389000036,50.93292041900003],[9.964708715000029,50.928421108000066],[9.95779576600006,50.923288359000026],[9.951787184000068,50.927010049000046],[9.955975634000026,50.93288862600008],[9.952190046000055,50.939679590000026],[9.954194137000059,50.942065307000064],[9.974241837000022,50.942751602000044],[9.98250329900003,50.93987889200008],[9.99140638800003,50.94284317100005],[10.012057870000035,50.93545061000003],[10.025705283000036,50.943062361000045],[10.030961555000033,50.93849969400003],[10.048130538000066,50.939200553000035],[10.06386507600007,50.94543302800008],[10.04636763600007,50.94732773000004],[10.04179292200007,50.95643714400006],[10.03498283700003,50.95968646800003],[10.039720957000043,50.96761706900003],[10.02082540300006,50.98002108600008],[10.021558490000075,50.992949562000035],[10.032434301000023,51.01104663400008],[10.05452991900006,51.01289374700008],[10.102521211000067,51.00505272700008],[10.119703937000054,51.01154342500007],[10.130407491000028,51.00699078800005],[10.128796518000058,51.000225742000055],[10.137926788000073,50.99510806700005],[10.150348574000077,50.99428307900007],[10.169010834000062,51.00088668700005],[10.172525290000067,50.99729085300004],[10.18234828900006,50.99848755100004],[10.195087553000064,51.002654506000056],[10.201981442000033,51.00850828800003],[10.202181062000022,51.01200912000007],[10.194401587000073,51.01630944900006],[10.19415394400005,51.01952814200007],[10.208638630000053,51.019804570000076],[10.215185488000031,51.02641951100003],[10.206133796000074,51.03090565900004],[10.199223148000044,51.03950185200006],[10.186265125000034,51.04519446100005],[10.184671685000069,51.04903253300006],[10.146470498000042,51.055068008000035],[10.141363869000031,51.05951967400006],[10.15281169800005,51.071750380000026],[10.145776149000028,51.08569292200008],[10.164656015000048,51.09980199100005],[10.160860094000043,51.10742109700004],[10.174596808000047,51.10701302100006],[10.173529341000062,51.11693185900003],[10.15194162000006,51.119327474000045],[10.13205300200002,51.13380592100003],[10.118321545000072,51.139572961000056],[10.126187757000025,51.14328652000006],[10.125725747000047,51.14633543300005],[10.145357967000052,51.14477842100007],[10.169486043000063,51.152294347000065],[10.178089299000021,51.14228040100005],[10.185005086000047,51.13963890200006],[10.184282665000069,51.13293530200008],[10.179770431000065,51.12790497700007],[10.188469850000047,51.12226091500003],[10.190987848000077,51.11602115000005],[10.198652822000042,51.11351113300003],[10.208213945000068,51.11835654600003],[10.210253631000057,51.12482453300004],[10.204341832000068,51.13442891600005],[10.21001278500006,51.144082952000076],[10.201259734000075,51.14989378300004],[10.207196897000074,51.15540890600005],[10.208142551000037,51.16476784400004],[10.227742921000072,51.17413952700008],[10.235714864000045,51.18416375400005],[10.232420606000062,51.18752709700004],[10.219034908000026,51.18611186500004],[10.198358914000039,51.19217964400008],[10.18833083800007,51.203644893000046],[10.171553803000052,51.211290176000034],[10.149790277000022,51.20618936400007],[10.140308610000034,51.219236411000054],[10.114072799000041,51.21579633200008],[10.108345103000033,51.220532578000075],[10.095071175000044,51.22128141400003],[10.089972808000027,51.22569738700008],[10.069983944000057,51.22618756300005],[10.06860117900004,51.23194141300007],[10.073243498000068,51.24003486600003],[10.07899511900007,51.24278111700005],[10.070309353000027,51.24393200600008],[10.062612952000052,51.25194390900003],[10.046969011000044,51.253425349000054],[10.049522935000027,51.25741433300004],[10.047217723000074,51.26371410400003],[10.058837710000034,51.270175143000074],[10.059916001000033,51.275865571000054],[10.04139137900006,51.280008243000054],[10.030386889000056,51.278395792000026],[10.003888794000034,51.28644834100004],[9.974881975000073,51.285063122000054],[9.975445966000052,51.291264900000044],[9.969098907000046,51.30009201200005],[9.959743267000022,51.304911950000076],[9.947931853000057,51.30339386000003],[9.94091085100007,51.30695534700004],[9.947770943000023,51.31681196200003],[9.947566914000049,51.32639513500004],[9.94168656100004,51.33518309500005],[9.931232751000039,51.33989455900007],[9.931736908000062,51.34642364700005],[9.92546917900006,51.35379359600006],[9.923860888000036,51.36817848100003],[9.928338963000044,51.37529909300008],[9.941998654000031,51.37842842200007],[9.954588640000054,51.389624049000076],[9.966172612000037,51.39517422900008],[9.987396276000027,51.39792251600005],[10.006605248000028,51.40925106100008],[10.00895461500005,51.41959852400004],[10.026378310000041,51.419149022000056],[10.04179730800007,51.423302533000026],[10.050582137000049,51.43040066300006],[10.049370729000032,51.434886093000046],[10.059662167000056,51.433543428000064],[10.066120065000064,51.419860312000026],[10.075219850000053,51.419517546000066],[10.079747229000077,51.43326276300007],[10.082932468000024,51.43481859900004],[10.114875099000074,51.43048639800003],[10.13251843300003,51.434561003000056],[10.141015280000033,51.429953599000044],[10.15294024700006,51.430260013000066],[10.142629784000064,51.43680090700008],[10.141460817000052,51.44356285300006],[10.150622149000071,51.44658684800004],[10.167618297000047,51.444445107000035],[10.173951094000074,51.446919835000074],[10.178567824000027,51.45807072200006],[10.185397223000052,51.46295725700003],[10.179131894000022,51.46723346200008],[10.189878753000073,51.479810162000035],[10.20341501300004,51.48665344200003],[10.21491689800007,51.47866591800005],[10.218190526000058,51.470895072000076],[10.23422681300002,51.47168400800007],[10.245987145000072,51.48360276600005],[10.272758964000047,51.488221044000056],[10.283704688000057,51.493905046000066],[10.297610225000028,51.49359549300004],[10.300864465000075,51.497043577000056],[10.300503181000067,51.505743265000035],[10.309503577000044,51.51475225300004],[10.342275555000072,51.51949707000006],[10.347891424000068,51.53051028400006],[10.366910021000024,51.54316454900004],[10.370842486000072,51.55337404200003],[10.365365178000047,51.55589115300006],[10.37826683700007,51.56323189700004],[10.37818328800006,51.576668995000034],[10.372163813000043,51.58652927000003],[10.377328770000076,51.58870888800004],[10.406730969000023,51.58677617600006],[10.432236946000046,51.592039517000046],[10.495787994000068,51.572259546000055],[10.510623219000024,51.55665223600005],[10.517785170000025,51.55423744900003],[10.534563566000031,51.558791678000034],[10.557868515000052,51.55687435500005],[10.589001843000062,51.56878920300005],[10.605641840000033,51.57951510600003],[10.622852280000075,51.57501340500005],[10.626889075000065,51.56827163300005],[10.63674098000007,51.56278147000006],[10.654403246000072,51.559096615000044],[10.65968758200006,51.56062944000007],[10.659342714000047,51.56720129800004],[10.665676034000057,51.57698266600005],[10.638975385000037,51.58527102900007],[10.633313490000035,51.60246833800005],[10.636062933000062,51.60708141500004],[10.645404462000045,51.608974914000044],[10.639003194000054,51.61724764000007],[10.640675802000032,51.62128942100003],[10.679076947000055,51.62902958400008],[10.677283104000026,51.63837586200003],[10.701372107000054,51.64218763900004],[10.733656003000021,51.64500199100007],[10.748183023000024,51.64081040900004],[10.756122248000054,51.641748145000065],[10.75676973800006,51.64488574000006],[10.764482024000074,51.64828295700005],[10.785686313000042,51.64202492600003]],[[11.440839640000036,51.19803694900003],[11.444682184000044,51.19436832500003],[11.447950638000066,51.19500448400004],[11.446228181000038,51.199383140000066],[11.440839640000036,51.19803694900003]]]},"properties":{"kind":"state_boundary","name":"Thüringen","nuts_id":"DEG","source":"Eurostat GISCO NUTS 2024","source_url":"https://gisco-services.ec.europa.eu/distribution/v2/nuts/nuts-2024-files.html"}},{"type":"Feature","geometry":{"type":"MultiPolygon","coordinates":[[[[13.878736165000078,53.502441873000066],[13.874362956000027,53.49072694800003],[13.883663239000043,53.48456275700005],[13.877024764000055,53.47316256300007],[13.918213422000065,53.45599854200003],[13.916560883000045,53.446877047000044],[13.90743318400007,53.44415887500003],[13.910538104000068,53.43623468200008],[13.902893591000065,53.432025088000046],[13.917271700000072,53.42244493000004],[13.943100530000038,53.42991686100004],[14.00103630600006,53.434434055000054],[14.009693330000061,53.43026604900007],[14.045604152000067,53.42942557200007],[14.050578078000058,53.41398796800007],[14.069624751000049,53.41471317400004],[14.082291178000048,53.41178927100003],[14.08371237800003,53.41608972800003],[14.09227598700005,53.42112337400005],[14.105326281000032,53.42320287100006],[14.121844208000027,53.44170760000003],[14.138356799000064,53.44012086400005],[14.180096200000037,53.422688608000044],[14.206212273000062,53.42356844700004],[14.22466147800003,53.43424806000007],[14.240405370000076,53.42364955600004],[14.23807376800005,53.413931028000036],[14.243283359000031,53.398633500000074],[14.241912041000035,53.388653358000056],[14.223269010000024,53.358556469000064],[14.203441260000034,53.341016581000076],[14.133487775000049,53.29879915200007],[14.105812983000021,53.27847323100008],[14.098817515000064,53.261671998000054],[14.12389635900007,53.26032115800007],[14.159528784000031,53.26755269000006],[14.177552985000034,53.262046532000056],[14.199280867000027,53.261402866000026],[14.212427941000044,53.25519669100004],[14.26604859500003,53.25959506600003],[14.26294802600006,53.27555939500007],[14.30005503700005,53.28589699400004],[14.316569475000051,53.31233554700003],[14.347434472000032,53.310359334000054],[14.363497988000063,53.317383618000065],[14.37587462600004,53.31643514700005],[14.382409634000055,53.32374079400006],[14.394546949000073,53.32847349100007],[14.412156848000052,53.329636082000036],[14.414683837000041,53.32289548800003],[14.407702013000062,53.30900585200004],[14.414769463000027,53.30116342300005],[14.420387401000028,53.27847323100008],[14.445169450000037,53.27444279100007],[14.450013219000027,53.26165048900003],[14.43194826100006,53.24040606500006],[14.409379871000056,53.223635357000035],[14.403866763000053,53.20940163200004],[14.377754654000057,53.20128689500007],[14.367201817000023,53.17374794400007],[14.371080653000035,53.15840065100008],[14.386161835000053,53.14284326500007],[14.37917059800003,53.11404287800008],[14.370700512000042,53.10394787700005],[14.368870366000067,53.08593063100005],[14.34268438600003,53.04982901600005],[14.31337493600006,53.03584069200008],[14.29120411100007,53.019946814000036],[14.240390950000062,52.99513047700003],[14.20711374800004,52.98742195900007],[14.174673067000072,52.97593299500005],[14.162468621000073,52.96581753000004],[14.143657761000043,52.96136838800004],[14.139732613000035,52.95198694100003],[14.14356082300003,52.94465563800003],[14.142749510000044,52.93448351200004],[14.15269838200004,52.90094054700006],[14.160889616000077,52.88803047300007],[14.157468960000074,52.87552287400007],[14.127408185000036,52.849807508000026],[14.123437423000041,52.84399181200007],[14.123596244000055,52.83565114900006],[14.130549948000066,52.828414362000046],[14.141681876000064,52.824273094000034],[14.216931921000025,52.81665593100007],[14.253048165000052,52.78981691400003],[14.281222576000062,52.77359848700007],[14.350789004000035,52.75129887300005],[14.361539912000069,52.74046617700003],[14.37425414200004,52.73575903700004],[14.413501944000075,52.70125316300005],[14.42490181900007,52.69503862600004],[14.430745449000028,52.68402585500007],[14.43643813600005,52.67990036100008],[14.453773867000052,52.67648996400004],[14.467858357000068,52.660006288000034],[14.565062983000075,52.624496890000046],[14.596878115000038,52.609801117000075],[14.607914857000026,52.59930771200004],[14.61183406500004,52.589129900000046],[14.637001859000065,52.575322880000044],[14.638509120000037,52.567426339000065],[14.616642074000026,52.55456357200006],[14.613358928000025,52.54468099400003],[14.604859760000068,52.534185500000035],[14.613446826000029,52.510114791000035],[14.630597690000059,52.502244794000035],[14.634950515000071,52.49572978900005],[14.631055015000072,52.488131218000035],[14.614790208000045,52.47747792300004],[14.608796969000025,52.46386995700004],[14.577595777000056,52.44132043700006],[14.560006300000055,52.438906925000026],[14.549580516000049,52.43340315300003],[14.544669911000028,52.424882868000054],[14.54587833200003,52.41248129400003],[14.53436189000007,52.39500803800007],[14.551281584000037,52.37515058500003],[14.552723998000033,52.352888962000065],[14.562248046000036,52.33960658600006],[14.561913142000037,52.328421552000066],[14.575265912000077,52.321772313000054],[14.584045218000028,52.30665675000006],[14.57560872700003,52.29567523400004],[14.575440354000023,52.28977809700007],[14.600891329000035,52.27205200600008],[14.617612820000033,52.271211985000036],[14.64510548000004,52.26300698000006],[14.692689948000066,52.255745114000035],[14.715388890000042,52.234463367000046],[14.710829568000065,52.21728403000003],[14.704459258000043,52.207552074000034],[14.688859611000055,52.19879335100006],[14.685790293000025,52.19363094900007],[14.702775447000022,52.17808764900008],[14.704732685000067,52.16754756300003],[14.679455718000042,52.14269286500007],[14.683553949000043,52.12606124900003],[14.68273537500005,52.11408562500003],[14.69918566900003,52.09880188000005],[14.734083880000071,52.089091232000044],[14.74464765700003,52.082395708000035],[14.758247686000061,52.06600012900003],[14.757464723000055,52.06185687700008],[14.74601876500003,52.05375315100008],[14.74934883800006,52.04240585700006],[14.74765332800007,52.03276316900008],[14.724692083000036,52.00867501600004],[14.715522020000037,52.00447051800006],[14.721299885000064,51.996173388000045],[14.715707234000035,51.98273853500007],[14.705690021000066,51.97668811500006],[14.708216783000069,51.96467533500004],[14.720537466000053,51.951501388000054],[14.71884883100006,51.94284082000007],[14.705356900000027,51.933455957000035],[14.704402040000048,51.92346304100005],[14.692846773000042,51.90989188900005],[14.69286687600004,51.90145510500008],[14.675348780000036,51.89367179200008],[14.672996495000064,51.89000260800003],[14.663665255000069,51.889845868000066],[14.655970936000074,51.88399160300003],[14.652685443000053,51.87516377400004],[14.624474899000063,51.85822785900007],[14.611594706000062,51.85683319600008],[14.608256950000055,51.85284874800004],[14.611027446000037,51.846780738000064],[14.60477893600006,51.84707351000003],[14.604536544000041,51.840745413000036],[14.59186946400007,51.839205234000076],[14.59014587200005,51.82102590400007],[14.597788867000077,51.816305303000036],[14.605848438000066,51.80476095600005],[14.633109742000045,51.80094876700008],[14.644641615000069,51.79539452800003],[14.651084077000064,51.785962116000064],[14.654746760000023,51.77250511500006],[14.651283748000026,51.76220154300006],[14.662938077000035,51.75730708900005],[14.658162447000052,51.75232200100004],[14.657421313000043,51.74116589500005],[14.667782249000027,51.72689872500007],[14.677153107000038,51.72256488100004],[14.691682306000075,51.70823048600005],[14.725288496000076,51.69033330500008],[14.736274189000028,51.687702397000066],[14.73832617200003,51.678838581000036],[14.746515697000063,51.67553951700006],[14.756717571000024,51.66037785600008],[14.752084969000066,51.65138947300005],[14.75523832600004,51.64520972100007],[14.754220231000033,51.628060764000054],[14.762767045000032,51.61896399200003],[14.764930990000039,51.60830389000006],[14.760751894000066,51.60274828400003],[14.72986178900004,51.58177711400003],[14.710015342000077,51.59616247300005],[14.696647513000073,51.59666095700004],[14.705544203000045,51.577100951000034],[14.696083785000042,51.575381692000065],[14.688179158000025,51.55943934900006],[14.67562407500003,51.55146964800008],[14.643205942000066,51.55417773500005],[14.609887247000074,51.55015007000003],[14.599025920000031,51.571750129000065],[14.583582454000066,51.575309040000036],[14.579038799000045,51.580292221000036],[14.569634859000075,51.58119054700006],[14.558980098000063,51.57318681600003],[14.544438597000067,51.57361508900004],[14.547487180000076,51.56361735100006],[14.516618046000076,51.55480003900004],[14.498814121000066,51.559125245000075],[14.452366143000063,51.55574886800008],[14.447196683000072,51.551956301000075],[14.447770935000051,51.54206902900006],[14.439011764000043,51.54421569100003],[14.409425636000037,51.53777525900006],[14.398359221000021,51.54151008800005],[14.38792393500006,51.540730229000076],[14.385446805000072,51.534405218000074],[14.375797259000024,51.53289224900004],[14.354191617000026,51.52132342500005],[14.340571128000022,51.52014052800007],[14.342511088000037,51.51348445500008],[14.337884608000024,51.50637258100005],[14.327359882000053,51.50736307600005],[14.322116314000027,51.519404371000064],[14.277476787000069,51.53108753400005],[14.257879260000038,51.53224366500007],[14.247750473000053,51.52879782400004],[14.213610836000043,51.539596120000056],[14.141421567000066,51.543656672000054],[14.134383155000023,51.54075942900005],[14.130357230000072,51.53365937500007],[14.137251226000046,51.52309397700003],[14.107111253000028,51.52078300800008],[14.093954598000039,51.497832637000045],[14.075058265000052,51.492315888000064],[14.087503453000068,51.479522013000064],[14.071855731000028,51.47223588400004],[14.042371435000064,51.478838213000074],[14.035728477000077,51.476384936000045],[14.037065662000032,51.47142489300006],[14.053049789000056,51.46134102500008],[14.05401134400006,51.452005901000064],[14.059091273000035,51.44609083600005],[14.040414438000028,51.43669169400005],[14.042795037000076,51.429961768000055],[14.038244900000052,51.42844398300008],[14.044589789000042,51.418753534000075],[14.016689151000037,51.40483483100007],[14.017544565000037,51.40118686200003],[14.025074485000061,51.40007424100003],[14.02693673400006,51.396624376000034],[14.010535622000077,51.39781296500007],[14.004405537000025,51.39537374500003],[14.006798305000075,51.38974745100006],[13.997173657000076,51.38371785900006],[14.000697480000042,51.37259606400005],[13.971597690000067,51.37594545600007],[13.971907302000034,51.39282470300003],[13.952679527000043,51.396215924000046],[13.940345329000024,51.38973056300006],[13.910292215000027,51.383438762000026],[13.907995527000026,51.37880378700004],[13.883679125000072,51.375208060000034],[13.870065500000067,51.37665176100006],[13.861771169000065,51.38154703500004],[13.836171368000066,51.38326789100006],[13.835312830000078,51.37678990000006],[13.819431129000066,51.36988196300007],[13.806134668000027,51.37273056400005],[13.78252499100006,51.369668071000035],[13.77653742800004,51.36277491200008],[13.765259313000058,51.36078203200003],[13.762996175000069,51.36382717400005],[13.767599432000054,51.36928536600004],[13.758456442000067,51.37095637300007],[13.739111645000037,51.361201995000044],[13.710497031000045,51.36433307800007],[13.691250284000034,51.374013070000046],[13.682634593000046,51.36846153400006],[13.668895391000035,51.37526580200006],[13.659869754000056,51.369262794000065],[13.59513673400005,51.369907425000065],[13.588817927000036,51.38121422900008],[13.58985492000005,51.38423510000007],[13.569962214000043,51.38566608300005],[13.551307646000055,51.37861670500007],[13.54516978600003,51.36962084400005],[13.536180624000053,51.38080527000005],[13.524199157000055,51.381607588000065],[13.521035932000075,51.40062849800006],[13.495143214000052,51.40352755300006],[13.489171261000024,51.40801618900008],[13.463281774000052,51.41175349400004],[13.467636868000056,51.42070965900007],[13.464646810000033,51.42423334800003],[13.452590178000037,51.423318047000066],[13.445296917000064,51.429602869000064],[13.424419226000055,51.42369508100006],[13.425428612000076,51.43233027500003],[13.409447155000066,51.44321994400008],[13.405957518000037,51.451738929000044],[13.40073695600006,51.45325800100005],[13.389612318000047,51.448129323000046],[13.386978837000072,51.44076912300005],[13.378208242000028,51.434024375000035],[13.382320776000029,51.427914015000056],[13.380442739000046,51.42557746700004],[13.35909971700005,51.43327159800003],[13.337948737000033,51.42916455000005],[13.333353387000045,51.43744090700005],[13.320322991000069,51.437500372000045],[13.327081854000028,51.42668818800007],[13.287402869000061,51.41112532500006],[13.285247928000047,51.399742883000044],[13.260330357000043,51.39944756800003],[13.259959010000046,51.395844054000065],[13.269280997000067,51.389605938000045],[13.267650450000076,51.38529056200008],[13.255812882000043,51.39186997100006],[13.216964115000053,51.39557437500008],[13.203137155000036,51.41587460800008],[13.201185078000037,51.431521315000055],[13.191276448000053,51.434828078000066],[13.187554787000067,51.42545790200006],[13.176638843000035,51.42702429700006],[13.17560865400003,51.432161535000034],[13.185450971000023,51.43801100700006],[13.191225230000043,51.43795634700007],[13.202028556000073,51.44963231100007],[13.203711847000022,51.45572714300005],[13.184284070000047,51.470158559000026],[13.186543630000074,51.485540154000034],[13.182296680000036,51.491959603000055],[13.193569289000038,51.48832679900005],[13.20011938700003,51.491630257000054],[13.197901152000043,51.494524409000064],[13.202631107000059,51.49732403200005],[13.202876316000072,51.50329934700005],[13.208013006000044,51.50947861900005],[13.207199022000054,51.52355088200005],[13.201161895000041,51.526399017000074],[13.19098731300005,51.53877231000007],[13.184069356000066,51.557716208000045],[13.16082674200004,51.55896961800005],[13.15752903200007,51.56383229000005],[13.146763329000066,51.56420832800006],[13.142047454000021,51.57041471200006],[13.160584493000044,51.592271330000074],[13.154954823000025,51.600197037000044],[13.143600201000027,51.59964928900007],[13.12023995900006,51.617582508000055],[13.105690535000065,51.61182003700003],[13.104654157000027,51.60874067800006],[13.08793150200006,51.60870821000003],[13.05102479900006,51.64767692700008],[13.151196943000059,51.68544049700006],[13.161330663000058,51.69184424700006],[13.156039614000065,51.71113893000006],[13.16129339500003,51.71243926000005],[13.169585447000031,51.70903556600007],[13.168036805000042,51.71809286000007],[13.186036072000036,51.71663344400008],[13.17865196200006,51.73139355200004],[13.16833298000006,51.73565834800007],[13.165448169000058,51.74069479000008],[13.156362686000023,51.74192944600003],[13.155436487000031,51.74633943100008],[13.163294476000033,51.75493584900005],[13.149853540000038,51.75926706600006],[13.152702938000061,51.76390840700003],[13.148900468000022,51.76757504700004],[13.159538852000026,51.77525120700005],[13.160976178000055,51.78323046200006],[13.167744416000062,51.78332047400005],[13.169264962000057,51.786224735000076],[13.160476884000047,51.788798083000074],[13.161633294000069,51.80373330300006],[13.148275678000061,51.819822646000034],[13.14069414200003,51.82277785800005],[13.141181972000027,51.82700967400007],[13.123738986000035,51.85583791800008],[13.150913352000032,51.85961035100007],[13.149603820000038,51.87233147900008],[13.142228086000046,51.872556891000045],[13.13085194000007,51.882266541000035],[13.122770934000073,51.882720996000046],[13.113568225000051,51.87516377400004],[13.08500521700006,51.874016647000076],[13.079046521000066,51.86808564700004],[13.041633797000031,51.87072717900003],[13.03014433900006,51.88032551200007],[13.037809324000023,51.88128446800005],[13.038478851000036,51.890306096000074],[13.047678524000048,51.89279183200006],[13.04510618300003,51.899735734000046],[13.024461889000065,51.902719303000026],[13.021149341000068,51.897976551000056],[13.00982762800004,51.90260974300003],[12.98833563900007,51.90395736000005],[12.973721880000028,51.901601578000054],[12.975736143000063,51.919286871000054],[12.957255377000024,51.92295961800005],[12.95901823500003,51.934710908000056],[12.920553418000054,51.93921927300005],[12.915437094000026,51.93240805000005],[12.89378506600002,51.92843509800008],[12.886747859000025,51.93444352300003],[12.852730033000057,51.93500556400005],[12.850720693000028,51.95636580100006],[12.843288653000059,51.96716784900008],[12.809555772000067,51.962551880000035],[12.776022001000058,51.96511647700004],[12.776108032000025,51.975618894000036],[12.752487358000053,51.98703163400006],[12.72961710100003,51.989229855000076],[12.710224728000071,52.00010959000008],[12.682916048000038,52.00355288800006],[12.67142708700004,52.01181910300005],[12.658525319000034,52.012868669000056],[12.649216675000048,52.008376886000065],[12.643744181000045,51.99476327800005],[12.615402709000023,51.99129968600005],[12.614025250000054,51.98254030900006],[12.603019389000053,51.98108644000007],[12.541157973000054,51.98500730000006],[12.535337741000035,52.001097006000066],[12.497792102000062,52.00972537000007],[12.484242325000025,52.01930067200004],[12.478503851000028,52.03355796100004],[12.461510601000043,52.034273133000056],[12.449424277000048,52.01692645000003],[12.436207793000051,52.01714204700005],[12.408330156000034,52.02984699600006],[12.389508481000064,52.04312017700005],[12.35946764700003,52.047055441000055],[12.34752488600003,52.059306794000065],[12.332095688000038,52.067042497000045],[12.31557794300005,52.092271726000035],[12.27672457500006,52.10401790800006],[12.26368375100003,52.13125688900004],[12.242318161000071,52.14180524200003],[12.232143954000037,52.155186653000044],[12.232829396000056,52.162672619000034],[12.217567330000065,52.17032630300008],[12.228248052000026,52.18491992000003],[12.246684381000023,52.18392023100006],[12.243121310000049,52.19600097000006],[12.252668837000044,52.204463202000056],[12.246454580000034,52.20770381300008],[12.248746072000074,52.21117454500006],[12.259558165000044,52.21595533000004],[12.279719601000068,52.21813862700003],[12.296097265000071,52.22696952000007],[12.273945981000054,52.235327615000074],[12.268411356000058,52.24154790800003],[12.258008051000047,52.243152904000056],[12.246799120000048,52.25159584600004],[12.252708076000033,52.26078102900004],[12.253708946000074,52.277724911000064],[12.263799102000064,52.29538280000003],[12.306926951000037,52.34407467700004],[12.284521432000076,52.36531178300004],[12.287796296000067,52.36932387300004],[12.301080968000065,52.37178366200004],[12.305614697000067,52.37848787400003],[12.293701313000042,52.38290306000005],[12.294933893000064,52.391660666000064],[12.301648142000033,52.39543348900003],[12.299824492000027,52.40795458500003],[12.286342770000033,52.40889006400005],[12.27497386300007,52.41501694500005],[12.29563968900004,52.424190087000056],[12.290547656000058,52.43050524200004],[12.301687135000066,52.434423510000045],[12.30579638000006,52.45063090700006],[12.317180235000023,52.45409538900003],[12.31673993000004,52.45957453300008],[12.324361759000055,52.46535008800004],[12.328748491000056,52.47705114200005],[12.314668332000053,52.47659048000003],[12.310244677000071,52.48005046000003],[12.309978569000066,52.484384403000035],[12.314384425000071,52.48935118400004],[12.325638489000028,52.49221798600007],[12.32604032100005,52.494930201000045],[12.310478975000024,52.49159309600003],[12.296915203000026,52.495125907000045],[12.273269184000071,52.488421456000026],[12.265104961000077,52.49541115800008],[12.266033265000033,52.50063605500003],[12.260078345000068,52.50652085100006],[12.256637255000044,52.51744841800007],[12.238631547000068,52.52276590000008],[12.232768437000061,52.52122433200003],[12.225674777000052,52.51126209300003],[12.22527834400006,52.50455661500007],[12.220704776000048,52.501344534000054],[12.186216003000027,52.49697512300003],[12.171291236000059,52.50618239900007],[12.168490896000037,52.51522953600005],[12.187534623000033,52.532042571000034],[12.17236083000006,52.53823526600007],[12.153138941000066,52.529797891000044],[12.144447876000072,52.530779722000034],[12.144511200000068,52.536973569000054],[12.16275379900003,52.56368456200005],[12.181077768000023,52.575176887000055],[12.173384390000024,52.582255005000036],[12.17577336100004,52.605383877000065],[12.170772230000068,52.60860657900008],[12.172293012000068,52.61528039500007],[12.169348915000057,52.61893562800003],[12.17196997600007,52.625946362000036],[12.201434953000046,52.61892074500008],[12.211360152000054,52.62443999700008],[12.236807311000064,52.62986736400006],[12.231555616000037,52.63049301900003],[12.230993941000065,52.63693557200003],[12.236962061000042,52.64309651000008],[12.233416499000043,52.65288035200007],[12.235866636000026,52.664239501000054],[12.239299518000053,52.66581845600007],[12.23473664100004,52.67978701100003],[12.227931561000048,52.68318766800007],[12.232124937000037,52.68844660900004],[12.222741275000033,52.68916680700005],[12.217913330000044,52.69891604500003],[12.222329319000039,52.70392710800007],[12.205759768000064,52.71218097700006],[12.208004794000033,52.71821948200005],[12.19863315400005,52.718447499000035],[12.203346811000074,52.72475597500005],[12.201294611000037,52.72900414600008],[12.222078531000022,52.738953765000076],[12.218428838000023,52.750862503000064],[12.209393213000055,52.75403404100007],[12.206927979000056,52.760769148000065],[12.212057408000021,52.76565422500005],[12.21387876700004,52.77293181700003],[12.222600154000077,52.775740409000036],[12.223527428000068,52.789363527000035],[12.242929752000066,52.78714943400007],[12.249203418000036,52.791861924000045],[12.254482797000037,52.807160811000074],[12.243883309000068,52.82212017400008],[12.229484139000022,52.86096912100004],[12.221328695000068,52.86418543800005],[12.219141838000041,52.860053778000065],[12.215289033000033,52.859709258000066],[12.214275047000058,52.863779658000055],[12.19357788700006,52.875966462000065],[12.169623160000071,52.86435499300006],[12.12928103300004,52.85593280100005],[12.130247960000077,52.86599882500008],[12.121641174000047,52.87837194400004],[12.126518260000068,52.89290032700006],[12.122263659000055,52.89135672400005],[12.110891172000038,52.87612967500007],[12.083217986000022,52.87685911600005],[12.075657530000058,52.88566554400006],[12.068145273000027,52.88406920300008],[12.056047142000068,52.88853958800007],[12.048152740000035,52.885913463000065],[12.023579057000063,52.88975126500003],[12.00640203100005,52.88527336000004],[12.004209088000039,52.882145284000046],[11.991408122000053,52.88116627200003],[11.984254388000068,52.87656470100006],[11.959444657000063,52.87992735200004],[11.947231436000038,52.888162074000036],[11.894554292000066,52.89427053700007],[11.872541052000031,52.90859242400006],[11.83735351200005,52.909726410000076],[11.824312620000057,52.91719098800007],[11.825322097000026,52.92631197000003],[11.847110704000045,52.94053863000005],[11.848304215000041,52.94951549100006],[11.830373810000026,52.95696748300003],[11.786971390000076,52.960965944000066],[11.764073971000073,52.98135270100005],[11.743263505000073,52.98849076400006],[11.73081325000004,52.988068387000055],[11.704946379000035,52.97867613100004],[11.694310401000052,52.97806846000003],[11.68655085000006,52.98206427000008],[11.683077842000046,52.98799898500005],[11.683435986000063,53.001571625000054],[11.672754578000024,53.009258472000056],[11.645727098000066,53.00559436200007],[11.629308824000077,53.010270140000046],[11.62593843600007,53.01907972300006],[11.641307508000068,53.034496388000036],[11.637571042000047,53.03909619600006],[11.62961180800005,53.041713437000055],[11.597784478000051,53.03592664900003],[11.57691949100007,53.037328857000034],[11.544048701000065,53.05253597700005],[11.522499051000068,53.04719606400005],[11.505903451000052,53.04904505500008],[11.462272547000055,53.07496067300008],[11.451975165000022,53.07791429800005],[11.401170085000047,53.07184428200003],[11.353125509000051,53.05492106200006],[11.338867152000034,53.05509905000008],[11.310450770000045,53.07715518300006],[11.28794139300004,53.086754358000064],[11.268220363000069,53.10425730500003],[11.265732116000038,53.12197796000004],[11.293501156000048,53.11693438700007],[11.321925424000028,53.11948644800003],[11.337604567000028,53.113802597000074],[11.358235258000036,53.116055680000045],[11.373281967000025,53.11144839200006],[11.393171108000047,53.11109724500005],[11.399344969000026,53.115818552000064],[11.392712693000021,53.128127318000054],[11.39562754000002,53.139999989000046],[11.412493205000033,53.136823968000044],[11.421764248000045,53.14094849700007],[11.439723755000045,53.13692804800007],[11.45944002400006,53.14028939700006],[11.470875246000048,53.13528211600004],[11.475825101000055,53.128063635000046],[11.49597155300006,53.126802345000044],[11.503268992000073,53.122745130000055],[11.533577321000053,53.12582576600005],[11.546982136000054,53.13089354400006],[11.554559237000035,53.13831792800005],[11.551031500000022,53.15033878500003],[11.555403690000048,53.15098768300004],[11.569364829000051,53.166094884000074],[11.56255346200004,53.17582710200003],[11.565396774000021,53.180828605000045],[11.558771431000025,53.18697839600003],[11.55881653800003,53.20251971300007],[11.555853109000054,53.20797900400004],[11.56593067700004,53.21317540000007],[11.576464284000053,53.21237190800008],[11.588984052000058,53.21623106000004],[11.629812583000046,53.24205214400007],[11.649936196000056,53.239056351000045],[11.666211874000055,53.24399846400007],[11.688946035000072,53.24200636200004],[11.695429046000072,53.244379482000056],[11.714476698000055,53.23217202700005],[11.72646271700006,53.23120875300003],[11.728390034000029,53.218849076000026],[11.735790811000072,53.21808788100003],[11.769223649000025,53.227294553000036],[11.821922245000053,53.22864642800005],[11.828124423000077,53.23168734800004],[11.819899531000033,53.24210599000003],[11.805433238000035,53.24944363800006],[11.81284445600005,53.25390151000005],[11.860916883000073,53.24951282600006],[11.87049488200006,53.25881009900007],[11.889102112000046,53.26947867700005],[11.893252631000053,53.277886254000066],[11.918375185000059,53.273302983000065],[11.949194930000033,53.27254884400003],[11.96598272500006,53.28613472500007],[11.975568598000052,53.299053780000065],[11.984814583000059,53.29954057600003],[11.995965588000047,53.29439406600005],[12.004567705000056,53.299571574000026],[12.019585937000045,53.30073237400006],[12.022818461000043,53.30434453200007],[12.019172947000072,53.31504683400004],[12.022074966000048,53.32128845200003],[12.014610831000027,53.33442335900003],[12.053799682000033,53.34884165200003],[12.053195518000052,53.35649729700003],[12.04803365600003,53.36217087400007],[12.048723486000029,53.36976462000007],[12.061623643000075,53.37141946200006],[12.077546798000071,53.36938690100004],[12.081998515000066,53.34772933100004],[12.090959072000032,53.34504916900005],[12.107455763000075,53.34411615400006],[12.110881017000054,53.34945906100006],[12.133211894000056,53.34882969300003],[12.138704603000065,53.35509727700003],[12.139441431000023,53.36141663300003],[12.152222226000049,53.36047311500005],[12.157755166000072,53.34880469900003],[12.16907657400003,53.33968080000005],[12.185614755000074,53.34335502000005],[12.18611418300003,53.34967195300004],[12.190448970000034,53.35319989200008],[12.212184906000061,53.35316107800003],[12.228703203000066,53.35748290500004],[12.236237695000057,53.34309494100006],[12.245635281000034,53.33343804300006],[12.258067806000042,53.32855596200005],[12.259631311000021,53.324491376000026],[12.290796698000065,53.32842157400006],[12.30854735400004,53.32723518500006],[12.312805045000061,53.32315146800005],[12.32510135800004,53.32130157900008],[12.36425084900003,53.30662221300008],[12.392078704000028,53.30199778700006],[12.39745169300005,53.29451444800003],[12.39305762600003,53.28446443900003],[12.40030422700005,53.27974268200006],[12.429392183000061,53.27345402900005],[12.433703970000067,53.259738749000064],[12.446570699000063,53.25033654100008],[12.467060511000057,53.25600239400006],[12.49795688200004,53.255679824000026],[12.506414667000058,53.26254802100004],[12.529652870000064,53.26462348200005],[12.54991340600003,53.26198060100006],[12.603698267000027,53.24481895900004],[12.628418923000027,53.25455498100007],[12.656396210000025,53.25493411400004],[12.67381804300004,53.24902839900005],[12.666429206000032,53.24052547700006],[12.665747328000066,53.23250413300008],[12.724438336000048,53.22181259100006],[12.75651408400006,53.22398535600007],[12.751134985000022,53.208738261000065],[12.739492940000048,53.199601392000034],[12.757873908000022,53.19504209200005],[12.769511401000045,53.18844908800003],[12.796071976000064,53.190388186000064],[12.807749209000065,53.19629303500005],[12.813783761000025,53.19308105200008],[12.844929310000055,53.200922827000056],[12.861491717000035,53.18807929800005],[12.882847752000032,53.18081588100006],[12.912448815000062,53.19411736600006],[12.925282347000064,53.194015182000044],[12.926410943000064,53.187528376000046],[12.937316939000027,53.18666705100003],[12.941562084000054,53.18876142200003],[12.942169633000049,53.19504606900006],[12.963178510000034,53.19967322600007],[12.976880894000033,53.19736646500007],[12.973837802000048,53.18925253800006],[12.955137333000039,53.177269065000075],[12.976027805000058,53.16466373900005],[12.99191176000005,53.16846037300007],[13.004818062000027,53.16752334600005],[13.00801123900004,53.17174913900004],[13.019021978000069,53.17557631200003],[13.019754413000044,53.18467644300006],[13.026730526000051,53.18518600700003],[13.052225113000077,53.199478846000034],[13.068532998000023,53.20259667300007],[13.078394525000022,53.200436842000045],[13.088850250000064,53.21572667500004],[13.10490562800004,53.21498265000008],[13.107598264000046,53.225970163000056],[13.104124187000025,53.23488336200006],[13.108425469000053,53.238695558000074],[13.118691696000042,53.24073641500007],[13.131521563000035,53.23749403900007],[13.138460032000069,53.24474006100007],[13.150656453000067,53.25015707500006],[13.153625477000048,53.24662304800006],[13.179927835000058,53.25014841500007],[13.186660537000023,53.24641462900007],[13.191619003000028,53.23438790700004],[13.205925659000059,53.220821672000056],[13.22890194100006,53.21719701000006],[13.241403438000077,53.23240102400007],[13.24046005200006,53.23818693000004],[13.249965202000055,53.246952779000026],[13.246313114000031,53.25379195000005],[13.252713762000042,53.26230563300004],[13.273670673000026,53.26543166000005],[13.298606497000037,53.28048389300005],[13.336186110000028,53.27398843900005],[13.358621901000049,53.27749851900006],[13.38675124100007,53.24526395300006],[13.404344947000027,53.24805998000005],[13.40984105900003,53.26214869000006],[13.430458130000034,53.28237667700006],[13.438564149000058,53.28563823400003],[13.435954031000051,53.291318474000036],[13.43978592600007,53.29804029600007],[13.454151919000026,53.29765716000003],[13.463394805000064,53.28958508800008],[13.484549100000038,53.29281249700006],[13.495230827000057,53.301007311000035],[13.505108112000073,53.31663359700008],[13.505223106000074,53.32223525900008],[13.512189251000052,53.31847906200005],[13.521557102000031,53.32046281100003],[13.52060666500006,53.33799830000004],[13.525261312000055,53.35102062100003],[13.517888310000046,53.353102095000054],[13.524809795000067,53.364334890000066],[13.543301503000066,53.36488938800005],[13.555899633000024,53.37666296700007],[13.553481241000043,53.38173504400004],[13.555150510000033,53.391852233000066],[13.547189942000045,53.39396098200007],[13.550704693000057,53.39858848400007],[13.56639137600007,53.40179008600006],[13.573513182000056,53.40766855900006],[13.593704133000074,53.40850233300006],[13.611379603000046,53.41334578000004],[13.625820113000032,53.40995301100003],[13.634171611000056,53.42214119500005],[13.631066383000075,53.43096839100008],[13.636523603000057,53.434447730000045],[13.636085636000075,53.44121075500004],[13.639476440000067,53.44571345700007],[13.651191437000023,53.44483692400007],[13.66332800300006,53.457557414000064],[13.716409966000072,53.481974699000034],[13.73517789500005,53.48186787700007],[13.742709577000028,53.485190257000056],[13.754621435000047,53.47814831000005],[13.78151979100005,53.474494838000055],[13.801955038000074,53.47838223300005],[13.813548395000055,53.48557385500004],[13.82373003400005,53.49861251600004],[13.81060993400007,53.50151744100003],[13.801809296000044,53.49899768300003],[13.791781292000053,53.51080598300007],[13.77844053800004,53.51460992700004],[13.780057125000042,53.52220365100004],[13.776680100000021,53.53147418100008],[13.782867429000078,53.54887401700006],[13.790641717000028,53.55757625200005],[13.799667279000062,53.55870148500003],[13.801841842000044,53.55568397800005],[13.799025788000051,53.54597698300006],[13.821608768000033,53.52352280800005],[13.823127655000064,53.51825798400006],[13.84840465800005,53.51431048500007],[13.878736165000078,53.502441873000066]],[[13.480055475000029,52.67464656300007],[13.45215633500004,52.66326061500007],[13.472480444000041,52.65641431300003],[13.472263359000067,52.65374402800006],[13.459806848000028,52.64845098900008],[13.44246763600006,52.64917923400003],[13.43197783200003,52.63804563700006],[13.42323030600005,52.63650105000005],[13.39853983100005,52.648194466000064],[13.372102237000036,52.627761459000055],[13.357271897000032,52.62339038300007],[13.33668941600007,52.62296514500008],[13.309655554000074,52.62863511100005],[13.304328766000026,52.63615566700008],[13.309257392000063,52.643140505000076],[13.301486683000064,52.65298279000007],[13.310034022000025,52.65737604200007],[13.283199250000052,52.659745986000075],[13.282103199000062,52.64233097600004],[13.263210857000047,52.64004603500007],[13.263492908000046,52.627621659000056],[13.220912024000029,52.62734273900003],[13.202638402000048,52.60652221700008],[13.217620780000061,52.59270298900003],[13.216507603000025,52.587980737000066],[13.204254123000055,52.58756112100008],[13.164262891000021,52.598900556000046],[13.146756264000032,52.59084284100004],[13.128987425000048,52.587441925000064],[13.13298386300005,52.58020858000003],[13.150957844000061,52.58117464900005],[13.152734185000043,52.573534935000055],[13.145422195000037,52.553563170000075],[13.13077792300004,52.55524864100005],[13.118196328000067,52.517773041000055],[13.142848277000041,52.51925261100007],[13.16498262400006,52.51036639800003],[13.126483617000076,52.481272931000035],[13.118264601000021,52.47810839500005],[13.111206259000028,52.46538329600003],[13.110207847000027,52.45073207100006],[13.122015098000077,52.43923180200005],[13.108804749000058,52.42679229700008],[13.098743698000021,52.42428763700008],[13.08906074500004,52.41754068700004],[13.095007217000045,52.410298039000054],[13.111027837000051,52.41241735600005],[13.110437279000053,52.40563580500003],[13.125168020000046,52.39719178100006],[13.133944808000024,52.39881823200005],[13.139182116000029,52.39535306200003],[13.165898058000039,52.39427537600005],[13.171521256000062,52.39583364100008],[13.160672096000042,52.400245787000074],[13.165438534000032,52.40482090000006],[13.222559057000069,52.42001107800007],[13.244324384000038,52.419711351000046],[13.249843978000058,52.40496512900006],[13.274492192000025,52.40535763100007],[13.295442162000029,52.415498369000034],[13.311925902000041,52.399185567000075],[13.342083823000053,52.41082109300004],[13.346664155000042,52.40560098000003],[13.370656,52.394074121000074],[13.371843266000042,52.38880244200004],[13.386437638000075,52.38798144900005],[13.388521060000073,52.37796835600005],[13.420985176000045,52.37624695200003],[13.426903331000062,52.38749621900007],[13.41951317400003,52.40945857100007],[13.462565465000068,52.42030535200007],[13.469200761000025,52.41769226100007],[13.480947312000069,52.39657410600006],[13.51561665500003,52.40137140100006],[13.53551860400006,52.39956080800005],[13.535702240000035,52.39059928200004],[13.54027293300004,52.38889925400008],[13.564806126000065,52.388424617000055],[13.592004394000071,52.39337373200004],[13.605632738000054,52.37770707100003],[13.604439075000073,52.374205937000056],[13.627646725000034,52.38108764200007],[13.634025714000074,52.37674642600007],[13.642226997000023,52.37682461300005],[13.642569507000076,52.37154448600006],[13.646951930000057,52.36872607500004],[13.638736932000029,52.35866070900005],[13.637142771000072,52.34607612700006],[13.643613217000052,52.339849396000034],[13.651723083000036,52.33945763400004],[13.657141409000076,52.35088830600006],[13.67080181800003,52.365691206000065],[13.680222574000027,52.36887187900004],[13.691078147000042,52.36793218100007],[13.699737772000049,52.37788298900006],[13.686921245000065,52.38478102800008],[13.715361247000033,52.398774841000034],[13.731600679000053,52.400476379000054],[13.73874905100007,52.40732189500005],[13.730272338000077,52.41737509200004],[13.74102578000003,52.42805450000003],[13.738994026000057,52.433531505000076],[13.75088097400004,52.44120804000005],[13.753920314000027,52.43713996100007],[13.760019213000021,52.43734951000005],[13.751883465000049,52.447450106000076],[13.729298934000042,52.45101204700006],[13.715659191000043,52.461600729000054],[13.703471024000066,52.46648337400006],[13.704428276000044,52.45797116500006],[13.700622320000036,52.455895903000055],[13.694806130000075,52.46368769500003],[13.666979985000069,52.47416713600006],[13.642213602000027,52.47921882500003],[13.626784627000063,52.47319120800006],[13.62401262000003,52.46869932200008],[13.612742926000067,52.47107383700006],[13.615643100000057,52.48099623400003],[13.628088685000023,52.49220339100003],[13.625548722000076,52.49686734100004],[13.632467555000062,52.510524813000075],[13.658572407000065,52.525811066000074],[13.656895287000054,52.52986955600005],[13.62898702800004,52.53077506500006],[13.62736288800005,52.535161826000035],[13.630588168000031,52.54139338300007],[13.586647375000041,52.54868338500006],[13.580857756000057,52.570371701000056],[13.567858784000066,52.574029824000036],[13.547831917000053,52.58744313400007],[13.508141778000038,52.59297891300008],[13.497642116000065,52.60584331900003],[13.507077300000049,52.62536806400004],[13.518066824000073,52.63182251200004],[13.521729539000034,52.64374206700006],[13.489435370000024,52.656285197000045],[13.486416526000028,52.66032114200004],[13.486503796000022,52.66883373400003],[13.47792808500003,52.669193463000056],[13.480055475000029,52.67464656300007]],[[13.131587041000046,52.39163460900005],[13.127789608000057,52.39168094300004],[13.126534330000027,52.38926437200007],[13.134191344000044,52.38755325200003],[13.131587041000046,52.39163460900005]],[[13.097815328000024,51.61760081400007],[13.099059898000064,51.611758887000065],[13.103851018000057,51.61276555100005],[13.097815328000024,51.61760081400007]]],[[[12.27711202300003,52.23156121800008],[12.273833541000045,52.227505164000036],[12.268926092000072,52.23037727500008],[12.271869596000045,52.23215012400004],[12.27711202300003,52.23156121800008]]],[[[12.267925125000033,52.234517236000045],[12.263815244000057,52.23288175700003],[12.259828425000023,52.23674721900005],[12.265140274000032,52.23750014700005],[12.267925125000033,52.234517236000045]]]]},"properties":{"kind":"state_boundary","name":"Brandenburg","nuts_id":"DE4","source":"Eurostat GISCO NUTS 2024","source_url":"https://gisco-services.ec.europa.eu/distribution/v2/nuts/nuts-2024-files.html"}},{"type":"Feature","geometry":{"type":"MultiPolygon","coordinates":[[[[8.526504510000052,53.22001530500006],[8.55357391800004,53.20907076800006],[8.579807131000052,53.216199104000054],[8.59535958500004,53.21301734000008],[8.594969614000036,53.207129156000065],[8.583971493000035,53.200446330000034],[8.58170823100005,53.19483556000006],[8.59361113600005,53.18486634700008],[8.627827196000055,53.197327263000034],[8.650395210000056,53.188112250000074],[8.660710901000073,53.17783054800003],[8.679269741000041,53.17672980900005],[8.698567817000026,53.18357061900008],[8.706236027000045,53.176825904000054],[8.718081625000025,53.18210186300007],[8.727739858000064,53.17943621400008],[8.744238239000026,53.16505018300006],[8.761339400000054,53.16438401500005],[8.774090770000043,53.15991706900007],[8.781404857000041,53.163407867000046],[8.82667759800006,53.16232541100004],[8.838440942000034,53.15664442800005],[8.844079802000067,53.14730412400007],[8.86699509500005,53.13245422600005],[8.90396473100003,53.13691628000004],[8.912265197000067,53.134113924000076],[8.924164578000045,53.145278837000035],[8.945186489000037,53.151001963000056],[8.957285657000057,53.146081329000026],[8.984185597000021,53.12607105200004],[8.951105832000053,53.11527525300005],[8.964435421000076,53.10118311300005],[8.990913057000057,53.09667287900004],[8.966842510000049,53.09005031400005],[8.962535092000053,53.08599944000008],[8.966991189000055,53.06511041500005],[8.963869330000023,53.05835721100004],[8.977078315000028,53.05035904600004],[8.979256121000049,53.045849598000075],[8.967984106000074,53.03768904000003],[8.948101264000059,53.03118563900006],[8.944570670000076,53.02524383300005],[8.93830022000003,53.02380451000005],[8.934939911000072,53.01419522700007],[8.915827207000063,53.01102139000005],[8.892413569000041,53.01492477200003],[8.868404800000064,53.03286607700005],[8.865647066000065,53.040344857000036],[8.862501157000054,53.03681306000004],[8.867613668000047,53.02456004800007],[8.849610722000023,53.01737333800003],[8.848320526000066,53.02277745200007],[8.837385202000064,53.01909150400007],[8.818452337000053,53.02254860000005],[8.807735014000059,53.031334119000064],[8.778809112000033,53.04011950900008],[8.77000518400007,53.05240610800007],[8.76357088800006,53.05062625900007],[8.753297799000052,53.038473804000034],[8.742997892000062,53.04014401000006],[8.72951693400006,53.036260362000064],[8.711423787000058,53.044629959000076],[8.707425447000048,53.05292943500007],[8.709998528000028,53.066859359000034],[8.708103602000051,53.07642814500008],[8.698915812000052,53.08274100700004],[8.671675697000069,53.08825995300003],[8.66564616900007,53.09408468600003],[8.668662478000044,53.102902776000064],[8.654898636000041,53.108864373000074],[8.654437168000072,53.11652785000007],[8.62922164300005,53.141836442000056],[8.62000905800005,53.16677524200003],[8.573491870000055,53.17604562300005],[8.524739818000057,53.191503374000035],[8.505099216000076,53.20090556800005],[8.481735204000074,53.226449407000075],[8.51628954000006,53.227711431000046],[8.526504510000052,53.22001530500006]]],[[[8.659787657000038,53.60585650100006],[8.64982159300007,53.60413989800003],[8.639653633000023,53.59577677300007],[8.641076803000033,53.59178693600006],[8.617477063000024,53.57592404800005],[8.631698344000029,53.555682051000076],[8.645576746000074,53.554349295000065],[8.644745840000041,53.54186675900007],[8.639257826000062,53.534340358000065],[8.639395542000045,53.528703248000056],[8.651043335000054,53.51648107400007],[8.649214990000075,53.510826234000035],[8.638795763000076,53.50633603400007],[8.619087405000073,53.48940885700006],[8.604292819000023,53.48447048700007],[8.572046170000021,53.48797818600008],[8.519427472000075,53.475348807000046],[8.512119357000074,53.476308963000065],[8.505053495000027,53.471582786000056],[8.492651969000065,53.47242003300005],[8.502259324000022,53.491504924000026],[8.513666127000022,53.50075845100008],[8.552684190000036,53.51617546700004],[8.560805949000041,53.51068596500005],[8.575740353000072,53.53690089100007],[8.51064400100006,53.60269681800003],[8.535254335000047,53.60708188800004],[8.59281356400004,53.593464966000056],[8.621678394000071,53.604915489000064],[8.645068080000044,53.60275148200003],[8.646056723000072,53.60998893400006],[8.654763593000041,53.60946110300006],[8.659787657000038,53.60585650100006]]]]},"properties":{"kind":"state_boundary","name":"Bremen","nuts_id":"DE5","source":"Eurostat GISCO NUTS 2024","source_url":"https://gisco-services.ec.europa.eu/distribution/v2/nuts/nuts-2024-files.html"}},{"type":"Feature","geometry":{"type":"MultiPolygon","coordinates":[[[[10.192936062000058,53.73000042400008],[10.183897731000059,53.712360938000074],[10.168937837000044,53.71102066700007],[10.159935218000044,53.70555989400003],[10.158117966000077,53.69057098800005],[10.142434034000075,53.67889780200005],[10.158120598000039,53.67041101700005],[10.171684240000047,53.66896505300008],[10.175002992000032,53.66435722600005],[10.183239247000074,53.662891728000034],[10.194872949000057,53.65412829300004],[10.197764722000045,53.64658390200003],[10.192898203000027,53.638663016000066],[10.221761618000073,53.63372246400007],[10.216880097000058,53.63114076900007],[10.214928500000042,53.62493568700006],[10.206427552000036,53.62315589200006],[10.190279639000039,53.613344407000056],[10.196334498000056,53.60188509300008],[10.192750027000045,53.59364295000006],[10.201449382000021,53.584076104000076],[10.161579802000063,53.58451979000006],[10.15312063400006,53.57754723900007],[10.148268166000037,53.56671155500004],[10.15959656800004,53.55609222100003],[10.153015985000025,53.54988630300005],[10.151785074000031,53.54444819200006],[10.155534703000058,53.53751605800005],[10.166065772000024,53.53645415400007],[10.162282871000059,53.525486777000026],[10.164082041000029,53.52111625900005],[10.18811523200003,53.51302952100008],[10.199935007000022,53.51442565700006],[10.210601625000038,53.520046527000034],[10.222645390000025,53.505591380000055],[10.219902839000042,53.49877897500005],[10.236678400000073,53.496354352000026],[10.23882848900007,53.483817560000034],[10.26374511900002,53.47433308500007],[10.27130214400006,53.46776582600006],[10.270829540000022,53.463845347000074],[10.297133615000064,53.45135576900003],[10.297417082000038,53.44719477900003],[10.303518542000063,53.44320467400007],[10.307671623000033,53.44376436400006],[10.312671429000034,53.45184726000008],[10.325958841000045,53.44963964100003],[10.316104671000062,53.44119534500004],[10.317666970000062,53.43597033700007],[10.260041716000046,53.418524382000044],[10.242768143000035,53.39920539900004],[10.226939281000057,53.39539793800003],[10.171122267000044,53.39759303000005],[10.154562981000026,53.40574441200005],[10.13337825700006,53.42258739600004],[10.107490683000037,53.427401434000046],[10.085093942000071,53.44995606500004],[10.051697582000031,53.46323331000008],[10.043125900000064,53.45723256500003],[10.042251668000063,53.45197443300003],[10.047014403000048,53.44796413500006],[10.031873461000032,53.44450695100005],[10.019540928000026,53.44568488600004],[10.015941866000048,53.44214905000007],[10.026097460000074,53.43752998800005],[10.027151013000037,53.434123603000046],[9.99837287300005,53.42562715500003],[9.980619151000042,53.41544352500006],[9.973248756000032,53.42164282600004],[9.952396399000065,53.429755346000036],[9.941271768000036,53.421835034000026],[9.916443705000063,53.41499270500003],[9.908996724000076,53.41632655700005],[9.919728214000031,53.43747438300005],[9.912772131000054,53.44829437100003],[9.901557783000044,53.45662037200003],[9.862786063000044,53.43947234500007],[9.862387376000072,53.42987639200004],[9.836531256000058,53.45058758700003],[9.809307592000039,53.46293748100004],[9.800209715000051,53.473110768000026],[9.800587157000052,53.492059433000065],[9.784417590000032,53.492652648000046],[9.782075534000057,53.50006611200007],[9.76886119300002,53.50527901100003],[9.765999788000045,53.51246251400005],[9.769811737000055,53.51977885500003],[9.775603011000044,53.52291001100008],[9.767455661000042,53.538646251000046],[9.77207659000004,53.54338595200005],[9.802318324000055,53.532324207000045],[9.81635736800007,53.53026505000008],[9.822293595000076,53.533984985000075],[9.812743395000041,53.541701121000074],[9.822895606000031,53.55101258700006],[9.772582126000032,53.56245118000004],[9.734364863000053,53.56521552600003],[9.737384290000023,53.57628081800004],[9.74133216000007,53.578703114000064],[9.737415276000036,53.581716490000076],[9.74695017700003,53.592065639000054],[9.744510605000073,53.59854822200003],[9.748525802000074,53.603130357000055],[9.756048234000048,53.60411357000004],[9.758247807000032,53.61021654800004],[9.75468081200006,53.61375747300008],[9.76367250800007,53.627495055000054],[9.770294087000025,53.62746247500007],[9.771551460000069,53.61635586700004],[9.794941964000031,53.61004737600007],[9.796903477000058,53.60667755500003],[9.790905166000073,53.60199770600008],[9.816270802000076,53.58640191200004],[9.825134290000051,53.58475197900003],[9.856199748000051,53.59901374600008],[9.872029979000047,53.614712799000074],[9.883853319000025,53.621538960000066],[9.904073135000033,53.64224595300004],[9.906617806000042,53.652451865000046],[9.945375869000031,53.652928141000075],[9.986904784000046,53.64840799900003],[9.989476338000031,53.65085613200006],[9.992180424000026,53.67502687400008],[10.000714260000052,53.68135356800008],[10.038992417000031,53.681879913000046],[10.050957381000046,53.677462337000065],[10.067267319000052,53.679392654000026],[10.061621263000063,53.68764980000003],[10.076495886000032,53.69979280100006],[10.07817334300006,53.70385549000008],[10.069628117000036,53.70624440800003],[10.083348845000046,53.72011156700006],[10.120424951000075,53.713816748000056],[10.128340639000044,53.72045078100007],[10.145430864000048,53.725565059000076],[10.168237603000023,53.738236106000045],[10.192936062000058,53.73000042400008]]],[[[9.785218680000071,53.55071867600003],[9.782264673000043,53.54883787800003],[9.777530161000072,53.55174219100007],[9.78269554600007,53.55402841100005],[9.785218680000071,53.55071867600003]]],[[[9.754612572000042,53.556355214000064],[9.75540617300004,53.55582880800006],[9.749479938000036,53.55622737600004],[9.754612572000042,53.556355214000064]]],[[[8.514510097000027,53.916808005000064],[8.504596966000065,53.91305342100003],[8.484543674000065,53.91371041300005],[8.487974223000037,53.925980640000034],[8.494733866000047,53.931846937000046],[8.51754464000004,53.92201270700008],[8.514510097000027,53.916808005000064]]],[[[8.431317241000045,53.94387418100007],[8.421445234000032,53.94296591900007],[8.41463637000004,53.94595135600008],[8.432047555000054,53.954860265000036],[8.441538269000034,53.96439162000007],[8.454022058000021,53.96085926100005],[8.431317241000045,53.94387418100007]]]]},"properties":{"kind":"state_boundary","name":"Hamburg","nuts_id":"DE6","source":"Eurostat GISCO NUTS 2024","source_url":"https://gisco-services.ec.europa.eu/distribution/v2/nuts/nuts-2024-files.html"}},{"type":"Feature","geometry":{"type":"Polygon","coordinates":[[[8.651761287000056,52.530836642000054],[8.671303367000064,52.518102706000036],[8.68721774200003,52.51829809700007],[8.685890088000065,52.513197525000066],[8.697500927000021,52.508899761000066],[8.702969762000066,52.50031151600007],[8.699317679000046,52.486855683000044],[8.70833385800006,52.47729333700005],[8.71028605600003,52.46458568400004],[8.70499340300006,52.45441909900006],[8.703840239000044,52.443427100000065],[8.71761473600003,52.42878142600006],[8.705335282000021,52.41778463800006],[8.710167715000068,52.40776294200003],[8.707486699000071,52.39535150800003],[8.715236514000026,52.392568932000074],[8.725073873000042,52.40019010900005],[8.745907336000073,52.38835486700003],[8.789493293000021,52.39842707100007],[8.853562475000047,52.38963844400007],[8.865360962000068,52.395256360000076],[8.88812002900005,52.396262456000045],[8.893987652000021,52.405560550000075],[8.899876234000033,52.40181782800005],[8.905071618000022,52.40425440900003],[8.935476160000064,52.401905793000026],[8.944149388000028,52.40928653000003],[8.94483748700003,52.41602270100003],[8.956117125000048,52.41602296100007],[8.964182811000057,52.425571508000075],[8.981666185000051,52.429592196000044],[8.984091593000073,52.433204732000036],[8.980435174000036,52.43684039500005],[8.985830476000046,52.444792894000045],[8.98123507500003,52.45050268600005],[9.016428795000024,52.460769457000026],[9.02402147600003,52.47786122800005],[9.042712018000032,52.48217778000003],[9.04252751200005,52.487567152000054],[9.052355169000066,52.49954086300005],[9.087293880000061,52.49589223000004],[9.095156229000054,52.49811205200007],[9.113224897000066,52.48598324400007],[9.131304599000032,52.48359694100003],[9.135558450000076,52.47752041000007],[9.124634601000025,52.47492529600004],[9.124239987000067,52.46791527500005],[9.103101440000046,52.45628870000007],[9.095524277000038,52.44398403400004],[9.109920966000061,52.435226045000036],[9.111236914000074,52.42963004100005],[9.106410035000067,52.42558587900004],[9.112706010000068,52.42127299600003],[9.123212228000057,52.42075474900008],[9.125252500000045,52.41199361900004],[9.11825691000007,52.39850655100008],[9.097226947000024,52.38607238700007],[9.099762159000022,52.37964093800008],[9.097870188000059,52.37142446800004],[9.08865878100005,52.36545593800008],[9.08429774900003,52.35593400400006],[9.059632003000047,52.34636105800007],[9.056673646000036,52.34000099900004],[9.027953156000024,52.34499972800006],[9.019997497000077,52.332242378000046],[9.010729299000047,52.33103223900008],[9.00643599500006,52.32602502000003],[8.998261322000076,52.325794002000066],[8.997290101000033,52.31896228700003],[8.990599004000046,52.312481938000076],[8.985948485000051,52.295389371000056],[8.987011989000052,52.28749209800003],[8.966656125000043,52.27898602100004],[8.970986191000065,52.27447023500008],[8.977903711000067,52.27354670400007],[8.972774885000035,52.265541951000046],[8.979522987000053,52.26152588800005],[9.00246633300003,52.25762735300003],[9.008134733000077,52.25287373100008],[9.031731584000056,52.24970233800008],[9.058209040000065,52.23773346400003],[9.075343933000056,52.23413355800005],[9.073899657000027,52.22952114100008],[9.051179712000021,52.22051432300003],[9.041526074000046,52.22574883400006],[9.035966704000032,52.223419171000046],[9.035114401000044,52.21781468200004],[9.045630071000062,52.209645495000075],[9.044074814000055,52.20291980300004],[9.047524011000064,52.19558490500003],[9.04387887200005,52.190407909000044],[9.044188074000033,52.184396323000044],[9.021131127000046,52.18440675200003],[9.018277553000075,52.19249644900003],[9.01457721600002,52.194430830000044],[9.005583045000037,52.18992205900008],[8.993302937000067,52.19566400100007],[8.98583374900005,52.19459840500008],[8.99226771900004,52.192135921000045],[8.995402512000055,52.186861167000075],[9.00045665600004,52.18678952400006],[9.013097437000056,52.17321034400004],[9.020651099000077,52.171394328000076],[9.01325999100004,52.16291632200006],[9.017427359000067,52.15019650800008],[9.012207469000032,52.13557113500008],[9.018353371000046,52.13307349000007],[9.039944606000063,52.138610106000044],[9.054788941000027,52.14794040700008],[9.068140286000073,52.14823480500007],[9.071414316000073,52.14714318400007],[9.072305799000048,52.14082774700006],[9.080722184000024,52.14075862100003],[9.10137695900005,52.13292625000008],[9.11908969700005,52.13843155200004],[9.143998553000074,52.134820114000036],[9.15479444400006,52.12724141400008],[9.158314655000027,52.11868334800005],[9.137194069000032,52.106159552000065],[9.133854787000075,52.09655171800006],[9.144457526000053,52.09918547900003],[9.155604484000037,52.097829905000026],[9.15575341300007,52.09204004700007],[9.17585394100007,52.08592033900004],[9.188886485000069,52.07084645300006],[9.175056658000074,52.05965969500005],[9.17284677400005,52.048068158000035],[9.176113720000046,52.03548044100006],[9.188373974000058,52.02605194500006],[9.196451027000023,52.01274816000006],[9.180631153000036,52.00237910100003],[9.196793822000075,51.996916947000045],[9.185571680000066,51.991912986000045],[9.180972291000046,51.984689109000044],[9.174689594000029,51.98325938700003],[9.186456973000077,51.97444326800007],[9.187280980000025,51.96566502700006],[9.209669260000055,51.96070791600005],[9.210370234000038,51.96685409200006],[9.217134977000057,51.972851743000035],[9.261236050000036,51.976591864000056],[9.268526848000022,51.97411737900006],[9.267872028000056,51.97100244400008],[9.274632294000071,51.97258974600004],[9.278180258000077,51.96244399900007],[9.283940938000057,51.95885756400003],[9.272784441000056,51.95493574900007],[9.26894488000005,51.94710339000005],[9.277669199000059,51.94188614900003],[9.27439643100007,51.93943320000005],[9.273307772000067,51.93167461300004],[9.294144779000021,51.920023539000056],[9.308862224000052,51.922961945000054],[9.332813789000056,51.915598628000055],[9.340735755000026,51.907157605000066],[9.345218479000039,51.88915258000003],[9.335227358000054,51.85650419600006],[9.323343495000074,51.85506110700004],[9.335241948000032,51.85403950500006],[9.35928421500006,51.86399906500003],[9.407298823000076,51.85585180100003],[9.436967975000073,51.85660134200003],[9.459726397000054,51.86290154100004],[9.460285021000061,51.85466995200005],[9.43399415500005,51.83989743800004],[9.43995668100007,51.83173341000003],[9.439370144000065,51.82440149400003],[9.427907436000055,51.811865881000074],[9.43193775100002,51.80516852300008],[9.439584817000025,51.80314476800004],[9.437732699000037,51.79712090700008],[9.44514009300002,51.79384556000008],[9.414427914000044,51.773893060000034],[9.401956970000072,51.75937902700008],[9.384991121000041,51.757100136000076],[9.383419937000042,51.75096612800007],[9.376402104000022,51.74432402100007],[9.378877257000056,51.73809611200005],[9.394415343000048,51.73197160600006],[9.387635731000046,51.72002180100003],[9.400645447000045,51.703981328000054],[9.400158831000056,51.699057055000026],[9.387644342000044,51.68879386900005],[9.394446310000035,51.68007931300008],[9.394726712000022,51.674027359000036],[9.380261706000056,51.66645444200003],[9.37554010100007,51.650703803000056],[9.384110214000032,51.64691243200008],[9.440457243000026,51.65039405300007],[9.438363778000053,51.64792597100006],[9.443519082000023,51.643820032000065],[9.431290101000059,51.63334535800004],[9.398499266000044,51.624557423000056],[9.375483469000073,51.62619833700006],[9.370102856000074,51.61971433800005],[9.339455025000063,51.61524854900006],[9.336979712000073,51.61199211600007],[9.370623142000056,51.59128538400006],[9.365260791000026,51.58537320500005],[9.35381443500006,51.580854714000054],[9.333854084000052,51.55899415200008],[9.320535642000038,51.55303048400003],[9.311559189000036,51.53598660800003],[9.315160067000022,51.52345379500008],[9.307760291000022,51.51320172100003],[9.282652851000023,51.51412973400005],[9.26814885300007,51.505881499000054],[9.263834923000047,51.49859979800004],[9.24171233900006,51.49712299400005],[9.23589243400005,51.49086638300008],[9.225845682000056,51.48958066300003],[9.217467726000052,51.48093836600003],[9.215613847000043,51.46043521800004],[9.186271220000037,51.46591237900003],[9.17661667300007,51.46357577100008],[9.160811041000045,51.444466145000035],[9.15541070100005,51.44267509100007],[9.148452482000039,51.442748366000046],[9.13617828300005,51.449326459000076],[9.129937131000077,51.44639276300006],[9.095560133000049,51.44448101200004],[9.086633698000071,51.44978094100003],[9.085599185000035,51.461149266000064],[9.078448425000033,51.466204821000076],[9.092179268000052,51.49190564300005],[9.077819544000022,51.50256052300006],[9.063021301000049,51.49899818000006],[9.055744050000044,51.502323457000045],[9.038533635000022,51.50238604700007],[9.019199879000041,51.517790871000045],[8.912425554000038,51.491204710000034],[8.891270100000042,51.48163544500005],[8.894185876000051,51.47181399100003],[8.909903124000039,51.46234495300007],[8.915421937000076,51.45093029800006],[8.921783532000063,51.446054125000046],[8.919842735000032,51.430807885000036],[8.935865783000054,51.430957790000036],[8.94752634100007,51.42734883400004],[8.946405275000075,51.41884086400006],[8.950388260000068,51.41336933900004],[8.941804798000021,51.410556822000046],[8.94219471200006,51.396986052000045],[8.937192263000043,51.389324533000035],[8.890211833000023,51.39253630600007],[8.854046037000046,51.37756985000004],[8.839293068000075,51.38319379200004],[8.835672074000058,51.387724422000076],[8.828163550000056,51.38593361000005],[8.822859580000056,51.38919315000004],[8.804166379000037,51.390516611000066],[8.771416658000021,51.38466882800003],[8.758341851000068,51.37778943300003],[8.731795041000055,51.37250341600003],[8.700534990000051,51.377380036000034],[8.678754006000077,51.37208325800003],[8.682043003000047,51.361081539000054],[8.655865763000065,51.34869375100004],[8.654318286000034,51.340420890000075],[8.637831277000032,51.34299272900006],[8.622665873000074,51.33682919700004],[8.618024136000031,51.32829927300003],[8.604950089000056,51.322904280000046],[8.599253367000074,51.311426821000055],[8.557494139000028,51.277740591000054],[8.577868994000028,51.26702541600008],[8.58734892800004,51.25212619600006],[8.597290199000042,51.24717941400007],[8.613383449000025,51.24812763500006],[8.625148977000038,51.25369554100007],[8.630972059000044,51.26102063800005],[8.67785107800006,51.268099730000074],[8.692380989000071,51.27558764400004],[8.72025922000006,51.273719594000056],[8.723817309000026,51.266745022000066],[8.735392636000029,51.26133997300008],[8.728543222000042,51.24924911100004],[8.741106319000039,51.22002017900007],[8.768194662000042,51.20887342000003],[8.764353294000045,51.204211161000046],[8.75055896400005,51.19842766200003],[8.750081933000047,51.18416375400005],[8.755361336000021,51.17755405100007],[8.747350305000055,51.16857204000007],[8.713034238000034,51.15082571200003],[8.692161874000021,51.13283394300004],[8.702980392000029,51.11692306400005],[8.720330305000061,51.114332629000046],[8.717152701000032,51.10978993700007],[8.69116247900007,51.10878073100008],[8.659470451000061,51.09569349700007],[8.649368904000028,51.09511318400007],[8.599253367000074,51.10215487700003],[8.551020055000038,51.10276401600004],[8.54296007000005,51.096700217000034],[8.528376543000036,51.096358887000065],[8.502740909000067,51.07960423800006],[8.505546336000066,51.073144841000044],[8.519497882000053,51.07002113100003],[8.52603821100007,51.06502790300004],[8.526416207000068,51.06099570900005],[8.519648220000022,51.050902861000054],[8.513380594000068,51.049018785000044],[8.506332224000062,51.04098525000006],[8.511120381000069,51.03820421800003],[8.51978157600007,51.04254296100004],[8.525433526000029,51.03136142300008],[8.53459895800006,51.02421144700003],[8.529075005000038,51.01287737600006],[8.515586235000058,51.00905932300003],[8.514985558000035,51.00532040600007],[8.500581569000076,50.99724071700007],[8.494756528000039,50.98814916900005],[8.475487559000044,50.97688254000008],[8.474016820000031,50.97380817900006],[8.477892011000051,50.96904734700007],[8.460007860000076,50.96521123000008],[8.46092354600006,50.949161667000055],[8.450318296000034,50.940969359000064],[8.45701901600006,50.918143505000046],[8.433668789000023,50.917568120000055],[8.389045176000025,50.89171870300004],[8.385478696000064,50.87652703400005],[8.37144231000002,50.87340478300007],[8.366398579000077,50.86295048300008],[8.337235125000063,50.86548855800004],[8.306544719000044,50.86166782200007],[8.294601380000074,50.87341964600006],[8.291298186000063,50.88143555800008],[8.268038369000067,50.88053198700004],[8.234318468000026,50.855792499000074],[8.231313857000032,50.85064004100008],[8.208766126000057,50.83667595500003],[8.198384761000057,50.833869641000035],[8.175298895000026,50.81759014000005],[8.165528816000062,50.80360674000008],[8.129247744000054,50.78910510400004],[8.131467413000053,50.77872698300007],[8.13936995000006,50.771666923000055],[8.138279940000075,50.76661219700003],[8.149384084000076,50.76049582200005],[8.153900242000077,50.75066399500008],[8.16308459000004,50.744972122000036],[8.166338120000034,50.735605081000074],[8.14260627300007,50.69544859300004],[8.130405992000021,50.695894587000055],[8.125776635000022,50.68581392400006],[8.098018868000054,50.703430043000026],[8.077412128000049,50.705363480000074],[8.05965623700007,50.69504364200003],[8.039690114000052,50.69737554200003],[8.042706916000043,50.711687760000075],[8.040546282000037,50.72395537500006],[7.999673198000039,50.75506971600004],[7.984027995000076,50.76098997100007],[7.970118377000063,50.77289355500005],[7.965302731000065,50.78301489800003],[7.968226731000073,50.78657012600007],[7.967508772000031,50.79721925800004],[7.973369901000069,50.80462277600003],[7.97196002000004,50.814699424000025],[7.97713314300006,50.832738240000026],[7.969154241000069,50.83592445700003],[7.96539976300005,50.84475120700006],[7.958049973000072,50.84816244600006],[7.915611172000069,50.845220975000075],[7.903037142000073,50.85056672500008],[7.882365588000027,50.87424553500006],[7.829263444000048,50.88238655200007],[7.82736606900005,50.89085663600008],[7.834081104000063,50.90000169800004],[7.83426614800004,50.90716444900005],[7.851496027000053,50.925832359000026],[7.846721359000071,50.92992365300006],[7.838999516000058,50.927225934000035],[7.827021184000046,50.929669094000076],[7.812818622000066,50.93934645400003],[7.793874581000068,50.942041965000044],[7.785898044000021,50.939913887000046],[7.774107551000043,50.92817485900008],[7.758964349000053,50.92113151600006],[7.740377975000058,50.91913930700008],[7.735794696000028,50.915720504000035],[7.74564668000005,50.91235060500003],[7.746330325000031,50.905679107000026],[7.759512972000039,50.900941344000046],[7.75344235600005,50.89020479200008],[7.757738698000026,50.87967876000005],[7.749423163000074,50.86774578200004],[7.763058439000076,50.85832576900003],[7.75468311700007,50.85108558100006],[7.762187617000052,50.84513456700006],[7.729166725000027,50.84966247800003],[7.699426954000046,50.82501146900006],[7.672690213000067,50.819036588000074],[7.661003516000051,50.820364357000074],[7.666356937000046,50.81426348700006],[7.678112771000031,50.81069962600003],[7.675307547000045,50.80397206300006],[7.682222735000039,50.79536854100007],[7.676266835000035,50.78050089800007],[7.667887894000046,50.785931566000045],[7.659723574000054,50.78438932200004],[7.659536560000049,50.77065556200006],[7.600041408000038,50.76491894500003],[7.592428399000028,50.75660276800005],[7.59296151500007,50.74218879300008],[7.589334837000024,50.74029361700008],[7.582024516000047,50.73833609600007],[7.551431165000054,50.745702229000074],[7.523073818000057,50.734629813000026],[7.519690727000068,50.73623524300007],[7.516172332000053,50.72911088400008],[7.502633943000035,50.729772678000074],[7.479816576000076,50.71825402800005],[7.458038477000059,50.71805440000003],[7.439151650000042,50.711089048000076],[7.423159234000025,50.71027604400007],[7.406664893000027,50.717824988000075],[7.396210816000064,50.71463021400007],[7.374386607000076,50.71729448000008],[7.357136567000055,50.697903850000046],[7.367084642000066,50.696686054000054],[7.366091637000068,50.68761096900005],[7.370869257000038,50.68235471000003],[7.369315917000051,50.672549452000055],[7.362946056000055,50.67119788800005],[7.356072986000072,50.66419760600007],[7.357419431000039,50.64920079900003],[7.333684728000037,50.639116701000034],[7.321942541000055,50.64098450400007],[7.294586952000031,50.63128194400008],[7.258811911000066,50.625093305000064],[7.218340104000049,50.62773464000003],[7.212399277000031,50.62340506600003],[7.210871989000054,50.64954349900006],[7.200474223000072,50.64861391000005],[7.195200552000074,50.64272306700008],[7.188565765000021,50.62356209400008],[7.176551267000036,50.62033027800004],[7.171404658000029,50.61273923300007],[7.15368014400002,50.61366297200004],[7.147851617000072,50.60029356900003],[7.137845108000022,50.601481816000046],[7.116340232000027,50.61177544000003],[7.103456036000068,50.59170934200006],[7.089376837000032,50.58613054500006],[7.069900566000058,50.59281928100006],[7.06582131600004,50.599796799000046],[7.05673564500006,50.60527614000006],[7.046810356000037,50.60185956200007],[6.998096451000038,50.565050015000054],[6.983577223000054,50.56573399100006],[6.972098587000062,50.55590738600006],[6.958587075000025,50.55676664200007],[6.948852903000045,50.56348641900007],[6.927901120000058,50.55861837800006],[6.922828810000055,50.55263407700005],[6.930614498000068,50.535504349000064],[6.908552139000051,50.526001558000075],[6.891772973000059,50.52949967600006],[6.883237176000023,50.526904081000055],[6.885578534000047,50.519852600000036],[6.895272915000021,50.516750984000055],[6.889949731000058,50.50725010300005],[6.907068967000043,50.50264242900005],[6.900054477000026,50.49355200100007],[6.904587407000065,50.48498213500005],[6.900286615000027,50.47847429600006],[6.901481729000068,50.469092052000065],[6.879497618000073,50.46543641100004],[6.866738167000051,50.456253556000036],[6.855045272000041,50.45418093500007],[6.838432889000046,50.46470112000003],[6.812821850000034,50.47224338900003],[6.805738155000029,50.48779318700008],[6.801609678000034,50.49062314000008],[6.774998624000034,50.48310795400005],[6.768281510000065,50.48428352500008],[6.75912826800004,50.474589974000025],[6.744603546000064,50.472630363000064],[6.74324407000006,50.46774799000008],[6.748842754000066,50.466599476000056],[6.756985586000042,50.47041988500007],[6.757823224000049,50.46374373800006],[6.766216324000027,50.457919091000065],[6.763174400000025,50.45027470800005],[6.744583632000058,50.438863095000045],[6.747728532000053,50.43536966400006],[6.760754732000066,50.432152243000075],[6.771200738000061,50.436052921000055],[6.771832274000076,50.425629479000065],[6.783965977000037,50.42052175600003],[6.779687965000051,50.41383560700007],[6.779307652000057,50.40497294600004],[6.771577047000051,50.39879274900005],[6.770259735000025,50.39259819500006],[6.786158509000074,50.37525839700004],[6.802745385000037,50.36930462500004],[6.800711664000062,50.36178152200006],[6.778585243000066,50.36354491700007],[6.77615327500007,50.35909859100008],[6.770263019000026,50.360531501000025],[6.755354178000061,50.354908497000054],[6.733524630000034,50.35251184300006],[6.70675336100004,50.342716402000065],[6.699244381000028,50.33609764900007],[6.695413271000064,50.34693611800003],[6.685639992000063,50.35928193700005],[6.667538609000076,50.371354729000075],[6.656943985000055,50.367510508000066],[6.656812504000072,50.356392706000065],[6.653208871000061,50.350546103000056],[6.637904626000022,50.34526691000008],[6.622245176000035,50.35365909300003],[6.624941165000052,50.37387466300004],[6.60370025800006,50.37606876700005],[6.602322401000038,50.37817889000007],[6.605860186000029,50.382085490000065],[6.602651904000027,50.387319415000036],[6.588828127000056,50.38393548300007],[6.58184994800007,50.37754349800008],[6.570237287000054,50.37627952300005],[6.56136783200003,50.37038790100007],[6.546283789000029,50.366890341000044],[6.541728376000037,50.370502342000066],[6.533054134000054,50.36938108000004],[6.517309184000055,50.36194587700004],[6.514502953000033,50.35742466700003],[6.50592183200007,50.35864401100008],[6.504789311000025,50.35235349900006],[6.491128599000035,50.346343594000075],[6.484743777000062,50.33856114900004],[6.466421379000053,50.34206412100008],[6.454626101000031,50.33717620200008],[6.449590674000035,50.33835299300006],[6.457829822000065,50.34411549200007],[6.459370078000063,50.36095195200005],[6.450308693000068,50.363795364000055],[6.446555323000041,50.37123425900006],[6.438510159000032,50.37078252100008],[6.430773732000034,50.36387624200006],[6.420877853000036,50.36890291800006],[6.415747454000041,50.37506873700005],[6.421116306000044,50.381687131000035],[6.413043133000031,50.38948597000007],[6.386313723000058,50.383868911000036],[6.390759566000042,50.379806502000065],[6.389591547000066,50.37242679900004],[6.396741726000073,50.365980956000044],[6.395394400000043,50.362571581000054],[6.402246448000028,50.36215679500003],[6.398352488000057,50.35730285400007],[6.404342884000073,50.35089553800003],[6.404581269000062,50.34463380600005],[6.412948854000035,50.33464795900005],[6.42406178400006,50.333826894000026],[6.425294902000076,50.32301198700003],[6.405028615000049,50.32330853700006],[6.407086889000027,50.33507464100006],[6.397283471000037,50.34594942900003],[6.369813724000039,50.35923625400005],[6.360758360000034,50.37086728400004],[6.343347717000029,50.38028198900008],[6.355923682000025,50.390974895000056],[6.368986797000048,50.40824469700004],[6.367413288000023,50.41927689200003],[6.377210797000032,50.43775511300004],[6.371515832000057,50.45487717900005],[6.350982535000071,50.457027036000056],[6.341799409000032,50.46182880300006],[6.342995840000071,50.46915264200004],[6.338264422000066,50.474691998000026],[6.347446769000044,50.488338620000036],[6.336053953000032,50.48928316100006],[6.308205853000061,50.500478230000056],[6.297331238000027,50.49792939000008],[6.271811462000073,50.50329771300005],[6.261060401000066,50.500168992000056],[6.248204646000033,50.50178205200007],[6.22592048000007,50.49627656800004],[6.207709676000036,50.51861400900003],[6.192200636000052,50.521055484000044],[6.188392662000069,50.52741850700005],[6.19751115400004,50.53532578100004],[6.178940918000023,50.54217384100008],[6.175597799000059,50.557284450000054],[6.189312373000064,50.56609405700004],[6.201646140000037,50.569011182000054],[6.226030132000062,50.59000477300003],[6.241068141000028,50.58827215500003],[6.248511032000067,50.597229465000055],[6.249047965000045,50.60420730300007],[6.268388539000057,50.61892981200003],[6.268511766000074,50.62542629100005],[6.261820539000041,50.62820085800007],[6.235452663000046,50.625923974000045],[6.217282573000034,50.63188039100004],[6.19489147400003,50.633204241000044],[6.183512911000037,50.624753174000034],[6.176888167000072,50.626055852000036],[6.182057058000055,50.63239947500006],[6.169253601000037,50.64335192600004],[6.180869066000071,50.64561078400004],[6.194727846000035,50.65578515200008],[6.196042874000057,50.65949769200006],[6.193239971000025,50.66407763500007],[6.194652939000036,50.65731669200005],[6.183924450000063,50.649649734000036],[6.171834617000059,50.65753800600004],[6.161074812000038,50.67142869500003],[6.145310026000061,50.68081244900003],[6.142487639000024,50.68921278100004],[6.124498624000069,50.706295898000064],[6.123536857000033,50.712134881000054],[6.115459986000076,50.72173993900003],[6.073943427000074,50.721082661000025],[6.045508330000075,50.72767085300006],[6.041566229000068,50.71998137400004],[6.03760972200007,50.72015266600005],[6.034046935000049,50.729977104000056],[6.039496290000045,50.73808770000005],[6.039646357000038,50.74501864000007],[6.020999006000068,50.75429537200006],[6.019081321000044,50.763280879000035],[6.02631215100007,50.77404212000005],[5.977177192000056,50.796819490000075],[5.976727622000055,50.803536362000045],[5.983192876000032,50.80962965200007],[6.00461004400006,50.80204735400008],[6.021966004000035,50.81284634900004],[6.023345310000025,50.82623601800003],[6.017311837000022,50.832768936000036],[6.017984884000043,50.84379649300007],[6.054342978000022,50.85652389200004],[6.057782282000062,50.85099288100008],[6.07351871000003,50.84772957700005],[6.077489166000021,50.860056444000065],[6.087050251000051,50.87082019400003],[6.085237391000021,50.87957131600007],[6.075939078000033,50.89128206600003],[6.079741772000034,50.905457796000064],[6.092036105000034,50.91958695000005],[6.056532288000028,50.92204497700004],[6.051870761000032,50.92919636200003],[6.018111366000028,50.93451611900008],[6.015529703000027,50.952585932000034],[6.006087218000062,50.957567924000045],[6.01611691100004,50.963668401000064],[6.025744345000021,50.98263948600004],[5.980351547000055,50.98261779200004],[5.968306157000029,50.97998650900007],[5.953499716000067,50.987806523000074],[5.897197753000057,50.97484543100006],[5.893801534000033,50.98007306400007],[5.90323440800006,50.987674792000064],[5.904824658000052,51.001192186000026],[5.896576990000028,51.00475331400003],[5.894160428000021,51.011314723000055],[5.88042499200003,51.01676110200003],[5.875526482000055,51.027839664000055],[5.877294722000045,51.03704397100006],[5.867875252000033,51.04620601700003],[5.867367021000064,51.05079804400003],[5.890080101000024,51.052737480000076],[5.911908768000046,51.06567148000005],[5.918461993000051,51.064078976000076],[5.926204595000058,51.048780229000045],[5.938578776000043,51.03586874500007],[5.956487293000066,51.035764527000026],[5.96861371500006,51.04797348100004],[5.970865250000031,51.06053150400004],[5.981194370000026,51.07242452100007],[6.009481807000043,51.09045127600007],[6.036585038000055,51.096578874000045],[6.061908103000064,51.11649822600003],[6.080446382000048,51.12220539400005],[6.092487356000049,51.134458565000045],[6.118427810000071,51.140143591000026],[6.126982644000066,51.144930457000044],[6.163419228000066,51.150592655000025],[6.171685061000062,51.15844548000007],[6.147524132000058,51.17406595500006],[6.174812124000027,51.18451343100003],[6.176953562000051,51.18817332100008],[6.163723428000026,51.19333144900003],[6.122957564000046,51.18136248800005],[6.09911655600007,51.170472061000055],[6.082826539000052,51.17201120500005],[6.073566093000068,51.18269234600007],[6.068275202000052,51.218866426000034],[6.084546481000075,51.223024913000074],[6.072657111000069,51.24258758000008],[6.08500127700006,51.24739387800008],[6.124481031000073,51.27458488000008],[6.130650157000048,51.28701111200007],[6.154079859000035,51.307372943000075],[6.170006043000058,51.33214192100007],[6.191831123000043,51.33525241000007],[6.192091818000051,51.34058682700004],[6.224393944000042,51.359671322000054],[6.215382401000056,51.38782368400007],[6.225230721000059,51.39972946600005],[6.205875351000032,51.40122665800004],[6.214474322000058,51.43331803600006],[6.214330779000022,51.44494953200007],[6.220261921000031,51.44885906400003],[6.223264776000065,51.472900595000056],[6.213531802000034,51.49138199500004],[6.211315053000021,51.51453132600005],[6.200742064000053,51.52658345100008],[6.177071363000039,51.539134930000046],[6.157022561000076,51.56667852800007],[6.132365589000074,51.579974005000054],[6.12076111600004,51.59254406400004],[6.092770546000054,51.60543480100006],[6.094486786000061,51.62098457500008],[6.099721455000065,51.62456462200004],[6.116794472000038,51.65613189600003],[6.068946469000025,51.66475227600006],[6.031969711000045,51.67617942000004],[6.02754963600006,51.70776243500006],[6.040897192000045,51.71636477900006],[6.032291650000047,51.72385991200008],[5.993747454000072,51.73809741900004],[5.956317976000037,51.73856461200006],[5.953123653000034,51.742089030000045],[5.953191999000069,51.74784610100005],[5.989540746000046,51.768558504000055],[5.98413157400006,51.77496086800005],[5.984677950000048,51.78331308300005],[5.974621378000052,51.78784519100003],[5.974285562000034,51.79901762800006],[5.948600862000035,51.812989421000054],[5.954068041000028,51.81792797700007],[5.948346925000067,51.82569461000003],[5.962833199000045,51.83549983200004],[5.994629505000034,51.83132917200004],[6.010216409000066,51.83545144000004],[6.053763734000029,51.85209152300007],[6.053117701000076,51.85638668900003],[6.059500698000022,51.858438883000076],[6.063382506000039,51.86544398700005],[6.097057781000046,51.85005802400008],[6.141715641000076,51.846285753000075],[6.166407543000048,51.84083450400004],[6.163423486000056,51.861597532000076],[6.147367760000066,51.86875230100003],[6.134999347000075,51.88589773600006],[6.109456459000057,51.89394763400003],[6.118116844000042,51.90037962900004],[6.127913473000035,51.899198582000054],[6.154829763000066,51.90448463200005],[6.189941281000074,51.89140748600005],[6.183017741000072,51.88493593900006],[6.19489420900004,51.87516377400004],[6.215733814000032,51.86805743600007],[6.261375749000024,51.86847446500008],[6.27377987400007,51.87435045500007],[6.298936016000027,51.86789546800003],[6.306844803000047,51.849923982000064],[6.347578142000032,51.85030136900008],[6.359158047000051,51.845980560000044],[6.365918613000076,51.83433373400004],[6.389542970000036,51.833271850000074],[6.40078944000004,51.82787392800003],[6.407779532000063,51.828092122000044],[6.403145548000055,51.84383438300006],[6.408074193000061,51.852974387000074],[6.387910039000076,51.86301638200007],[6.392139620000023,51.87287004500007],[6.413626823000072,51.86999320600006],[6.427340509000032,51.86504773300004],[6.432267747000026,51.860072211000045],[6.450346510000031,51.86490725700003],[6.464305183000022,51.855177404000074],[6.472575414000062,51.853808349000076],[6.497162260000039,51.86125319000007],[6.502436705000036,51.867800325000076],[6.527952307000021,51.87516377400004],[6.54415104800006,51.88416773700004],[6.551527640000074,51.88588991700004],[6.558961422000039,51.88245638300003],[6.585034626000038,51.89363607300004],[6.632997180000075,51.90122349900008],[6.682381510000027,51.91715547300004],[6.694914998000058,51.914846580000074],[6.72105993200006,51.896488875000045],[6.751663024000038,51.90797136900005],[6.754098505000059,51.91245845100008],[6.770443705000048,51.91679854500006],[6.786923963000049,51.92836401000005],[6.795787109000059,51.93931250400004],[6.79954454500006,51.95854833900006],[6.82933663600005,51.965647914000044],[6.832194389000051,51.97302268400006],[6.826574180000023,51.99353208600007],[6.811333263000051,51.995055215000036],[6.809036487000071,51.99927251500003],[6.750839822000046,52.02914976200003],[6.715230485000063,52.03959251100008],[6.687725790000059,52.03989904100007],[6.68768383400004,52.055499360000056],[6.696424013000069,52.07008413900007],[6.734978022000064,52.074868097000035],[6.749092005000023,52.083409853000035],[6.750277612000048,52.08651882100003],[6.745395536000046,52.09271847600007],[6.756910042000072,52.09867745400004],[6.760464770000056,52.118569369000056],[6.855460554000047,52.12081834000003],[6.87263959400002,52.13116221800004],[6.881470972000045,52.156345327000054],[6.904004272000066,52.16920533900003],[6.909767904000034,52.17640163900006],[6.948932051000043,52.18044386400004],[6.974532432000046,52.20606236200007],[6.981130465000035,52.22065587000003],[6.990334303000054,52.22670735600008],[7.005097027000033,52.228227770000046],[7.020077397000023,52.22530406200008],[7.039626336000026,52.22790979000007],[7.060011608000025,52.234687163000046],[7.065685203000044,52.24137303600003],[7.099149199000067,52.24305840800008],[7.106915362000052,52.245783921000054],[7.111502441000027,52.25389737300003],[7.125131096000075,52.26176987400004],[7.153471271000058,52.26640441100005],[7.296954220000032,52.26440166000003],[7.317481009000062,52.28027195300007],[7.345595002000039,52.28269006800008],[7.361554615000045,52.28831257400003],[7.371605536000061,52.30056526800007],[7.384986362000063,52.30827133000008],[7.396613301000059,52.30672920000006],[7.403262873000074,52.31244947600004],[7.425480157000038,52.31382926400005],[7.437776691000067,52.33335636900006],[7.504268468000021,52.36038330400004],[7.534774983000034,52.370257492000064],[7.543057201000067,52.36797742300007],[7.560892982000041,52.370451951000064],[7.569698746000029,52.377098972000056],[7.576291925000021,52.37778960700007],[7.573553008000033,52.382842819000075],[7.584090907000075,52.40327063800004],[7.600926902000026,52.41652061100007],[7.598622350000028,52.42185318700007],[7.564310882000029,52.43231202000004],[7.571344530000033,52.43358127400006],[7.579215398000031,52.44942459300006],[7.603152883000064,52.47398857400003],[7.669069217000072,52.456334997000056],[7.684847045000026,52.45578591000003],[7.70144344800002,52.43578457500007],[7.713824818000035,52.40100236900008],[7.81351059800005,52.37098994300004],[7.842995,52.369282646000045],[7.891770391000023,52.38051314300003],[7.921681868000064,52.36561764100003],[7.936670071000037,52.36497750700005],[7.942883820000077,52.35551848000006],[7.941730535000033,52.34898815500003],[7.952225831000021,52.347275962000026],[7.948970319000068,52.33567728500003],[7.978833536000025,52.31254708800003],[7.989159461000042,52.30938912200003],[7.988049208000064,52.30528433000006],[7.948452306000036,52.30546786700006],[7.933148394000057,52.30165632600006],[7.932081333000042,52.28668821300005],[7.956464886000049,52.27249056000005],[7.945422707000034,52.26563021700008],[7.926325933000044,52.262483288000055],[7.923293091000062,52.252254580000056],[7.928031444000055,52.24228469800005],[7.927112529000055,52.22813859900003],[7.906220013000052,52.21370096700008],[7.905563862000065,52.20891743000004],[7.901260062000063,52.20753627600004],[7.905498813000065,52.20140796700008],[7.902993313000025,52.198869572000035],[7.910242208000057,52.18867084200008],[7.936349353000026,52.17658735100008],[7.957819578000056,52.17661515600008],[7.974814002000073,52.17153848700008],[8.004608125000061,52.17584792000008],[8.016978068000071,52.172050424000076],[8.016307973000039,52.16813771400007],[8.023536872000022,52.16139797800008],[8.003170986000043,52.15949446700006],[7.998896215000059,52.15126099500003],[8.002593380000064,52.14884376700007],[8.007795858000065,52.115332952000074],[7.970749372000057,52.11552730300008],[7.955118202000051,52.10418223900007],[7.904775264000023,52.09272791700005],[7.885160598000027,52.08339542200008],[7.891248943000051,52.08148162600003],[7.919305009000027,52.05817884000004],[7.916921703000071,52.051636991000066],[7.981144427000061,52.03557943100003],[7.994989045000068,52.05005965000004],[8.01672265700006,52.05773182200005],[8.02990388400002,52.06702578900007],[8.042988601000047,52.06320399300006],[8.057936664000067,52.06734338200005],[8.090516544000025,52.06360024300005],[8.096448004000024,52.05714505200007],[8.13267240600004,52.07214896000005],[8.157500216000074,52.07589921200008],[8.193748435000032,52.07356989900006],[8.201445830000068,52.08817159200004],[8.223507109000025,52.10726925900008],[8.245854337000026,52.12069259500004],[8.262435893000031,52.12120254100006],[8.266732163000029,52.13228097400008],[8.285179472000038,52.13347026400004],[8.286570531000052,52.12577287200003],[8.309488913000052,52.11885540700007],[8.325160724000057,52.12549041700004],[8.368873690000044,52.11476495200003],[8.372832200000062,52.110180384000046],[8.390067994000049,52.10874143600006],[8.410586442000067,52.115114892000065],[8.40435295900005,52.12646133700008],[8.412181779000036,52.13679203400005],[8.45229966200003,52.15469434200003],[8.462334114000043,52.15391314300007],[8.479627826000069,52.15933516100006],[8.517049127000064,52.185123962000034],[8.457562902000063,52.197679633000064],[8.443286272000023,52.21358070700006],[8.460367878000056,52.22984713800008],[8.459814332000064,52.241252289000045],[8.467210575000024,52.24788829000005],[8.459919744000047,52.25909971400006],[8.466186630000038,52.26761396400008],[8.459007089000067,52.28445763500008],[8.458950720000075,52.30266072900008],[8.465007741000022,52.30486244300005],[8.470868747000054,52.31501793600006],[8.461623559000031,52.318749198000035],[8.439410638000027,52.36271241500003],[8.391304052000066,52.38368942400007],[8.315502011000035,52.40511817500004],[8.314917270000024,52.40747645300007],[8.321868522000045,52.410020400000064],[8.31661185300004,52.413720960000035],[8.321230667000066,52.425593528000036],[8.310782664000044,52.436050066000064],[8.304755699000054,52.435373868000056],[8.30608731600006,52.445542473000046],[8.297213501000044,52.45649792100005],[8.311529285000063,52.45816229300004],[8.325406833000045,52.45220861400003],[8.342482460000042,52.45290067500008],[8.359542144000045,52.444796997000026],[8.385907101000043,52.445016388000056],[8.386366086000066,52.447777391000045],[8.402104955000027,52.450477514000056],[8.414833643000065,52.44599640400003],[8.423234700000023,52.45094819600007],[8.43239443400006,52.449620037000045],[8.453514134000045,52.46121759700003],[8.458907657000054,52.47463756700006],[8.460289703000058,52.49211733100003],[8.47209156200006,52.49827991700005],[8.482221828000036,52.49793960300008],[8.508848318000048,52.51469349600006],[8.51657715600004,52.50931558600007],[8.55737173600005,52.50015457200004],[8.651761287000056,52.530836642000054]],[[6.260112526000057,50.64318041100006],[6.255170372000066,50.64135723800007],[6.261801364000064,50.643377514000065],[6.260112526000057,50.64318041100006]]]},"properties":{"kind":"state_boundary","name":"Nordrhein-Westfalen","nuts_id":"DEA","source":"Eurostat GISCO NUTS 2024","source_url":"https://gisco-services.ec.europa.eu/distribution/v2/nuts/nuts-2024-files.html"}},{"type":"Feature","geometry":{"type":"MultiPolygon","coordinates":[[[[9.497836180000036,51.65154164000006],[9.491623400000037,51.63812014100006],[9.496497437000073,51.63098602900004],[9.522706995000021,51.62651294800003],[9.545091327000023,51.63961147500004],[9.553972353000063,51.63659634800007],[9.566963215000044,51.62534791300004],[9.614290923000055,51.63151863000007],[9.62445221300004,51.63622944700006],[9.629684657000041,51.634976651000045],[9.627785569000025,51.62949207500003],[9.636092977000033,51.62250684000003],[9.638749305000033,51.60874098000005],[9.64986639600005,51.60565318600004],[9.661108959000046,51.59359292700003],[9.679909664000036,51.58723362900008],[9.690948012000035,51.57631492400003],[9.684003295000025,51.56653261500003],[9.67237732500007,51.568403998000065],[9.643148145000055,51.582104694000066],[9.628098167000076,51.58215112100004],[9.625616298000068,51.574295609000046],[9.62926490600006,51.566344548000075],[9.635951617000046,51.55975086900003],[9.64469052100003,51.55856741200006],[9.64775541900002,51.55251093600003],[9.623919287000035,51.54913083400004],[9.612481365000065,51.557143702000076],[9.61107802400005,51.55358108000007],[9.621798254000055,51.54004912800008],[9.617133800000033,51.52833637400005],[9.607289994000041,51.52198177100007],[9.58994982400003,51.52222535700008],[9.586778930000037,51.51712704500005],[9.620250498000075,51.48074576600004],[9.641643109000029,51.471407740000075],[9.642478709000045,51.46649650000006],[9.630610846000025,51.45777679200006],[9.627992706000043,51.44500928800005],[9.633725320000053,51.42768685400006],[9.64253926400005,51.41683557400006],[9.627151942000069,51.406503083000075],[9.611502532000031,51.40738444500005],[9.594583516000057,51.398769756000036],[9.586776333000046,51.40214642300003],[9.579427157000055,51.40095380400004],[9.571722131000058,51.39033586900007],[9.56377541200004,51.38606570200005],[9.560529879000057,51.37792572300003],[9.562328655000044,51.37496052700004],[9.574190328000043,51.37206144800007],[9.575360701000022,51.36830428800005],[9.566093267000042,51.36134861900007],[9.550133826000035,51.36188401600003],[9.548441223000054,51.35895564900005],[9.568024775000026,51.34000156500008],[9.581510648000062,51.34128833900007],[9.60528702800002,51.32581649200006],[9.630679758000042,51.32627267100003],[9.629204596000022,51.31277768700005],[9.647387388000027,51.31613187600004],[9.660874955000054,51.312102250000066],[9.670928035000031,51.31708569300008],[9.680331344000024,51.31073615400004],[9.732304663000036,51.29523186500006],[9.767167891000042,51.306949547000045],[9.773009605000027,51.32510003700003],[9.767366391000053,51.326997325000036],[9.769641398000033,51.335912310000026],[9.765736526000069,51.33567801300006],[9.762965264000059,51.33039688400004],[9.748332276000042,51.32120765700006],[9.740503902000057,51.320008632000054],[9.720815337000033,51.34728983800005],[9.705532667000057,51.357270896000045],[9.70238265200004,51.361972509000054],[9.704205573000024,51.36528083700006],[9.724975240000049,51.37028206900004],[9.739870340000039,51.369785558000046],[9.766316921000055,51.38583470700007],[9.783581785000024,51.389077592000035],[9.800329476000059,51.38708007200006],[9.80056293900003,51.39723609600003],[9.793356323000069,51.40327850800003],[9.795148182000048,51.40715266600006],[9.803510361000065,51.41040058400006],[9.822053707000066,51.40951217600008],[9.840124198000069,51.40169958900003],[9.841041270000062,51.38327066100004],[9.85119770700004,51.373566468000035],[9.863334059000067,51.371803406000026],[9.868359683000051,51.374229436000064],[9.860787329000061,51.37870135900005],[9.856869937000056,51.385510612000076],[9.859117454000057,51.392977949000056],[9.851473808000037,51.40124982100008],[9.85228904500002,51.41419087500003],[9.869494520000046,51.41294291000003],[9.879481027000054,51.40516883400005],[9.884531375000051,51.41470157600003],[9.905649241000049,51.42009359100007],[9.91212057100006,51.41106344100007],[9.90739972700004,51.40815433700004],[9.930676553000069,51.391288701000065],[9.928338963000044,51.37529909300008],[9.923860888000036,51.36817848100003],[9.92546917900006,51.35379359600006],[9.931736908000062,51.34642364700005],[9.931232751000039,51.33989455900007],[9.94168656100004,51.33518309500005],[9.947566914000049,51.32639513500004],[9.947770943000023,51.31681196200003],[9.94091085100007,51.30695534700004],[9.947931853000057,51.30339386000003],[9.959743267000022,51.304911950000076],[9.969098907000046,51.30009201200005],[9.975445966000052,51.291264900000044],[9.974881975000073,51.285063122000054],[10.003888794000034,51.28644834100004],[10.030386889000056,51.278395792000026],[10.04139137900006,51.280008243000054],[10.059916001000033,51.275865571000054],[10.058837710000034,51.270175143000074],[10.047217723000074,51.26371410400003],[10.049522935000027,51.25741433300004],[10.046969011000044,51.253425349000054],[10.062612952000052,51.25194390900003],[10.070309353000027,51.24393200600008],[10.07899511900007,51.24278111700005],[10.073243498000068,51.24003486600003],[10.06860117900004,51.23194141300007],[10.069983944000057,51.22618756300005],[10.089972808000027,51.22569738700008],[10.095071175000044,51.22128141400003],[10.108345103000033,51.220532578000075],[10.114072799000041,51.21579633200008],[10.140308610000034,51.219236411000054],[10.149790277000022,51.20618936400007],[10.171553803000052,51.211290176000034],[10.18833083800007,51.203644893000046],[10.198358914000039,51.19217964400008],[10.219034908000026,51.18611186500004],[10.232420606000062,51.18752709700004],[10.235714864000045,51.18416375400005],[10.227742921000072,51.17413952700008],[10.208142551000037,51.16476784400004],[10.207196897000074,51.15540890600005],[10.201259734000075,51.14989378300004],[10.21001278500006,51.144082952000076],[10.204341832000068,51.13442891600005],[10.210253631000057,51.12482453300004],[10.208213945000068,51.11835654600003],[10.198652822000042,51.11351113300003],[10.190987848000077,51.11602115000005],[10.188469850000047,51.12226091500003],[10.179770431000065,51.12790497700007],[10.184282665000069,51.13293530200008],[10.185005086000047,51.13963890200006],[10.178089299000021,51.14228040100005],[10.169486043000063,51.152294347000065],[10.145357967000052,51.14477842100007],[10.125725747000047,51.14633543300005],[10.126187757000025,51.14328652000006],[10.118321545000072,51.139572961000056],[10.13205300200002,51.13380592100003],[10.15194162000006,51.119327474000045],[10.173529341000062,51.11693185900003],[10.174596808000047,51.10701302100006],[10.160860094000043,51.10742109700004],[10.164656015000048,51.09980199100005],[10.145776149000028,51.08569292200008],[10.15281169800005,51.071750380000026],[10.141363869000031,51.05951967400006],[10.146470498000042,51.055068008000035],[10.184671685000069,51.04903253300006],[10.186265125000034,51.04519446100005],[10.199223148000044,51.03950185200006],[10.206133796000074,51.03090565900004],[10.215185488000031,51.02641951100003],[10.208638630000053,51.019804570000076],[10.19415394400005,51.01952814200007],[10.194401587000073,51.01630944900006],[10.202181062000022,51.01200912000007],[10.195087553000064,51.002654506000056],[10.172525290000067,50.99729085300004],[10.169010834000062,51.00088668700005],[10.150348574000077,50.99428307900007],[10.137926788000073,50.99510806700005],[10.128796518000058,51.000225742000055],[10.130407491000028,51.00699078800005],[10.119703937000054,51.01154342500007],[10.102521211000067,51.00505272700008],[10.05452991900006,51.01289374700008],[10.032434301000023,51.01104663400008],[10.021558490000075,50.992949562000035],[10.02082540300006,50.98002108600008],[10.039720957000043,50.96761706900003],[10.03498283700003,50.95968646800003],[10.04179292200007,50.95643714400006],[10.04636763600007,50.94732773000004],[10.06386507600007,50.94543302800008],[10.048130538000066,50.939200553000035],[10.030961555000033,50.93849969400003],[10.025705283000036,50.943062361000045],[10.012057870000035,50.93545061000003],[9.99140638800003,50.94284317100005],[9.98250329900003,50.93987889200008],[9.974241837000022,50.942751602000044],[9.954194137000059,50.942065307000064],[9.952190046000055,50.939679590000026],[9.955975634000026,50.93288862600008],[9.951787184000068,50.927010049000046],[9.95779576600006,50.923288359000026],[9.964708715000029,50.928421108000066],[9.965598389000036,50.93292041900003],[9.987112823000075,50.933568035000064],[9.984013297000047,50.92256714600006],[9.969722502000025,50.912754179000046],[9.971473487000026,50.90793918900005],[9.98147262200007,50.906216776000065],[10.00161444300005,50.92042752000003],[10.014594665000061,50.92006931200007],[10.049569243000064,50.89877342600005],[10.044390641000064,50.89238587400007],[10.057130659000052,50.89018663300004],[10.055980912000052,50.87977143000006],[10.021893115000069,50.86448646600007],[10.018916903000047,50.856922559000054],[10.021981370000049,50.84924656800007],[10.036823340000069,50.85326594900005],[10.036460848000047,50.845436721000056],[10.027900371000044,50.840961881000055],[10.02432891500007,50.83280542300008],[10.006480704000069,50.836700637000035],[9.99464615100004,50.82576138700006],[9.977644561000034,50.83258144300004],[9.952558500000066,50.820733363000045],[9.951089959000058,50.81608162400005],[9.955778358000032,50.81520376200007],[9.956152591000034,50.81028532400006],[9.94430002300004,50.79857163400004],[9.944935706000024,50.79382773100008],[9.953820439000026,50.785736136000025],[9.950976491000063,50.78088637900004],[9.954092101000072,50.77935641700003],[9.949376666000035,50.772343773000046],[9.945814979000033,50.772998320000056],[9.946927518000052,50.77853871600007],[9.938620726000067,50.77461566800008],[9.928803033000065,50.77608855600005],[9.92144960500002,50.75950216700005],[9.939001421000057,50.75535813300007],[9.941371357000037,50.74183788000005],[9.934231889000046,50.72440281300004],[9.909634364000055,50.70467798400006],[9.920523936000052,50.69448029400007],[9.906839559000048,50.684824261000074],[9.894273294000072,50.68272675900005],[9.88164329600005,50.67217152400008],[9.880467710000062,50.66567015700008],[9.884322244000032,50.65359523400008],[9.877938725000035,50.64225220700007],[9.879400641000075,50.63529777000008],[9.887669010000025,50.634364324000046],[9.905678970000054,50.63958712800007],[9.926932539000063,50.62981201700006],[9.94575577300003,50.627304940000045],[9.960722170000054,50.62948348400005],[9.961106723000057,50.63554443900006],[9.967645652000044,50.64184446000007],[9.950975420000077,50.655375881000055],[9.949108186000046,50.664142534000064],[9.960336634000043,50.66762676600007],[9.972823859000073,50.66671598100004],[10.001265974000034,50.67634283400008],[10.02009730800006,50.67333278400008],[10.047189882000055,50.67402993200005],[10.067369149000058,50.657176357000026],[10.082101605000048,50.63307591700004],[10.081064713000046,50.62189022100006],[10.072660749000022,50.61993446900004],[10.058854527000051,50.62564492900003],[10.047640369000021,50.622329913000044],[10.037898015000053,50.61205512200007],[10.040439456000058,50.60511974000008],[10.048797462000039,50.59862037100004],[10.049221826000064,50.58538200700008],[10.045443361000025,50.575555430000065],[10.050452607000068,50.56320297600007],[10.060571099000072,50.55696159800004],[10.04853352300006,50.54653292800003],[10.048269054000059,50.54060087400006],[10.03870641800006,50.52873108600005],[10.041338322000058,50.51646964500003],[10.040062393000028,50.49432994500006],[10.030294699000024,50.48010060400003],[10.022021970000026,50.475468514000056],[10.018307633000063,50.46645539100007],[9.997459997000021,50.46098545600006],[9.988393658000064,50.445721614000036],[9.966939940000032,50.43416939100007],[9.958346501000051,50.42378178000007],[9.944422717000066,50.42330747600005],[9.903263896000055,50.404791070000044],[9.883624530000077,50.39965317900004],[9.870418160000042,50.40876815800004],[9.858800017000021,50.39800117200008],[9.837643655000022,50.405396877000044],[9.823699499000043,50.40632807500003],[9.809183319000056,50.41300150200004],[9.811265669000022,50.417129369000065],[9.80675971900007,50.42214711400004],[9.791440395000052,50.42506187300006],[9.779303758000026,50.41951270900006],[9.764130385000044,50.42574802300004],[9.75178797600006,50.41210403400004],[9.758564683000031,50.40261977400007],[9.753829592000045,50.385979020000036],[9.745447806000072,50.37247905800007],[9.74456189700004,50.36404236000004],[9.732914479000044,50.35614940500005],[9.746789802000023,50.34113391000005],[9.745006299000067,50.32919154100006],[9.748038030000032,50.32536807300005],[9.744612612000026,50.31970142100005],[9.745236606000049,50.31058057800004],[9.727705317000073,50.295062933000054],[9.712800238000057,50.290890009000066],[9.703422532000047,50.280752559000064],[9.68095820800005,50.27815552000004],[9.652061593000042,50.26874984400007],[9.63801488100006,50.25175599000005],[9.639522344000056,50.24866871100005],[9.666980873000057,50.23941195000003],[9.663781123000035,50.23443821400008],[9.65648813200005,50.23242163500004],[9.636549979000051,50.23505548300005],[9.620401575000074,50.22752536200005],[9.622281125000029,50.22541021100005],[9.620056783000052,50.22348521600003],[9.582461523000063,50.22244647100007],[9.57511283100007,50.23237850500004],[9.542311991000076,50.224851139000066],[9.534299176000047,50.23375769900008],[9.516105196000069,50.23424857600003],[9.501174695000032,50.243474021000054],[9.49550423900007,50.22703783800006],[9.504008586000054,50.21692569100003],[9.502065197000036,50.21230488800006],[9.516205350000064,50.199611642000036],[9.515581050000037,50.195268971000075],[9.501877429000047,50.192146517000026],[9.49890821100007,50.17588660400003],[9.505055846000062,50.169263510000064],[9.528152461000047,50.168139360000055],[9.531202043000064,50.16084965700003],[9.52203510000004,50.15068855900006],[9.507977524000069,50.14467334300008],[9.510578448000047,50.13017014900004],[9.518627368000068,50.114342055000066],[9.519177519000039,50.10585011000006],[9.51158515800006,50.094834251000066],[9.500327467000034,50.096646831000044],[9.446421031000057,50.089967268000066],[9.434592881000071,50.085190510000075],[9.413800870000046,50.08439772000003],[9.404984498000033,50.08773445500003],[9.395036875000073,50.097126176000074],[9.375639386000046,50.129660476000026],[9.343454278000024,50.131256163000046],[9.32916768900003,50.14013182800005],[9.307683805000067,50.13388585100006],[9.273927376000074,50.142661987000054],[9.26035558700005,50.13853853400008],[9.22318847300005,50.14863840100003],[9.18468325200007,50.13766475700004],[9.190673711000045,50.12756832500003],[9.174629366000033,50.11864265100007],[9.173464760000059,50.113508093000064],[9.160154394000074,50.10145074800005],[9.162545704000024,50.098186643000076],[9.149987184000054,50.09163912900004],[9.14479460800004,50.09848073100005],[9.155533184000035,50.11041126900005],[9.152839776000064,50.11701054700006],[9.144000540000036,50.11483870500007],[9.117461823000042,50.12647615100008],[9.099135846000024,50.125965396000026],[9.087080735000029,50.11670546400006],[9.077632202000075,50.11628839100007],[9.07132643600005,50.119438040000034],[9.016218992000063,50.110194284000045],[8.99799700400007,50.09133288800007],[8.998642072000052,50.06980568300003],[8.990559953000059,50.06711914200008],[8.976460321000047,50.04904825400007],[8.983156251000025,50.042508042000065],[9.009515588000056,50.04582955500007],[9.023042549000024,50.04364204400008],[9.031543829000043,50.03798367600007],[9.032112935000043,50.01866070400007],[9.039817748000075,50.01037337400004],[9.036034908000033,50.002522069000065],[9.046689976000039,49.995406640000056],[9.046991363000075,49.99107218800003],[9.032603857000026,49.99036514800008],[9.022753200000068,49.99632247200003],[9.016088342000046,49.991340570000034],[9.02017066600007,49.98481374100004],[9.019351148000055,49.97616858300006],[9.02637181700004,49.95509138300008],[9.020178779000048,49.94753358300005],[9.025183481000056,49.944297522000056],[9.031390215000044,49.92457579200004],[9.024398922000046,49.91082834400004],[9.030669767000063,49.90900127000003],[9.035795785000062,49.89752035500004],[9.038306327000043,49.87718651600005],[9.05008024700004,49.86631513100008],[9.035034750000023,49.86657154900007],[9.034043220000058,49.86209739700007],[9.043317780000052,49.85386975400007],[9.041528109000069,49.84869936100006],[9.036080437000066,49.84650394000005],[9.041553990000068,49.84171661100004],[9.055227161000062,49.844672383000045],[9.058247618000053,49.834603308000055],[9.064462296000045,49.83244901200004],[9.084730913000044,49.84750649500006],[9.088959559000045,49.84135692500007],[9.078876062000063,49.835742510000046],[9.085486016000061,49.826686866000045],[9.077864246000047,49.81821570100004],[9.09287206700003,49.79063431900005],[9.108140178000042,49.79798059600006],[9.128954375000035,49.79435641100008],[9.133294978000038,49.781532852000055],[9.113749906000066,49.77301294500006],[9.10784200300003,49.75977220500005],[9.127834106000023,49.75522658800003],[9.150808858000062,49.74285046300008],[9.133718919000046,49.71701976700007],[9.12301377700004,49.713762951000035],[9.127155367000057,49.70661559000007],[9.124519687000031,49.699646234000056],[9.092236552000031,49.69471287500005],[9.088158018000058,49.687601518000065],[9.08951333300007,49.66927270700006],[9.103418969000074,49.66043046900006],[9.100150343000053,49.652990017000036],[9.100516653000057,49.64146315000005],[9.084079272000054,49.634669415000076],[9.065830495000057,49.619723375000035],[9.068223312000043,49.60938235000003],[9.06638147800004,49.60236490300008],[9.083107513000073,49.60112212700005],[9.10300593200003,49.57745611000007],[9.098930499000062,49.56055388600004],[9.08363429000002,49.56195414800004],[9.078960702000074,49.57305059000004],[9.07404291000006,49.57434218800006],[9.073264313000038,49.56444507300006],[9.08819253400003,49.54866800600007],[9.08782870300007,49.542842747000066],[9.114454214000034,49.53362327500008],[9.125007101000051,49.52237739600008],[9.125218477000033,49.516685719000066],[9.107082582000032,49.51053417900005],[9.098949377000054,49.52553093300003],[9.06334227700006,49.52811876800007],[9.050508541000056,49.51913906000004],[9.038760179000064,49.49906576300003],[9.015574737000065,49.498172768000074],[9.004484325000021,49.504041348000044],[8.990623025000048,49.50431056600007],[8.984436599000048,49.50983493500007],[8.969366654000055,49.501898992000065],[8.952571617000046,49.50477225600008],[8.956651553000029,49.49591157800006],[8.951412253000058,49.48956751400004],[8.953654093000068,49.48287163800006],[8.94218378200003,49.484762801000045],[8.931880216000025,49.470637096000075],[8.949304206000022,49.45546404600003],[8.928537117000076,49.449094900000034],[8.925611242000059,49.44291712100005],[8.912644693000061,49.43799889200005],[8.901827105000052,49.44312183900007],[8.894462152000074,49.42491387500007],[8.873182994000047,49.41233139900004],[8.856535508000036,49.39794347700007],[8.84978562200007,49.39617128800006],[8.831277083000032,49.407638174000056],[8.822904358000073,49.39665049900003],[8.81640399400004,49.39668501600005],[8.807217938000065,49.40225459100003],[8.801488849000066,49.410891003000074],[8.807003827000074,49.41169032800008],[8.808830353000076,49.42000718000003],[8.828278315000034,49.42271993700007],[8.835162293000053,49.428832260000036],[8.832406699000046,49.45493909700008],[8.82873281600007,49.46092252400007],[8.823525152000059,49.46267835900005],[8.827703990000032,49.46962012400007],[8.851932316000045,49.48358805300006],[8.864587596000035,49.47578946200008],[8.863477965000072,49.46761667100003],[8.869147860000055,49.465275045000055],[8.879210718000024,49.46847564800004],[8.899355168000056,49.48455009500003],[8.899572424000041,49.50365560900008],[8.882661377000034,49.50609585400008],[8.846862650000048,49.50129083600007],[8.834076229000061,49.49151998000008],[8.817795500000045,49.50612852100005],[8.820486576000064,49.51407211900005],[8.819339850000063,49.524462895000056],[8.81069566900004,49.525961377000044],[8.795130106000045,49.51328403400004],[8.772119264000025,49.517984633000026],[8.76645910700006,49.51473789700003],[8.745123944000056,49.522172614000056],[8.736241041000028,49.521454283000025],[8.719779222000057,49.531633518000035],[8.705615198000032,49.535729014000026],[8.705794596000032,49.54796548600007],[8.692253807000043,49.55536935100008],[8.692169832000047,49.56211878400006],[8.683543561000022,49.57573470900007],[8.683043593000036,49.58703650000007],[8.685493935000068,49.590311832000054],[8.695869550000054,49.592479995000076],[8.697997334000036,49.59975757900003],[8.69057265500004,49.607352580000054],[8.682128119000026,49.603471882000065],[8.681001751000053,49.60948368000004],[8.675731145000043,49.60909854000005],[8.67465143100003,49.61228178200008],[8.681379134000053,49.614683040000045],[8.686038127000074,49.61242602300007],[8.693836997000062,49.61935360200005],[8.692313704000071,49.623739055000044],[8.675621847000059,49.62457933300004],[8.594659413000045,49.61009591000004],[8.594804485000054,49.60681143700003],[8.589315636000038,49.60451507200003],[8.594073804000061,49.59277165900005],[8.603231540000024,49.59329385700005],[8.610464896000053,49.56570923100003],[8.620189585000048,49.54592920200008],[8.608913677000032,49.53584689300004],[8.60723082000004,49.52923636500003],[8.599253367000074,49.53142805300007],[8.591271578000033,49.52223664600007],[8.55447547600005,49.51965348900006],[8.534558812000057,49.53454624300008],[8.52510626700007,49.54881397300005],[8.495032302000027,49.57299653500007],[8.481106723000039,49.574725442000044],[8.47451594000006,49.58434463300006],[8.462987533000046,49.58950458600003],[8.443929163000064,49.589848344000075],[8.437255702000073,49.58438190900006],[8.42243965800003,49.58338538400005],[8.40924661300005,49.604450909000036],[8.383015410000041,49.626266206000025],[8.356547213000056,49.679094031000034],[8.357244439000056,49.69092251100005],[8.360562555000058,49.69635834600007],[8.38751148600005,49.70895976800006],[8.425547674000029,49.71683937300003],[8.437536476000048,49.72214261200003],[8.477889150000067,49.75836577900003],[8.478943067000046,49.76361318000005],[8.473473962000071,49.76849310400007],[8.443097506000072,49.765722408000045],[8.426856883000028,49.76731936300007],[8.417550138000024,49.772461932000056],[8.400055244000043,49.80367512200007],[8.377839642000026,49.827498148000075],[8.384967786000061,49.85139922600007],[8.376363796000021,49.86085335100006],[8.359058191000031,49.86424639100005],[8.347277146000067,49.874297897000076],[8.343233984000051,49.88350899900007],[8.343422057000055,49.89106519100005],[8.354723049000029,49.91321303400008],[8.341200775000061,49.950350306000075],[8.32803250400002,49.96806252400006],[8.288245053000026,49.995134121000035],[8.270878736000043,50.01128330700004],[8.24381089800005,50.02775649700004],[8.180948802000046,50.03520609600008],[8.138082343000065,50.02550704600003],[8.080558845000041,50.00721983900007],[8.03525987100005,50.00188441800003],[7.967401629000051,49.97777284800003],[7.886828093000076,49.972014787000035],[7.866057707000039,49.98045400400008],[7.85824546300006,50.006346061000045],[7.849905702000058,50.01394883100005],[7.830051061000063,50.02155255900004],[7.805884645000049,50.03934197800004],[7.779659036000055,50.05110642500006],[7.772490570000059,50.05846896200006],[7.773996882000063,50.066539840000075],[7.784011513000053,50.067577906000054],[7.804184101000033,50.08413225700008],[7.81822859600004,50.08117994000003],[7.836355204000029,50.08404900700003],[7.838034924000056,50.08773364600006],[7.830064546000074,50.093181438000045],[7.832082986000046,50.09873684400003],[7.837401069000066,50.10123039100006],[7.835231255000053,50.11002090200003],[7.843162325000037,50.11282074300004],[7.844917899000052,50.12349941800005],[7.854016203000072,50.12832888100007],[7.884757879000063,50.11511645600007],[7.90246763500005,50.121351281000045],[7.911255663000077,50.11650690700003],[7.923670539000057,50.102905769000074],[7.93009693700003,50.10374007200005],[7.926576110000042,50.10670901700007],[7.922740590000046,50.13242372800005],[7.931556976000024,50.14387015600005],[7.885735968000063,50.16811089500004],[7.887549508000063,50.17365627000004],[7.883092117000047,50.18038713900006],[7.91037334400005,50.19401135800007],[7.907826396000075,50.200756471000034],[7.919774951000022,50.20738896000006],[7.94430969900003,50.20944434900008],[7.951559883000073,50.21426088700008],[7.949225883000054,50.21745333700005],[7.953052211000056,50.220398110000076],[7.984092245000056,50.227004941000075],[7.990204074000076,50.23866513100006],[7.999189504000071,50.230426125000065],[8.005461474000072,50.229122577000055],[8.003927960000055,50.22458426600008],[8.013420461000067,50.21792323600005],[8.035444372000029,50.21566199700004],[8.034280498000044,50.22093454700007],[8.040054359000067,50.22589375600006],[8.03805045100006,50.22692850900006],[8.048021104000043,50.228668130000074],[8.056326905000049,50.23473902000006],[8.04849015800005,50.24350025800004],[8.036387937000029,50.246297361000074],[8.037875148000069,50.24910703900008],[8.032075544000065,50.25491634600007],[8.025172006000048,50.25494319300003],[8.021650331000046,50.25834512800003],[8.032120597000073,50.26381899000006],[8.03681950400005,50.27084416500003],[8.071659735000026,50.27234938200007],[8.081727168000043,50.265666364000026],[8.082369867000068,50.26201467800007],[8.091820771000073,50.26444727200004],[8.103083864000041,50.26026629200004],[8.107838130000061,50.262762949000034],[8.11106512200007,50.270723958000076],[8.121913464000045,50.27722512200006],[8.119313735000048,50.29746208500006],[8.103886168000031,50.30798436300006],[8.10618306200007,50.32143243000007],[8.101384481000025,50.32658020500003],[8.071436035000033,50.33262659900004],[8.076892932000021,50.33924737400008],[8.075933835000058,50.34925736800005],[8.059988274000034,50.37411129700007],[8.052537404000077,50.37565094400003],[8.052147820000073,50.378739274000054],[8.047014399000034,50.376586528000075],[8.041974769000035,50.38546688900004],[8.032472148000068,50.38198707500004],[8.014559278000036,50.384524955000074],[8.020362275000025,50.38849438200003],[8.023757470000021,50.40076613700006],[7.989626721000036,50.39817151300008],[7.982397770000034,50.40728537700005],[7.971559469000056,50.406220433000044],[7.965386418000037,50.410804692000056],[7.966172007000068,50.41521288800004],[7.97819275300003,50.41619326400007],[7.986528380000038,50.42771957600007],[7.98760326300004,50.43499821900008],[7.975119979000056,50.43589990800007],[8.001020951000044,50.445305923000035],[8.009838327000068,50.45264604700003],[8.009759041000052,50.45946775800007],[7.987667916000021,50.472726041000044],[7.986116071000026,50.48093084700008],[7.979348062000042,50.48654735800005],[7.978903239000033,50.49538385400007],[7.989330564000056,50.498249085000054],[7.982937218000075,50.511460947000046],[7.995891529000062,50.51689500100008],[7.994019772000058,50.52224662900005],[7.996302739000043,50.524508938000054],[8.01039264800005,50.53086747000003],[8.029212940000036,50.55017526100005],[8.041160379000075,50.55326131100003],[8.04161146000007,50.556993515000045],[8.069049710000058,50.54594353200008],[8.070521560000032,50.53799804000005],[8.085335959000076,50.53857905600006],[8.103668766000055,50.53348820300005],[8.117430463000062,50.535401827000044],[8.120880622000072,50.53966006100006],[8.114596194000057,50.539377373000036],[8.111899078000022,50.54269055100008],[8.12181307700007,50.54884360600005],[8.13675584400005,50.55130055500007],[8.133014901000024,50.56035783200008],[8.147142190000068,50.58211313700008],[8.151592202000074,50.59937106700005],[8.127958689000025,50.60771889600005],[8.127457961000061,50.610469511000076],[8.136891461000062,50.61791573800008],[8.140455701000064,50.62725500100004],[8.126629536000053,50.64441464200007],[8.11009271200004,50.65725108100003],[8.11022955900006,50.670900982000035],[8.112583421000068,50.67556801600006],[8.12025432400003,50.67767048300004],[8.130405992000021,50.695894587000055],[8.14260627300007,50.69544859300004],[8.166338120000034,50.735605081000074],[8.16308459000004,50.744972122000036],[8.153900242000077,50.75066399500008],[8.149384084000076,50.76049582200005],[8.138279940000075,50.76661219700003],[8.13936995000006,50.771666923000055],[8.131467413000053,50.77872698300007],[8.129247744000054,50.78910510400004],[8.165528816000062,50.80360674000008],[8.175298895000026,50.81759014000005],[8.198384761000057,50.833869641000035],[8.208766126000057,50.83667595500003],[8.231313857000032,50.85064004100008],[8.234318468000026,50.855792499000074],[8.268038369000067,50.88053198700004],[8.291298186000063,50.88143555800008],[8.294601380000074,50.87341964600006],[8.306544719000044,50.86166782200007],[8.337235125000063,50.86548855800004],[8.366398579000077,50.86295048300008],[8.37144231000002,50.87340478300007],[8.385478696000064,50.87652703400005],[8.389045176000025,50.89171870300004],[8.433668789000023,50.917568120000055],[8.45701901600006,50.918143505000046],[8.450318296000034,50.940969359000064],[8.46092354600006,50.949161667000055],[8.460007860000076,50.96521123000008],[8.477892011000051,50.96904734700007],[8.474016820000031,50.97380817900006],[8.475487559000044,50.97688254000008],[8.494756528000039,50.98814916900005],[8.500581569000076,50.99724071700007],[8.514985558000035,51.00532040600007],[8.515586235000058,51.00905932300003],[8.529075005000038,51.01287737600006],[8.53459895800006,51.02421144700003],[8.525433526000029,51.03136142300008],[8.51978157600007,51.04254296100004],[8.511120381000069,51.03820421800003],[8.506332224000062,51.04098525000006],[8.513380594000068,51.049018785000044],[8.519648220000022,51.050902861000054],[8.526416207000068,51.06099570900005],[8.52603821100007,51.06502790300004],[8.519497882000053,51.07002113100003],[8.505546336000066,51.073144841000044],[8.502740909000067,51.07960423800006],[8.528376543000036,51.096358887000065],[8.54296007000005,51.096700217000034],[8.551020055000038,51.10276401600004],[8.558367321000048,51.103453642000034],[8.659470451000061,51.09569349700007],[8.69116247900007,51.10878073100008],[8.717152701000032,51.10978993700007],[8.720330305000061,51.114332629000046],[8.702980392000029,51.11692306400005],[8.692161874000021,51.13283394300004],[8.713034238000034,51.15082571200003],[8.747350305000055,51.16857204000007],[8.755361336000021,51.17755405100007],[8.750081933000047,51.18416375400005],[8.75055896400005,51.19842766200003],[8.764353294000045,51.204211161000046],[8.768194662000042,51.20887342000003],[8.741106319000039,51.22002017900007],[8.728543222000042,51.24924911100004],[8.735392636000029,51.26133997300008],[8.723817309000026,51.266745022000066],[8.72025922000006,51.273719594000056],[8.692380989000071,51.27558764400004],[8.67785107800006,51.268099730000074],[8.630972059000044,51.26102063800005],[8.625148977000038,51.25369554100007],[8.613383449000025,51.24812763500006],[8.597290199000042,51.24717941400007],[8.58734892800004,51.25212619600006],[8.577868994000028,51.26702541600008],[8.557494139000028,51.277740591000054],[8.599253367000074,51.311426821000055],[8.604950089000056,51.322904280000046],[8.618024136000031,51.32829927300003],[8.622665873000074,51.33682919700004],[8.637831277000032,51.34299272900006],[8.654318286000034,51.340420890000075],[8.655865763000065,51.34869375100004],[8.682043003000047,51.361081539000054],[8.678754006000077,51.37208325800003],[8.700534990000051,51.377380036000034],[8.731795041000055,51.37250341600003],[8.758341851000068,51.37778943300003],[8.771416658000021,51.38466882800003],[8.804166379000037,51.390516611000066],[8.822859580000056,51.38919315000004],[8.828163550000056,51.38593361000005],[8.835672074000058,51.387724422000076],[8.839293068000075,51.38319379200004],[8.854046037000046,51.37756985000004],[8.890211833000023,51.39253630600007],[8.937192263000043,51.389324533000035],[8.94219471200006,51.396986052000045],[8.941804798000021,51.410556822000046],[8.950388260000068,51.41336933900004],[8.946405275000075,51.41884086400006],[8.94752634100007,51.42734883400004],[8.935865783000054,51.430957790000036],[8.919842735000032,51.430807885000036],[8.921783532000063,51.446054125000046],[8.915421937000076,51.45093029800006],[8.909903124000039,51.46234495300007],[8.894185876000051,51.47181399100003],[8.891270100000042,51.48163544500005],[8.912425554000038,51.491204710000034],[9.019199879000041,51.517790871000045],[9.038533635000022,51.50238604700007],[9.055744050000044,51.502323457000045],[9.063021301000049,51.49899818000006],[9.077819544000022,51.50256052300006],[9.092179268000052,51.49190564300005],[9.078448425000033,51.466204821000076],[9.085599185000035,51.461149266000064],[9.086633698000071,51.44978094100003],[9.095560133000049,51.44448101200004],[9.129937131000077,51.44639276300006],[9.13617828300005,51.449326459000076],[9.148452482000039,51.442748366000046],[9.15541070100005,51.44267509100007],[9.160811041000045,51.444466145000035],[9.17661667300007,51.46357577100008],[9.186271220000037,51.46591237900003],[9.215613847000043,51.46043521800004],[9.217467726000052,51.48093836600003],[9.225845682000056,51.48958066300003],[9.23589243400005,51.49086638300008],[9.24171233900006,51.49712299400005],[9.263834923000047,51.49859979800004],[9.26814885300007,51.505881499000054],[9.282652851000023,51.51412973400005],[9.307760291000022,51.51320172100003],[9.315160067000022,51.52345379500008],[9.311559189000036,51.53598660800003],[9.320535642000038,51.55303048400003],[9.333854084000052,51.55899415200008],[9.35381443500006,51.580854714000054],[9.365260791000026,51.58537320500005],[9.370623142000056,51.59128538400006],[9.336979712000073,51.61199211600007],[9.339455025000063,51.61524854900006],[9.370102856000074,51.61971433800005],[9.375483469000073,51.62619833700006],[9.398499266000044,51.624557423000056],[9.431290101000059,51.63334535800004],[9.443519082000023,51.643820032000065],[9.438363778000053,51.64792597100006],[9.440457243000026,51.65039405300007],[9.453737054000044,51.64662795700008],[9.465519155000038,51.653062986000066],[9.495949694000046,51.65613904000003],[9.497836180000036,51.65154164000006]]],[[[8.733115019000024,49.52047652500005],[8.727491920000034,49.51859035800004],[8.724608962000048,49.52255095700008],[8.731582076000052,49.522336368000026],[8.733115019000024,49.52047652500005]]],[[[8.688827297000046,49.61977681400003],[8.684442398000044,49.616722236000044],[8.670195360000037,49.617781395000065],[8.67666187900005,49.62169657700008],[8.688827297000046,49.61977681400003]]]]},"properties":{"kind":"state_boundary","name":"Hessen","nuts_id":"DE7","source":"Eurostat GISCO NUTS 2024","source_url":"https://gisco-services.ec.europa.eu/distribution/v2/nuts/nuts-2024-files.html"}},{"type":"Feature","geometry":{"type":"Polygon","coordinates":[[[7.827021184000046,50.929669094000076],[7.838999516000058,50.927225934000035],[7.846721359000071,50.92992365300006],[7.851496027000053,50.925832359000026],[7.83426614800004,50.90716444900005],[7.834081104000063,50.90000169800004],[7.82736606900005,50.89085663600008],[7.829263444000048,50.88238655200007],[7.882365588000027,50.87424553500006],[7.903037142000073,50.85056672500008],[7.915611172000069,50.845220975000075],[7.958049973000072,50.84816244600006],[7.96539976300005,50.84475120700006],[7.969154241000069,50.83592445700003],[7.97713314300006,50.832738240000026],[7.97196002000004,50.814699424000025],[7.973369901000069,50.80462277600003],[7.967508772000031,50.79721925800004],[7.968226731000073,50.78657012600007],[7.965302731000065,50.78301489800003],[7.970118377000063,50.77289355500005],[7.984027995000076,50.76098997100007],[7.999673198000039,50.75506971600004],[8.040546282000037,50.72395537500006],[8.042706916000043,50.711687760000075],[8.039690114000052,50.69737554200003],[8.05965623700007,50.69504364200003],[8.077412128000049,50.705363480000074],[8.098018868000054,50.703430043000026],[8.125776635000022,50.68581392400006],[8.12025432400003,50.67767048300004],[8.112583421000068,50.67556801600006],[8.11009271200004,50.65725108100003],[8.13893438100007,50.632237331000056],[8.140455701000064,50.62725500100004],[8.136891461000062,50.61791573800008],[8.127457961000061,50.610469511000076],[8.127958689000025,50.60771889600005],[8.151592202000074,50.59937106700005],[8.147142190000068,50.58211313700008],[8.133014901000024,50.56035783200008],[8.13675584400005,50.55130055500007],[8.12181307700007,50.54884360600005],[8.111899078000022,50.54269055100008],[8.114596194000057,50.539377373000036],[8.120880622000072,50.53966006100006],[8.117430463000062,50.535401827000044],[8.103668766000055,50.53348820300005],[8.085335959000076,50.53857905600006],[8.070521560000032,50.53799804000005],[8.069049710000058,50.54594353200008],[8.04161146000007,50.556993515000045],[8.041160379000075,50.55326131100003],[8.029212940000036,50.55017526100005],[8.01039264800005,50.53086747000003],[7.996302739000043,50.524508938000054],[7.994019772000058,50.52224662900005],[7.995891529000062,50.51689500100008],[7.982937218000075,50.511460947000046],[7.989330564000056,50.498249085000054],[7.978903239000033,50.49538385400007],[7.979348062000042,50.48654735800005],[7.986116071000026,50.48093084700008],[7.987667916000021,50.472726041000044],[8.009759041000052,50.45946775800007],[8.009838327000068,50.45264604700003],[8.001020951000044,50.445305923000035],[7.975119979000056,50.43589990800007],[7.98760326300004,50.43499821900008],[7.986528380000038,50.42771957600007],[7.97819275300003,50.41619326400007],[7.966172007000068,50.41521288800004],[7.965386418000037,50.410804692000056],[7.971559469000056,50.406220433000044],[7.982397770000034,50.40728537700005],[7.989626721000036,50.39817151300008],[8.023757470000021,50.40076613700006],[8.020362275000025,50.38849438200003],[8.014559278000036,50.384524955000074],[8.032472148000068,50.38198707500004],[8.041974769000035,50.38546688900004],[8.047014399000034,50.376586528000075],[8.052147820000073,50.378739274000054],[8.052537404000077,50.37565094400003],[8.059988274000034,50.37411129700007],[8.075933835000058,50.34925736800005],[8.076892932000021,50.33924737400008],[8.071436035000033,50.33262659900004],[8.101384481000025,50.32658020500003],[8.10618306200007,50.32143243000007],[8.103886168000031,50.30798436300006],[8.119313735000048,50.29746208500006],[8.121913464000045,50.27722512200006],[8.11106512200007,50.270723958000076],[8.107838130000061,50.262762949000034],[8.103083864000041,50.26026629200004],[8.091820771000073,50.26444727200004],[8.082369867000068,50.26201467800007],[8.081727168000043,50.265666364000026],[8.071659735000026,50.27234938200007],[8.03681950400005,50.27084416500003],[8.032120597000073,50.26381899000006],[8.021650331000046,50.25834512800003],[8.025172006000048,50.25494319300003],[8.032075544000065,50.25491634600007],[8.037875148000069,50.24910703900008],[8.036387937000029,50.246297361000074],[8.04849015800005,50.24350025800004],[8.056326905000049,50.23473902000006],[8.048021104000043,50.228668130000074],[8.03805045100006,50.22692850900006],[8.040054359000067,50.22589375600006],[8.034280498000044,50.22093454700007],[8.035444372000029,50.21566199700004],[8.013420461000067,50.21792323600005],[8.003927960000055,50.22458426600008],[8.005461474000072,50.229122577000055],[7.999189504000071,50.230426125000065],[7.990204074000076,50.23866513100006],[7.984092245000056,50.227004941000075],[7.953052211000056,50.220398110000076],[7.949225883000054,50.21745333700005],[7.951559883000073,50.21426088700008],[7.94430969900003,50.20944434900008],[7.919774951000022,50.20738896000006],[7.907826396000075,50.200756471000034],[7.91037334400005,50.19401135800007],[7.883092117000047,50.18038713900006],[7.887549508000063,50.17365627000004],[7.885735968000063,50.16811089500004],[7.931556976000024,50.14387015600005],[7.922740590000046,50.13242372800005],[7.926576110000042,50.10670901700007],[7.93009693700003,50.10374007200005],[7.923670539000057,50.102905769000074],[7.911255663000077,50.11650690700003],[7.90246763500005,50.121351281000045],[7.884757879000063,50.11511645600007],[7.854016203000072,50.12832888100007],[7.844917899000052,50.12349941800005],[7.843162325000037,50.11282074300004],[7.835231255000053,50.11002090200003],[7.837401069000066,50.10123039100006],[7.832082986000046,50.09873684400003],[7.830064546000074,50.093181438000045],[7.838034924000056,50.08773364600006],[7.836355204000029,50.08404900700003],[7.81822859600004,50.08117994000003],[7.804184101000033,50.08413225700008],[7.784011513000053,50.067577906000054],[7.773996882000063,50.066539840000075],[7.773360096000033,50.056869566000046],[7.79220547500006,50.04418345400006],[7.805884645000049,50.03934197800004],[7.830051061000063,50.02155255900004],[7.849905702000058,50.01394883100005],[7.85824546300006,50.006346061000045],[7.866057707000039,49.98045400400008],[7.886828093000076,49.972014787000035],[7.967401629000051,49.97777284800003],[8.03525987100005,50.00188441800003],[8.080558845000041,50.00721983900007],[8.138082343000065,50.02550704600003],[8.180948802000046,50.03520609600008],[8.24381089800005,50.02775649700004],[8.270878736000043,50.01128330700004],[8.288245053000026,49.995134121000035],[8.32803250400002,49.96806252400006],[8.341200775000061,49.950350306000075],[8.354723049000029,49.91321303400008],[8.343422057000055,49.89106519100005],[8.343233984000051,49.88350899900007],[8.347277146000067,49.874297897000076],[8.359058191000031,49.86424639100005],[8.376363796000021,49.86085335100006],[8.384967786000061,49.85139922600007],[8.377839642000026,49.827498148000075],[8.400055244000043,49.80367512200007],[8.417550138000024,49.772461932000056],[8.426856883000028,49.76731936300007],[8.443097506000072,49.765722408000045],[8.473473962000071,49.76849310400007],[8.478943067000046,49.76361318000005],[8.477889150000067,49.75836577900003],[8.437536476000048,49.72214261200003],[8.425547674000029,49.71683937300003],[8.38751148600005,49.70895976800006],[8.360562555000058,49.69635834600007],[8.357244439000056,49.69092251100005],[8.356547213000056,49.679094031000034],[8.383015410000041,49.626266206000025],[8.40924661300005,49.604450909000036],[8.42243965800003,49.58338538400005],[8.422700366000072,49.574192596000046],[8.414398472000073,49.557546667000054],[8.44343880300005,49.49230597800005],[8.463204161000021,49.471300797000026],[8.460764358000063,49.46534159600003],[8.44397873500003,49.45832821400006],[8.44276586500007,49.45108562000007],[8.452862955000057,49.444467925000026],[8.494610625000064,49.44329830400005],[8.505818973000032,49.43852020600008],[8.507256488000053,49.43031389400005],[8.497316242000068,49.41134690700005],[8.496189005000076,49.402136374000065],[8.465813426000068,49.38701771500007],[8.463920276000067,49.37857626500005],[8.468432679000045,49.374472774000026],[8.475255232000052,49.37431772000008],[8.500397289000034,49.38901337000004],[8.500525400000072,49.375480037000045],[8.492072619000055,49.357176855000034],[8.479772404000073,49.34595706700003],[8.455524079000043,49.33209065500006],[8.451215466000065,49.32403898200005],[8.452251103000037,49.31803321900003],[8.45881610500004,49.31313787300007],[8.483537696000042,49.30494536500004],[8.488553011000022,49.29784905300005],[8.487268003000054,49.29002658700006],[8.458195086000046,49.279108515000075],[8.44554676100006,49.26688052000003],[8.40068653700007,49.244159524000054],[8.389666937000072,49.23387096000005],[8.385330144000022,49.22095472900003],[8.399824162000073,49.22533050700008],[8.403652840000063,49.22331122400004],[8.40433398700003,49.21858901500008],[8.397873663000041,49.207275337000056],[8.385246196000026,49.19770258500006],[8.381210364000026,49.18568644900006],[8.368470774000059,49.16657601800006],[8.371113680000065,49.14522902600004],[8.35809127400006,49.097784002000026],[8.31168628100005,49.05430715700004],[8.304137242000024,49.04065143100007],[8.297373822000054,49.01350496400005],[8.285814776000052,48.996563587000026],[8.23263287800006,48.96657139400003],[8.228160890000026,48.97216737300005],[8.216759505000027,48.97514692400006],[8.199343318000047,48.96783106000004],[8.194193848000054,48.976418816000034],[8.132868686000052,48.98115837600005],[8.105025583000042,48.98890804700005],[8.091350916000067,48.98940944900005],[8.068310039000039,48.99934588200006],[8.062407349000068,49.00575870000006],[8.041688874000045,49.015789408000046],[8.02328250200003,49.018097659000034],[7.996803635000049,49.02869554400007],[7.976111756000023,49.02717821500005],[7.964401991000045,49.04287701100003],[7.949258620000023,49.047382707000054],[7.944836664000036,49.05438173400006],[7.933787251000069,49.05751352800007],[7.921407294000062,49.043195112000035],[7.914910823000071,49.04131244300004],[7.910654726000075,49.045163381000066],[7.888256356000056,49.048225469000045],[7.867369238000038,49.03301337900007],[7.855464080000047,49.03534604300006],[7.849860186000058,49.043171836000056],[7.831050541000025,49.04767842600006],[7.809183312000073,49.061309289000064],[7.796135231000051,49.06496614500003],[7.78885295200007,49.058886693000034],[7.776525049000043,49.056737663000035],[7.765720497000075,49.04669504800006],[7.732052890000034,49.04436755100005],[7.730474057000038,49.05489971600008],[7.72270544600002,49.051989227000035],[7.709873440000024,49.05289656800005],[7.695948353000063,49.05779708600005],[7.692450273000077,49.054117974000064],[7.697298839000041,49.049631059000035],[7.673247469000046,49.04541874000006],[7.632095439000068,49.055552850000026],[7.629899118000026,49.07256464100004],[7.605982679000022,49.081257986000026],[7.568587961000048,49.07988143100005],[7.544589484000028,49.08843856800007],[7.535692955000059,49.09359537200004],[7.537795598000059,49.09641442900005],[7.528677817000073,49.09709202600004],[7.529456444000061,49.102054026000076],[7.523551395000027,49.10602287700004],[7.516039788000057,49.119808213000056],[7.505466156000068,49.123219076000055],[7.498122115000058,49.13389009600007],[7.48956615000003,49.13647449700005],[7.49032160400003,49.14124193200007],[7.495338981000032,49.14240054100003],[7.505982921000054,49.15340717300006],[7.49587387300005,49.15640611400005],[7.493790915000034,49.16773557800008],[7.481369284000039,49.169464901000026],[7.457046096000056,49.164142663000064],[7.449368027000048,49.16819438400006],[7.438344458000074,49.16475648100004],[7.433508310000036,49.166274619000035],[7.440223058000072,49.17200567400005],[7.436817073000043,49.17937540500003],[7.445646372000056,49.18415085600003],[7.381124683000053,49.17502804700007],[7.365771926000036,49.17119140300008],[7.368755545000056,49.16145809300008],[7.363051085000052,49.15948129800006],[7.351316403000055,49.16244639700005],[7.336408548000065,49.17606379500006],[7.337043046000076,49.18457446600007],[7.320340804000068,49.18949911000004],[7.303558271000043,49.204674331000035],[7.297468914000035,49.20527884900008],[7.30216841500004,49.22189919700003],[7.290091510000025,49.23065170600006],[7.291408280000041,49.23857354300003],[7.301700588000074,49.24446586900007],[7.307140089000029,49.25549104700008],[7.312188940000055,49.25702748800006],[7.316154083000072,49.25151616200003],[7.323765303000073,49.24843207500004],[7.326418061000027,49.25791264700007],[7.338408770000058,49.26386101800006],[7.343470817000025,49.27023752100007],[7.33657958200007,49.279124840000065],[7.353488531000039,49.28262633200006],[7.363937978000024,49.27870879400007],[7.366883819000066,49.282225235000055],[7.374003569000024,49.28258551500005],[7.384295791000056,49.293525542000054],[7.379984586000035,49.299439808000045],[7.381689333000054,49.307317312000066],[7.394494199000064,49.31635189000008],[7.382290297000054,49.32122262900003],[7.399982049000073,49.33669066200008],[7.40185290200003,49.34542608400005],[7.394014109000068,49.35207292900003],[7.40008197700007,49.355937339000036],[7.395564534000073,49.36322556300007],[7.402075702000047,49.36771857300005],[7.395898625000029,49.37204597900006],[7.367618528000037,49.364025584000046],[7.368340881000051,49.37326823700005],[7.356043438000029,49.374973917000034],[7.353990785000065,49.379791444000034],[7.322608523000042,49.38044432000004],[7.290258807000043,49.38969324800007],[7.298941287000048,49.39851954400007],[7.290070229000037,49.41470545200008],[7.27300097400007,49.42378600200004],[7.261644619000037,49.42431906000007],[7.252589235000073,49.43146549700003],[7.25117924500006,49.43543516300008],[7.254151382000032,49.44047308300003],[7.248004096000045,49.44589496000003],[7.286927252000055,49.457689532000074],[7.288810013000045,49.46155295500006],[7.299359319000075,49.46595191900008],[7.304916591000051,49.474195389000045],[7.296841141000073,49.48354944100004],[7.281259146000025,49.484808774000044],[7.287067095000054,49.49906311600006],[7.280944457000032,49.50552504700005],[7.287493796000035,49.51321499200003],[7.287151194000046,49.51765960300003],[7.291774468000028,49.52102932100007],[7.307831324000063,49.51995111600007],[7.308519625000031,49.52424738000008],[7.300123777000067,49.53061609700006],[7.302014843000052,49.534812129000045],[7.277451305000056,49.537826497000026],[7.274620045000063,49.56107416100008],[7.269212106000055,49.56223390800005],[7.263758218000021,49.57061436600003],[7.263426613000036,49.57571750100004],[7.268704175000039,49.58408350800005],[7.262379219000024,49.58330098500005],[7.255323669000063,49.57595827500006],[7.242797937000034,49.57329321200007],[7.240829415000064,49.56897414900004],[7.223962070000027,49.565023342000075],[7.210533868000027,49.568724419000034],[7.21308626900003,49.57383626700005],[7.209998967000047,49.57714845400005],[7.187782882000022,49.57689354200005],[7.173884910000027,49.585754346000044],[7.173713133000035,49.59906809600005],[7.16544390100006,49.597050411000055],[7.151299781000034,49.60344291200005],[7.13281117400004,49.596403570000064],[7.108074196000075,49.598757016000036],[7.101460010000039,49.60433295300004],[7.088462885000069,49.60067122500004],[7.059423095000056,49.62997678000005],[7.027979960000039,49.639438546000065],[7.012397423000039,49.628358657000035],[7.001023670000052,49.63088002000006],[6.990680655000062,49.62602418800003],[6.991534805000072,49.635467893000055],[6.980634353000028,49.633025915000076],[6.976780229000042,49.634872245000054],[6.951411214000075,49.62590869600007],[6.946761026000047,49.63490637400008],[6.932763171000033,49.63102688500004],[6.936366647000057,49.61726587700008],[6.929713398000047,49.61690482500006],[6.928026954000075,49.61260480000004],[6.919370362000052,49.61648400400003],[6.893931640000062,49.61594592100005],[6.886752781000041,49.612328656000045],[6.878685345000065,49.60209286700007],[6.869910731000061,49.60781756700004],[6.864152065000042,49.60786750200003],[6.857310786000028,49.604588023000076],[6.846424026000022,49.59080944600004],[6.83912461400007,49.592636010000035],[6.84044104000003,49.58807137400004],[6.835420765000038,49.58293205200005],[6.812970574000076,49.59141677500003],[6.803374224000038,49.58862278500004],[6.779639703000043,49.57128847400003],[6.767499886000053,49.56904346400006],[6.756876791000025,49.56144087700005],[6.745573914000033,49.55779891000003],[6.731603023000048,49.55958663800004],[6.708632632000047,49.552695020000044],[6.700277239000059,49.542002496000066],[6.690395519000049,49.536129749000054],[6.683466570000064,49.54747973500008],[6.662355836000074,49.54317515500003],[6.652872651000052,49.55089772300005],[6.650428590000047,49.54951211700006],[6.650950006000073,49.54337715400004],[6.643832546000056,49.53860474900006],[6.633876909000037,49.54162383600004],[6.618910693000032,49.535875161000035],[6.618285061000051,49.53036961200007],[6.608399547000033,49.52748185200005],[6.609378179000032,49.520597321000025],[6.603576748000023,49.51762576600004],[6.589757057000043,49.517449412000076],[6.582771334000029,49.52055765700004],[6.576491758000031,49.53195967800008],[6.563962994000065,49.54055763800005],[6.554226426000071,49.53635045900006],[6.538078876000043,49.53870013000005],[6.522228840000025,49.52879708300003],[6.516164495000055,49.52878706700005],[6.514930446000051,49.53495393500003],[6.494604415000026,49.53073448400005],[6.476594440000042,49.54153286300004],[6.467011649000028,49.54300965400006],[6.452546663000021,49.53916222300006],[6.433571997000058,49.547911215000056],[6.415645477000055,49.54381910800004],[6.407041649000064,49.54792085300005],[6.380052606000049,49.551105033000056],[6.381213950000074,49.55704037600003],[6.358385967000061,49.57217540500005],[6.367112132000045,49.57826891600007],[6.380836745000067,49.578159165000045],[6.374093585000026,49.58994897300005],[6.383749129000023,49.59846826000006],[6.401288608000073,49.60407358200007],[6.422795703000077,49.62229507600006],[6.440153578000036,49.65475330000004],[6.438564805000055,49.65908782200006],[6.426083718000029,49.663741747000074],[6.461464267000053,49.69193501400008],[6.479330344000061,49.696424868000065],[6.496882006000021,49.709909681000056],[6.50701831300006,49.712640574000034],[6.497266598000067,49.72528328400006],[6.502164119000042,49.72635862700008],[6.511467440000047,49.72183971900006],[6.515835460000062,49.72404518700006],[6.501972767000041,49.73318223200005],[6.50124969500007,49.75220061300007],[6.518619811000065,49.762449564000065],[6.516972334000059,49.768600519000074],[6.510594563000041,49.77462912100003],[6.51578640300005,49.78273055400007],[6.506877776000067,49.790083450000054],[6.52347809500003,49.799176644000056],[6.529773258000034,49.80521065800008],[6.529003727000031,49.809142664000035],[6.520926083000063,49.81241766100004],[6.511162696000042,49.802898956000035],[6.503812800000048,49.80972962900006],[6.487132159000055,49.812795720000054],[6.474962738000045,49.82127507800004],[6.467010511000069,49.82092957800006],[6.453641634000064,49.81135337000006],[6.440083195000057,49.81366667900005],[6.429646156000047,49.81144276800006],[6.423884144000056,49.81581256000004],[6.40115779000007,49.820352170000035],[6.362381321000043,49.85064457200008],[6.341786287000048,49.848515631000055],[6.336915904000023,49.83984759200007],[6.329786441000067,49.83624337700007],[6.320597994000025,49.84066831900003],[6.321323925000058,49.85328664600007],[6.314476599000045,49.859784424000054],[6.310746349000055,49.869331084000066],[6.29682262700004,49.86700393400008],[6.290993851000053,49.87385789700005],[6.25911364500007,49.883592374000045],[6.245090861000051,49.895631097000035],[6.235510598000076,49.899188339000034],[6.229292947000033,49.910297581000066],[6.23382398800004,49.91418847700004],[6.228916412000046,49.920647700000075],[6.218166036000071,49.92297204100004],[6.22616756900004,49.92938907000007],[6.226067497000031,49.93718138700007],[6.218848523000077,49.944495998000036],[6.223907602000054,49.949939484000026],[6.212804025000025,49.950449879000075],[6.204656177000061,49.95502904500006],[6.197729315000061,49.948286659000075],[6.191297629000076,49.96786782500004],[6.182917062000058,49.96507475400006],[6.186195453000039,49.95636088100008],[6.17843562500002,49.95439235200007],[6.175964333000024,49.961284051000064],[6.166425408000066,49.96850972900006],[6.167516889000069,49.98581629600005],[6.153522484000064,49.989421366000045],[6.14293849400002,49.99705501600005],[6.147107361000053,50.00867326700006],[6.128348222000056,50.01863186400004],[6.132677898000054,50.02018710700003],[6.136217786000032,50.01515130900003],[6.145436546000042,50.02309665800004],[6.13062151400004,50.029947425000046],[6.133468459000028,50.04191802200006],[6.122481686000071,50.053741391000074],[6.122698028000059,50.05925577900007],[6.116835600000059,50.05671084200003],[6.113128063000033,50.05978443500004],[6.113851444000034,50.06416164900003],[6.127898333000076,50.07286138900008],[6.125548088000073,50.07579192400004],[6.119905646000063,50.07296873000007],[6.117300476000025,50.07509414500004],[6.121198097000047,50.08143282200007],[6.120632494000063,50.091236922000064],[6.130591667000033,50.09329317500004],[6.126520052000046,50.10038410700008],[6.134398346000069,50.10398861300007],[6.131854825000062,50.10838182700007],[6.133802464000041,50.112961185000074],[6.128407131000074,50.11718512900006],[6.13976499000006,50.13463774600007],[6.153132812000024,50.14033051800004],[6.152871713000025,50.15009047600006],[6.140903446000038,50.14890255600005],[6.133439619000058,50.15446508100007],[6.14620347400006,50.15920453000007],[6.140671566000037,50.16803968500005],[6.146289420000073,50.17071144300007],[6.146538029000055,50.176572960000044],[6.157365083000059,50.172070087000066],[6.164821541000038,50.178646495000066],[6.184315113000025,50.17858342800008],[6.192752018000022,50.181873996000036],[6.185551044000022,50.19291669300003],[6.184303975000034,50.20725758900005],[6.177765934000035,50.215700189000074],[6.168446329000062,50.220800334000046],[6.174930923000034,50.226936855000076],[6.173622720000026,50.23191520600005],[6.179594069000075,50.23637614900008],[6.197033207000061,50.23802391000004],[6.207397940000021,50.252272909000055],[6.223981019000064,50.258661559000075],[6.257338663000041,50.266951609000046],[6.278267679000066,50.266730953000035],[6.292090188000032,50.27882897000006],[6.28611789100006,50.28452426300004],[6.287061359000063,50.293844464000074],[6.296698421000031,50.301011766000045],[6.297431673000062,50.30868448800004],[6.308785477000072,50.31136088900007],[6.307292492000045,50.31996569900008],[6.318549375000032,50.319824674000074],[6.328529889000038,50.324069845000054],[6.335347326000033,50.318153953000035],[6.359092841000063,50.308066917000076],[6.361257016000025,50.31400898000004],[6.373794907000047,50.31365690600006],[6.383371822000072,50.32146964000003],[6.425294902000076,50.32301198700003],[6.42406178400006,50.333826894000026],[6.412948854000035,50.33464795900005],[6.404581269000062,50.34463380600005],[6.404342884000073,50.35089553800003],[6.398352488000057,50.35730285400007],[6.402246448000028,50.36215679500003],[6.395394400000043,50.362571581000054],[6.396741726000073,50.365980956000044],[6.389591547000066,50.37242679900004],[6.390759566000042,50.379806502000065],[6.386313723000058,50.383868911000036],[6.413043133000031,50.38948597000007],[6.421116306000044,50.381687131000035],[6.415747454000041,50.37506873700005],[6.420877853000036,50.36890291800006],[6.430773732000034,50.36387624200006],[6.438510159000032,50.37078252100008],[6.446555323000041,50.37123425900006],[6.450308693000068,50.363795364000055],[6.459370078000063,50.36095195200005],[6.457829822000065,50.34411549200007],[6.449590674000035,50.33835299300006],[6.454626101000031,50.33717620200008],[6.466421379000053,50.34206412100008],[6.484743777000062,50.33856114900004],[6.491128599000035,50.346343594000075],[6.504789311000025,50.35235349900006],[6.50592183200007,50.35864401100008],[6.514502953000033,50.35742466700003],[6.517309184000055,50.36194587700004],[6.533054134000054,50.36938108000004],[6.541728376000037,50.370502342000066],[6.546283789000029,50.366890341000044],[6.56136783200003,50.37038790100007],[6.570237287000054,50.37627952300005],[6.58184994800007,50.37754349800008],[6.588828127000056,50.38393548300007],[6.602651904000027,50.387319415000036],[6.605860186000029,50.382085490000065],[6.602322401000038,50.37817889000007],[6.60370025800006,50.37606876700005],[6.624941165000052,50.37387466300004],[6.622245176000035,50.35365909300003],[6.637904626000022,50.34526691000008],[6.653208871000061,50.350546103000056],[6.656812504000072,50.356392706000065],[6.656943985000055,50.367510508000066],[6.667538609000076,50.371354729000075],[6.685639992000063,50.35928193700005],[6.695413271000064,50.34693611800003],[6.699244381000028,50.33609764900007],[6.70675336100004,50.342716402000065],[6.733524630000034,50.35251184300006],[6.755354178000061,50.354908497000054],[6.770263019000026,50.360531501000025],[6.77615327500007,50.35909859100008],[6.778585243000066,50.36354491700007],[6.800711664000062,50.36178152200006],[6.802745385000037,50.36930462500004],[6.786158509000074,50.37525839700004],[6.770259735000025,50.39259819500006],[6.771577047000051,50.39879274900005],[6.779307652000057,50.40497294600004],[6.779687965000051,50.41383560700007],[6.783965977000037,50.42052175600003],[6.771832274000076,50.425629479000065],[6.771200738000061,50.436052921000055],[6.760754732000066,50.432152243000075],[6.747728532000053,50.43536966400006],[6.744583632000058,50.438863095000045],[6.763174400000025,50.45027470800005],[6.766216324000027,50.457919091000065],[6.757823224000049,50.46374373800006],[6.756985586000042,50.47041988500007],[6.748842754000066,50.466599476000056],[6.74324407000006,50.46774799000008],[6.744603546000064,50.472630363000064],[6.75912826800004,50.474589974000025],[6.768281510000065,50.48428352500008],[6.774998624000034,50.48310795400005],[6.801609678000034,50.49062314000008],[6.805738155000029,50.48779318700008],[6.812821850000034,50.47224338900003],[6.838432889000046,50.46470112000003],[6.855045272000041,50.45418093500007],[6.866738167000051,50.456253556000036],[6.879497618000073,50.46543641100004],[6.901481729000068,50.469092052000065],[6.900286615000027,50.47847429600006],[6.904587407000065,50.48498213500005],[6.900054477000026,50.49355200100007],[6.907068967000043,50.50264242900005],[6.889949731000058,50.50725010300005],[6.895272915000021,50.516750984000055],[6.885578534000047,50.519852600000036],[6.883237176000023,50.526904081000055],[6.891772973000059,50.52949967600006],[6.908552139000051,50.526001558000075],[6.930614498000068,50.535504349000064],[6.922828810000055,50.55263407700005],[6.927901120000058,50.55861837800006],[6.948852903000045,50.56348641900007],[6.958587075000025,50.55676664200007],[6.972098587000062,50.55590738600006],[6.983577223000054,50.56573399100006],[6.998096451000038,50.565050015000054],[7.046810356000037,50.60185956200007],[7.05673564500006,50.60527614000006],[7.06582131600004,50.599796799000046],[7.069900566000058,50.59281928100006],[7.089376837000032,50.58613054500006],[7.103456036000068,50.59170934200006],[7.116340232000027,50.61177544000003],[7.137845108000022,50.601481816000046],[7.147851617000072,50.60029356900003],[7.15368014400002,50.61366297200004],[7.171404658000029,50.61273923300007],[7.176551267000036,50.62033027800004],[7.188565765000021,50.62356209400008],[7.195200552000074,50.64272306700008],[7.200474223000072,50.64861391000005],[7.210871989000054,50.64954349900006],[7.212399277000031,50.62340506600003],[7.218340104000049,50.62773464000003],[7.258811911000066,50.625093305000064],[7.294586952000031,50.63128194400008],[7.321942541000055,50.64098450400007],[7.333684728000037,50.639116701000034],[7.357419431000039,50.64920079900003],[7.356072986000072,50.66419760600007],[7.362946056000055,50.67119788800005],[7.369315917000051,50.672549452000055],[7.370869257000038,50.68235471000003],[7.366091637000068,50.68761096900005],[7.367084642000066,50.696686054000054],[7.357136567000055,50.697903850000046],[7.374386607000076,50.71729448000008],[7.396210816000064,50.71463021400007],[7.406664893000027,50.717824988000075],[7.423159234000025,50.71027604400007],[7.439151650000042,50.711089048000076],[7.458038477000059,50.71805440000003],[7.479816576000076,50.71825402800005],[7.502633943000035,50.729772678000074],[7.516172332000053,50.72911088400008],[7.519690727000068,50.73623524300007],[7.523073818000057,50.734629813000026],[7.551431165000054,50.745702229000074],[7.582024516000047,50.73833609600007],[7.589334837000024,50.74029361700008],[7.59296151500007,50.74218879300008],[7.592428399000028,50.75660276800005],[7.600041408000038,50.76491894500003],[7.657844057000034,50.769907981000074],[7.661515036000026,50.77456510500008],[7.659723574000054,50.78438932200004],[7.667887894000046,50.785931566000045],[7.676266835000035,50.78050089800007],[7.682222735000039,50.79536854100007],[7.675307547000045,50.80397206300006],[7.678112771000031,50.81069962600003],[7.666356937000046,50.81426348700006],[7.661003516000051,50.820364357000074],[7.672690213000067,50.819036588000074],[7.699426954000046,50.82501146900006],[7.729166725000027,50.84966247800003],[7.762187617000052,50.84513456700006],[7.75468311700007,50.85108558100006],[7.763058439000076,50.85832576900003],[7.749423163000074,50.86774578200004],[7.757738698000026,50.87967876000005],[7.75344235600005,50.89020479200008],[7.759512972000039,50.900941344000046],[7.746330325000031,50.905679107000026],[7.74564668000005,50.91235060500003],[7.735794696000028,50.915720504000035],[7.740377975000058,50.91913930700008],[7.758964349000053,50.92113151600006],[7.774107551000043,50.92817485900008],[7.785898044000021,50.939913887000046],[7.793874581000068,50.942041965000044],[7.812818622000066,50.93934645400003],[7.827021184000046,50.929669094000076]]]},"properties":{"kind":"state_boundary","name":"Rheinland-Pfalz","nuts_id":"DEB","source":"Eurostat GISCO NUTS 2024","source_url":"https://gisco-services.ec.europa.eu/distribution/v2/nuts/nuts-2024-files.html"}},{"type":"Feature","geometry":{"type":"Polygon","coordinates":[[[7.059423095000056,49.62997678000005],[7.088462885000069,49.60067122500004],[7.101460010000039,49.60433295300004],[7.108074196000075,49.598757016000036],[7.13281117400004,49.596403570000064],[7.151299781000034,49.60344291200005],[7.16544390100006,49.597050411000055],[7.173713133000035,49.59906809600005],[7.173884910000027,49.585754346000044],[7.187782882000022,49.57689354200005],[7.209998967000047,49.57714845400005],[7.21308626900003,49.57383626700005],[7.210533868000027,49.568724419000034],[7.223962070000027,49.565023342000075],[7.240829415000064,49.56897414900004],[7.242797937000034,49.57329321200007],[7.255323669000063,49.57595827500006],[7.262379219000024,49.58330098500005],[7.268704175000039,49.58408350800005],[7.263426613000036,49.57571750100004],[7.263758218000021,49.57061436600003],[7.269212106000055,49.56223390800005],[7.274620045000063,49.56107416100008],[7.277451305000056,49.537826497000026],[7.302014843000052,49.534812129000045],[7.300123777000067,49.53061609700006],[7.308519625000031,49.52424738000008],[7.307831324000063,49.51995111600007],[7.291774468000028,49.52102932100007],[7.287151194000046,49.51765960300003],[7.287493796000035,49.51321499200003],[7.280944457000032,49.50552504700005],[7.287067095000054,49.49906311600006],[7.281259146000025,49.484808774000044],[7.296841141000073,49.48354944100004],[7.304916591000051,49.474195389000045],[7.299359319000075,49.46595191900008],[7.288810013000045,49.46155295500006],[7.286927252000055,49.457689532000074],[7.248004096000045,49.44589496000003],[7.254151382000032,49.44047308300003],[7.25117924500006,49.43543516300008],[7.252589235000073,49.43146549700003],[7.261644619000037,49.42431906000007],[7.27300097400007,49.42378600200004],[7.290070229000037,49.41470545200008],[7.298941287000048,49.39851954400007],[7.290258807000043,49.38969324800007],[7.322608523000042,49.38044432000004],[7.353990785000065,49.379791444000034],[7.356043438000029,49.374973917000034],[7.368340881000051,49.37326823700005],[7.367618528000037,49.364025584000046],[7.395898625000029,49.37204597900006],[7.402075702000047,49.36771857300005],[7.395564534000073,49.36322556300007],[7.40008197700007,49.355937339000036],[7.394014109000068,49.35207292900003],[7.40185290200003,49.34542608400005],[7.399982049000073,49.33669066200008],[7.382290297000054,49.32122262900003],[7.394494199000064,49.31635189000008],[7.381689333000054,49.307317312000066],[7.379984586000035,49.299439808000045],[7.384295791000056,49.293525542000054],[7.374003569000024,49.28258551500005],[7.366883819000066,49.282225235000055],[7.363937978000024,49.27870879400007],[7.353488531000039,49.28262633200006],[7.33657958200007,49.279124840000065],[7.343470817000025,49.27023752100007],[7.338408770000058,49.26386101800006],[7.326418061000027,49.25791264700007],[7.323765303000073,49.24843207500004],[7.316154083000072,49.25151616200003],[7.312188940000055,49.25702748800006],[7.307140089000029,49.25549104700008],[7.301700588000074,49.24446586900007],[7.291408280000041,49.23857354300003],[7.290091510000025,49.23065170600006],[7.30216841500004,49.22189919700003],[7.297468914000035,49.20527884900008],[7.303558271000043,49.204674331000035],[7.320340804000068,49.18949911000004],[7.337043046000076,49.18457446600007],[7.336408548000065,49.17606379500006],[7.351316403000055,49.16244639700005],[7.363051085000052,49.15948129800006],[7.368755545000056,49.16145809300008],[7.362487353000063,49.15540727800004],[7.362874137000063,49.145217984000055],[7.329435285000045,49.14412687200007],[7.316433105000044,49.13824007900007],[7.293177247000074,49.114907661000075],[7.283750222000037,49.116977244000054],[7.282429646000026,49.123458957000025],[7.264085996000063,49.12323302100003],[7.242817002000038,49.12972479500007],[7.208199898000032,49.12416743000006],[7.198331044000042,49.11523456600003],[7.195052386000043,49.122337162000065],[7.185160444000076,49.13027923800007],[7.163395197000057,49.12685233800005],[7.15874840500004,49.120634392000056],[7.131511124000042,49.13180690400003],[7.124518301000023,49.14152910900003],[7.104057698000076,49.138389948000054],[7.103979,49.145126299000026],[7.111991958000033,49.151655418000075],[7.101069047000067,49.15599804000004],[7.082429643000069,49.151063932000056],[7.083399971000063,49.14069332500003],[7.090204224000047,49.13169600400005],[7.072763843000075,49.12453137500006],[7.066043913000044,49.114678076000075],[7.057747056000039,49.11227023500004],[7.046356992000028,49.11736497100003],[7.046283225000025,49.13389009600007],[7.028204516000073,49.16982774000007],[7.03384671200007,49.190807343000074],[7.01139336500006,49.188993991000075],[7.007641815000056,49.19374297200005],[6.999480899000048,49.194463615000075],[6.975298533000057,49.20909292300007],[6.960057690000042,49.20375035700005],[6.953516011000033,49.206117877000054],[6.937140796000051,49.22198723400004],[6.922709852000025,49.22304913700003],[6.911936808000064,49.21558508500004],[6.894612927000026,49.21012383800007],[6.86058347200003,49.22242737200003],[6.837607315000071,49.21293300900004],[6.851092491000031,49.20059506500007],[6.850584471000047,49.193436907000034],[6.859299098000065,49.18532546400007],[6.861068221000039,49.178577337000036],[6.858376500000077,49.17522235500007],[6.845238056000028,49.172593421000045],[6.843888775000039,49.15549763300004],[6.834567222000032,49.151310935000026],[6.789835354000047,49.16638491800006],[6.738649864000024,49.16415729500005],[6.719254955000054,49.17682904000003],[6.711208473000056,49.18834195900007],[6.731444294000028,49.20595644300005],[6.723465736000037,49.218829140000025],[6.719679179000025,49.22108960000003],[6.694405638000035,49.21659869800004],[6.689075604000038,49.222614229000044],[6.690154864000021,49.23204275200004],[6.685583691000033,49.243683485000076],[6.689568666000071,49.24782603600005],[6.675284473000033,49.25678417600005],[6.665904372000057,49.25481214800004],[6.66208302900003,49.257467543000075],[6.667420703000062,49.27957778700005],[6.660115234000045,49.28366590600007],[6.653369294000072,49.281237066000074],[6.650492823000036,49.28721963100003],[6.638493534000077,49.29519385200007],[6.632141335000028,49.295765319000054],[6.624632227000063,49.301887742000076],[6.614887823000061,49.302513874000056],[6.589121298000066,49.32205793300005],[6.595595543000059,49.330057389000046],[6.586350749000076,49.33604016100003],[6.578393322000068,49.33496253700008],[6.576764419000028,49.340132588000074],[6.565245958000048,49.34948809500003],[6.564418765000028,49.35540273100003],[6.569197128000042,49.357882439000036],[6.580750268000031,49.35617091000006],[6.588159931000064,49.35105997800008],[6.599919036000074,49.36635756900006],[6.595295287000056,49.37086930400005],[6.585334902000056,49.370077036000055],[6.585719456000049,49.38507059900007],[6.575491527000054,49.389402260000054],[6.564453874000037,49.38856964300004],[6.552251120000051,49.39421494800007],[6.550856456000076,49.399627285000065],[6.54079445900004,49.40124454200003],[6.538958437000076,49.41189748200003],[6.55698581300004,49.41920838800007],[6.535217510000052,49.43416398200003],[6.522954709000032,49.43647315000004],[6.499280679000037,49.45017556100004],[6.484759260000033,49.45254646400008],[6.467731945000025,49.46430451600003],[6.455745749000073,49.46327925800006],[6.440549306000037,49.46670949800006],[6.430459825000071,49.47523595200005],[6.421934981000049,49.47602409900003],[6.403585732000067,49.46591654000008],[6.376266605000069,49.46442104100004],[6.367107614000076,49.46950698200004],[6.367371750000075,49.50199093900005],[6.357462942000041,49.52941271700007],[6.361043910000035,49.53636792700007],[6.380052606000049,49.551105033000056],[6.407041649000064,49.54792085300005],[6.415645477000055,49.54381910800004],[6.433571997000058,49.547911215000056],[6.452546663000021,49.53916222300006],[6.467011649000028,49.54300965400006],[6.476594440000042,49.54153286300004],[6.494604415000026,49.53073448400005],[6.514930446000051,49.53495393500003],[6.516164495000055,49.52878706700005],[6.522228840000025,49.52879708300003],[6.538078876000043,49.53870013000005],[6.554226426000071,49.53635045900006],[6.563962994000065,49.54055763800005],[6.576491758000031,49.53195967800008],[6.582771334000029,49.52055765700004],[6.589757057000043,49.517449412000076],[6.603576748000023,49.51762576600004],[6.609378179000032,49.520597321000025],[6.608399547000033,49.52748185200005],[6.618285061000051,49.53036961200007],[6.618910693000032,49.535875161000035],[6.633876909000037,49.54162383600004],[6.643832546000056,49.53860474900006],[6.650950006000073,49.54337715400004],[6.650428590000047,49.54951211700006],[6.652872651000052,49.55089772300005],[6.662355836000074,49.54317515500003],[6.683466570000064,49.54747973500008],[6.690395519000049,49.536129749000054],[6.700277239000059,49.542002496000066],[6.708632632000047,49.552695020000044],[6.731603023000048,49.55958663800004],[6.745573914000033,49.55779891000003],[6.756876791000025,49.56144087700005],[6.767499886000053,49.56904346400006],[6.779639703000043,49.57128847400003],[6.803374224000038,49.58862278500004],[6.812970574000076,49.59141677500003],[6.835420765000038,49.58293205200005],[6.84044104000003,49.58807137400004],[6.83912461400007,49.592636010000035],[6.846424026000022,49.59080944600004],[6.857310786000028,49.604588023000076],[6.864152065000042,49.60786750200003],[6.869910731000061,49.60781756700004],[6.878685345000065,49.60209286700007],[6.886752781000041,49.612328656000045],[6.893931640000062,49.61594592100005],[6.919370362000052,49.61648400400003],[6.928026954000075,49.61260480000004],[6.929713398000047,49.61690482500006],[6.936366647000057,49.61726587700008],[6.932763171000033,49.63102688500004],[6.946761026000047,49.63490637400008],[6.951411214000075,49.62590869600007],[6.976780229000042,49.634872245000054],[6.980634353000028,49.633025915000076],[6.991534805000072,49.635467893000055],[6.990680655000062,49.62602418800003],[7.001023670000052,49.63088002000006],[7.012397423000039,49.628358657000035],[7.027979960000039,49.639438546000065],[7.059423095000056,49.62997678000005]]]},"properties":{"kind":"state_boundary","name":"Saarland","nuts_id":"DEC","source":"Eurostat GISCO NUTS 2024","source_url":"https://gisco-services.ec.europa.eu/distribution/v2/nuts/nuts-2024-files.html"}},{"type":"Feature","geometry":{"type":"MultiPolygon","coordinates":[[[[12.66705821100004,54.44270679200008],[12.85015751900005,54.44062048900008],[12.914665391000028,54.44457491600008],[12.917806528000028,54.44299814400006],[12.918927945000064,54.43558646400004],[12.926145362000057,54.42936945500003],[12.910993485000063,54.42049929700005],[12.877328525000053,54.41511366900005],[12.85302047700003,54.42095498900005],[12.829766293000034,54.42206371600008],[12.800782412000046,54.410288629000036],[12.78835192300005,54.41641027700007],[12.777092099000072,54.41738240700005],[12.759798045000025,54.41344921700005],[12.741974614000071,54.41539308900008],[12.731993884000076,54.420758283000055],[12.725898887000028,54.415813581000066],[12.677716733000068,54.41735988900007],[12.679702483000028,54.42230660600006],[12.689728807000051,54.42588660100006],[12.687150062000057,54.42889299900003],[12.671619943000053,54.42184899200004],[12.667115744000057,54.41135886600006],[12.661561300000074,54.409238291000065],[12.652025070000036,54.412154892000046],[12.64032573000003,54.42437804900004],[12.640128993000076,54.41834920500003],[12.628201151000042,54.42077737500006],[12.606941586000062,54.40998165600007],[12.58142930400004,54.40448588500004],[12.579721351000046,54.39723901800005],[12.593005063000021,54.390129794000075],[12.590159150000034,54.38781155600003],[12.548997186000065,54.38896265500006],[12.525639457000068,54.37984751600004],[12.52048140100004,54.36961547000004],[12.518377135000037,54.373300295000035],[12.497614033000048,54.38163810400005],[12.436138416000063,54.37908913900003],[12.415282055000034,54.36531450500007],[12.42079158200005,54.34778555100007],[12.41999461000006,54.34078130100005],[12.415858539000055,54.336152482000045],[12.391472307000072,54.343245754000066],[12.38720375400004,54.33986054500008],[12.395761398000047,54.33179187500008],[12.393868789000066,54.322462458000075],[12.382505071000026,54.31114553700007],[12.365606267000032,54.309247620000065],[12.359764390000066,54.30251433300003],[12.365669197000045,54.291240420000065],[12.37915692200005,54.278452472000026],[12.36819244700007,54.267372203000036],[12.399803520000034,54.25083534400005],[12.417844079000076,54.24658273500006],[12.457638076000023,54.24754337600007],[12.458862427000042,54.25061222900007],[12.450350430000071,54.25422166100003],[12.418715915000064,54.258818921000056],[12.410001112000032,54.26905525800004],[12.408738992000053,54.27824299300005],[12.418103483000039,54.28898025500007],[12.434053634000065,54.29603331800007],[12.477572480000049,54.30385038500003],[12.479345352000053,54.31101206100004],[12.472201131000077,54.32268714000003],[12.473979729000064,54.32938617000008],[12.528433474000053,54.33478492200004],[12.53740371300006,54.34057947600007],[12.53650175000007,54.34613918100007],[12.540023026000028,54.351320187000056],[12.553253874000063,54.35643080600005],[12.538394615000072,54.365639540000075],[12.555684017000033,54.374727018000044],[12.577250445000061,54.37213497000005],[12.57551944200003,54.35912175000004],[12.584269583000037,54.35653804100008],[12.594083399000056,54.35901663300007],[12.603731589000063,54.369919948000074],[12.645373422000034,54.38084400400004],[12.669793006000077,54.39140144000004],[12.669636481000055,54.39496768500004],[12.661521013000026,54.399943439000026],[12.662377113000048,54.40543513500006],[12.709345498000062,54.409745505000046],[12.712702114000024,54.405335216000026],[12.693951920000075,54.40141377600003],[12.689147481000077,54.397482066000066],[12.687109193000026,54.393704393000064],[12.689703636000047,54.38546121200005],[12.676334223000026,54.37092205400006],[12.685554381000031,54.37088646900003],[12.684079018000034,54.37488310700007],[12.693367120000062,54.38186331600008],[12.699154695000061,54.397148515000026],[12.711033513000075,54.398834151000074],[12.714041965000035,54.39659597500008],[12.714309204000074,54.38638534800003],[12.720583040000065,54.37227689100007],[12.736671943000033,54.371144653000044],[12.74422708800006,54.38022535700003],[12.755587368000022,54.37152138500005],[12.767134620000036,54.37180895400007],[12.777333498000075,54.39148679200008],[12.786331415000063,54.395303873000046],[12.784839790000035,54.38157724100006],[12.802583107000032,54.37145207600008],[12.810462955000048,54.34590421900003],[12.818627391000064,54.350939434000054],[12.846750343000053,54.35139897600004],[12.879668842000058,54.36674857400004],[12.88381554800003,54.37137952000006],[12.885956168000064,54.384672511000076],[12.899188113000037,54.40193629700008],[12.924677235000047,54.41312812700005],[12.953087266000068,54.41643780800007],[12.958662085000071,54.42262788000005],[12.989452322000034,54.42588395100006],[13.003977022000072,54.43778097500007],[13.016403782000054,54.439110533000076],[13.028359030000047,54.436129004000065],[13.033705938000026,54.431146959000046],[13.033918104000065,54.425711171000046],[13.02443650500004,54.420741504000034],[13.02183205800003,54.41132528900005],[13.025725531000035,54.397540811000056],[13.029590821000056,54.39386861300005],[13.048877874000027,54.38050950300004],[13.075548315000049,54.382074371000044],[13.083021753000025,54.378628502000026],[13.092615322000029,54.36677965000007],[13.075831997000023,54.34580086700004],[13.087730047000036,54.32184934300005],[13.099411155000041,54.31646755400004],[13.110496504000025,54.30614792200004],[13.110685033000038,54.300631972000076],[13.104143027000077,54.291240420000065],[13.107069679000062,54.28215593400006],[13.132126707000054,54.26967068000005],[13.149886202000062,54.268562958000075],[13.166392906000056,54.27710971600004],[13.176047015000051,54.27031932600005],[13.174139041000046,54.26732546900007],[13.159085882000056,54.266155953000066],[13.145306617000074,54.25903961700004],[13.142707049000023,54.25428351900007],[13.16023443000006,54.259191884000074],[13.167870805000064,54.265653298000075],[13.17428807300007,54.26367037700004],[13.18510120600007,54.265832974000034],[13.191115061000062,54.25951302800007],[13.215292627000053,54.24946878500003],[13.212742931000037,54.24477015200006],[13.216995551000025,54.241207588000066],[13.259892637000064,54.24071036500004],[13.285452087000067,54.235504923000065],[13.296463740000036,54.22540792600006],[13.306474985000023,54.204823013000066],[13.32753871500006,54.18459903000007],[13.339151096000023,54.18049951800003],[13.330243633000066,54.16507461800006],[13.348728067000025,54.166819333000035],[13.378381520000062,54.17585036100007],[13.405824384000027,54.16603955000005],[13.402781633000075,54.16119575300007],[13.380180907000067,54.15179652000006],[13.383884804000047,54.14454451900008],[13.388650040000073,54.14323207000007],[13.406566146000046,54.15221885400007],[13.40941224200003,54.14733923000006],[13.427163273000076,54.13767747300005],[13.439445987000056,54.121400410000035],[13.441135890000055,54.11085429800005],[13.459118493000062,54.09060270600003],[13.490380729000037,54.08395569800007],[13.499102323000045,54.08473636600007],[13.500683553000044,54.08802657800004],[13.478024598000047,54.11462998800005],[13.478771481000024,54.11946522000005],[13.507871430000023,54.12787125500006],[13.579239317000031,54.13224143800005],[13.626959752000062,54.14085311500003],[13.696504644000072,54.17156483200006],[13.70764501800005,54.17050505900005],[13.717027742000028,54.16419368000004],[13.710966392000046,54.16024711000006],[13.697622643000045,54.15832150500006],[13.699952644000064,54.149047093000036],[13.731301687000041,54.13713781800004],[13.747962242000028,54.138292195000076],[13.752787328000068,54.132117348000065],[13.766447576000076,54.12654989500004],[13.783383447000062,54.112329103000036],[13.783807939000042,54.10653867500008],[13.788727008000023,54.108927910000034],[13.80474881200007,54.10289418200006],[13.805524908000052,54.09661174100006],[13.795764653000049,54.090027054000075],[13.789060291000055,54.06579150700003],[13.777779827000074,54.05991880900007],[13.783613420000052,54.05419110400004],[13.782460164000042,54.048409],[13.763710925000055,54.03695666900006],[13.74480963700006,54.03053576800005],[13.75640118800004,54.02611000300004],[13.760699884000076,54.01676589200008],[13.76712524900006,54.01160849000007],[13.79678117900005,53.99576989600007],[13.812759048000032,53.99453221400006],[13.833657874000039,53.98411740200004],[13.853656529000034,53.964114187000064],[13.85409394900006,53.95240265100006],[13.878072342000053,53.95050862900007],[13.884566630000052,53.94443506600004],[13.893631234000054,53.94231526200008],[13.90867167500005,53.92956667300007],[13.91352736400006,53.92057824200003],[13.90178411100004,53.91078338900007],[13.877530411000066,53.906181461000074],[13.856389549000028,53.893842154000026],[13.847304802000053,53.87871874000007],[13.826247357000057,53.87762453400006],[13.823075488000029,53.87453768300003],[13.823183656000026,53.86497957000006],[13.80770887500006,53.85956257700008],[13.807635349000066,53.85568035500006],[13.814575140000045,53.85334656900005],[13.814217722000024,53.84773344000007],[13.820099205000076,53.84641172200003],[13.819152441000028,53.84194505500005],[13.848557307000021,53.84296561700006],[13.867680234000034,53.834960616000046],[13.87517065000003,53.82051929600004],[13.90005569400006,53.80329638400008],[13.915009661000056,53.805409903000054],[13.922590236000076,53.798265608000065],[13.93271487000004,53.79674776600007],[13.971518377000052,53.772516077000034],[14.049676635000026,53.75306884100007],[14.062443359000042,53.75390927300003],[14.078824262000069,53.74625718600004],[14.103502884000022,53.74024204700004],[14.125114150000059,53.73746810500006],[14.165947206000055,53.741552297000055],[14.174279027000068,53.73587367200008],[14.181888966000031,53.73551376200004],[14.22955452900004,53.76029074600007],[14.247327685000073,53.75853746400003],[14.26138800900003,53.75220931900003],[14.269986173000063,53.73996554300004],[14.264851623000027,53.730781225000044],[14.254115972000022,53.72182325000006],[14.217114437000077,53.707517377000045],[14.215959067000028,53.702804239000045],[14.241674457000045,53.69442716300006],[14.267504724000048,53.69788047700007],[14.28325428100004,53.68161122300006],[14.281371711000077,53.673875992000035],[14.272382788000073,53.66707326900007],[14.274822762000042,53.662846425000055],[14.28401698500005,53.658698050000055],[14.284338036000065,53.63531074200006],[14.316374599000028,53.616999718000045],[14.31188122900005,53.579407923000076],[14.313038865000067,53.564887173000045],[14.30365916200003,53.55421555200007],[14.306627243000037,53.543990560000054],[14.317177315000038,53.53421784300008],[14.316729186000032,53.524135355000055],[14.326816281000049,53.504747646000055],[14.350205764000066,53.49567798500004],[14.357526696000036,53.45917259400005],[14.370907232000036,53.455075779000026],[14.369161035000047,53.43392046800005],[14.373508030000039,53.40957739100003],[14.394661088000078,53.37542648200008],[14.390296847000059,53.353746853000075],[14.404753687000039,53.346956842000054],[14.412156848000052,53.329636082000036],[14.394546949000073,53.32847349100007],[14.382409634000055,53.32374079400006],[14.37587462600004,53.31643514700005],[14.363497988000063,53.317383618000065],[14.347434472000032,53.310359334000054],[14.316569475000051,53.31233554700003],[14.30005503700005,53.28589699400004],[14.26294802600006,53.27555939500007],[14.26604859500003,53.25959506600003],[14.212427941000044,53.25519669100004],[14.199280867000027,53.261402866000026],[14.177552985000034,53.262046532000056],[14.159528784000031,53.26755269000006],[14.12389635900007,53.26032115800007],[14.098817515000064,53.261671998000054],[14.105812983000021,53.27847323100008],[14.133487775000049,53.29879915200007],[14.203441260000034,53.341016581000076],[14.223269010000024,53.358556469000064],[14.241912041000035,53.388653358000056],[14.243283359000031,53.398633500000074],[14.23807376800005,53.413931028000036],[14.240405370000076,53.42364955600004],[14.22466147800003,53.43424806000007],[14.206212273000062,53.42356844700004],[14.180096200000037,53.422688608000044],[14.138356799000064,53.44012086400005],[14.121844208000027,53.44170760000003],[14.105326281000032,53.42320287100006],[14.09227598700005,53.42112337400005],[14.08371237800003,53.41608972800003],[14.082291178000048,53.41178927100003],[14.069624751000049,53.41471317400004],[14.050578078000058,53.41398796800007],[14.045604152000067,53.42942557200007],[14.009693330000061,53.43026604900007],[14.00103630600006,53.434434055000054],[13.943100530000038,53.42991686100004],[13.917271700000072,53.42244493000004],[13.902893591000065,53.432025088000046],[13.910538104000068,53.43623468200008],[13.90743318400007,53.44415887500003],[13.916560883000045,53.446877047000044],[13.918213422000065,53.45599854200003],[13.877024764000055,53.47316256300007],[13.883663239000043,53.48456275700005],[13.874362956000027,53.49072694800003],[13.879268069000034,53.50414013800008],[13.84840465800005,53.51431048500007],[13.823127655000064,53.51825798400006],[13.821608768000033,53.52352280800005],[13.799025788000051,53.54597698300006],[13.801841842000044,53.55568397800005],[13.799667279000062,53.55870148500003],[13.790641717000028,53.55757625200005],[13.782867429000078,53.54887401700006],[13.776680100000021,53.53147418100008],[13.780057125000042,53.52220365100004],[13.77844053800004,53.51460992700004],[13.791781292000053,53.51080598300007],[13.801809296000044,53.49899768300003],[13.81060993400007,53.50151744100003],[13.82373003400005,53.49861251600004],[13.813548395000055,53.48557385500004],[13.801955038000074,53.47838223300005],[13.78151979100005,53.474494838000055],[13.754621435000047,53.47814831000005],[13.742709577000028,53.485190257000056],[13.73517789500005,53.48186787700007],[13.716409966000072,53.481974699000034],[13.66332800300006,53.457557414000064],[13.651191437000023,53.44483692400007],[13.639476440000067,53.44571345700007],[13.636085636000075,53.44121075500004],[13.636523603000057,53.434447730000045],[13.631066383000075,53.43096839100008],[13.634171611000056,53.42214119500005],[13.625820113000032,53.40995301100003],[13.611379603000046,53.41334578000004],[13.593704133000074,53.40850233300006],[13.573513182000056,53.40766855900006],[13.56639137600007,53.40179008600006],[13.550704693000057,53.39858848400007],[13.547189942000045,53.39396098200007],[13.555150510000033,53.391852233000066],[13.553481241000043,53.38173504400004],[13.555899633000024,53.37666296700007],[13.543301503000066,53.36488938800005],[13.524809795000067,53.364334890000066],[13.517888310000046,53.353102095000054],[13.525261312000055,53.35102062100003],[13.52060666500006,53.33799830000004],[13.521557102000031,53.32046281100003],[13.512189251000052,53.31847906200005],[13.505223106000074,53.32223525900008],[13.505108112000073,53.31663359700008],[13.495230827000057,53.301007311000035],[13.484549100000038,53.29281249700006],[13.463394805000064,53.28958508800008],[13.454151919000026,53.29765716000003],[13.43978592600007,53.29804029600007],[13.435954031000051,53.291318474000036],[13.438564149000058,53.28563823400003],[13.430458130000034,53.28237667700006],[13.40984105900003,53.26214869000006],[13.404344947000027,53.24805998000005],[13.38675124100007,53.24526395300006],[13.358621901000049,53.27749851900006],[13.336186110000028,53.27398843900005],[13.298606497000037,53.28048389300005],[13.273670673000026,53.26543166000005],[13.252713762000042,53.26230563300004],[13.246313114000031,53.25379195000005],[13.249965202000055,53.246952779000026],[13.24046005200006,53.23818693000004],[13.241403438000077,53.23240102400007],[13.22890194100006,53.21719701000006],[13.205925659000059,53.220821672000056],[13.191619003000028,53.23438790700004],[13.186660537000023,53.24641462900007],[13.179927835000058,53.25014841500007],[13.153625477000048,53.24662304800006],[13.150656453000067,53.25015707500006],[13.138460032000069,53.24474006100007],[13.131521563000035,53.23749403900007],[13.118691696000042,53.24073641500007],[13.108425469000053,53.238695558000074],[13.104124187000025,53.23488336200006],[13.107598264000046,53.225970163000056],[13.10490562800004,53.21498265000008],[13.088850250000064,53.21572667500004],[13.078394525000022,53.200436842000045],[13.068532998000023,53.20259667300007],[13.052225113000077,53.199478846000034],[13.026730526000051,53.18518600700003],[13.019754413000044,53.18467644300006],[13.019021978000069,53.17557631200003],[13.00801123900004,53.17174913900004],[13.004818062000027,53.16752334600005],[12.99191176000005,53.16846037300007],[12.976027805000058,53.16466373900005],[12.955137333000039,53.177269065000075],[12.973837802000048,53.18925253800006],[12.976880894000033,53.19736646500007],[12.963178510000034,53.19967322600007],[12.942169633000049,53.19504606900006],[12.941562084000054,53.18876142200003],[12.937316939000027,53.18666705100003],[12.926410943000064,53.187528376000046],[12.925282347000064,53.194015182000044],[12.912448815000062,53.19411736600006],[12.882847752000032,53.18081588100006],[12.861491717000035,53.18807929800005],[12.844929310000055,53.200922827000056],[12.813783761000025,53.19308105200008],[12.807749209000065,53.19629303500005],[12.796071976000064,53.190388186000064],[12.769511401000045,53.18844908800003],[12.757873908000022,53.19504209200005],[12.739492940000048,53.199601392000034],[12.751134985000022,53.208738261000065],[12.75651408400006,53.22398535600007],[12.724438336000048,53.22181259100006],[12.665747328000066,53.23250413300008],[12.666429206000032,53.24052547700006],[12.67381804300004,53.24902839900005],[12.656396210000025,53.25493411400004],[12.628418923000027,53.25455498100007],[12.603698267000027,53.24481895900004],[12.54991340600003,53.26198060100006],[12.529652870000064,53.26462348200005],[12.506414667000058,53.26254802100004],[12.49795688200004,53.255679824000026],[12.467060511000057,53.25600239400006],[12.446570699000063,53.25033654100008],[12.433703970000067,53.259738749000064],[12.429392183000061,53.27345402900005],[12.40030422700005,53.27974268200006],[12.39305762600003,53.28446443900003],[12.39745169300005,53.29451444800003],[12.392078704000028,53.30199778700006],[12.36425084900003,53.30662221300008],[12.32510135800004,53.32130157900008],[12.312805045000061,53.32315146800005],[12.30854735400004,53.32723518500006],[12.290796698000065,53.32842157400006],[12.259631311000021,53.324491376000026],[12.258067806000042,53.32855596200005],[12.245635281000034,53.33343804300006],[12.236237695000057,53.34309494100006],[12.228703203000066,53.35748290500004],[12.212184906000061,53.35316107800003],[12.190448970000034,53.35319989200008],[12.18611418300003,53.34967195300004],[12.185614755000074,53.34335502000005],[12.16907657400003,53.33968080000005],[12.157755166000072,53.34880469900003],[12.152222226000049,53.36047311500005],[12.139441431000023,53.36141663300003],[12.138704603000065,53.35509727700003],[12.133211894000056,53.34882969300003],[12.110881017000054,53.34945906100006],[12.107455763000075,53.34411615400006],[12.090959072000032,53.34504916900005],[12.081998515000066,53.34772933100004],[12.077546798000071,53.36938690100004],[12.061623643000075,53.37141946200006],[12.048723486000029,53.36976462000007],[12.04803365600003,53.36217087400007],[12.053195518000052,53.35649729700003],[12.053799682000033,53.34884165200003],[12.014610831000027,53.33442335900003],[12.022074966000048,53.32128845200003],[12.019172947000072,53.31504683400004],[12.022818461000043,53.30434453200007],[12.019585937000045,53.30073237400006],[12.004567705000056,53.299571574000026],[11.995965588000047,53.29439406600005],[11.984814583000059,53.29954057600003],[11.975568598000052,53.299053780000065],[11.96598272500006,53.28613472500007],[11.949194930000033,53.27254884400003],[11.918375185000059,53.273302983000065],[11.893252631000053,53.277886254000066],[11.889102112000046,53.26947867700005],[11.87049488200006,53.25881009900007],[11.860916883000073,53.24951282600006],[11.81284445600005,53.25390151000005],[11.805433238000035,53.24944363800006],[11.819899531000033,53.24210599000003],[11.828124423000077,53.23168734800004],[11.821922245000053,53.22864642800005],[11.769223649000025,53.227294553000036],[11.735790811000072,53.21808788100003],[11.728390034000029,53.218849076000026],[11.72646271700006,53.23120875300003],[11.714476698000055,53.23217202700005],[11.695429046000072,53.244379482000056],[11.688946035000072,53.24200636200004],[11.666211874000055,53.24399846400007],[11.649936196000056,53.239056351000045],[11.629812583000046,53.24205214400007],[11.588984052000058,53.21623106000004],[11.576464284000053,53.21237190800008],[11.56593067700004,53.21317540000007],[11.555853109000054,53.20797900400004],[11.55881653800003,53.20251971300007],[11.558771431000025,53.18697839600003],[11.565396774000021,53.180828605000045],[11.56255346200004,53.17582710200003],[11.569364829000051,53.166094884000074],[11.555403690000048,53.15098768300004],[11.551031500000022,53.15033878500003],[11.554559237000035,53.13831792800005],[11.546982136000054,53.13089354400006],[11.533577321000053,53.12582576600005],[11.503268992000073,53.122745130000055],[11.49597155300006,53.126802345000044],[11.475825101000055,53.128063635000046],[11.470875246000048,53.13528211600004],[11.45944002400006,53.14028939700006],[11.439723755000045,53.13692804800007],[11.421764248000045,53.14094849700007],[11.412493205000033,53.136823968000044],[11.39562754000002,53.139999989000046],[11.392712693000021,53.128127318000054],[11.399344969000026,53.115818552000064],[11.393171108000047,53.11109724500005],[11.373281967000025,53.11144839200006],[11.358235258000036,53.116055680000045],[11.337604567000028,53.113802597000074],[11.321925424000028,53.11948644800003],[11.293501156000048,53.11693438700007],[11.265732116000038,53.12197796000004],[11.246868188000064,53.135612423000055],[11.230264865000038,53.14241196200004],[11.21098717700005,53.14374779700006],[11.197171454000056,53.136168895000026],[11.184551976000023,53.13699983500004],[11.171861320000062,53.15664406700006],[11.188502111000048,53.165844280000044],[11.194784629000026,53.180229645000054],[11.178654610000024,53.18656022400006],[11.142519385000071,53.19127683900007],[11.137174034000054,53.20165178800005],[11.113714867000056,53.205388887000026],[11.085886174000052,53.21865936200004],[11.06276549000006,53.23529023400005],[11.027919341000029,53.27820845000008],[11.009776088000024,53.28248210700008],[11.004711127000064,53.294810839000036],[11.007863622000059,53.30064224600005],[11.002904690000037,53.30561135100004],[10.998892587000057,53.32003861700008],[10.984071967000034,53.32714876700004],[10.988000377000049,53.33342663800005],[10.961507900000072,53.33804854400006],[10.951542389000053,53.334542630000044],[10.934010576000048,53.33967753400003],[10.926793972000041,53.34820536800004],[10.918365418000064,53.34796446900003],[10.909285195000052,53.33806017100005],[10.881083916000023,53.33463400100004],[10.88148996700005,53.330293521000044],[10.887649386000021,53.326693411000065],[10.88204961200006,53.322298352000075],[10.866042557000071,53.32691188700005],[10.870834904000048,53.32003861700008],[10.866586515000051,53.316455990000065],[10.853805056000056,53.31529518600007],[10.849498039000025,53.31011399400006],[10.835486598000045,53.30572917600006],[10.825195629000063,53.31197879300004],[10.782259821000025,53.32003861700008],[10.76889678200007,53.329330121000055],[10.759931621000021,53.33060365400007],[10.763084445000061,53.338850464000075],[10.738169073000051,53.34315112200005],[10.727042765000022,53.357534573000066],[10.703473560000077,53.36918438500004],[10.61694969000007,53.36974228200006],[10.595046769000021,53.36392761900004],[10.599490519000028,53.37717586100007],[10.61550640400003,53.38437386800007],[10.620119119000037,53.40270653300007],[10.61778128900005,53.41618241500004],[10.625834264000048,53.44336248700006],[10.634904599000038,53.45603303900003],[10.64316307300004,53.45621455500003],[10.654116501000033,53.46131812200008],[10.692973020000068,53.45513789600005],[10.702052518000073,53.47746092600005],[10.720536766000066,53.47644055500007],[10.727006079000034,53.48046727700006],[10.757079993000048,53.484247604000075],[10.776708129000042,53.49523241300005],[10.784737453000048,53.50779966400006],[10.809016340000028,53.51570658000003],[10.824333801000023,53.51374087700003],[10.82351409000006,53.51769582500003],[10.815586320000023,53.52157362500003],[10.819709101000058,53.52385073500005],[10.81985108300006,53.53428954200007],[10.830792563000045,53.54451041500005],[10.825321135000024,53.55651542500004],[10.826420875000053,53.56650829400007],[10.822973326000067,53.57258440700008],[10.826371494000057,53.57569896400008],[10.839822942000069,53.57541388300007],[10.853059802000075,53.56597257800007],[10.911107552000033,53.57257462100006],[10.923390419000043,53.58486728300005],[10.91812305600007,53.59805872900006],[10.922480474000054,53.60400475900008],[10.929562869000051,53.62870702400005],[10.944970469000054,53.640803196000036],[10.946534437000025,53.64613221500008],[10.951918315000057,53.647622495000064],[10.953114054000025,53.657138057000054],[10.94089398500006,53.66542375500006],[10.943315086000041,53.67517059000005],[10.940036005000024,53.68392694100004],[10.922991012000068,53.689803124000036],[10.925284164000061,53.69385444800008],[10.921702240000059,53.698844472000076],[10.888083124000048,53.70494354900006],[10.851581072000045,53.70065114800008],[10.850326137000025,53.70496437000003],[10.824664381000048,53.71148078400006],[10.810949354000059,53.720619044000046],[10.807120291000047,53.72710808800008],[10.80798212700006,53.73767748800003],[10.772127707000038,53.74894111900005],[10.758033106000028,53.74751764000007],[10.75731169900007,53.76079564500003],[10.768633406000049,53.77505687400003],[10.766754332000062,53.780653967000035],[10.772773404000077,53.79382759200007],[10.762964579000027,53.81115294600005],[10.760584423000068,53.82364533100008],[10.748483836000048,53.834378334000064],[10.752240913000037,53.84836712500004],[10.748655259000031,53.85115246300006],[10.772875697000075,53.87369843600004],[10.799947203000045,53.876492581000036],[10.819511743000021,53.89286780000003],[10.84613474300005,53.89713798900004],[10.849193082000056,53.90460581100007],[10.872580496000069,53.91379753800004],[10.879061367000077,53.922163828000066],[10.885964233000038,53.924080624000055],[10.910301066000045,53.91472324600005],[10.902825347000032,53.905841689000056],[10.909439406000047,53.89901716900005],[10.931611573000055,53.900699530000054],[10.956533525000054,53.90922593200003],[10.967132126000024,53.90960217400004],[10.962186354000039,53.913660191000076],[10.94976199100006,53.913442315000054],[10.938030329000071,53.91934930100007],[10.896725053000068,53.92392447000003],[10.896473176000029,53.93559594900006],[10.908754719000058,53.946952586000066],[10.903661397000064,53.956821956000056],[10.93366226300003,53.96510800200008],[10.975661324000043,53.98507305900006],[11.048265775000061,54.007649737000065],[11.094569026000045,54.01367973400005],[11.146326456000054,54.00980352200003],[11.183124700000064,54.01356425600005],[11.190574532000028,54.009083469000075],[11.200342801000033,53.993245941000055],[11.210647273000063,53.98733757800005],[11.23403637000007,53.98257991500003],[11.251305023000043,53.98706907500008],[11.257502269000042,53.98490889000004],[11.258960305000073,53.98126270200004],[11.255197943000042,53.97615623200005],[11.245656163000035,53.97150698200005],[11.24148079500003,53.95414504400003],[11.24665884500007,53.942180001000054],[11.268202348000045,53.93226001100004],[11.286013382000021,53.93118602900006],[11.309894494000048,53.94037856300008],[11.330615069000032,53.95850051300005],[11.338383881000027,53.95685696100003],[11.351616364000051,53.94228707900004],[11.36548186300007,53.93533618400005],[11.389348300000051,53.938901662000035],[11.404932033000023,53.93536179000006],[11.40226460200006,53.922814636000055],[11.434349625000038,53.90815272200007],[11.43866812400006,53.90120654300006],[11.45081402300002,53.900078791000055],[11.446915588000024,53.90769736000004],[11.447954794000054,53.91244347300005],[11.469695013000035,53.925772118000054],[11.47963203300003,53.92769281100004],[11.48185234500005,53.96567453700004],[11.475336380000044,53.96388942400006],[11.47069257000004,53.96639029000005],[11.48416910700007,53.97239493700005],[11.491843366000069,53.97086158400003],[11.498270200000036,53.98470196300008],[11.492878340000061,53.992725645000064],[11.507899714000075,54.01035501100006],[11.53332720900005,54.02003414700005],[11.531746232000046,54.025945206000074],[11.518308820000073,54.02664820500007],[11.523967232000075,54.03332914600003],[11.541795458000024,54.025142550000055],[11.561778331000028,54.028088628000035],[11.58497094300003,54.04550771100003],[11.58470806500003,54.063090027000044],[11.613099814000066,54.070183443000076],[11.623164169000063,54.07742013100005],[11.62533720500005,54.088155474000075],[11.61535107900005,54.10032427500005],[11.607844043000057,54.10272480400005],[11.602518933000056,54.100759786000026],[11.599178976000076,54.095543071000066],[11.586218650000035,54.09170037500007],[11.57577709900005,54.08117913600006],[11.549556964000033,54.064524117000076],[11.540350798000077,54.05442672400005],[11.53394626100004,54.052965346000065],[11.536209579000058,54.05999366000003],[11.534634735000054,54.077428058000066],[11.552425863000053,54.09209391400003],[11.606813553000052,54.106544435000046],[11.680626587000063,54.15242389500003],[11.757195659000047,54.15442795100006],[11.809690990000036,54.145740028000034],[11.858800999000039,54.14613199300004],[12.014765778000026,54.17807148400004],[12.058832371000051,54.17813444800004],[12.085658126000055,54.18273112000003],[12.092904421000071,54.17603736400008],[12.095594678000055,54.16834524200004],[12.085956762000023,54.14343401900004],[12.089461099000061,54.13239948000006],[12.086999778000063,54.121749255000054],[12.090925552000044,54.111227762000055],[12.099165522000021,54.101827195000055],[12.111140416000069,54.09522680100008],[12.14778781900003,54.093916113000034],[12.147657028000026,54.09677716900006],[12.118709261000049,54.097858630000076],[12.102930713000035,54.11051389000005],[12.098216026000046,54.12122923600003],[12.09852287700005,54.15120505800007],[12.103383841000039,54.149102424000034],[12.106008588000066,54.15303885900005],[12.109862105000047,54.15154978400005],[12.109866160000024,54.15720813300004],[12.112995167000065,54.15867549200004],[12.122340961000077,54.15329594500008],[12.124384131000056,54.15685892700003],[12.13303237100007,54.157323431000066],[12.140737887000057,54.17324810300005],[12.121071181000048,54.17683375300004],[12.102456551000046,54.17090587600006],[12.098441944000058,54.177653519000046],[12.111252062000062,54.179753936000054],[12.130928149000056,54.188440839000066],[12.15132415000005,54.204125892000036],[12.175854918000027,54.22951523200004],[12.201023166000027,54.24466922300007],[12.285530692000066,54.27495204500008],[12.334429400000033,54.29589770200005],[12.362700435000022,54.32246946500004],[12.408323308000035,54.377161450000074],[12.44395447200003,54.39834517700007],[12.466437192000058,54.42007977000003],[12.492062358000055,54.463851283000054],[12.51099834200005,54.48262557600003],[12.52641682500007,54.48260055000003],[12.528203613000073,54.46970592800005],[12.543732471000055,54.45979248500004],[12.55854789700004,54.45514076000006],[12.66705821100004,54.44270679200008]]],[[[14.268847232000041,53.70676699100005],[14.25503860200007,53.70151793500003],[14.247281633000057,53.705084819000035],[14.263551341000039,53.71061782000004],[14.268847232000041,53.70676699100005]]],[[[11.429753642000037,53.94061185100003],[11.426639628000032,53.93784118800005],[11.422509217000027,53.94156240800004],[11.427707723000026,53.94327063600008],[11.429753642000037,53.94061185100003]]],[[[14.031530906000057,53.948967923000055],[14.027647311000067,53.947112778000076],[14.022876304000022,53.94954959700004],[14.028486346000022,53.951718474000074],[14.031530906000057,53.948967923000055]]],[[[14.025724185000058,53.95733852500007],[14.021489182000039,53.95680158400006],[14.018292638000048,53.95947162500005],[14.02297018300004,53.96180584400008],[14.025724185000058,53.95733852500007]]],[[[11.482565639000029,53.99909112000006],[11.478081114000076,53.98190562000008],[11.452774243000022,53.95866179200004],[11.446616131000042,53.95983193200004],[11.443230178000022,53.96424183200003],[11.445795200000077,53.977493448000075],[11.444447653000054,53.99507136100004],[11.431055576000063,53.986168844000076],[11.42280530100004,53.962697810000066],[11.39799570100007,53.96600231800005],[11.39350746200006,53.972024386000044],[11.383066663000022,53.97124810500003],[11.376455106000037,53.979457377000074],[11.374039151000034,53.99238790700008],[11.402999409000074,54.00832186800005],[11.455688661000067,54.022954886000036],[11.490291177000074,54.02594745600004],[11.495302280000033,54.016873615000065],[11.492089677000024,54.00453866600003],[11.482565639000029,53.99909112000006]]],[[[13.925783791000072,54.02207777000007],[13.924309451000056,54.01553148200003],[13.917835797000066,54.017726190000076],[13.91426076700003,54.02288182800004],[13.926073221000024,54.03074914800004],[13.932792329000051,54.02919869200008],[13.925783791000072,54.02207777000007]]],[[[11.515854366000042,54.05568189500008],[11.515234055000064,54.043503301000044],[11.509988771000053,54.049637406000045],[11.515854366000042,54.05568189500008]]],[[[12.106874031000075,54.16870195000007],[12.108797234000065,54.16238367900007],[12.103047273000072,54.16540731200007],[12.106874031000075,54.16870195000007]]],[[[13.972084547000065,54.068747382000026],[14.013862807000066,54.05444465900007],[14.046175012000049,54.031887538000035],[14.126438392000068,53.98617471000006],[14.184660915000052,53.946865666000065],[14.22630214000003,53.928652853000074],[14.207627445000071,53.91623617300007],[14.190560196000035,53.91562014200008],[14.189943139000036,53.912538486000074],[14.201699821000034,53.910475828000074],[14.211920447000068,53.89976839000008],[14.215069364000044,53.88089690000004],[14.213077566000038,53.86647943000003],[14.18795616500006,53.87233292600007],[14.115176098000063,53.86962582100006],[14.084986051000044,53.87448952700004],[14.06229538100007,53.869760934000055],[14.038333800000032,53.87408904000006],[14.020015105000027,53.86882347300008],[13.991221393000046,53.849298557000054],[13.941576766000026,53.84383484600005],[13.92098836100007,53.84692135200004],[13.908156150000025,53.84247643100008],[13.881306537000057,53.84058573500005],[13.859993788000054,53.84350433000003],[13.846845234000057,53.85023324300005],[13.828528746000075,53.850352961000056],[13.823203834000026,53.85579774000007],[13.83715015000007,53.87107868700008],[13.852372278000075,53.87096783000004],[13.873853661000055,53.87737842300004],[13.89198497600006,53.87717181100004],[13.905041804000064,53.88559009100004],[13.924240030000021,53.89104394800006],[13.936307113000055,53.913811372000055],[13.930546728000024,53.93594679500006],[13.923011022000026,53.948099755000044],[13.897629549000044,53.966292621000036],[13.899159093000037,53.978862148000076],[13.903655419000074,53.985757774000035],[13.94238845600006,53.99395475500006],[13.962326179000058,53.989199109000026],[13.968103661000043,53.96998399300003],[13.953414179000049,53.95825528800003],[13.953278709000074,53.93988230100007],[13.95960208200006,53.933992501000034],[13.959889262000047,53.942329768000036],[13.969300781000072,53.95089444600006],[13.965040586000043,53.957337593000034],[13.98169473200005,53.961374996000075],[14.01494344200006,53.96023511800007],[14.01158196700004,53.953172746000064],[14.013284991000035,53.94949531000003],[14.02689121800006,53.94415018400008],[14.033761494000032,53.94707776300004],[14.034299807000025,53.94245389900004],[14.039777892000075,53.94182694300008],[14.042030513000043,53.94508049800004],[14.03560003900003,53.95138797000004],[14.04264960300003,53.96195661500008],[14.048226213000078,53.98343410000007],[14.046821856000065,53.99697144700008],[14.040252586000065,54.009779699000035],[14.027993089000063,54.018149392000055],[14.005044941000051,54.01105931700005],[13.994154663000074,54.04488969800008],[13.97996663300006,54.05209956500005],[13.969937902000026,54.059770324000056],[13.969727189000025,54.06292438200006],[13.95250203200004,54.05917369500003],[13.91270387000003,54.06354302500006],[13.915413559000058,54.05848338100003],[13.91019869300004,54.04629062300006],[13.916773334000027,54.04427121000003],[13.920737184000075,54.03427978000008],[13.898937542000056,54.013447195000026],[13.872906200000045,54.00857933900005],[13.859006988000033,54.00234633400004],[13.854406463000032,54.00649713800004],[13.854253802000073,54.013447195000026],[13.86345975300003,54.02315425100005],[13.867319364000025,54.03262953600006],[13.877503471000068,54.03593819500003],[13.876053456000022,54.04329004400006],[13.873100472000033,54.04038076300003],[13.86986773700005,54.04440670200006],[13.855887044000042,54.047907061000046],[13.820976949000055,54.036872317000075],[13.810579235000034,54.03120639500003],[13.799489618000052,54.018814932000055],[13.782940840000037,54.01785337000007],[13.767863287000068,54.021443066000074],[13.764221669000051,54.02650703900008],[13.76657083200007,54.03273135400008],[13.77409145100006,54.04058624500004],[13.781792805000066,54.03963503300008],[13.790694335000069,54.04986413900008],[13.789218423000023,54.05642445600006],[13.797378047000052,54.063610846000074],[13.812321223000026,54.09955148500006],[13.807271436000065,54.10851971300008],[13.789840389000062,54.112787497000056],[13.777781115000039,54.12041042000004],[13.771805201000063,54.132784050000055],[13.756877057000054,54.13706542600005],[13.751605838000046,54.15734233500007],[13.759544823000056,54.16706253600006],[13.784767926000029,54.173603591000074],[13.803801466000039,54.17361342500004],[13.810146107000037,54.17749123100003],[13.817181772000026,54.15748660100007],[13.839085602000068,54.12605652900004],[13.855302427000026,54.112850440000045],[13.899156779000066,54.088736391000054],[13.935107488000028,54.075539510000056],[13.972084547000065,54.068747382000026]]],[[[13.421788334000041,54.167444301000046],[13.410253233000049,54.16493432200008],[13.400553669000033,54.17214098900007],[13.398586590000036,54.180350704000034],[13.41648785500007,54.17392541700008],[13.421788334000041,54.167444301000046]]],[[[13.365335105000042,54.18530457400004],[13.370008892000044,54.181961483000066],[13.351384864000067,54.18273327500003],[13.354973665000045,54.185055],[13.365335105000042,54.18530457400004]]],[[[13.774458390000063,54.20810247600008],[13.771545202000027,54.20119046100007],[13.767293280000047,54.20239094600004],[13.769056316000047,54.208806982000056],[13.774458390000063,54.20810247600008]]],[[[13.923019881000073,54.25012576700004],[13.917151970000077,54.24316395000005],[13.907340998000052,54.24464635700008],[13.916175483000075,54.25054706200007],[13.923019881000073,54.25012576700004]]],[[[13.301806770000042,54.25067510100007],[13.297183843000028,54.249109083000064],[13.291639462000035,54.25235263500008],[13.297834977000036,54.253832310000064],[13.301806770000042,54.25067510100007]]],[[[13.52419082800003,54.31526390000005],[13.525092405000066,54.309382363000054],[13.519344422000074,54.31137317100007],[13.516995671000075,54.31610175600008],[13.52419082800003,54.31526390000005]]],[[[13.129077755000026,54.30773409400007],[13.119798198000069,54.303171011000074],[13.111336297000037,54.31028684000006],[13.126080517000048,54.31620701200006],[13.129077755000026,54.30773409400007]]],[[[13.544135379000068,54.323228002000064],[13.527577288000032,54.31969650600007],[13.53085251500005,54.32626509600004],[13.539208709000036,54.33069756000003],[13.546980708000035,54.32670347200008],[13.544135379000068,54.323228002000064]]],[[[12.529993233000027,54.35039803800004],[12.525389394000058,54.35022195000005],[12.531764189000057,54.357026046000044],[12.532247118000043,54.35473047000005],[12.529993233000027,54.35039803800004]]],[[[12.529319126000075,54.36635367700006],[12.526431832000071,54.36131801000005],[12.522994235000056,54.36312675200003],[12.525118182000028,54.36702711500004],[12.529319126000075,54.36635367700006]]],[[[12.586369069000057,54.37601994100004],[12.582772607000038,54.37455009300004],[12.578852185000073,54.37699031100004],[12.583185258000071,54.379864541000074],[12.586369069000057,54.37601994100004]]],[[[13.219881302000033,54.39989391800003],[13.213633320000042,54.39642050600003],[13.205823380000027,54.39899602200006],[13.21349239400007,54.402729753000074],[13.219881302000033,54.39989391800003]]],[[[12.661276119000036,54.40852134100004],[12.658508933000064,54.404854080000064],[12.653121612000064,54.40568787800004],[12.657095151000021,54.409310832000074],[12.661276119000036,54.40852134100004]]],[[[12.737993883000058,54.41020957500007],[12.729817224000044,54.404250395000076],[12.716614375000063,54.40828127200007],[12.725850923000053,54.413387569000065],[12.737993883000058,54.41020957500007]]],[[[13.12349301100005,54.426688296000066],[13.119357687000047,54.42563331700006],[13.114895009000065,54.428606872000046],[13.12034626600007,54.43010550200006],[13.12349301100005,54.426688296000066]]],[[[12.95866475300005,54.44136131700003],[12.961304606000056,54.43877804500005],[12.958621532000052,54.43736510700006],[12.939588967000077,54.43857867000003],[12.931179334000035,54.43339565400004],[12.924674070000037,54.435740732000056],[12.930222896000032,54.44267295100008],[12.95866475300005,54.44136131700003]]],[[[13.038294284000074,54.443049459000065],[12.97967357300007,54.43687106400006],[13.001713389000031,54.44684847100007],[13.031888173000027,54.45021216100008],[13.05072442100004,54.45616169600004],[13.056120454000052,54.45472056700004],[13.038294284000074,54.443049459000065]]],[[[13.204401974000064,54.46206928300006],[13.201619550000032,54.45890599900008],[13.19589802300004,54.46024723000005],[13.20044547200007,54.463399121000066],[13.204401974000064,54.46206928300006]]],[[[13.159821961000034,54.576112988000034],[13.157411769000078,54.57142758200007],[13.153744949000043,54.57488299700003],[13.15718411000006,54.57802103600005],[13.159821961000034,54.576112988000034]]],[[[13.145608930000037,54.60319298400003],[13.152465305000021,54.58413701500007],[13.14326326500003,54.58269317500003],[13.137321858000064,54.59403030000004],[13.124698787000057,54.58562627600003],[13.11380756400007,54.58312120800008],[13.11499758900004,54.57637886600003],[13.11144478500006,54.56853059000008],[13.116517557000066,54.54758283000007],[13.122691259000021,54.547635695000054],[13.123833686000069,54.54475578500006],[13.095071547000032,54.52658766600007],[13.08435008400005,54.51537059800006],[13.074038729000051,54.497241519000056],[13.071852367000076,54.47234363100006],[13.065180861000044,54.464269053000066],[13.061641790000067,54.47994750700008],[13.097654215000034,54.560326805000045],[13.101549997000063,54.575122511000075],[13.101706292000074,54.592412454000055],[13.12467764400003,54.60436668500006],[13.145608930000037,54.60319298400003]]],[[[13.39179338300005,54.65134807600003],[13.377651803000049,54.63458307800005],[13.38425828800007,54.61141975400005],[13.394180667000057,54.597960313000044],[13.42351584000005,54.578565952000076],[13.459630644000072,54.57081421500004],[13.470763463000026,54.57507739000005],[13.489046998000049,54.57313726000007],[13.54632471800005,54.58002742200006],[13.633894904000044,54.585339884000064],[13.662142710000069,54.57468740400003],[13.676954608000074,54.56420078300005],[13.676460776000056,54.55487203700005],[13.681111198000053,54.543013029000065],[13.677870772000063,54.531538398000066],[13.668142459000023,54.52067102900003],[13.608782202000043,54.49795671100003],[13.598373179000077,54.48833258900004],[13.600067286000069,54.48208974000005],[13.588463370000056,54.48440950400004],[13.575996951000036,54.478120114000035],[13.57056896000006,54.46970077200007],[13.570981409000069,54.45610678000003],[13.589632556000026,54.423483289000046],[13.616025254000022,54.40223122800006],[13.624978781000038,54.39909644000005],[13.643703579000032,54.39918858200008],[13.665143989000057,54.40264083300008],[13.676623177000067,54.39853186300007],[13.704486402000043,54.38029645300003],[13.714289963000056,54.36501842200005],[13.725368951000064,54.35680258100007],[13.755850216000056,54.34133826100003],[13.740262276000067,54.333713276000026],[13.731071156000041,54.324349942000026],[13.72966185100006,54.31838445000005],[13.720072925000068,54.31154788600003],[13.716105835000064,54.29852261700006],[13.722389104000058,54.27479320500004],[13.711863764000043,54.26998728600006],[13.68599492800007,54.28331603400005],[13.69057723000003,54.286002547000066],[13.699117842000021,54.281248368000035],[13.706356320000054,54.28157390100006],[13.70728391800003,54.28756936800005],[13.702655317000051,54.29391647400007],[13.659295890000067,54.28830753700004],[13.647481869000046,54.29663509400007],[13.657873248000044,54.304163079000034],[13.697678222000036,54.31646755400004],[13.703263411000023,54.32535343300003],[13.672084589000065,54.32994810500003],[13.61605011000006,54.315703505000045],[13.610621869000056,54.31747562600003],[13.672286297000028,54.336782130000074],[13.68484146700007,54.34677814400004],[13.682453785000064,54.34958094000007],[13.650380288000065,54.349054582000065],[13.637472181000021,54.34411740100006],[13.637216326000043,54.33918104500003],[13.614564208000047,54.33053141500005],[13.603504790000045,54.343891866000035],[13.591049147000035,54.35107741000007],[13.573989923000056,54.35225296200008],[13.56389669400005,54.34449102000008],[13.551632966000057,54.340150857000026],[13.539619682000023,54.34261445000004],[13.519066911000039,54.340406812000026],[13.506968361000077,54.34361765300008],[13.47499130400007,54.33015472800008],[13.46605835500003,54.32935820200004],[13.465503279000075,54.321370441000056],[13.461022186000037,54.31646755400004],[13.441905536000036,54.31235378800005],[13.41692872300007,54.30076853700007],[13.407760775000042,54.28401437000008],[13.387926373000028,54.26784603400006],[13.388936546000025,54.277792539000075],[13.386556645000041,54.27892444000008],[13.374780376000047,54.27814153500003],[13.368302132000053,54.271985166000036],[13.354110067000022,54.26785828200008],[13.355787213000042,54.25350313800004],[13.35896357300004,54.25111036200008],[13.367022840000061,54.25405127700003],[13.36182119700004,54.25813094400007],[13.364943474000029,54.26314229700006],[13.379685413000061,54.254843367000035],[13.393609369000046,54.26414372700003],[13.402924141000028,54.26441739900008],[13.417609214000038,54.254595160000065],[13.422135042000036,54.23764177100003],[13.394159775000048,54.22321409300008],[13.378501436000022,54.229587379000066],[13.325271549000036,54.23802689000007],[13.315278569000043,54.244039470000075],[13.314321416000041,54.24608967700004],[13.32096991800006,54.24715720800003],[13.325339687000053,54.25470590100008],[13.32455724600004,54.26666315700004],[13.337110797000037,54.27584706500005],[13.332742255000028,54.27732932100008],[13.31290924600006,54.267050674000075],[13.315545279000048,54.25855642100004],[13.287054516000069,54.25878907400005],[13.268466920000037,54.25446210000007],[13.250505822000036,54.258467178000046],[13.218232489000059,54.27352249100005],[13.20115088700004,54.27366952400007],[13.197786730000075,54.28134595000006],[13.20008563500005,54.29116134000003],[13.195615966000048,54.29488861900006],[13.180008261000069,54.28866709500005],[13.141481979000048,54.28405514900004],[13.142703673000028,54.295568709000065],[13.15255748900006,54.30184366200007],[13.176065056000027,54.30093186100004],[13.170527470000025,54.30943796400004],[13.133645999000066,54.31843642500007],[13.130341594000072,54.32109550100006],[13.133507210000062,54.32439273800003],[13.116150434000076,54.331541421000054],[13.113921469000047,54.336493637000046],[13.125931445000049,54.36760566300006],[13.13636255800003,54.37294310300007],[13.153616937000038,54.374620253000046],[13.171248726000044,54.37174351200008],[13.195440890000043,54.375403719000076],[13.224859602000038,54.36898972000006],[13.235280661000047,54.37072643700003],[13.239531795000062,54.37743591700007],[13.261446319000072,54.38281546400003],[13.257396566000068,54.38595010600005],[13.240450338000073,54.385610514000064],[13.230353035000064,54.39836453000004],[13.233953793000069,54.40284913000005],[13.244105761000071,54.40485003500004],[13.251207123000029,54.40229634200006],[13.254965908000031,54.40531555600006],[13.236761584000021,54.40596534700006],[13.207486929000027,54.42768562300006],[13.187780114000077,54.42378233800008],[13.154070528000034,54.423645976000046],[13.152944166000054,54.42951632000006],[13.161744468000052,54.43972223600008],[13.166784708000023,54.45212320100006],[13.13414523800003,54.44409769300006],[13.122716327000035,54.447980433000055],[13.146130455000048,54.478927611000074],[13.165185694000058,54.49010390600006],[13.180961843000034,54.49326548600004],[13.224301748000073,54.48225894300003],[13.223008760000027,54.46864442000003],[13.20287858100005,54.46711793800006],[13.187123290000045,54.46123176000003],[13.187471411000047,54.45492980900008],[13.202049690000024,54.450049869000054],[13.206611320000036,54.45956022000007],[13.21474427000004,54.45918845700004],[13.226599030000045,54.46432738300007],[13.23616282300003,54.46309399900008],[13.241944413000056,54.472118298000055],[13.252652663000049,54.47207453600004],[13.267956352000056,54.478806904000066],[13.259818109000037,54.479221488000064],[13.250362172000052,54.48705177100004],[13.235782585000038,54.48337941500006],[13.229294927000069,54.485494336000045],[13.227332329000035,54.49293068000003],[13.230949875000022,54.50698800100008],[13.225631114000066,54.51103145900004],[13.198437273000025,54.50430749100008],[13.173558656000068,54.50753260500005],[13.167634511000074,54.51141250500007],[13.166109816000073,54.50603995500006],[13.160701170000038,54.50439736700008],[13.156875374000037,54.50777663100007],[13.162448552000058,54.51729388100006],[13.159983492000038,54.531786416000045],[13.155152662000035,54.539084098000046],[13.14320857000007,54.54317596300007],[13.145774695000057,54.54552971900006],[13.243561487000022,54.55448534400006],[13.287236802000052,54.54273962900004],[13.294323872000064,54.53633610000003],[13.288709845000028,54.52271007600007],[13.301873708000073,54.51441009900003],[13.308515701000033,54.51640306300004],[13.310970182000062,54.52245692300005],[13.30457420700003,54.528829752000036],[13.306468304000077,54.53835163100007],[13.298247480000043,54.55097660300004],[13.31162428500005,54.56075699000007],[13.349405746000059,54.57870941700003],[13.366635592000023,54.57807672900003],[13.367890525000064,54.575306572000045],[13.353966101000026,54.55440708300006],[13.343352868000068,54.54893713600006],[13.353002739000033,54.54671592700004],[13.364914976000023,54.557137296000064],[13.374354535000066,54.559751884000036],[13.38057193000003,54.546903814000075],[13.396687572000076,54.537126482000076],[13.41415584200007,54.51954025400005],[13.406811979000054,54.506063005000044],[13.412463671000069,54.49505618500007],[13.44141133200003,54.486868102000074],[13.451478265000048,54.47304874400004],[13.466052581000042,54.48031021200006],[13.481279159000053,54.48343601200003],[13.500601033000066,54.481334626000034],[13.500556457000073,54.47904642800006],[13.483401537000077,54.472698395000066],[13.471649162000062,54.457154356000046],[13.475021108000021,54.45174599200004],[13.50473168600007,54.45163165500003],[13.506122679000043,54.44977000200004],[13.500910796000028,54.44510296200008],[13.512050572000021,54.44247547100008],[13.503706325000053,54.43521631500005],[13.480609259000062,54.43586182300004],[13.475655406000044,54.426834073000066],[13.49182369500005,54.42170189400008],[13.503242476000025,54.42518618200006],[13.511197238000022,54.41903576800007],[13.532653421000077,54.41676721500005],[13.540519611000036,54.419746761000056],[13.540503498000021,54.42706342400004],[13.521756939000056,54.429760636000026],[13.520568722000064,54.43300015600005],[13.555995575000054,54.43776259100008],[13.553559938000035,54.445549809000056],[13.530149593000033,54.445385747000046],[13.525148577000039,54.44811353600005],[13.546087872000044,54.45682230800003],[13.548100715000032,54.47490941800004],[13.526748143000077,54.480344881000065],[13.507509348000042,54.47794288500006],[13.503171070000064,54.48058351000003],[13.500711926000065,54.49259992200007],[13.514131579000036,54.51490595800004],[13.501899801000036,54.54687205700003],[13.480550148000077,54.55332335400004],[13.446526850000055,54.55280366000005],[13.425423184000067,54.56763259100006],[13.396639350000044,54.57285935500005],[13.385402724000073,54.581407625000054],[13.383396857000037,54.59657412200005],[13.369589245000043,54.613644614000066],[13.355827383000076,54.61192813300005],[13.348015651000026,54.60101552300006],[13.329333091000024,54.594160516000045],[13.334021750000034,54.58594515800007],[13.332310620000044,54.58250424700003],[13.315526185000067,54.57917793900003],[13.276175856000066,54.56425588900004],[13.24416166900005,54.55978702400006],[13.258596598000054,54.59188918600006],[13.285154294000051,54.62180000200004],[13.287836880000043,54.63085536400007],[13.28602761600007,54.642017527000064],[13.279737247000071,54.64485155400007],[13.26382933800005,54.642482949000055],[13.230997268000067,54.626708069000074],[13.227381640000033,54.62023730300007],[13.235868695000022,54.59962646100007],[13.22681790100006,54.588366533000055],[13.214070229000072,54.584530261000054],[13.173000965000028,54.561035255000036],[13.162557573000072,54.56111147800004],[13.161906016000046,54.565834462000055],[13.166602283000032,54.57242731600007],[13.195762632000026,54.58294058000007],[13.216443855000023,54.59801246600006],[13.224484157000063,54.61103269200004],[13.219655198000055,54.637643499000035],[13.227742358000057,54.64686970200006],[13.268972076000068,54.66734364400003],[13.286580668000056,54.67316331600006],[13.335109737000039,54.675606910000056],[13.363899653000033,54.68123908700005],[13.42671550700004,54.68475703200005],[13.437730609000027,54.67814050700008],[13.427474738000058,54.65973905200008],[13.39179338300005,54.65134807600003]]]]},"properties":{"kind":"state_boundary","name":"Mecklenburg-Vorpommern","nuts_id":"DE8","source":"Eurostat GISCO NUTS 2024","source_url":"https://gisco-services.ec.europa.eu/distribution/v2/nuts/nuts-2024-files.html"}},{"type":"Feature","geometry":{"type":"MultiPolygon","coordinates":[[[[12.856677089000073,51.67805212500008],[12.867511854000043,51.65658790300006],[12.89210287700007,51.66560071600003],[12.894752811000046,51.66193183900003],[12.892069639000056,51.653112183000076],[12.901510363000057,51.64618411200007],[12.912520464000067,51.645006290000026],[12.918682871000044,51.64909315400007],[12.929882251000038,51.64863984100003],[12.94216330300003,51.63800607300004],[12.951116485000057,51.64383336100008],[12.951523116000033,51.64965901700003],[12.970953522000059,51.651000071000055],[12.96805312400005,51.66409024300003],[12.978552425000032,51.66414801700006],[12.978480320000074,51.66781514100006],[12.983048083000028,51.66883020000006],[12.995453160000068,51.66887639300006],[13.005657477000057,51.662699134000036],[13.013294259000077,51.66294127700007],[13.019423029000052,51.65518079700007],[13.018153291000033,51.64532254800008],[13.023895363000065,51.63816899300008],[13.05102479900006,51.64767692700008],[13.08793150200006,51.60870821000003],[13.104654157000027,51.60874067800006],[13.105690535000065,51.61182003700003],[13.12023995900006,51.617582508000055],[13.143600201000027,51.59964928900007],[13.154954823000025,51.600197037000044],[13.160584493000044,51.592271330000074],[13.142047454000021,51.57041471200006],[13.146763329000066,51.56420832800006],[13.15752903200007,51.56383229000005],[13.16082674200004,51.55896961800005],[13.184069356000066,51.557716208000045],[13.19098731300005,51.53877231000007],[13.201161895000041,51.526399017000074],[13.207199022000054,51.52355088200005],[13.208013006000044,51.50947861900005],[13.202876316000072,51.50329934700005],[13.202631107000059,51.49732403200005],[13.197901152000043,51.494524409000064],[13.20011938700003,51.491630257000054],[13.193569289000038,51.48832679900005],[13.182296680000036,51.491959603000055],[13.186543630000074,51.485540154000034],[13.184284070000047,51.470158559000026],[13.203711847000022,51.45572714300005],[13.202028556000073,51.44963231100007],[13.191225230000043,51.43795634700007],[13.185450971000023,51.43801100700006],[13.17560865400003,51.432161535000034],[13.176638843000035,51.42702429700006],[13.187554787000067,51.42545790200006],[13.191276448000053,51.434828078000066],[13.201185078000037,51.431521315000055],[13.203137155000036,51.41587460800008],[13.216964115000053,51.39557437500008],[13.255812882000043,51.39186997100006],[13.267650450000076,51.38529056200008],[13.269280997000067,51.389605938000045],[13.259959010000046,51.395844054000065],[13.260330357000043,51.39944756800003],[13.285247928000047,51.399742883000044],[13.287402869000061,51.41112532500006],[13.327081854000028,51.42668818800007],[13.320322991000069,51.437500372000045],[13.333353387000045,51.43744090700005],[13.337948737000033,51.42916455000005],[13.35909971700005,51.43327159800003],[13.380442739000046,51.42557746700004],[13.382320776000029,51.427914015000056],[13.378208242000028,51.434024375000035],[13.386978837000072,51.44076912300005],[13.389612318000047,51.448129323000046],[13.40073695600006,51.45325800100005],[13.405957518000037,51.451738929000044],[13.409447155000066,51.44321994400008],[13.425428612000076,51.43233027500003],[13.424419226000055,51.42369508100006],[13.445296917000064,51.429602869000064],[13.452590178000037,51.423318047000066],[13.464646810000033,51.42423334800003],[13.467636868000056,51.42070965900007],[13.463281774000052,51.41175349400004],[13.489171261000024,51.40801618900008],[13.495143214000052,51.40352755300006],[13.521035932000075,51.40062849800006],[13.524199157000055,51.381607588000065],[13.536180624000053,51.38080527000005],[13.54516978600003,51.36962084400005],[13.551307646000055,51.37861670500007],[13.569962214000043,51.38566608300005],[13.58985492000005,51.38423510000007],[13.588817927000036,51.38121422900008],[13.59513673400005,51.369907425000065],[13.659869754000056,51.369262794000065],[13.668895391000035,51.37526580200006],[13.682634593000046,51.36846153400006],[13.691250284000034,51.374013070000046],[13.710497031000045,51.36433307800007],[13.739111645000037,51.361201995000044],[13.758456442000067,51.37095637300007],[13.767599432000054,51.36928536600004],[13.762996175000069,51.36382717400005],[13.765259313000058,51.36078203200003],[13.77653742800004,51.36277491200008],[13.78252499100006,51.369668071000035],[13.806134668000027,51.37273056400005],[13.819431129000066,51.36988196300007],[13.835312830000078,51.37678990000006],[13.836171368000066,51.38326789100006],[13.861771169000065,51.38154703500004],[13.870065500000067,51.37665176100006],[13.883679125000072,51.375208060000034],[13.907995527000026,51.37880378700004],[13.910292215000027,51.383438762000026],[13.940345329000024,51.38973056300006],[13.952679527000043,51.396215924000046],[13.971907302000034,51.39282470300003],[13.971597690000067,51.37594545600007],[14.000697480000042,51.37259606400005],[13.997173657000076,51.38371785900006],[14.006798305000075,51.38974745100006],[14.004405537000025,51.39537374500003],[14.010535622000077,51.39781296500007],[14.02693673400006,51.396624376000034],[14.025074485000061,51.40007424100003],[14.017544565000037,51.40118686200003],[14.016689151000037,51.40483483100007],[14.044589789000042,51.418753534000075],[14.038244900000052,51.42844398300008],[14.042795037000076,51.429961768000055],[14.040414438000028,51.43669169400005],[14.059091273000035,51.44609083600005],[14.05401134400006,51.452005901000064],[14.053049789000056,51.46134102500008],[14.037065662000032,51.47142489300006],[14.035728477000077,51.476384936000045],[14.042371435000064,51.478838213000074],[14.071855731000028,51.47223588400004],[14.087503453000068,51.479522013000064],[14.075058265000052,51.492315888000064],[14.093954598000039,51.497832637000045],[14.107111253000028,51.52078300800008],[14.137251226000046,51.52309397700003],[14.130357230000072,51.53365937500007],[14.134383155000023,51.54075942900005],[14.141421567000066,51.543656672000054],[14.213610836000043,51.539596120000056],[14.247750473000053,51.52879782400004],[14.257879260000038,51.53224366500007],[14.277476787000069,51.53108753400005],[14.322116314000027,51.519404371000064],[14.327359882000053,51.50736307600005],[14.337884608000024,51.50637258100005],[14.342511088000037,51.51348445500008],[14.340571128000022,51.52014052800007],[14.354191617000026,51.52132342500005],[14.375797259000024,51.53289224900004],[14.385446805000072,51.534405218000074],[14.38792393500006,51.540730229000076],[14.398359221000021,51.54151008800005],[14.409425636000037,51.53777525900006],[14.439011764000043,51.54421569100003],[14.447770935000051,51.54206902900006],[14.447196683000072,51.551956301000075],[14.452366143000063,51.55574886800008],[14.498814121000066,51.559125245000075],[14.516618046000076,51.55480003900004],[14.547487180000076,51.56361735100006],[14.544438597000067,51.57361508900004],[14.558980098000063,51.57318681600003],[14.569634859000075,51.58119054700006],[14.579038799000045,51.580292221000036],[14.583582454000066,51.575309040000036],[14.599025920000031,51.571750129000065],[14.609887247000074,51.55015007000003],[14.643205942000066,51.55417773500005],[14.67562407500003,51.55146964800008],[14.688179158000025,51.55943934900006],[14.696083785000042,51.575381692000065],[14.705544203000045,51.577100951000034],[14.696647513000073,51.59666095700004],[14.710015342000077,51.59616247300005],[14.72986178900004,51.58177711400003],[14.728341493000073,51.57680812800004],[14.712293373000023,51.56211116800006],[14.717847723000034,51.55510630400005],[14.729637592000074,51.54855353500005],[14.727455123000027,51.53961081800003],[14.729977160000033,51.53075291300007],[14.750841950000051,51.522354635000056],[14.796482496000067,51.51713178700004],[14.81216575700006,51.507046469000045],[14.831356006000021,51.50371091300008],[14.85228194900003,51.48999798800003],[14.864397501000042,51.49029060600003],[14.87246585400004,51.48525171800003],[14.88697662100003,51.487279785000055],[14.898520301000076,51.482254244000046],[14.917881152000064,51.483261637000055],[14.923691766000047,51.48077269200007],[14.927605976000052,51.473621034000075],[14.948103742000058,51.47117810000003],[14.973219953000068,51.44148613200008],[14.971219376000022,51.433784425000056],[14.960046816000045,51.43249102800007],[14.96514945000007,51.426185341000064],[14.966575571000021,51.41734803300005],[14.960060589000022,51.409501040000066],[14.968438865000053,51.39978464600006],[14.96136156700004,51.39580766900008],[14.969799799000043,51.379854925000075],[14.98251988100003,51.37349879700008],[14.969090383000037,51.360903560000054],[14.974511906000032,51.35635087600008],[14.979010904000063,51.341062848000036],[14.995746633000067,51.32228701200006],[15.007038845000068,51.31638165800007],[15.01299098000004,51.30084893000003],[15.02054490100005,51.30055118000007],[15.032372490000057,51.29363116900004],[15.03505010300006,51.27806436700007],[15.04089846100004,51.27343048300003],[15.037612615000057,51.26976093800005],[15.036177142000042,51.258296736000034],[15.02429707400006,51.25123682000003],[15.036307942000064,51.243811771000026],[15.028331734000062,51.24069221000008],[15.025360258000035,51.23251684000007],[15.017067041000075,51.22694575700007],[15.015565796000033,51.21492297700007],[15.010576651000065,51.21306605700005],[15.012441731000024,51.20890611300007],[15.007934227000021,51.20308830500005],[15.00877285200005,51.199692635000076],[15.01413320000006,51.19826613600003],[15.005765581000048,51.19055920800008],[15.008100960000036,51.18388261800004],[15.002500505000057,51.17247814500007],[15.003682198000035,51.16749965900004],[14.993714056000044,51.16129008200005],[14.999941942000078,51.14973516500004],[14.991923875000055,51.14209627300005],[14.99615065100005,51.133401167000045],[14.996120887000075,51.12083985800007],[14.981853690000037,51.116216777000034],[14.979452036000055,51.107207094000046],[14.983837223000023,51.09962501700005],[14.982768468000074,51.09108683900007],[14.978038121000054,51.08617992900008],[14.978565504000073,51.077833256000076],[14.968934898000043,51.07126519000008],[14.970604566000077,51.066237698000066],[14.96246111000005,51.05588611500008],[14.963624847000062,51.050183418000074],[14.952665230000036,51.044904759000076],[14.946201436000024,51.02749148200007],[14.936384085000043,51.02069473500006],[14.93828109900005,51.01311154900003],[14.92904795800007,50.99894187600006],[14.91785767400006,50.99493498900006],[14.918660011000043,50.97550472900008],[14.906557762000034,50.972176062000074],[14.894229677000055,50.951274727000055],[14.894732202000057,50.938841264000075],[14.877043765000053,50.93178820900005],[14.867619352000077,50.91803530100003],[14.852390139000022,50.910529445000066],[14.842115059000037,50.89989180900005],[14.821881105000045,50.887377196000045],[14.817887994000046,50.87920342000007],[14.823362001000078,50.87055037200008],[14.820543763000046,50.859186557000044],[14.810467007000057,50.85032745600006],[14.800841179000031,50.824251581000055],[14.79287716600004,50.81994754900006],[14.790495835000058,50.82408486000003],[14.768231186000037,50.81956290200003],[14.741008616000045,50.829079827000044],[14.722307256000022,50.82216249000004],[14.717205909000029,50.82429776200007],[14.718703337000022,50.83279743800006],[14.706879224000033,50.84058998300003],[14.688674345000038,50.83849238300007],[14.664757253000062,50.849351],[14.64850462000004,50.84900040400004],[14.61879975900007,50.85780447700006],[14.619655558000034,50.86463550000008],[14.637445883000055,50.89843220800003],[14.65237952900003,50.906395806000035],[14.651772306000055,50.92665148800006],[14.64732179400005,50.93153385100004],[14.582902938000075,50.91471736900007],[14.565070218000074,50.91870808200008],[14.560661915000026,50.92537399300005],[14.581095613000059,50.94272436800003],[14.595745097000076,50.96247755400003],[14.592792905000067,50.967024011000035],[14.59960299900007,50.97845721700003],[14.598426346000053,50.98635446900005],[14.58271154700003,50.993086712000036],[14.578065053000046,51.00012806700005],[14.563838855000029,51.00955337400006],[14.53502964200004,51.00381556700006],[14.533861757000068,51.006971564000025],[14.538831715000072,51.01120415200006],[14.533404016000077,51.015676333000044],[14.49958265600003,51.02235579000006],[14.507207677000054,51.04088647200007],[14.505860333000044,51.04389340800003],[14.499136975000056,51.04578835500007],[14.491221239000026,51.04353041100006],[14.493818629000032,51.03573753900008],[14.491146130000061,51.023748813000054],[14.476667085000031,51.025196125000036],[14.465538079000055,51.034762672000056],[14.454997075000051,51.03573507600004],[14.421770903000038,51.01986450900006],[14.391605880000043,51.023660121000034],[14.383981877000053,51.02854877400006],[14.381747963000066,51.03798750200008],[14.361987075000059,51.04542544000003],[14.344938182000021,51.03907906300003],[14.334977403000039,51.04014255000004],[14.317873514000041,51.05469913300004],[14.302491776000068,51.05419823400007],[14.288298024000028,51.04014461100007],[14.277570424000032,51.03827547700007],[14.28519588100005,51.02941559700008],[14.279893923000031,51.01989324500005],[14.281972249000034,51.01558896500006],[14.261501832000022,51.00791592500008],[14.267445936000058,50.99995629300008],[14.25852952200006,50.98798939300008],[14.283341860000064,50.97804199700005],[14.322184505000052,50.98510656600007],[14.329989934000025,50.98239607000005],[14.326807771000063,50.97965193200008],[14.327073563000056,50.97310872500003],[14.314583710000022,50.97257077800003],[14.30394796400003,50.96553439300004],[14.316191439000022,50.960195475000035],[14.313248040000076,50.95385519700005],[14.325564710000037,50.94980519500007],[14.343308455000056,50.94902201600007],[14.372596073000068,50.93872506200006],[14.387412978000043,50.940919886000074],[14.39672813900006,50.93649060800004],[14.402143570000021,50.92407285200005],[14.387079131000064,50.91627612000008],[14.388335046000066,50.900298977000034],[14.372259752000048,50.896596954000074],[14.349980192000032,50.89981201200004],[14.34750837300004,50.892998341000066],[14.304959204000056,50.884479174000035],[14.292469565000033,50.88526637600006],[14.281263051000053,50.892614380000055],[14.269683489000045,50.89518338100004],[14.246294896000052,50.88695738300004],[14.233149965000052,50.88752404000007],[14.235667377000027,50.875922177000064],[14.223292513000047,50.859236413000076],[14.21505720600004,50.85888053900004],[14.200151955000024,50.85157224500006],[14.160954291000053,50.84685082000004],[14.132872349000024,50.83399486700006],[14.088394270000038,50.82526693500006],[14.07973830800006,50.81853803800004],[14.078379919000042,50.81241154700007],[14.039621357000044,50.810358042000075],[14.030892879000078,50.80445634500006],[14.01624061900003,50.81105895600007],[14.00346038300006,50.81026715100006],[14.001463930000057,50.81508374100008],[13.990087604000053,50.81911179400004],[13.956200890000048,50.808377482000026],[13.954464752000035,50.80021706700006],[13.940091641000038,50.790536098000075],[13.920675349000021,50.78908296600008],[13.90359565500006,50.79357340800004],[13.896464297000023,50.78909026500003],[13.898931164000032,50.784523258000036],[13.888062966000064,50.76863037600003],[13.890261722000048,50.76273276900008],[13.901454621000028,50.75318923000003],[13.898492523000073,50.744953433000035],[13.884297931000049,50.73908307600004],[13.863272429000062,50.74259095200006],[13.856467843000075,50.72823602500006],[13.825947626000072,50.72459897700003],[13.806729690000054,50.732878861000074],[13.778245975000061,50.73581784400005],[13.758436584000037,50.73499863500007],[13.739776249000045,50.727709032000064],[13.727126832000067,50.73275999400005],[13.709546411000076,50.72493852300005],[13.712005024000064,50.72015506100007],[13.707373215000075,50.71699390300006],[13.68888361300003,50.719539129000054],[13.667076278000025,50.73132238900007],[13.65217407800003,50.73035993500008],[13.62655211300006,50.72215803100005],[13.62464274000007,50.715358526000045],[13.602253025000039,50.71005865800004],[13.556272106000051,50.714299495000034],[13.525920903000042,50.702905077000025],[13.540757223000071,50.68824878700008],[13.543526757000052,50.67825792700006],[13.539531612000076,50.67303167700004],[13.540573651000045,50.66959590100004],[13.528892131000077,50.666693304000034],[13.514267260000054,50.65487522600006],[13.516387678000058,50.64934475500007],[13.525188784000022,50.648421247000044],[13.523441340000034,50.63971225100005],[13.501846054000055,50.633643033000055],[13.462777515000028,50.60177253400008],[13.442404516000067,50.610447226000076],[13.428365905000021,50.61099802900003],[13.425471648000041,50.61644647500003],[13.415170441000043,50.61696787300008],[13.404988844000059,50.63389792100003],[13.39130166800004,50.64578971200007],[13.381670644000053,50.64588673900005],[13.374268402000041,50.649851659000035],[13.376345294000032,50.62767495700007],[13.364254755000047,50.61810034300004],[13.339862506000031,50.61246460400008],[13.333576290000053,50.60748502900003],[13.326590556000042,50.607915983000055],[13.319468699000026,50.602264208000065],[13.324566197000024,50.58528467100007],[13.321797329000049,50.58129300400003],[13.291504469000074,50.57592486400006],[13.280047986000056,50.592124700000056],[13.25435686000003,50.59482526800008],[13.23466410900005,50.57878358900007],[13.23603994900003,50.57143351000008],[13.223876081000071,50.563638652000066],[13.22834507500005,50.549830256000064],[13.21052904000004,50.530358481000064],[13.207078662000072,50.52202409200004],[13.195923797000034,50.515931],[13.196564994000028,50.50616022100007],[13.193359282000074,50.503172609000046],[13.15385735500007,50.50826589300004],[13.140066254000033,50.50620438300007],[13.130446927000037,50.51785962100007],[13.100928055000054,50.50306511300005],[13.082729321000045,50.50022930700004],[13.055982743000072,50.50125961200007],[13.044074588000058,50.510732989000076],[13.03187484700004,50.50867266500006],[13.031340853000074,50.49933818800008],[13.023826649000057,50.48806285500007],[13.019095239000023,50.466353309000056],[13.022231069000043,50.45139811300004],[13.016444946000036,50.444033467000054],[12.993353932000048,50.430447438000044],[12.982557211000028,50.41982891200007],[12.94177441000005,50.41056916400004],[12.941705712000044,50.407795683000074],[12.948144599000045,50.40431146900005],[12.936258420000058,50.407075415000065],[12.934405433000052,50.41231908800006],[12.913196898000024,50.42297709500008],[12.902432757000042,50.42350486000004],[12.893941346000076,50.43000202500008],[12.82310165000007,50.45823656200008],[12.808857150000051,50.44436753400004],[12.808832230000064,50.43562053100004],[12.79370511600007,50.448806458000035],[12.734855112000048,50.43161352000004],[12.729020786000035,50.42161973800006],[12.708642693000058,50.40846233000008],[12.707056292000061,50.397317643000065],[12.674820262000026,50.41584796800004],[12.649173163000057,50.41074536000008],[12.620049839000046,50.415847134000046],[12.60239159300005,50.40656767000007],[12.583778453000036,50.407078916000046],[12.558118561000072,50.39953643900003],[12.514232894000031,50.39733961100006],[12.487852062000059,50.37184391100004],[12.48834537600004,50.36232502900003],[12.492528219000064,50.35595247900005],[12.489065455000059,50.350295921000054],[12.482714427000076,50.34765725800003],[12.470004811000024,50.354220086000055],[12.463944878000063,50.35296374100005],[12.443946159000063,50.34249547100006],[12.431450514000062,50.323448075000044],[12.399665107000033,50.32178841800004],[12.398642861000042,50.30903380800004],[12.402301825000052,50.30153015900004],[12.399868722000065,50.29513179300005],[12.393792666000024,50.28992550900006],[12.372262315000057,50.285530118000054],[12.363666935000026,50.27863491000005],[12.350105335000023,50.253533907000076],[12.356586072000027,50.24521347000007],[12.350656206000053,50.23769621300005],[12.331822399000032,50.24157729900003],[12.330098884000051,50.22544949600007],[12.334551031000046,50.21901736900003],[12.327512755000043,50.21709865400004],[12.32388250300005,50.20669937100007],[12.336261850000028,50.19459753700005],[12.336586940000075,50.18987157400005],[12.326559194000026,50.18062917700007],[12.335119630000065,50.17200755300007],[12.29493866200005,50.174678510000035],[12.290895209000041,50.17711069000006],[12.289408919000039,50.184871850000036],[12.27820164700006,50.19169976100005],[12.275924436000025,50.19689387500006],[12.285945345000073,50.20354452200007],[12.28700329000003,50.20818139000005],[12.283717233000061,50.21191302400007],[12.28971987600005,50.22086524100007],[12.281735449000053,50.223097747000054],[12.281903155000066,50.22680630800005],[12.275663741000074,50.23194696500008],[12.256085446000043,50.237116799000034],[12.241112842000064,50.24679158100008],[12.249586011000076,50.25493896300003],[12.262701969000034,50.25182068200007],[12.265477679000071,50.25889912000008],[12.252718905000052,50.270625876000054],[12.213466437000022,50.27038428000003],[12.19998008400006,50.27427038900004],[12.201430844000072,50.287820811000074],[12.196289720000038,50.29580793100007],[12.200241081000058,50.308103509000034],[12.18723102000007,50.31203640200005],[12.18365882300003,50.32180757200007],[12.148952009000027,50.32179351000008],[12.123853995000047,50.315626602000066],[12.106959740000036,50.32169218900003],[12.100900625000065,50.31802807500003],[12.09209364800006,50.32569898600008],[12.092418631000044,50.32890246300008],[12.087050992000059,50.33126194600004],[12.079097206000029,50.32764201200007],[12.064406963000067,50.33239364600007],[12.056036468000059,50.327715081000065],[12.049907092000069,50.33052455100005],[12.047672048000038,50.32583381300003],[12.043187319000026,50.33179750700003],[12.033298887000058,50.32970687100004],[12.029525851000074,50.339604103000056],[12.019917828000075,50.34055064700004],[12.014058030000058,50.34659875400007],[11.999544248000063,50.34653768600003],[11.996479094000051,50.35325950200007],[11.98420235900005,50.350185227000054],[11.976043555000047,50.35229263200006],[11.981782490000057,50.357234248000054],[11.979888312000071,50.36933303700005],[11.98362964000006,50.37533480800005],[11.97975223700007,50.37977237700005],[11.97946833900005,50.38979379500006],[11.965837961000034,50.398915472000056],[11.951463103000037,50.39443150200003],[11.94839029600007,50.39922362000004],[11.952811908000058,50.40633074900006],[11.944689081000035,50.41173895500003],[11.944145337000066,50.416470590000074],[11.934595483000066,50.42278626700005],[11.919323122000037,50.424728016000074],[11.925229289000072,50.427578012000026],[11.926248145000045,50.432144341000026],[11.898251250000044,50.43643284700005],[11.889539237000065,50.44255025000007],[11.894045953000045,50.44472506000005],[11.894996885000069,50.44945789500008],[11.917781391000062,50.45472078900008],[11.931686077000052,50.46226158300004],[11.946210190000045,50.45623368400004],[11.946183696000048,50.46356160200003],[11.93833290200007,50.471381919000066],[11.947271618000059,50.47856367700007],[11.960266010000055,50.480860343000074],[11.962036253000065,50.48995094800006],[11.951963877000026,50.49533911700007],[11.943813675000058,50.50561504700005],[11.939280025000073,50.503736006000054],[11.933335746000068,50.50708657100006],[11.932215288000066,50.520611177000035],[11.925247900000045,50.52539659100006],[11.917158018000066,50.52393205100003],[11.916167436000023,50.51696465900005],[11.887935126000059,50.51760329700005],[11.872940376000031,50.53794772800006],[11.873898031000067,50.54178955900005],[11.885743769000044,50.55176529800008],[11.910297032000074,50.55517745800006],[11.917586439000047,50.55942020600003],[11.922972680000044,50.556532170000025],[11.925011401000063,50.563124508000044],[11.932576202000064,50.56895237200007],[11.924757941000053,50.585519161000036],[11.944137313000056,50.59127541300006],[11.959110423000027,50.60325373000006],[11.96764424500003,50.600703992000035],[11.986733346000051,50.60978491600008],[11.980735768000045,50.621609500000034],[11.999435707000032,50.62770460200005],[12.003475147000074,50.634345014000075],[12.01024523700005,50.634898115000055],[12.020560230000058,50.62602994300005],[12.005985554000063,50.612005055000054],[12.021160793000035,50.59904574600006],[12.032076137000047,50.59716891900007],[12.035393427000031,50.59323723800003],[12.031983867000065,50.58354838200006],[12.034133391000069,50.58078720100008],[12.017535554000062,50.56784105600008],[12.030777019000027,50.55719120900005],[12.031494073000033,50.55069279500003],[12.041485954000052,50.553150275000064],[12.05321776900007,50.55167486700003],[12.075260898000067,50.55720011900007],[12.07984717200003,50.57685801000008],[12.101517933000025,50.578940457000044],[12.106441922000045,50.57319302600007],[12.119999220000068,50.56720342700004],[12.128261705000057,50.573585156000036],[12.154957638000042,50.573617453000054],[12.159393659000045,50.57962366400005],[12.158579982000049,50.58311843000007],[12.14566377400007,50.58534139000005],[12.13396586400006,50.582578685000044],[12.111397785000065,50.589195913000026],[12.116414389000056,50.59712891000004],[12.145647311000062,50.605566450000026],[12.14985409600007,50.61569007800006],[12.146775461000061,50.622606906000044],[12.152219673000047,50.62966900600003],[12.169193034000045,50.62874074400003],[12.17472639600004,50.62470465700005],[12.176125571000057,50.61441101100007],[12.182966497000052,50.612484797000036],[12.190734338000027,50.61552324300004],[12.189376137000068,50.62392641000008],[12.198830446000045,50.63209171700004],[12.199436123000055,50.64075372700006],[12.223005779000061,50.631263614000034],[12.229766407000056,50.63157844300008],[12.233397423000042,50.627564515000074],[12.245669677000024,50.63312915600005],[12.264345905000027,50.631239246000064],[12.265433074000043,50.643392412000026],[12.279951458000028,50.644176482000034],[12.298476615000027,50.651830317000076],[12.304733492000025,50.66209497400007],[12.317718132000039,50.66336406200003],[12.31489315500005,50.67035926400007],[12.320924139000056,50.681828937000034],[12.314810391000037,50.68524434400007],[12.308482082000069,50.68322004000004],[12.274421526000026,50.68693247500005],[12.264040967000028,50.69449288200008],[12.264855234000038,50.70281496200005],[12.254574180000077,50.715916682000056],[12.273429767000039,50.72820197400006],[12.263704502000053,50.73704034300005],[12.235823813000025,50.73385611800006],[12.229017146000047,50.73969510100005],[12.22931176700007,50.75715988200005],[12.240124853000054,50.766372243000035],[12.265759874000025,50.76127948000004],[12.284145442000067,50.77397121700005],[12.29016101600007,50.783426906000045],[12.286120728000071,50.78920606300005],[12.255504784000038,50.788838878000035],[12.25211140500005,50.80026433000006],[12.242835555000056,50.809060629000044],[12.250495470000033,50.818537442000036],[12.260393707000048,50.81214837700003],[12.276195500000028,50.817014103000076],[12.278536718000055,50.810573496000075],[12.282492699000045,50.81035817700007],[12.290598665000061,50.82265593000005],[12.296760494000068,50.81683047300004],[12.300970924000069,50.81678501300007],[12.296650168000042,50.82659479100005],[12.299336233000076,50.829618054000036],[12.307592312000054,50.81924003100005],[12.347034851000046,50.82439520600008],[12.347980716000052,50.83687687300005],[12.373596716000065,50.848960014000056],[12.376471808000076,50.853301298000076],[12.37849323000006,50.849555500000065],[12.40279885600006,50.84955123000003],[12.407934603000058,50.856308797000054],[12.412752779000073,50.856714915000055],[12.41693624900006,50.85478773700004],[12.412922975000072,50.84652495200004],[12.42020627200003,50.83958965000005],[12.428809689000047,50.84359125700007],[12.440981472000033,50.84382037700004],[12.44749424400004,50.85656064800003],[12.444151935000036,50.86258404400007],[12.450613056000066,50.86786174500003],[12.46402566200004,50.870124872000076],[12.46081096000006,50.88109785700004],[12.480070211000054,50.888081131000035],[12.486665789000028,50.89389714100008],[12.511120382000058,50.894099072000074],[12.509111319000056,50.90362470700006],[12.519838109000034,50.906968575000064],[12.537634557000047,50.901120795000054],[12.558314635000045,50.90590476700004],[12.573426055000027,50.90107792400005],[12.614504815000032,50.90553237000006],[12.620061290000024,50.909381567000025],[12.640120808000063,50.903073894000045],[12.641978507000033,50.91163492700008],[12.65286313100006,50.91898771700005],[12.652865525000038,50.92367806400006],[12.64440733500004,50.92687718900004],[12.640546996000069,50.93283300100006],[12.625541148000025,50.94222950100004],[12.629232727000044,50.94429902600007],[12.620998118000045,50.97551369700005],[12.60643963800004,50.996053034000056],[12.582864886000038,50.98947118800004],[12.578706916000044,50.98483883100005],[12.566764330000069,50.99284364200008],[12.552090399000065,50.99767667900005],[12.527549969000063,50.99889804800006],[12.528573484000049,51.00235752800006],[12.539356372000043,51.00646783900004],[12.535622153000077,51.015761344000055],[12.537958623000065,51.02368959700004],[12.520233391000033,51.023433520000026],[12.516162061000045,51.02682628800005],[12.515405771000076,51.018570338000075],[12.508490901000073,51.017423576000056],[12.510448738000036,51.02664821400003],[12.503700580000043,51.03433988300003],[12.502959998000051,51.051294358000064],[12.507627356000057,51.054294079000044],[12.50152263900003,51.06407611700007],[12.47053786400005,51.06434604800006],[12.461429427000041,51.06930409700004],[12.45838298600006,51.08455059000005],[12.449629297000058,51.07712012500008],[12.421292774000051,51.07798961200007],[12.410448208000048,51.07285495900004],[12.39272160400003,51.08354560600003],[12.376041145000045,51.077609575000054],[12.368021756000076,51.078598971000076],[12.355142274000059,51.08383930200006],[12.35579634100003,51.093682519000026],[12.332073508000065,51.10321775500006],[12.319426673000066,51.09427455500003],[12.304133715000034,51.09658075100003],[12.291149423000036,51.09153464000008],[12.283546929000067,51.091924025000026],[12.275721755000063,51.09877201100005],[12.254380225000034,51.09789932500007],[12.227882426000065,51.106513316000076],[12.224080955000034,51.11154302800003],[12.22430179500003,51.12032521100008],[12.241284293000035,51.12977749400005],[12.229815060000021,51.13623169700003],[12.196192329000041,51.14190744500007],[12.197325375000048,51.158522118000064],[12.211391355000046,51.173561919000065],[12.212175212000034,51.18290673400003],[12.192075308000028,51.18515266700007],[12.175325557000065,51.18232804500008],[12.174460112000077,51.189240934000054],[12.190668024000047,51.19591709600007],[12.19073097300003,51.20454626700007],[12.20364676500003,51.214559559000065],[12.197567527000047,51.21857127800007],[12.192933615000072,51.235464612000044],[12.199492131000056,51.23841898400008],[12.193538553000053,51.241270136000026],[12.188945283000066,51.256790100000046],[12.174755150000067,51.25875066300006],[12.172791792000055,51.26539086000008],[12.166727981000065,51.26685794300005],[12.171814502000075,51.28417792000005],[12.168797007000023,51.292321472000026],[12.158075765000035,51.293000248000055],[12.156386233000035,51.30531214300004],[12.149038960000041,51.31982339100006],[12.163102052000056,51.321115330000055],[12.168682929000056,51.327116826000065],[12.193544297000074,51.33251859000006],[12.190881602000047,51.34964612400006],[12.194275830000038,51.35852620900005],[12.18726145900007,51.36427068200004],[12.189887938000027,51.36925114700006],[12.183969514000069,51.37149483700006],[12.185766107000063,51.37737107800007],[12.17701981600004,51.37738315400003],[12.173417046000054,51.38397222200007],[12.181557663000035,51.38792714500005],[12.177399398000034,51.39183316300006],[12.176956768000025,51.404921064000064],[12.173533224000039,51.41025697300006],[12.183202387000051,51.41077097900006],[12.182614046000026,51.41435204100003],[12.186680489000025,51.41444143900003],[12.189821968000047,51.42085336800005],[12.18588741000002,51.421976114000074],[12.180972353000072,51.432410633000075],[12.15828725800003,51.432940494000036],[12.157414954000046,51.45093284600006],[12.148672585000043,51.45949494400003],[12.150281082000049,51.462777043000074],[12.174325215000067,51.46925757200006],[12.177138144000025,51.482110222000074],[12.20208135200005,51.485721753000064],[12.207820816000037,51.50093039400008],[12.19396923000005,51.50712796900007],[12.191305972000066,51.52205415000003],[12.193633846000068,51.53067366800008],[12.198938751000071,51.531320556000026],[12.211340862000043,51.541821379000055],[12.230157620000057,51.54773226800006],[12.231061753000063,51.55228283000008],[12.23514738700004,51.55377272800007],[12.233839361000037,51.560523035000074],[12.241424582000036,51.56573675200008],[12.246338756000057,51.56566413500008],[12.251272903000029,51.559895933000064],[12.290024170000038,51.56079846400007],[12.295713522000028,51.56582920000005],[12.312686057000064,51.568690598000046],[12.322001274000058,51.57775093200007],[12.341634345000045,51.58073795200005],[12.33785656300006,51.58607495700005],[12.367681138000023,51.583087085000045],[12.370090079000022,51.586903747000065],[12.391781128000048,51.58776090200007],[12.410385452000071,51.58243390500007],[12.424192963000053,51.58263562600007],[12.42712103200006,51.59777635800003],[12.435601829000063,51.598946528000056],[12.43793873800007,51.60503715800007],[12.444700581000063,51.60957201200006],[12.461235518000024,51.60367667400004],[12.485295976000032,51.604009904000065],[12.48622516000006,51.60129365100005],[12.47834556600003,51.59601956700004],[12.482942016000038,51.59396660600004],[12.496147668000049,51.59726467000007],[12.49886273800007,51.60382958800005],[12.50761331700005,51.60774878800004],[12.539847816000076,51.60294632700004],[12.546960831000035,51.60814497200005],[12.558599751000031,51.60881068700007],[12.564236705000042,51.61420796800007],[12.574722515000076,51.61660444200004],[12.580262893000054,51.62606552200003],[12.593788372000063,51.618626662000054],[12.605547630000046,51.62625953500003],[12.62097876100006,51.62742196200003],[12.626497492000055,51.625019604000045],[12.62126573300003,51.61692871000008],[12.609602904000042,51.610914523000076],[12.64679407400007,51.62005875500006],[12.650367344000074,51.62534964900004],[12.664455060000023,51.63109844600007],[12.667812711000067,51.64287331400004],[12.687284262000048,51.66184723300006],[12.713686608000046,51.66166792800004],[12.770473792000075,51.64730509900005],[12.781244473000072,51.65332034000005],[12.79151772800003,51.66470378100007],[12.830460636000055,51.67624874900008],[12.830096898000022,51.68166335300003],[12.844214284000032,51.68395397300003],[12.856677089000073,51.67805212500008]]],[[[13.103851018000057,51.61276555100005],[13.099059898000064,51.611758887000065],[13.097815328000024,51.61760081400007],[13.103102730000046,51.61520511300006],[13.103851018000057,51.61276555100005]]]]},"properties":{"kind":"state_boundary","name":"Sachsen","nuts_id":"DED","source":"Eurostat GISCO NUTS 2024","source_url":"https://gisco-services.ec.europa.eu/distribution/v2/nuts/nuts-2024-files.html"}},{"type":"Feature","geometry":{"type":"MultiPolygon","coordinates":[[[[9.649977092000029,49.780542439000044],[9.644995511000047,49.77664286500004],[9.65186581200004,49.766371467000056],[9.639216096000041,49.754217416000074],[9.644601230000035,49.745171036000045],[9.63972435200003,49.74122099200008],[9.645871245000023,49.737737640000034],[9.63090250700003,49.73124506800008],[9.63999397300006,49.72331645600008],[9.626331882000045,49.70466845200008],[9.633036941000057,49.69403708300007],[9.652274866000027,49.68847049900006],[9.675033882000037,49.69362784300006],[9.67845064200003,49.71616187600006],[9.700170807000063,49.71796322200004],[9.70486039800005,49.72469006100005],[9.711135887000069,49.726987070000064],[9.71498510500004,49.710165620000055],[9.719906503000061,49.70243909000004],[9.727588719000039,49.69831269900004],[9.728056989000038,49.69007474700004],[9.738263335000056,49.68857847700008],[9.74915425200004,49.69579729700007],[9.755159697000067,49.71133517000004],[9.770399894000036,49.71956656100008],[9.786927737000042,49.72263024400007],[9.791707778000045,49.73009557100005],[9.797675900000058,49.73107099400005],[9.79759029500002,49.72076248500008],[9.831744808000053,49.702982113000076],[9.834936312000025,49.691866471000026],[9.832972765000022,49.687886984000045],[9.838328340000032,49.681520627000054],[9.830485833000068,49.68054036500007],[9.824465334000024,49.672888801000056],[9.82302815600002,49.66519874200003],[9.832145742000023,49.65937545600008],[9.830315747000043,49.65266851900003],[9.835854477000055,49.64642686700006],[9.854100041000038,49.641920017000075],[9.864830638000058,49.625418843000034],[9.869578338000053,49.60984705300007],[9.861114608000037,49.60816807200007],[9.857547556000043,49.602110829000026],[9.842413566000062,49.59557795900008],[9.847936362000041,49.57890054300003],[9.835661309000045,49.56851460400003],[9.811544857000058,49.555682596000054],[9.817117692000068,49.55772768700007],[9.828800148000028,49.55178787600005],[9.857245466000052,49.545974587000046],[9.865878966000025,49.55651779300007],[9.865480852000076,49.56744988200006],[9.873777072000053,49.57259320500003],[9.876590211000064,49.57835771100008],[9.899054061000072,49.58760966800003],[9.910920499000042,49.58591330200005],[9.913590492000026,49.58109245000003],[9.902427939000063,49.572340386000064],[9.898643,49.56340554600007],[9.921933731000024,49.562482696000075],[9.924232801000073,49.558236101000034],[9.920811399000058,49.55380762300007],[9.926180900000077,49.55160065000007],[9.920912130000033,49.54411407500004],[9.92440037700004,49.538235143000065],[9.923739711000053,49.52561248400008],[9.917611453000063,49.51888409600008],[9.92342685400007,49.50610933400003],[9.91659958300005,49.499138825000045],[9.916298290000043,49.49161325800003],[9.92688309500005,49.485013372000026],[9.953360154000052,49.48096689800008],[9.958967137000059,49.48385314400008],[9.975700883000059,49.485245414000076],[9.973541803000046,49.48189786300003],[9.992258327000059,49.48620767800003],[10.009698099000047,49.48353299200005],[10.019246089000035,49.48645342700007],[10.028797459000032,49.50324842400005],[10.047210796000059,49.50769573800005],[10.056136365000043,49.51623449300007],[10.055465765000065,49.52027130000005],[10.041442354000026,49.529297462000045],[10.057956532000048,49.53616597900003],[10.06279310900004,49.54493037100008],[10.083723320000047,49.54356090300007],[10.088591843000074,49.53041493200004],[10.079823240000053,49.527033664000044],[10.078193084000077,49.51987570600005],[10.083573475000037,49.51310044500008],[10.104996593000067,49.51449050700006],[10.119919061000076,49.50934952700004],[10.10089967500005,49.49131052000007],[10.102203505000034,49.485759279000035],[10.118327538000074,49.47316953400008],[10.120898081000064,49.463760216000026],[10.107076435000067,49.461945865000075],[10.106080323000072,49.458733523000035],[10.097794416000056,49.45540395100005],[10.095867843000065,49.44822166100005],[10.109226646000025,49.44099237100005],[10.11746935900004,49.44367493400006],[10.132493187000023,49.43730183900004],[10.139419400000065,49.42386034900005],[10.150390470000048,49.41247350100008],[10.152217058000076,49.401015406000056],[10.160056484000052,49.394828294000035],[10.159271174000025,49.390788529000076],[10.143179166000039,49.38498757600007],[10.125560359000076,49.38755288300007],[10.111966667000047,49.384910492000074],[10.108272015000068,49.37878620200007],[10.116729873000054,49.36903142700004],[10.113746212000024,49.36128890600003],[10.12120711800003,49.35769441100007],[10.123129962000064,49.35223252500003],[10.109576892000064,49.351685442000075],[10.104042142000026,49.34601112900003],[10.104661434000036,49.339713535000044],[10.112571665000075,49.33463733000008],[10.107993620000059,49.33250465400005],[10.123661061000064,49.324910869000064],[10.132710919000033,49.32774345800004],[10.140034735000029,49.324924801000066],[10.144401642000048,49.31699779200005],[10.132529651000027,49.30500309400003],[10.133993898000028,49.29677199900004],[10.156620622000048,49.28075910300004],[10.150007299000038,49.27871530300007],[10.145423631000028,49.26894597100005],[10.135662547000038,49.26366899200008],[10.128599873000041,49.26349868300008],[10.125181887000053,49.27338677100005],[10.116712179000046,49.267667293000045],[10.112899416000062,49.25678429100003],[10.128305713000032,49.25449445900006],[10.131535736000046,49.25095009100005],[10.119828856000026,49.247358001000066],[10.124021755000058,49.24461247800008],[10.127719874000036,49.22336904300005],[10.13953361700004,49.21240675300004],[10.139013208000051,49.209540547000074],[10.12898455900006,49.209702064000055],[10.12598054700004,49.200437055000066],[10.12911747100003,49.19690459800006],[10.136081127000068,49.19962307000003],[10.152648212000031,49.19319201600007],[10.161256888000025,49.18321727000006],[10.171029474000022,49.178275402000054],[10.180415585000048,49.18161546600004],[10.178440748000071,49.173818029000074],[10.18874511100006,49.17304914200008],[10.200068977000058,49.15605521200007],[10.216219798000054,49.16307648900005],[10.231146600000045,49.15707298400008],[10.237105598000028,49.149742049000054],[10.247781301000032,49.14813644000003],[10.254562446000023,49.13901170400004],[10.251771974000064,49.13389009600007],[10.256947684000068,49.12905052700006],[10.230877816000032,49.11895124100005],[10.22709906800003,49.11187139100008],[10.214963337000029,49.112319452000065],[10.214344849000042,49.105129642000065],[10.204997406000075,49.09811886800003],[10.213007108000056,49.094998489000034],[10.22241406300003,49.09709644600008],[10.230141870000068,49.09027760500004],[10.248482501000069,49.09145540500003],[10.246705244000054,49.08036093000004],[10.23517978600006,49.07543502100003],[10.256914142000028,49.07024944700004],[10.261330152000028,49.06177584500006],[10.25676339000006,49.05949499600007],[10.252215008000064,49.040234689000044],[10.264446726000074,49.04399976800005],[10.28350449900006,49.03709364900004],[10.29566171600004,49.04199402900008],[10.30112084500007,49.03915196100007],[10.303515272000027,49.03212481000003],[10.320476486000075,49.02571605900005],[10.326098767000076,49.02563735600006],[10.327986292000048,49.029085586000065],[10.332311570000059,49.02717796100006],[10.333760374000065,49.03090683500005],[10.338558970000065,49.02762128900008],[10.34925258000004,49.02785388600006],[10.349829597000053,49.02320723100007],[10.345737778000057,49.01808940300003],[10.35534664000005,49.012971081000046],[10.353473407000024,49.00600140000006],[10.372808836000047,49.00323939200007],[10.380942638000022,48.998504351000065],[10.381771791000062,48.98850811300008],[10.39441229700003,48.98946235200003],[10.40984932300006,48.97743556900008],[10.40397064800004,48.97486740800008],[10.403681736000067,48.96679041900006],[10.417538806000039,48.968241083000066],[10.424245188000043,48.96206607600004],[10.419458055000064,48.95917611900006],[10.428511320000041,48.95518012100007],[10.432845408000048,48.94574388800004],[10.444136897000021,48.94506195000008],[10.448347096000077,48.93712353700005],[10.439356365000037,48.93289241400004],[10.455961333000062,48.92120743500004],[10.453891464000037,48.91499938000004],[10.44267866000007,48.90893107100004],[10.424890766000033,48.90758575900003],[10.42599214300003,48.902410522000025],[10.439128485000026,48.89915723800004],[10.449397118000036,48.89258403900004],[10.452809070000058,48.88647894300004],[10.447027657000035,48.87733987300004],[10.452580933000036,48.87347562000008],[10.44931635000006,48.862297427000044],[10.45316439100003,48.859610933000056],[10.452107395000041,48.85261169000006],[10.429172168000036,48.84494436700004],[10.426268422000021,48.83692061700003],[10.447678609000036,48.83104366400005],[10.446426331000055,48.81076153600003],[10.434785541000053,48.80175313900003],[10.421120773000041,48.79816655600007],[10.433709781000061,48.78896893900003],[10.428044338000063,48.786038415000064],[10.432990793000045,48.776345882000044],[10.430321625000033,48.77054230200008],[10.41823695100004,48.77577691300007],[10.414362554000036,48.77093036200006],[10.419313342000066,48.762487047000036],[10.427223432000062,48.75713843400007],[10.417848909000043,48.75161247600005],[10.423689313000068,48.74423464400007],[10.438463071000058,48.736989994000055],[10.446268244000066,48.72893905700005],[10.450977996000063,48.73429003800004],[10.464280821000045,48.73513707600006],[10.460465244000034,48.73075919900003],[10.464258482000048,48.72168822500004],[10.481638813000075,48.709289212000044],[10.475308467000048,48.70268501000004],[10.481188043000031,48.69625072200006],[10.487258070000053,48.696662133000075],[10.490919646000066,48.688077272000044],[10.48213600500003,48.685440449000055],[10.464998017000028,48.67053363000008],[10.454959966000047,48.670277774000056],[10.449163027000054,48.66591825000006],[10.431353323000053,48.66193980600008],[10.417008328000065,48.66339096400003],[10.410638938000034,48.661034124000025],[10.409509469000056,48.667520059000026],[10.425550738000027,48.67308798800008],[10.420023227000058,48.68211947900005],[10.423257387000035,48.68988870900006],[10.432415853000066,48.68702524200006],[10.436669305000066,48.69222109300006],[10.435264356000062,48.69562842300007],[10.408781687000044,48.69808365200004],[10.392903280000041,48.68746899700005],[10.388704528000062,48.66798886200007],[10.368754606000039,48.66306669900007],[10.36122232100007,48.65318650300003],[10.352597352000032,48.65469301200005],[10.348775296000042,48.66088564300003],[10.35096352000005,48.66719193000006],[10.347087728000076,48.67861067600006],[10.337235884000052,48.688352096000074],[10.319327773000055,48.688854019000075],[10.315868909000073,48.68388857200006],[10.292634729000042,48.69274803300004],[10.281298180000022,48.70098655100003],[10.270427063000056,48.70303347200007],[10.270950990000074,48.68524857300008],[10.265185320000057,48.68023129000005],[10.256188534000046,48.67975863200007],[10.261479450000024,48.672109318000025],[10.255362571000035,48.66479029000004],[10.262085795000075,48.65934359700003],[10.259529790000045,48.65489258300005],[10.268935655000064,48.65200905800003],[10.269391992000067,48.64738666800008],[10.279806665000024,48.64587507300007],[10.28483753100005,48.63696234100007],[10.29650984500006,48.633563921000075],[10.298848311000029,48.62389186400003],[10.321656516000075,48.60968865500007],[10.318910241000026,48.60404538700004],[10.29710917400007,48.603809581000064],[10.294108460000075,48.59022441600007],[10.306253426000069,48.581777368000076],[10.31383945600004,48.55909558700006],[10.301760512000044,48.54597836900007],[10.302168126000026,48.53469456900007],[10.304350229000022,48.52981285900006],[10.313184694000029,48.52855431300003],[10.310406751000073,48.52572230700008],[10.312022960000036,48.52294397700007],[10.295733506000033,48.51702327800007],[10.255992592000041,48.51887074500007],[10.246754683000063,48.51170205300008],[10.230779511000037,48.51051105800008],[10.234691627000075,48.50534160500007],[10.240986159000045,48.50528409400005],[10.241958725000075,48.50055473800006],[10.237506472000064,48.50019611300007],[10.240036591000035,48.49160516100005],[10.217915428000026,48.488467643000035],[10.183431227000028,48.47584581700005],[10.184647736000045,48.47107493100003],[10.176633787000071,48.46842656600006],[10.176766325000074,48.46421635300004],[10.170871694000027,48.45831497700004],[10.133895591000055,48.45487146700003],[10.123042217000034,48.46206036500007],[10.117452041000035,48.47461697700004],[10.106836548000047,48.47703262600004],[10.100720477000038,48.470894471000065],[10.069589524000037,48.458068910000065],[10.032694509000066,48.45719634300008],[10.037053528000058,48.44491170400005],[10.030991191000055,48.44266778300005],[10.028775709000058,48.43760088500005],[10.042414116000032,48.429731899000046],[10.020204123000042,48.41893957800005],[10.014294645000064,48.404024614000036],[9.990858249000041,48.393855762000044],[9.968403040000055,48.37470262900007],[9.970499921000055,48.36886612300003],[9.97787145600006,48.36317051300006],[9.98302829100004,48.36363902200003],[9.985932323000043,48.369563251000045],[9.998732885000038,48.362357931000076],[9.995568453000033,48.35535071400005],[9.997605834000069,48.35011795400004],[10.010194725000076,48.34168690900003],[10.01161184600005,48.331891546000065],[10.025077851000049,48.32118543100006],[10.04420383200005,48.29341872800006],[10.065183822000051,48.281438560000026],[10.063088592000042,48.25806789400008],[10.067770972000062,48.25126320500004],[10.061487596000063,48.24093532100005],[10.068916684000044,48.23111133300006],[10.069539141000064,48.224441468000066],[10.077487513000051,48.22083685800004],[10.077312739000035,48.210995954000055],[10.085198667000043,48.20568346700003],[10.085835230000043,48.18301269700004],[10.107074650000072,48.13214407800007],[10.122835257000077,48.11740201500004],[10.134213682000052,48.11276236100008],[10.13666149100004,48.10078312400003],[10.140392310000038,48.098916615000064],[10.134591241000066,48.08085681100005],[10.142980672000022,48.07365379200007],[10.140640532000077,48.06490199900003],[10.14343610700007,48.058843307000075],[10.14047086200003,48.04721086100005],[10.128044815000067,48.03246606700003],[10.135728037000035,48.02376141900004],[10.132386782000026,48.01540013400006],[10.12042378700005,48.00326294100006],[10.120978042000047,47.99689556800007],[10.11546521200006,47.989036948000034],[10.114927349000027,47.976300482000056],[10.08868341300007,47.96891468700005],[10.085128990000044,47.95693461700006],[10.09341901700003,47.945149815000036],[10.110136718000035,47.93714985100007],[10.105822011000043,47.92440898800004],[10.109349520000023,47.91097613300008],[10.102117195000062,47.90440140100003],[10.103531994000036,47.89263972800006],[10.09947707300006,47.88558370900006],[10.104757114000051,47.88243196600007],[10.104462741000077,47.87852118400008],[10.091279458000031,47.867766139000025],[10.076755629000047,47.86780956600006],[10.08346388700005,47.85658134200003],[10.102079248000052,47.865482618000044],[10.103444910000064,47.857599013000026],[10.097962719000066,47.84986360500005],[10.107292253000026,47.85038993200004],[10.105254513000034,47.84112954900007],[10.13192829600007,47.820087423000075],[10.134237217000077,47.81137484700008],[10.117984744000069,47.810986093000054],[10.113203259000045,47.80748577000003],[10.117087033000075,47.80324019900007],[10.114456959000051,47.80121953200006],[10.094359360000055,47.80289146900003],[10.06787175900007,47.78537294200004],[10.081562316000031,47.778536528000075],[10.086006575000056,47.77041621300003],[10.115812212000037,47.76041496600004],[10.117493473000025,47.752239142000064],[10.11464516500007,47.73811043000006],[10.117937637000068,47.73351650400008],[10.118272748000038,47.71704551900007],[10.13943738000006,47.70327334600006],[10.138119508000045,47.697442747000025],[10.12949208300006,47.69096044300005],[10.131890223000028,47.68510083000007],[10.12864630200005,47.67641518900007],[10.111387317000037,47.666366106000055],[10.09426800700004,47.67003222200003],[10.092593993000037,47.66369932300006],[10.082952126000066,47.65427547300004],[10.077292527000054,47.63927434900006],[10.072815504000062,47.64316409700007],[10.074085152000066,47.65864373900007],[10.060012909000022,47.679383778000044],[10.048641301000032,47.68033809900004],[10.044720135000034,47.67585254800008],[10.031074880000062,47.675243282000054],[10.028435328000057,47.686079902000074],[9.997935964000021,47.67943814700004],[9.977317683000024,47.665406449000045],[9.975470389000066,47.65758508000005],[9.968471985000065,47.653614900000036],[9.94165121900005,47.65666946600004],[9.932625659000053,47.65395536500006],[9.89099344500005,47.66426158100006],[9.87912162200007,47.674071464000065],[9.860355384000059,47.67757472800008],[9.841770229000076,47.677001344000075],[9.837332563000075,47.67194687800003],[9.831706023000038,47.67148597400006],[9.827880218000075,47.65813270000007],[9.81563750500004,47.65014171300004],[9.79902905800003,47.64957607200006],[9.79615999300006,47.64715167400004],[9.799480877000065,47.643483383000046],[9.794256140000073,47.63564701900003],[9.778790591000075,47.63008445300005],[9.755860116000065,47.614317537000034],[9.754621094000072,47.608919781000054],[9.747718388000067,47.603688616000056],[9.741532585000073,47.60514490400004],[9.745672691000038,47.61591619600006],[9.73704934500006,47.61321104000007],[9.733658430000048,47.615196946000026],[9.728540382000062,47.60916152800007],[9.70541608800005,47.60207543800004],[9.695751031000043,47.60441260500005],[9.692151663000061,47.61042352000004],[9.681449351000026,47.60476607800007],[9.67122084400006,47.611059682000075],[9.659397109000054,47.61154666500005],[9.652548886000034,47.60580731200008],[9.637354678000065,47.602347413000075],[9.64328492900006,47.589759455000035],[9.628219055000045,47.59286124600004],[9.621834722000074,47.588840176000076],[9.619756298000027,47.58322738900006],[9.602077112000075,47.58433807600005],[9.558720702000073,47.541892877000066],[9.494224570000029,47.55248291600003],[9.39471400800005,47.62032613500003],[9.256560840000077,47.65870750700003],[9.170401888000072,47.65535691700006],[9.157550890000039,47.66559845900008],[9.127810133000025,47.66660884300006],[9.09479415900006,47.67870279200008],[9.020485896000025,47.68630280700006],[8.993445673000053,47.67876406400006],[8.94118217700003,47.65670955500008],[8.897210083000061,47.648155458000076],[8.874888089000024,47.65466992900008],[8.87273999000007,47.67033173100003],[8.861581278000074,47.679655549000074],[8.851685093000071,47.680928608000045],[8.85119460900006,47.68497740600003],[8.856520717000024,47.69176268100006],[8.851626414000066,47.69690913300008],[8.863382224000077,47.69785217200007],[8.87181148600007,47.69424402700008],[8.874843763000058,47.69663726700003],[8.870932536000055,47.70140663900003],[8.87275048400005,47.70406353100003],[8.848522138000021,47.70349215200008],[8.842908472000033,47.711749832000066],[8.822276028000033,47.71263425500007],[8.824733338000044,47.718263543000035],[8.818581407000067,47.718388049000055],[8.807620858000064,47.72505216900004],[8.810506667000027,47.728721730000075],[8.80643880100007,47.73830692200005],[8.797368132000031,47.73418996700008],[8.798995643000069,47.72727839500004],[8.790375073000064,47.728077410000026],[8.771233385000073,47.71834272400008],[8.769496703000073,47.70672338500003],[8.793390425000041,47.70438484500005],[8.80610775100007,47.693647146000046],[8.796625265000046,47.686785317000044],[8.795708327000057,47.67559553800004],[8.785255062000033,47.67668844800005],[8.757609566000042,47.68920875900005],[8.727981730000067,47.69268048500004],[8.727380635000031,47.698775572000045],[8.736294414000042,47.71615143000008],[8.718162734000032,47.721429114000046],[8.712067427000022,47.72992655000007],[8.714974372000029,47.73819377800004],[8.724156662000041,47.74535907100005],[8.73971993400005,47.74714299200008],[8.740104643000052,47.75278883200008],[8.726013905000059,47.76208225800008],[8.71523432600003,47.76492709300004],[8.691659929000025,47.757606320000036],[8.684972582000057,47.76803729100004],[8.688253254000074,47.773649910000074],[8.679939220000051,47.78596349700007],[8.660588845000063,47.79160684000004],[8.65828807500003,47.79843544400006],[8.65397236800004,47.79958423900007],[8.646282560000031,47.79220969800008],[8.648701373000051,47.77509217700003],[8.651728867000031,47.77303240800006],[8.645487683000056,47.76502489000006],[8.628897817000052,47.758946637000065],[8.620205574000067,47.76725336700008],[8.622354293000058,47.77612847900008],[8.615756273000045,47.78570304600004],[8.62138752900006,47.79349040300008],[8.613831660000073,47.80107906500007],[8.576914773000055,47.80013936300003],[8.571752951000065,47.806360932000075],[8.566680839000071,47.807390154000075],[8.563035059000072,47.803233600000056],[8.562283132000061,47.79359722500004],[8.573638821000031,47.78946749500005],[8.577098828000032,47.78154591600003],[8.566207534000057,47.77798202100007],[8.551741640000046,47.784069662000036],[8.526720428000033,47.77761729800005],[8.520132172000046,47.77049365600004],[8.51011489800004,47.77619041600008],[8.49691042400002,47.771372058000054],[8.488093612000057,47.77226347200008],[8.471170012000073,47.76241066800003],[8.450552550000054,47.73901198100003],[8.452624583000045,47.73161496500006],[8.456983943000068,47.72916440500006],[8.45519594700005,47.722606952000035],[8.445007255000064,47.722384634000036],[8.425531902000046,47.71121028500005],[8.416889722000064,47.70999840500008],[8.405388980000055,47.69763869900004],[8.420668143000057,47.68386484900003],[8.406804072000057,47.67601372100006],[8.41130514100007,47.66774631200008],[8.424226995000026,47.666237884000054],[8.439497104000054,47.65622443800004],[8.457732287000056,47.65339489200005],[8.465815711000062,47.65616478100003],[8.465228186000047,47.64511719600006],[8.473501931000044,47.63830516000007],[8.475899818000073,47.649721621000026],[8.490933238000025,47.642776868000055],[8.49660213900006,47.64716493000003],[8.531129347000046,47.64572808400004],[8.532541767000055,47.650907259000064],[8.52700946400006,47.66039484000004],[8.53246708000006,47.662342866000074],[8.54022558500003,47.65784447300007],[8.540275053000073,47.664378439000075],[8.56065422200004,47.67025861700006],[8.56605064300004,47.66517278100008],[8.577373568000041,47.66215030800004],[8.599021066000034,47.672400965000065],[8.605147535000071,47.671982591000074],[8.609644940000067,47.66338563800008],[8.626619141000049,47.65405039600006],[8.628306438000038,47.64872838400004],[8.622607854000023,47.64126034100008],[8.61620840200004,47.63846163100004],[8.607268262000048,47.639812015000075],[8.61262849800005,47.64582273600007],[8.60853415300005,47.65093197400006],[8.595212527000058,47.642072950000056],[8.597718659000066,47.62856103400003],[8.604244072000029,47.61664199200004],[8.603464279000036,47.61126393300003],[8.581328909000035,47.59654808100004],[8.562840807000043,47.59943259600004],[8.570440184000063,47.612934178000046],[8.556652327000052,47.62431112500008],[8.519699893000052,47.63418087900004],[8.505769023000028,47.61796348200005],[8.479657471000053,47.61426284600003],[8.466596135000032,47.603350628000044],[8.456599374000064,47.60235540600007],[8.461222865000025,47.589010777000055],[8.467378556000028,47.58484293200007],[8.487012290000052,47.58735402800005],[8.494546846000048,47.58120100700006],[8.464120445000049,47.57221255700006],[8.426434680000057,47.56754892500004],[8.400101664000033,47.576658406000035],[8.392099161000033,47.57501592700004],[8.383456212000056,47.56610997900003],[8.325384436000036,47.57244371500008],[8.29840611800006,47.589042695000046],[8.29551076000007,47.59530603700006],[8.296863345000077,47.60545158700006],[8.28848328600003,47.610319477000075],[8.266082194000035,47.60986435800004],[8.254102817000046,47.614801870000065],[8.237192263000054,47.61168406300004],[8.228669172000025,47.605661842000075],[8.224053494000032,47.60685363400006],[8.221290990000057,47.615463910000074],[8.206428604000052,47.620693397000025],[8.197801077000065,47.61867693000005],[8.184404130000075,47.60477219900008],[8.165974971000026,47.59487141500006],[8.14980560500004,47.595410713000035],[8.140208780000023,47.59137018800004],[8.136014708000062,47.58448698900003],[8.110500255000034,47.58282447700003],[8.103872653000053,47.57697436900003],[8.097180683000033,47.561028917000044],[8.083802809000076,47.557713669000066],[8.065293560000043,47.56420225800008],[8.046035502000052,47.55529986100004],[8.01853804600006,47.55073760400006],[7.999166030000026,47.55639765800004],[7.955543859000045,47.556813015000046],[7.947935745000052,47.54544083500008],[7.940499279000051,47.54448109600003],[7.916801471000042,47.548227033000046],[7.908518121000043,47.55542255100005],[7.911055012000077,47.568760334000046],[7.906537840000055,47.57691889900008],[7.894107272000042,47.586375117000046],[7.868970113000046,47.58846758900006],[7.837664428000039,47.582603885000026],[7.832744043000048,47.58656106500007],[7.818616692000035,47.58608808400004],[7.810883324000031,47.56982228700008],[7.794683870000028,47.55733707300004],[7.752757358000054,47.545050669000034],[7.724049859000047,47.542229012000064],[7.686223252000048,47.532498091000036],[7.675290005000022,47.533554553000045],[7.634097171000064,47.56111351000004],[7.674467565000043,47.56398518300006],[7.682100694000042,47.57035076600005],[7.68588034000004,47.56675468600008],[7.689530545000025,47.57150057100006],[7.672890554000048,47.58756935100007],[7.69347512500002,47.60058874100008],[7.67282388600006,47.59211696500006],[7.644207017000042,47.59565399000007],[7.624522901000034,47.57944609200007],[7.606134679000036,47.578047723000054],[7.60316707800007,47.58540036200003],[7.589039168000056,47.58987802200005],[7.592712052000024,47.598706836000076],[7.589265495000063,47.60629608800008],[7.574099472000057,47.616640877000066],[7.567360963000056,47.63174112300004],[7.52466581300007,47.66020511900007],[7.520321488000036,47.66711955900007],[7.518546166000021,47.68476262900003],[7.512320725000052,47.69615821600007],[7.513769025000045,47.70282396700003],[7.53814720400004,47.71672838300003],[7.547602607000044,47.72981948700004],[7.548107541000036,47.73947443600008],[7.533385041000031,47.766039060000026],[7.530220965000069,47.78223342600006],[7.561636141000065,47.83982858300004],[7.563303011000073,47.85198392400008],[7.555451910000045,47.870588431000044],[7.55933099300006,47.88190111400007],[7.581627475000062,47.898012546000075],[7.582470030000025,47.92986347200008],[7.60955817200005,47.95422991400005],[7.621854064000047,47.97232956900007],[7.613329383000064,47.99481202000004],[7.569126230000052,48.03534682900005],[7.57338071700002,48.059647856000026],[7.569174431000022,48.08004692600008],[7.579012405000071,48.09978583700007],[7.576981681000063,48.119056390000026],[7.597507074000021,48.13467792000006],[7.600324698000065,48.14105310300005],[7.599889742000073,48.15571359900008],[7.629518802000064,48.18370558300006],[7.641871957000035,48.20400884000003],[7.665112288000046,48.22025551100006],[7.680712927000059,48.25726715600007],[7.69294269300002,48.30028970200004],[7.70462393400004,48.30935086800008],[7.737080255000023,48.319610014000034],[7.744638285000065,48.327810939000074],[7.745174184000064,48.33510847100007],[7.731093585000053,48.38288867300008],[7.73368905600006,48.39871190300005],[7.765037423000024,48.45661041400007],[7.767115718000071,48.48568189500003],[7.771469714000034,48.492460513000026],[7.79509074200007,48.501829927000074],[7.80394332000003,48.51121646900003],[7.806760663000034,48.520169571000054],[7.803057313000068,48.536973455000066],[7.805358235000028,48.561072601000035],[7.800291413000025,48.58403794800006],[7.804823834000047,48.59257946300005],[7.830322756000044,48.61986761300005],[7.839740701000039,48.641275989000064],[7.88997590200006,48.66259842200003],[7.959630338000068,48.718580950000046],[7.967735255000036,48.729815976000054],[7.968938207000065,48.75377489700003],[7.973748707000027,48.758833268000046],[7.983017128000029,48.76111484900008],[8.005028960000061,48.75917048100007],[8.017481004000047,48.762811018000036],[8.031467560000067,48.787786846000074],[8.04172030500007,48.79060459600004],[8.06426188100005,48.78978551700004],[8.087040547000072,48.802033434000066],[8.100957141000038,48.81584554900007],[8.121470461000058,48.86496066300003],[8.141640356000039,48.896046924000075],[8.193614108000077,48.95395748400006],[8.202893208000035,48.95979393700003],[8.23263287800006,48.96657139400003],[8.285814776000052,48.996563587000026],[8.297373822000054,49.01350496400005],[8.304137242000024,49.04065143100007],[8.31168628100005,49.05430715700004],[8.35809127400006,49.097784002000026],[8.371113680000065,49.14522902600004],[8.368470774000059,49.16657601800006],[8.381210364000026,49.18568644900006],[8.385246196000026,49.19770258500006],[8.397873663000041,49.207275337000056],[8.40433398700003,49.21858901500008],[8.403652840000063,49.22331122400004],[8.399824162000073,49.22533050700008],[8.385330144000022,49.22095472900003],[8.389666937000072,49.23387096000005],[8.40068653700007,49.244159524000054],[8.44554676100006,49.26688052000003],[8.458195086000046,49.279108515000075],[8.487268003000054,49.29002658700006],[8.488553011000022,49.29784905300005],[8.483537696000042,49.30494536500004],[8.45881610500004,49.31313787300007],[8.452251103000037,49.31803321900003],[8.451215466000065,49.32403898200005],[8.455524079000043,49.33209065500006],[8.479772404000073,49.34595706700003],[8.492072619000055,49.357176855000034],[8.500525400000072,49.375480037000045],[8.500397289000034,49.38901337000004],[8.475255232000052,49.37431772000008],[8.468432679000045,49.374472774000026],[8.463920276000067,49.37857626500005],[8.465813426000068,49.38701771500007],[8.496189005000076,49.402136374000065],[8.497316242000068,49.41134690700005],[8.507256488000053,49.43031389400005],[8.505818973000032,49.43852020600008],[8.494610625000064,49.44329830400005],[8.452862955000057,49.444467925000026],[8.44276586500007,49.45108562000007],[8.44397873500003,49.45832821400006],[8.460764358000063,49.46534159600003],[8.463204161000021,49.471300797000026],[8.44343880300005,49.49230597800005],[8.414398472000073,49.557546667000054],[8.422700366000072,49.574192596000046],[8.42243965800003,49.58338538400005],[8.437255702000073,49.58438190900006],[8.443929163000064,49.589848344000075],[8.462987533000046,49.58950458600003],[8.47451594000006,49.58434463300006],[8.481106723000039,49.574725442000044],[8.495032302000027,49.57299653500007],[8.52510626700007,49.54881397300005],[8.534558812000057,49.53454624300008],[8.55447547600005,49.51965348900006],[8.581375035000065,49.51978057200006],[8.591271578000033,49.52223664600007],[8.599253367000074,49.53142805300007],[8.60723082000004,49.52923636500003],[8.608913677000032,49.53584689300004],[8.620189585000048,49.54592920200008],[8.610464896000053,49.56570923100003],[8.603231540000024,49.59329385700005],[8.594073804000061,49.59277165900005],[8.589315636000038,49.60451507200003],[8.594804485000054,49.60681143700003],[8.594659413000045,49.61009591000004],[8.675621847000059,49.62457933300004],[8.692313704000071,49.623739055000044],[8.693836997000062,49.61935360200005],[8.686038127000074,49.61242602300007],[8.681379134000053,49.614683040000045],[8.67465143100003,49.61228178200008],[8.675731145000043,49.60909854000005],[8.681001751000053,49.60948368000004],[8.682128119000026,49.603471882000065],[8.69057265500004,49.607352580000054],[8.697997334000036,49.59975757900003],[8.695869550000054,49.592479995000076],[8.685493935000068,49.590311832000054],[8.683043593000036,49.58703650000007],[8.683543561000022,49.57573470900007],[8.692169832000047,49.56211878400006],[8.692253807000043,49.55536935100008],[8.705794596000032,49.54796548600007],[8.705615198000032,49.535729014000026],[8.719779222000057,49.531633518000035],[8.736241041000028,49.521454283000025],[8.745123944000056,49.522172614000056],[8.76645910700006,49.51473789700003],[8.772119264000025,49.517984633000026],[8.795130106000045,49.51328403400004],[8.81069566900004,49.525961377000044],[8.819339850000063,49.524462895000056],[8.820486576000064,49.51407211900005],[8.817795500000045,49.50612852100005],[8.834076229000061,49.49151998000008],[8.846862650000048,49.50129083600007],[8.882661377000034,49.50609585400008],[8.899572424000041,49.50365560900008],[8.899355168000056,49.48455009500003],[8.879210718000024,49.46847564800004],[8.869147860000055,49.465275045000055],[8.863477965000072,49.46761667100003],[8.864587596000035,49.47578946200008],[8.851932316000045,49.48358805300006],[8.827703990000032,49.46962012400007],[8.823525152000059,49.46267835900005],[8.82873281600007,49.46092252400007],[8.832406699000046,49.45493909700008],[8.835162293000053,49.428832260000036],[8.828278315000034,49.42271993700007],[8.808830353000076,49.42000718000003],[8.807003827000074,49.41169032800008],[8.801488849000066,49.410891003000074],[8.807217938000065,49.40225459100003],[8.81640399400004,49.39668501600005],[8.822904358000073,49.39665049900003],[8.831277083000032,49.407638174000056],[8.84978562200007,49.39617128800006],[8.856535508000036,49.39794347700007],[8.873182994000047,49.41233139900004],[8.894462152000074,49.42491387500007],[8.901827105000052,49.44312183900007],[8.912644693000061,49.43799889200005],[8.925611242000059,49.44291712100005],[8.928537117000076,49.449094900000034],[8.949304206000022,49.45546404600003],[8.931880216000025,49.470637096000075],[8.94218378200003,49.484762801000045],[8.953654093000068,49.48287163800006],[8.951412253000058,49.48956751400004],[8.956651553000029,49.49591157800006],[8.952571617000046,49.50477225600008],[8.969366654000055,49.501898992000065],[8.984436599000048,49.50983493500007],[8.990623025000048,49.50431056600007],[9.004484325000021,49.504041348000044],[9.015574737000065,49.498172768000074],[9.038760179000064,49.49906576300003],[9.050508541000056,49.51913906000004],[9.06334227700006,49.52811876800007],[9.098949377000054,49.52553093300003],[9.107082582000032,49.51053417900005],[9.125218477000033,49.516685719000066],[9.125007101000051,49.52237739600008],[9.114454214000034,49.53362327500008],[9.08782870300007,49.542842747000066],[9.08819253400003,49.54866800600007],[9.073264313000038,49.56444507300006],[9.07404291000006,49.57434218800006],[9.078960702000074,49.57305059000004],[9.08363429000002,49.56195414800004],[9.098930499000062,49.56055388600004],[9.10300593200003,49.57745611000007],[9.107983630000035,49.57863252000004],[9.120693885000037,49.57383653200003],[9.156900335000046,49.57945333600003],[9.165305981000074,49.576019329000076],[9.194382523000058,49.57457302700004],[9.238701355000046,49.58129160000004],[9.248238549000064,49.58524836200007],[9.249268748000077,49.59296075800006],[9.25903656500003,49.59327605200008],[9.265971039000021,49.60717513000003],[9.284032237000076,49.615318140000056],[9.271360795000021,49.62660662700006],[9.27204801800002,49.63422107900004],[9.287453218000053,49.638536154000064],[9.289849532000062,49.64292537800003],[9.305257245000064,49.65087932600005],[9.304083080000055,49.654944476000026],[9.34115616300005,49.644338434000076],[9.366460072000052,49.656155682000076],[9.383480598000062,49.642835210000044],[9.407885461000035,49.64763556400004],[9.41737644400007,49.65744083900006],[9.400097708000033,49.67068037800004],[9.419231172000025,49.68995791800006],[9.42106078200004,49.69611218000006],[9.417323172000067,49.70327799100005],[9.420314317000077,49.706627541000046],[9.40793069600005,49.721458537000046],[9.401543466000021,49.721494051000036],[9.398292768000033,49.72880341100006],[9.386743056000057,49.730217792000076],[9.380989422000027,49.72527849100004],[9.381239546000074,49.70735945100006],[9.370676138000022,49.703959808000036],[9.357408817000021,49.70428839900006],[9.349967366000044,49.71846268200005],[9.36463412300003,49.727555831000075],[9.338140640000063,49.73412616300004],[9.323667167000053,49.73146874400004],[9.295724698000072,49.740410104000034],[9.31581604400003,49.740438495000035],[9.322410255000023,49.74366677900008],[9.322213748000024,49.749464473000046],[9.313551286000063,49.76196386600003],[9.317185995000045,49.76808323600005],[9.34618572000005,49.76850896800005],[9.369407648000049,49.77799425900008],[9.377530766000064,49.77772083900004],[9.390370940000025,49.77054561800003],[9.420738447000076,49.78837179700008],[9.43302357400006,49.78835140800004],[9.445400942000049,49.774026554000045],[9.455251752000038,49.77003207800004],[9.467002876000038,49.773114124000074],[9.483043827000074,49.78761138700003],[9.50717547000005,49.78656760900003],[9.512292187000071,49.78179891800005],[9.510566723000068,49.77052994500008],[9.514364243000045,49.764237585000046],[9.522554370000023,49.76151658800006],[9.537973402000034,49.76728377000006],[9.545475011000065,49.76650890500008],[9.551870721000057,49.76071526100003],[9.555604593000055,49.747849047000045],[9.562807435000025,49.74503953100003],[9.568243490000043,49.75080554900006],[9.558803952000062,49.76468481100005],[9.559395945000063,49.77900443500005],[9.572756640000023,49.78326528800005],[9.580530061000047,49.77840872500008],[9.619939898000041,49.78339045700005],[9.64873582000007,49.79147741200006],[9.649977092000029,49.780542439000044]],[[8.733115019000024,49.52047652500005],[8.731582076000052,49.522336368000026],[8.724608962000048,49.52255095700008],[8.727491920000034,49.51859035800004],[8.733115019000024,49.52047652500005]],[[8.688827297000046,49.61977681400003],[8.67666187900005,49.62169657700008],[8.670195360000037,49.617781395000065],[8.684442398000044,49.616722236000044],[8.688827297000046,49.61977681400003]],[[10.089384515000063,47.84587355900004],[10.093577800000048,47.84235609600006],[10.09668950200006,47.84649984600003],[10.094055353000044,47.84792046000007],[10.089384515000063,47.84587355900004]]],[[[8.705097427000055,47.71234943300004],[8.717719731000045,47.690742053000065],[8.689696639000033,47.69478035700007],[8.67046119400004,47.68486244500008],[8.66335415900005,47.68589263500007],[8.660914537000053,47.69099405500003],[8.67577047800006,47.698562511000034],[8.66516593600005,47.71234833700004],[8.678087756000025,47.712375945000076],[8.685645154000042,47.70897993300008],[8.697417484000027,47.71381566600007],[8.705097427000055,47.71234943300004]]]]},"properties":{"kind":"state_boundary","name":"Baden-Württemberg","nuts_id":"DE1","source":"Eurostat GISCO NUTS 2024","source_url":"https://gisco-services.ec.europa.eu/distribution/v2/nuts/nuts-2024-files.html"}},{"type":"Feature","geometry":{"type":"MultiPolygon","coordinates":[[[[8.683944083000029,53.88494152200008],[8.691407854000033,53.877811715000064],[8.70312178100005,53.87782395900007],[8.730780615000072,53.85609434700007],[8.776318013000036,53.83710866000007],[8.798552222000069,53.832715678000056],[8.906021615000043,53.82908392200005],[8.988282513000058,53.83971390800008],[9.018512625000028,53.83484096600006],[9.029917344000069,53.825564876000044],[9.03016797600003,53.83215579700004],[9.021720179000056,53.84211338000006],[9.081953671000065,53.86036597800006],[9.17516356300007,53.866233546000046],[9.272686425000074,53.85786355500005],[9.32353052700006,53.82793923500003],[9.35518780600006,53.78897814700008],[9.41681828000003,53.72585446900007],[9.45596123100006,53.70398208200004],[9.48919204200007,53.68048763300004],[9.50427763600004,53.65919329700006],[9.510863398000026,53.654833573000076],[9.516956949000075,53.63832254400006],[9.539436814000055,53.61358542700003],[9.55945185400003,53.606080761000044],[9.57215721800003,53.594763614000044],[9.649232741000048,53.56763823500006],[9.681826330000035,53.54917765000005],[9.708281279000062,53.54561735100003],[9.71775722700005,53.55124360900004],[9.72580015400007,53.55013893300003],[9.729553065000061,53.54480330100006],[9.743717206000042,53.54777123500003],[9.765179703000058,53.546612577000076],[9.77207659000004,53.54338595200005],[9.767455661000042,53.538646251000046],[9.775603011000044,53.52291001100008],[9.769811737000055,53.51977885500003],[9.765999788000045,53.51246251400005],[9.76886119300002,53.50527901100003],[9.782075534000057,53.50006611200007],[9.784417590000032,53.492652648000046],[9.800587157000052,53.492059433000065],[9.800209715000051,53.473110768000026],[9.80302118000003,53.46834265400008],[9.836531256000058,53.45058758700003],[9.862387376000072,53.42987639200004],[9.862786063000044,53.43947234500007],[9.901557783000044,53.45662037200003],[9.912772131000054,53.44829437100003],[9.919728214000031,53.43747438300005],[9.908996724000076,53.41632655700005],[9.916443705000063,53.41499270500003],[9.941271768000036,53.421835034000026],[9.952396399000065,53.429755346000036],[9.973248756000032,53.42164282600004],[9.980619151000042,53.41544352500006],[9.99837287300005,53.42562715500003],[10.027151013000037,53.434123603000046],[10.026097460000074,53.43752998800005],[10.015941866000048,53.44214905000007],[10.019540928000026,53.44568488600004],[10.031873461000032,53.44450695100005],[10.047014403000048,53.44796413500006],[10.042251668000063,53.45197443300003],[10.043125900000064,53.45723256500003],[10.051697582000031,53.46323331000008],[10.085093942000071,53.44995606500004],[10.107490683000037,53.427401434000046],[10.13337825700006,53.42258739600004],[10.154562981000026,53.40574441200005],[10.171122267000044,53.39759303000005],[10.226939281000057,53.39539793800003],[10.242768143000035,53.39920539900004],[10.260041716000046,53.418524382000044],[10.307954020000068,53.43320100700004],[10.330843002000051,53.42517880300005],[10.377499729000021,53.42381608900007],[10.397946663000027,53.41145462900005],[10.429981162000047,53.39819068700007],[10.49794029900005,53.37484455100008],[10.556595119000065,53.368189303000065],[10.574523172000056,53.36033919300007],[10.61694969000007,53.36974228200006],[10.703473560000077,53.36918438500004],[10.727042765000022,53.357534573000066],[10.738169073000051,53.34315112200005],[10.763084445000061,53.338850464000075],[10.759931621000021,53.33060365400007],[10.76889678200007,53.329330121000055],[10.782259821000025,53.32003861700008],[10.825195629000063,53.31197879300004],[10.835486598000045,53.30572917600006],[10.849498039000025,53.31011399400006],[10.853805056000056,53.31529518600007],[10.866586515000051,53.316455990000065],[10.870834904000048,53.32003861700008],[10.866042557000071,53.32691188700005],[10.88204961200006,53.322298352000075],[10.887649386000021,53.326693411000065],[10.88148996700005,53.330293521000044],[10.881083916000023,53.33463400100004],[10.899504067000066,53.33491397300003],[10.909285195000052,53.33806017100005],[10.918365418000064,53.34796446900003],[10.926793972000041,53.34820536800004],[10.934010576000048,53.33967753400003],[10.951542389000053,53.334542630000044],[10.961507900000072,53.33804854400006],[10.988000377000049,53.33342663800005],[10.984071967000034,53.32714876700004],[10.998892587000057,53.32003861700008],[11.002904690000037,53.30561135100004],[11.007863622000059,53.30064224600005],[11.004711127000064,53.294810839000036],[11.009776088000024,53.28248210700008],[11.027919341000029,53.27820845000008],[11.06276549000006,53.23529023400005],[11.085886174000052,53.21865936200004],[11.113714867000056,53.205388887000026],[11.137174034000054,53.20165178800005],[11.142519385000071,53.19127683900007],[11.178654610000024,53.18656022400006],[11.194784629000026,53.180229645000054],[11.188502111000048,53.165844280000044],[11.171861320000062,53.15664406700006],[11.184551976000023,53.13699983500004],[11.197171454000056,53.136168895000026],[11.21098717700005,53.14374779700006],[11.230264865000038,53.14241196200004],[11.246868188000064,53.135612423000055],[11.265732116000038,53.12197796000004],[11.268220363000069,53.10425730500003],[11.272063037000066,53.09842221700006],[11.28794139300004,53.086754358000064],[11.310450770000045,53.07715518300006],[11.338867152000034,53.05509905000008],[11.353125509000051,53.05492106200006],[11.401170085000047,53.07184428200003],[11.451975165000022,53.07791429800005],[11.462272547000055,53.07496067300008],[11.502138670000022,53.05012256300006],[11.522499051000068,53.04719606400005],[11.544048701000065,53.05253597700005],[11.57691949100007,53.037328857000034],[11.597784478000051,53.03592664900003],[11.558022331000075,53.01149461300008],[11.553230081000038,53.00551130200006],[11.559274734000041,53.00335367900004],[11.556416340000055,52.99866601600007],[11.542170852000027,52.99999811600003],[11.526866668000025,53.007475801000055],[11.512490569000022,53.00744506400008],[11.506485119000047,52.99854619700005],[11.492342649000022,52.959662895000065],[11.505026933000067,52.94103257100005],[11.470061620000024,52.93892535200007],[11.426172791000056,52.91919036400003],[11.407665180000038,52.90480067500005],[11.375131105000037,52.90008109300004],[11.354512911000029,52.89048850800003],[11.339391813000077,52.88832801500007],[11.314250241000025,52.87823643200005],[11.295809775000066,52.87570248500003],[11.294126345000052,52.886027754000054],[11.288781373000063,52.888450599000066],[11.27697600600004,52.88726217300007],[11.267017506000059,52.88035586800004],[11.242618868000022,52.879054352000026],[11.230626960000052,52.89134913100003],[11.22129575300005,52.892271178000044],[11.219149776000052,52.89756276700007],[11.15628128000003,52.90605197200006],[11.151796539000031,52.90157898400008],[11.139634010000066,52.898646357000075],[11.107433365000077,52.89639336400006],[11.095711829000038,52.89942012800003],[11.096914147000064,52.911125723000055],[11.091181240000026,52.912958495000055],[11.066056489000061,52.90969517000008],[11.040657165000027,52.91311101600007],[11.00146438400003,52.91088599300008],[10.992572253000048,52.90645741800006],[10.989238269000055,52.887528418000045],[10.985032658000023,52.88197231200007],[10.968331639000041,52.87754894600005],[10.940751714000044,52.85432523600008],[10.896239147000074,52.85552303700007],[10.892250841000077,52.84777202600003],[10.887731616000053,52.845883987000036],[10.878449451000051,52.847495638000055],[10.866878396000061,52.85517781900006],[10.858815437000032,52.85209885900008],[10.841556,52.85220512800004],[10.832542551000074,52.847864610000045],[10.803371636000065,52.84952078600003],[10.793422182000029,52.84386759400007],[10.766691403000038,52.84219241000005],[10.770512850000046,52.83390984300007],[10.757409335000034,52.81846413300008],[10.760637188000032,52.806307143000026],[10.756032556000036,52.78760418500008],[10.75798615900004,52.78149695400003],[10.77429954400003,52.76349213100008],[10.777015002000041,52.75515520700003],[10.790428577000057,52.74970549400007],[10.789110065000045,52.733823072000064],[10.797139473000072,52.71507362700004],[10.826409760000047,52.71721043400004],[10.834960222000063,52.70837727900005],[10.83355946200004,52.70355854100006],[10.859617510000021,52.675225571000055],[10.876800118000062,52.663935208000055],[10.882704123000053,52.65234693200006],[10.895842693000077,52.64329150000003],[10.90534963400006,52.62745244100006],[10.912476904000073,52.623855724000066],[10.92528528500003,52.60975058900004],[10.941980587000046,52.61474635900004],[10.947785898000063,52.62094216600008],[10.968582639000033,52.62629652000004],[10.976970438000023,52.624090144000036],[10.973614539000039,52.605167057000074],[10.940908149000052,52.588732451000055],[10.946215603000041,52.582593047000046],[10.941311391000056,52.57816155200004],[10.938627207000025,52.566555667000046],[10.943598653000038,52.55430938400008],[10.957871143000034,52.53688906500008],[11.008781587000044,52.49674744100008],[10.983241376000024,52.49720280400004],[10.97432870800003,52.50076061400006],[10.949993472000074,52.49560536700005],[10.944407270000056,52.49216207300003],[10.941714305000062,52.47865275300006],[10.93606107000005,52.47591697300004],[10.935011331000055,52.46068329900004],[10.946720482000046,52.45419253600005],[10.963287907000051,52.43438273500004],[10.979169274000071,52.42650406300004],[11.014527589000068,52.39949569100003],[11.01953839600003,52.39073430800005],[11.047637338000072,52.38631722200006],[11.068232759000068,52.37429554300007],[11.068400115000031,52.36016008400003],[11.055596937000075,52.35069840500006],[11.038881089000029,52.34616818600006],[11.018047418000037,52.34662694500008],[10.983674225000073,52.34168638600005],[10.98791247500003,52.33501596700006],[11.001624664000076,52.33587648200006],[11.003898735000064,52.33155644500005],[11.001181684000073,52.328523199000074],[11.014733445000047,52.32513951400006],[11.03618440400004,52.309108939000055],[11.03747424200003,52.301060232000054],[11.01250641200005,52.29132013800006],[11.029066853000074,52.270121095000036],[11.04468875300006,52.27107330300004],[11.050671591000025,52.26784820200004],[11.056312318000039,52.25872798600005],[11.05326375200002,52.25302641900004],[11.059703034000052,52.24147107200008],[11.074742667000066,52.242026397000075],[11.086243773000035,52.22863388500008],[11.07966519200005,52.22471889900004],[11.07718492600003,52.21867651800005],[11.026360760000046,52.21007329000008],[11.02302080100003,52.20071557400007],[11.014359800000022,52.198502086000076],[11.013956888000052,52.18363970100006],[11.019704147000027,52.17807694600003],[11.035324416000037,52.172124085000064],[11.060336808000045,52.17238735600006],[11.060807234000038,52.16556630100007],[11.055759487000046,52.16021837900007],[11.059322232000056,52.15370975500008],[11.04588943300007,52.14361924000008],[11.044474767000054,52.13475166300003],[11.017899211000042,52.127854365000076],[11.009639844000048,52.12054895500006],[10.976907398000037,52.10626709600007],[10.942159751000077,52.10309052900004],[10.94409390900006,52.09387291000007],[10.970496038000022,52.08499960600005],[10.97244990400003,52.07368968700007],[10.964385542000059,52.05668275100004],[10.87336235400005,52.058320897000044],[10.858060194000075,52.05192516800008],[10.830503387000022,52.04795955700007],[10.775376976000075,52.04997373000003],[10.761662390000026,52.04534629900007],[10.744073251000032,52.048790100000076],[10.701768209000022,52.049694110000075],[10.647886550000067,52.04172107800008],[10.655986048000045,52.02661966100004],[10.642416225000034,52.022267931000044],[10.636390169000038,52.01448592200006],[10.602212416000043,52.00759789500006],[10.594018420000054,52.014052726000045],[10.574904950000075,52.01038654300004],[10.572891268000035,52.00622461000006],[10.561227171000041,52.00406592100006],[10.585035370000071,51.98407124000005],[10.58730261900007,51.97594462700005],[10.605233918000067,51.97679606500003],[10.607197532000043,51.96918986000003],[10.618768810000063,51.966269347000036],[10.620973560000039,51.958185885000034],[10.641808920000074,51.96194261100004],[10.649838696000074,51.95803347000003],[10.643294696000055,51.952930422000065],[10.623414599000057,51.94722238700007],[10.613809025000023,51.93851428900007],[10.617471669000054,51.93157633800007],[10.614385282000057,51.921902490000036],[10.63751510000003,51.915868009000064],[10.646558841000058,51.90922259600006],[10.650001119000024,51.90077032600004],[10.648751774000061,51.88920260100008],[10.635336615000028,51.87662336900007],[10.61650566700007,51.86876889700005],[10.600678396000035,51.85474436800007],[10.583938742000043,51.85155942100005],[10.576971026000024,51.84298740300005],[10.585425464000025,51.83926653200007],[10.588155991000065,51.83477608800007],[10.57923887800007,51.82827168000006],[10.575129706000041,51.81137494200004],[10.583561157000076,51.79824485100005],[10.585101644000076,51.78901372800004],[10.581761624000023,51.780281767000076],[10.602559349000046,51.76379940500004],[10.62721521700007,51.75792539100007],[10.632948783000074,51.73779886300008],[10.650783803000024,51.71810001500006],[10.66579594500007,51.71146757400004],[10.669716279000056,51.70406122000003],[10.671744166000053,51.69784497400008],[10.664041636000036,51.69079818500006],[10.671095036000054,51.667212336000034],[10.682146673000034,51.66068568700007],[10.69388969800002,51.644766728000036],[10.701372107000054,51.64218763900004],[10.677283104000026,51.63837586200003],[10.679076947000055,51.62902958400008],[10.640675802000032,51.62128942100003],[10.639003194000054,51.61724764000007],[10.645404462000045,51.608974914000044],[10.636062933000062,51.60708141500004],[10.633313490000035,51.60246833800005],[10.638975385000037,51.58527102900007],[10.665676034000057,51.57698266600005],[10.659342714000047,51.56720129800004],[10.65968758200006,51.56062944000007],[10.654403246000072,51.559096615000044],[10.63674098000007,51.56278147000006],[10.626889075000065,51.56827163300005],[10.622852280000075,51.57501340500005],[10.605641840000033,51.57951510600003],[10.589001843000062,51.56878920300005],[10.557868515000052,51.55687435500005],[10.534563566000031,51.558791678000034],[10.517785170000025,51.55423744900003],[10.510623219000024,51.55665223600005],[10.495787994000068,51.572259546000055],[10.432236946000046,51.592039517000046],[10.406730969000023,51.58677617600006],[10.377328770000076,51.58870888800004],[10.372163813000043,51.58652927000003],[10.37818328800006,51.576668995000034],[10.37826683700007,51.56323189700004],[10.365365178000047,51.55589115300006],[10.370842486000072,51.55337404200003],[10.366910021000024,51.54316454900004],[10.347891424000068,51.53051028400006],[10.342275555000072,51.51949707000006],[10.309503577000044,51.51475225300004],[10.300503181000067,51.505743265000035],[10.300864465000075,51.497043577000056],[10.297610225000028,51.49359549300004],[10.283704688000057,51.493905046000066],[10.272758964000047,51.488221044000056],[10.245987145000072,51.48360276600005],[10.23422681300002,51.47168400800007],[10.218190526000058,51.470895072000076],[10.21491689800007,51.47866591800005],[10.20341501300004,51.48665344200003],[10.189878753000073,51.479810162000035],[10.179131894000022,51.46723346200008],[10.185397223000052,51.46295725700003],[10.178567824000027,51.45807072200006],[10.173951094000074,51.446919835000074],[10.167618297000047,51.444445107000035],[10.150622149000071,51.44658684800004],[10.141460817000052,51.44356285300006],[10.142629784000064,51.43680090700008],[10.154410401000064,51.43151965700008],[10.150399095000068,51.429424561000076],[10.141015280000033,51.429953599000044],[10.13251843300003,51.434561003000056],[10.114875099000074,51.43048639800003],[10.082932468000024,51.43481859900004],[10.079747229000077,51.43326276300007],[10.075219850000053,51.419517546000066],[10.066120065000064,51.419860312000026],[10.059662167000056,51.433543428000064],[10.049370729000032,51.434886093000046],[10.050582137000049,51.43040066300006],[10.04179730800007,51.423302533000026],[10.026378310000041,51.419149022000056],[10.00895461500005,51.41959852400004],[10.006605248000028,51.40925106100008],[9.987396276000027,51.39792251600005],[9.966172612000037,51.39517422900008],[9.954588640000054,51.389624049000076],[9.941998654000031,51.37842842200007],[9.928338963000044,51.37529909300008],[9.930676553000069,51.391288701000065],[9.90739972700004,51.40815433700004],[9.91212057100006,51.41106344100007],[9.905649241000049,51.42009359100007],[9.884531375000051,51.41470157600003],[9.879481027000054,51.40516883400005],[9.869494520000046,51.41294291000003],[9.85228904500002,51.41419087500003],[9.851473808000037,51.40124982100008],[9.859117454000057,51.392977949000056],[9.856869937000056,51.385510612000076],[9.860787329000061,51.37870135900005],[9.868359683000051,51.374229436000064],[9.863334059000067,51.371803406000026],[9.85119770700004,51.373566468000035],[9.841041270000062,51.38327066100004],[9.840124198000069,51.40169958900003],[9.822053707000066,51.40951217600008],[9.803510361000065,51.41040058400006],[9.795148182000048,51.40715266600006],[9.793356323000069,51.40327850800003],[9.80056293900003,51.39723609600003],[9.800329476000059,51.38708007200006],[9.783581785000024,51.389077592000035],[9.766316921000055,51.38583470700007],[9.739870340000039,51.369785558000046],[9.724975240000049,51.37028206900004],[9.704205573000024,51.36528083700006],[9.70238265200004,51.361972509000054],[9.705532667000057,51.357270896000045],[9.720815337000033,51.34728983800005],[9.740503902000057,51.320008632000054],[9.748332276000042,51.32120765700006],[9.762965264000059,51.33039688400004],[9.765736526000069,51.33567801300006],[9.769641398000033,51.335912310000026],[9.767366391000053,51.326997325000036],[9.773009605000027,51.32510003700003],[9.767167891000042,51.306949547000045],[9.732304663000036,51.29523186500006],[9.680331344000024,51.31073615400004],[9.670928035000031,51.31708569300008],[9.660874955000054,51.312102250000066],[9.647387388000027,51.31613187600004],[9.629204596000022,51.31277768700005],[9.630679758000042,51.32627267100003],[9.60528702800002,51.32581649200006],[9.581510648000062,51.34128833900007],[9.568024775000026,51.34000156500008],[9.548441223000054,51.35895564900005],[9.550133826000035,51.36188401600003],[9.566093267000042,51.36134861900007],[9.575360701000022,51.36830428800005],[9.574190328000043,51.37206144800007],[9.562328655000044,51.37496052700004],[9.560529879000057,51.37792572300003],[9.56377541200004,51.38606570200005],[9.571722131000058,51.39033586900007],[9.579427157000055,51.40095380400004],[9.586776333000046,51.40214642300003],[9.594583516000057,51.398769756000036],[9.611502532000031,51.40738444500005],[9.627151942000069,51.406503083000075],[9.64253926400005,51.41683557400006],[9.633725320000053,51.42768685400006],[9.627992706000043,51.44500928800005],[9.630610846000025,51.45777679200006],[9.642478709000045,51.46649650000006],[9.641643109000029,51.471407740000075],[9.620250498000075,51.48074576600004],[9.586778930000037,51.51712704500005],[9.58994982400003,51.52222535700008],[9.607289994000041,51.52198177100007],[9.617133800000033,51.52833637400005],[9.621798254000055,51.54004912800008],[9.61107802400005,51.55358108000007],[9.612481365000065,51.557143702000076],[9.623919287000035,51.54913083400004],[9.64775541900002,51.55251093600003],[9.64469052100003,51.55856741200006],[9.635951617000046,51.55975086900003],[9.62926490600006,51.566344548000075],[9.625616298000068,51.574295609000046],[9.628098167000076,51.58215112100004],[9.643148145000055,51.582104694000066],[9.67237732500007,51.568403998000065],[9.684003295000025,51.56653261500003],[9.690948012000035,51.57631492400003],[9.679909664000036,51.58723362900008],[9.661108959000046,51.59359292700003],[9.64986639600005,51.60565318600004],[9.638749305000033,51.60874098000005],[9.636092977000033,51.62250684000003],[9.627785569000025,51.62949207500003],[9.629684657000041,51.634976651000045],[9.62445221300004,51.63622944700006],[9.614290923000055,51.63151863000007],[9.566963215000044,51.62534791300004],[9.553972353000063,51.63659634800007],[9.545091327000023,51.63961147500004],[9.522706995000021,51.62651294800003],[9.496497437000073,51.63098602900004],[9.491623400000037,51.63812014100006],[9.497836180000036,51.65154164000006],[9.495949694000046,51.65613904000003],[9.465519155000038,51.653062986000066],[9.453737054000044,51.64662795700008],[9.440457243000026,51.65039405300007],[9.384110214000032,51.64691243200008],[9.37554010100007,51.650703803000056],[9.380261706000056,51.66645444200003],[9.394726712000022,51.674027359000036],[9.394446310000035,51.68007931300008],[9.387644342000044,51.68879386900005],[9.400158831000056,51.699057055000026],[9.400645447000045,51.703981328000054],[9.387635731000046,51.72002180100003],[9.394415343000048,51.73197160600006],[9.378877257000056,51.73809611200005],[9.376402104000022,51.74432402100007],[9.383419937000042,51.75096612800007],[9.384991121000041,51.757100136000076],[9.401956970000072,51.75937902700008],[9.414427914000044,51.773893060000034],[9.44514009300002,51.79384556000008],[9.437732699000037,51.79712090700008],[9.439584817000025,51.80314476800004],[9.43193775100002,51.80516852300008],[9.427907436000055,51.811865881000074],[9.439370144000065,51.82440149400003],[9.43995668100007,51.83173341000003],[9.43399415500005,51.83989743800004],[9.460285021000061,51.85466995200005],[9.459726397000054,51.86290154100004],[9.436967975000073,51.85660134200003],[9.407298823000076,51.85585180100003],[9.35928421500006,51.86399906500003],[9.335241948000032,51.85403950500006],[9.323343495000074,51.85506110700004],[9.335227358000054,51.85650419600006],[9.345218479000039,51.88915258000003],[9.340735755000026,51.907157605000066],[9.332813789000056,51.915598628000055],[9.308862224000052,51.922961945000054],[9.294144779000021,51.920023539000056],[9.273307772000067,51.93167461300004],[9.27439643100007,51.93943320000005],[9.277669199000059,51.94188614900003],[9.26894488000005,51.94710339000005],[9.272784441000056,51.95493574900007],[9.283940938000057,51.95885756400003],[9.278180258000077,51.96244399900007],[9.274632294000071,51.97258974600004],[9.267872028000056,51.97100244400008],[9.268526848000022,51.97411737900006],[9.261236050000036,51.976591864000056],[9.217134977000057,51.972851743000035],[9.210370234000038,51.96685409200006],[9.209669260000055,51.96070791600005],[9.187280980000025,51.96566502700006],[9.186456973000077,51.97444326800007],[9.174689594000029,51.98325938700003],[9.180972291000046,51.984689109000044],[9.185571680000066,51.991912986000045],[9.196793822000075,51.996916947000045],[9.180631153000036,52.00237910100003],[9.196451027000023,52.01274816000006],[9.188373974000058,52.02605194500006],[9.176113720000046,52.03548044100006],[9.17284677400005,52.048068158000035],[9.175056658000074,52.05965969500005],[9.188886485000069,52.07084645300006],[9.17585394100007,52.08592033900004],[9.15575341300007,52.09204004700007],[9.155604484000037,52.097829905000026],[9.144457526000053,52.09918547900003],[9.133854787000075,52.09655171800006],[9.137194069000032,52.106159552000065],[9.158314655000027,52.11868334800005],[9.15479444400006,52.12724141400008],[9.143998553000074,52.134820114000036],[9.11908969700005,52.13843155200004],[9.10137695900005,52.13292625000008],[9.080722184000024,52.14075862100003],[9.072305799000048,52.14082774700006],[9.071414316000073,52.14714318400007],[9.068140286000073,52.14823480500007],[9.054788941000027,52.14794040700008],[9.039944606000063,52.138610106000044],[9.018353371000046,52.13307349000007],[9.012207469000032,52.13557113500008],[9.017427359000067,52.15019650800008],[9.01325999100004,52.16291632200006],[9.020651099000077,52.171394328000076],[9.013097437000056,52.17321034400004],[9.00045665600004,52.18678952400006],[8.995402512000055,52.186861167000075],[8.99226771900004,52.192135921000045],[8.98583374900005,52.19459840500008],[8.993302937000067,52.19566400100007],[9.005583045000037,52.18992205900008],[9.01457721600002,52.194430830000044],[9.018277553000075,52.19249644900003],[9.021131127000046,52.18440675200003],[9.044188074000033,52.184396323000044],[9.04387887200005,52.190407909000044],[9.047524011000064,52.19558490500003],[9.044074814000055,52.20291980300004],[9.045630071000062,52.209645495000075],[9.035114401000044,52.21781468200004],[9.035966704000032,52.223419171000046],[9.041526074000046,52.22574883400006],[9.051179712000021,52.22051432300003],[9.073899657000027,52.22952114100008],[9.075343933000056,52.23413355800005],[9.058209040000065,52.23773346400003],[9.031731584000056,52.24970233800008],[9.008134733000077,52.25287373100008],[9.00246633300003,52.25762735300003],[8.979522987000053,52.26152588800005],[8.972774885000035,52.265541951000046],[8.977903711000067,52.27354670400007],[8.970986191000065,52.27447023500008],[8.966656125000043,52.27898602100004],[8.987011989000052,52.28749209800003],[8.985948485000051,52.295389371000056],[8.990599004000046,52.312481938000076],[8.997290101000033,52.31896228700003],[8.998261322000076,52.325794002000066],[9.00643599500006,52.32602502000003],[9.010729299000047,52.33103223900008],[9.019997497000077,52.332242378000046],[9.027953156000024,52.34499972800006],[9.056673646000036,52.34000099900004],[9.059632003000047,52.34636105800007],[9.08429774900003,52.35593400400006],[9.08865878100005,52.36545593800008],[9.097870188000059,52.37142446800004],[9.099762159000022,52.37964093800008],[9.097226947000024,52.38607238700007],[9.11825691000007,52.39850655100008],[9.125252500000045,52.41199361900004],[9.123212228000057,52.42075474900008],[9.112706010000068,52.42127299600003],[9.106410035000067,52.42558587900004],[9.111236914000074,52.42963004100005],[9.109920966000061,52.435226045000036],[9.095524277000038,52.44398403400004],[9.103101440000046,52.45628870000007],[9.124239987000067,52.46791527500005],[9.124634601000025,52.47492529600004],[9.135558450000076,52.47752041000007],[9.131304599000032,52.48359694100003],[9.113224897000066,52.48598324400007],[9.095156229000054,52.49811205200007],[9.087293880000061,52.49589223000004],[9.052355169000066,52.49954086300005],[9.04252751200005,52.487567152000054],[9.042712018000032,52.48217778000003],[9.02402147600003,52.47786122800005],[9.016428795000024,52.460769457000026],[8.98123507500003,52.45050268600005],[8.985830476000046,52.444792894000045],[8.980435174000036,52.43684039500005],[8.984091593000073,52.433204732000036],[8.981666185000051,52.429592196000044],[8.964182811000057,52.425571508000075],[8.956117125000048,52.41602296100007],[8.94483748700003,52.41602270100003],[8.944149388000028,52.40928653000003],[8.935476160000064,52.401905793000026],[8.905071618000022,52.40425440900003],[8.899876234000033,52.40181782800005],[8.893987652000021,52.405560550000075],[8.88812002900005,52.396262456000045],[8.865360962000068,52.395256360000076],[8.853562475000047,52.38963844400007],[8.789493293000021,52.39842707100007],[8.745907336000073,52.38835486700003],[8.725073873000042,52.40019010900005],[8.715236514000026,52.392568932000074],[8.707486699000071,52.39535150800003],[8.710167715000068,52.40776294200003],[8.705335282000021,52.41778463800006],[8.71761473600003,52.42878142600006],[8.703840239000044,52.443427100000065],[8.70499340300006,52.45441909900006],[8.71028605600003,52.46458568400004],[8.70833385800006,52.47729333700005],[8.699317679000046,52.486855683000044],[8.702969762000066,52.50031151600007],[8.697500927000021,52.508899761000066],[8.685890088000065,52.513197525000066],[8.68721774200003,52.51829809700007],[8.671303367000064,52.518102706000036],[8.651761287000056,52.530836642000054],[8.55737173600005,52.50015457200004],[8.51657715600004,52.50931558600007],[8.508848318000048,52.51469349600006],[8.482221828000036,52.49793960300008],[8.47209156200006,52.49827991700005],[8.460289703000058,52.49211733100003],[8.458907657000054,52.47463756700006],[8.453514134000045,52.46121759700003],[8.43239443400006,52.449620037000045],[8.423234700000023,52.45094819600007],[8.414833643000065,52.44599640400003],[8.402104955000027,52.450477514000056],[8.386366086000066,52.447777391000045],[8.385907101000043,52.445016388000056],[8.359542144000045,52.444796997000026],[8.342482460000042,52.45290067500008],[8.325406833000045,52.45220861400003],[8.311529285000063,52.45816229300004],[8.297213501000044,52.45649792100005],[8.30608731600006,52.445542473000046],[8.304755699000054,52.435373868000056],[8.310782664000044,52.436050066000064],[8.321230667000066,52.425593528000036],[8.31661185300004,52.413720960000035],[8.321868522000045,52.410020400000064],[8.314917270000024,52.40747645300007],[8.315502011000035,52.40511817500004],[8.391304052000066,52.38368942400007],[8.439410638000027,52.36271241500003],[8.461623559000031,52.318749198000035],[8.470868747000054,52.31501793600006],[8.465007741000022,52.30486244300005],[8.458950720000075,52.30266072900008],[8.459007089000067,52.28445763500008],[8.466186630000038,52.26761396400008],[8.459919744000047,52.25909971400006],[8.467210575000024,52.24788829000005],[8.459814332000064,52.241252289000045],[8.460367878000056,52.22984713800008],[8.443286272000023,52.21358070700006],[8.457562902000063,52.197679633000064],[8.517049127000064,52.185123962000034],[8.479627826000069,52.15933516100006],[8.462334114000043,52.15391314300007],[8.45229966200003,52.15469434200003],[8.412181779000036,52.13679203400005],[8.40435295900005,52.12646133700008],[8.410586442000067,52.115114892000065],[8.390067994000049,52.10874143600006],[8.372832200000062,52.110180384000046],[8.368873690000044,52.11476495200003],[8.325160724000057,52.12549041700004],[8.309488913000052,52.11885540700007],[8.286570531000052,52.12577287200003],[8.285179472000038,52.13347026400004],[8.266732163000029,52.13228097400008],[8.262435893000031,52.12120254100006],[8.245854337000026,52.12069259500004],[8.223507109000025,52.10726925900008],[8.201445830000068,52.08817159200004],[8.193748435000032,52.07356989900006],[8.157500216000074,52.07589921200008],[8.13267240600004,52.07214896000005],[8.096448004000024,52.05714505200007],[8.090516544000025,52.06360024300005],[8.057936664000067,52.06734338200005],[8.042988601000047,52.06320399300006],[8.02990388400002,52.06702578900007],[8.01672265700006,52.05773182200005],[7.994989045000068,52.05005965000004],[7.981144427000061,52.03557943100003],[7.916921703000071,52.051636991000066],[7.919305009000027,52.05817884000004],[7.891248943000051,52.08148162600003],[7.885160598000027,52.08339542200008],[7.904775264000023,52.09272791700005],[7.955118202000051,52.10418223900007],[7.970749372000057,52.11552730300008],[8.007795858000065,52.115332952000074],[8.002593380000064,52.14884376700007],[7.998896215000059,52.15126099500003],[8.003170986000043,52.15949446700006],[8.023536872000022,52.16139797800008],[8.016307973000039,52.16813771400007],[8.016978068000071,52.172050424000076],[8.004608125000061,52.17584792000008],[7.974814002000073,52.17153848700008],[7.957819578000056,52.17661515600008],[7.936349353000026,52.17658735100008],[7.910242208000057,52.18867084200008],[7.902993313000025,52.198869572000035],[7.905498813000065,52.20140796700008],[7.901260062000063,52.20753627600004],[7.905563862000065,52.20891743000004],[7.906220013000052,52.21370096700008],[7.914990276000026,52.222148427000036],[7.921621935000076,52.222500514000046],[7.927112529000055,52.22813859900003],[7.928031444000055,52.24228469800005],[7.923293091000062,52.252254580000056],[7.926325933000044,52.262483288000055],[7.945422707000034,52.26563021700008],[7.956464886000049,52.27249056000005],[7.932081333000042,52.28668821300005],[7.933148394000057,52.30165632600006],[7.948452306000036,52.30546786700006],[7.988049208000064,52.30528433000006],[7.989159461000042,52.30938912200003],[7.978833536000025,52.31254708800003],[7.948970319000068,52.33567728500003],[7.952225831000021,52.347275962000026],[7.941730535000033,52.34898815500003],[7.942883820000077,52.35551848000006],[7.936670071000037,52.36497750700005],[7.921681868000064,52.36561764100003],[7.891770391000023,52.38051314300003],[7.842995,52.369282646000045],[7.81351059800005,52.37098994300004],[7.713824818000035,52.40100236900008],[7.70144344800002,52.43578457500007],[7.684847045000026,52.45578591000003],[7.669069217000072,52.456334997000056],[7.603152883000064,52.47398857400003],[7.579215398000031,52.44942459300006],[7.571344530000033,52.43358127400006],[7.564310882000029,52.43231202000004],[7.598622350000028,52.42185318700007],[7.600926902000026,52.41652061100007],[7.584090907000075,52.40327063800004],[7.573553008000033,52.382842819000075],[7.576291925000021,52.37778960700007],[7.569698746000029,52.377098972000056],[7.560892982000041,52.370451951000064],[7.543057201000067,52.36797742300007],[7.534774983000034,52.370257492000064],[7.504268468000021,52.36038330400004],[7.437776691000067,52.33335636900006],[7.425480157000038,52.31382926400005],[7.403262873000074,52.31244947600004],[7.396613301000059,52.30672920000006],[7.384986362000063,52.30827133000008],[7.371605536000061,52.30056526800007],[7.361554615000045,52.28831257400003],[7.345595002000039,52.28269006800008],[7.317481009000062,52.28027195300007],[7.296954220000032,52.26440166000003],[7.153471271000058,52.26640441100005],[7.125131096000075,52.26176987400004],[7.111502441000027,52.25389737300003],[7.106915362000052,52.245783921000054],[7.099149199000067,52.24305840800008],[7.065685203000044,52.24137303600003],[7.04199895000005,52.25724812900006],[7.028488511000035,52.274953002000075],[7.026597866000031,52.289313795000055],[7.040668814000071,52.31144253400004],[7.047062349000043,52.31596851200004],[7.047946934000038,52.32418439600008],[7.057231782000031,52.338443305000055],[7.071641241000066,52.35243253700003],[7.072438135000027,52.37311648300005],[7.057684167000048,52.39946304700004],[7.035866167000052,52.40330368600007],[7.022367085000042,52.42200819100003],[7.011527950000072,52.42911208900006],[6.989413550000052,52.46841135000005],[6.977562963000025,52.46547657800005],[6.963223366000022,52.445121036000046],[6.947163533000037,52.43661511500005],[6.938351296000064,52.43611412800004],[6.86440374600005,52.450936195000054],[6.854086231000053,52.450441126000044],[6.854307598000048,52.45959843500003],[6.775220416000025,52.459699227000044],[6.744804321000061,52.46783345700004],[6.697774679000077,52.48630126200004],[6.703533870000058,52.52213818800004],[6.685721533000049,52.55127214000004],[6.713621233000026,52.549422435000054],[6.728296416000035,52.56226115900006],[6.750748118000047,52.55970556500006],[6.766621370000053,52.56151242100003],[6.719940956000073,52.58847041000007],[6.726258802000075,52.615705596000055],[6.709741817000065,52.62778412900008],[6.725476453000056,52.63328135100005],[6.741928936000022,52.644927092000046],[6.786840182000049,52.65260394400008],[6.816301193000072,52.648615351000046],[6.835872752000057,52.65175502100004],[6.86183016800004,52.64973011500007],[6.871353009000075,52.65248068200003],[6.897239441000067,52.65099283400008],[6.913002147000043,52.64647608000007],[6.918981617000043,52.63998140700005],[6.952374552000038,52.63918686300008],[6.977072711000062,52.64585459600005],[7.041309171000023,52.63328473800004],[7.054576077000036,52.643154666000044],[7.072045075000062,52.81087461000004],[7.092691936000051,52.83820085600007],[7.087323952000077,52.84992860300008],[7.18157861800006,52.941339209000034],[7.209071234000021,52.999411242000065],[7.21674340800007,53.00756497000003],[7.212802325000041,53.01095858700006],[7.199255008000023,53.08101839600005],[7.20279454100006,53.113281580000034],[7.184819917000027,53.121015070000055],[7.179578195000033,53.137758828000074],[7.188909279000029,53.14798646000003],[7.192597705000026,53.16364492100007],[7.202913251000041,53.17438034000003],[7.221524518000024,53.180828605000045],[7.210277965000046,53.188659994000034],[7.21732482300007,53.20331615500004],[7.208935202000021,53.243064469000046],[7.226518862000034,53.25683239300008],[7.235916633000045,53.27483595100006],[7.23657718000004,53.28798490400004],[7.233386162000045,53.294892848000075],[7.242228728000043,53.30407272100007],[7.248667469000054,53.31988482300005],[7.289498011000035,53.31741454000007],[7.306789991000073,53.31936806400006],[7.302077283000074,53.323638059000075],[7.271612254000047,53.32531619300005],[7.238973363000071,53.33170522900008],[7.026490056000057,53.33702886100008],[7.014127598000073,53.34373595800008],[6.999446568000053,53.35988790400006],[6.99846549800003,53.370879555000045],[7.010245146000045,53.38447507800004],[7.00831576500002,53.39323362600004],[7.012330619000068,53.407485672000064],[7.010968254000034,53.427878150000026],[7.024887449000062,53.474884693000035],[7.024784982000028,53.48282633900004],[7.047821122000073,53.50842318800005],[7.034004123000045,53.533208150000064],[7.037785873000075,53.537904937000064],[7.068037077000042,53.52742229800003],[7.078312328000038,53.53170972800007],[7.085918285000048,53.52651525400006],[7.08594671000003,53.521426176000034],[7.126758854000059,53.53149347300007],[7.132569697000065,53.53682946200007],[7.088845798000023,53.570165331000055],[7.090565171000037,53.57926859400004],[7.11197106700007,53.594391365000035],[7.141169476000073,53.60810834900008],[7.158408404000056,53.628570409000076],[7.173959049000075,53.631344228000046],[7.184002491000058,53.64136389500004],[7.243064487000026,53.668538839000064],[7.317552939000052,53.682931816000064],[7.357228688000021,53.68636846800007],[7.380225489000054,53.68272060400005],[7.478433899000038,53.68286459800004],[7.518180033000021,53.67211420500007],[7.588925692000032,53.68066835600007],[7.606465638000032,53.68665397700005],[7.702875372000051,53.703166483000075],[7.737470311000038,53.69963385900007],[7.762102655000035,53.70155157500005],[7.79101785000006,53.70961375600007],[7.805770108000047,53.71046000700005],[7.809895649000055,53.70766193600008],[7.813694598000041,53.71131549800003],[7.913814886000068,53.71772697000006],[8.013498911000056,53.71130562600007],[8.031662850000032,53.70438219600004],[8.022688094000046,53.68599412100008],[8.03130767700003,53.65935026500006],[8.044943421000028,53.64190641500005],[8.054811233000066,53.64145365100006],[8.073664889000042,53.64654577400006],[8.083948930000076,53.64376658700007],[8.113987593000047,53.61619552900004],[8.123502028000075,53.59940667300003],[8.149335833000066,53.60020814900008],[8.154933597000024,53.58501172700005],[8.143356907000054,53.578251556000055],[8.15315934900002,53.56473592800006],[8.152759039000046,53.56113853700003],[8.16834022200004,53.54397556100008],[8.157551157000057,53.532391483000026],[8.165446055000075,53.52609165700005],[8.153376437000077,53.51375073100007],[8.101273965000075,53.50325623700007],[8.078624972000057,53.50190093300006],[8.062340918000075,53.50566751000008],[8.060410090000062,53.49339473100008],[8.071311175000062,53.46743241300004],[8.09899914500005,53.445677078000074],[8.130805345000056,53.45205944700007],[8.152597365000076,53.447311580000076],[8.193540042000052,53.416095830000074],[8.19526191600005,53.41338852200005],[8.19187707900005,53.40974731100005],[8.200914337000029,53.40453582200007],[8.24453380600005,53.39848380700005],[8.257935447000023,53.400858147000065],[8.270679896000047,53.40737768500003],[8.291592260000073,53.42431385900005],[8.29655853600002,53.42995763200008],[8.297511740000061,53.44185360500006],[8.312918586000023,53.45431881800005],[8.316650538000033,53.471002157000044],[8.315579950000028,53.516269400000056],[8.303503426000077,53.52521601800004],[8.265478794000046,53.51870332000004],[8.231661984000027,53.52180029200008],[8.243363791000036,53.58262832400004],[8.26176835700005,53.59932873900004],[8.289897289000066,53.61239394100005],[8.312277245000075,53.61610568400005],[8.336944096000025,53.611744385000065],[8.350223849000031,53.60503199900006],[8.384807490000071,53.57440633600004],[8.460880316000043,53.55344927300007],[8.502574312000036,53.55078892900008],[8.514108858000043,53.55434061100004],[8.524739818000057,53.54504523800006],[8.550078985000027,53.53724753500006],[8.554607266000062,53.526815104000036],[8.549327400000038,53.52001893200003],[8.552684190000036,53.51617546700004],[8.513666127000022,53.50075845100008],[8.502259324000022,53.491504924000026],[8.492651969000065,53.47242003300005],[8.505053495000027,53.471582786000056],[8.512119357000074,53.476308963000065],[8.519427472000075,53.475348807000046],[8.572046170000021,53.48797818600008],[8.604292819000023,53.48447048700007],[8.619087405000073,53.48940885700006],[8.638795763000076,53.50633603400007],[8.649214990000075,53.510826234000035],[8.651043335000054,53.51648107400007],[8.639395542000045,53.528703248000056],[8.639257826000062,53.534340358000065],[8.644745840000041,53.54186675900007],[8.645576746000074,53.554349295000065],[8.631698344000029,53.555682051000076],[8.617477063000024,53.57592404800005],[8.641076803000033,53.59178693600006],[8.639653633000023,53.59577677300007],[8.64982159300007,53.60413989800003],[8.659787657000038,53.60585650100006],[8.654763593000041,53.60946110300006],[8.646056723000072,53.60998893400006],[8.645068080000044,53.60275148200003],[8.621678394000071,53.604915489000064],[8.59281356400004,53.593464966000056],[8.558517194000046,53.603438908000044],[8.520410542000036,53.60620504600007],[8.48475748900006,53.65531049200007],[8.483878207000032,53.69480642600007],[8.510042444000021,53.73730418800005],[8.520495782000069,53.74857841700003],[8.519683203000056,53.753125443000044],[8.53822849900007,53.786700936000045],[8.543329425000024,53.78801717200008],[8.538566588000037,53.795324977000064],[8.550902686000029,53.82272651900007],[8.565401963000056,53.84456354500003],[8.575526487000047,53.844826640000065],[8.60320555800007,53.87035917400004],[8.602921825000067,53.87513428900007],[8.612055878000035,53.880479353000055],[8.677499690000047,53.89220087100006],[8.686978517000057,53.89126967000004],[8.683944083000029,53.88494152200008]],[[8.711423787000058,53.044629959000076],[8.72951693400006,53.036260362000064],[8.742997892000062,53.04014401000006],[8.753297799000052,53.038473804000034],[8.76357088800006,53.05062625900007],[8.77000518400007,53.05240610800007],[8.778809112000033,53.04011950900008],[8.807735014000059,53.031334119000064],[8.818452337000053,53.02254860000005],[8.837385202000064,53.01909150400007],[8.848320526000066,53.02277745200007],[8.849610722000023,53.01737333800003],[8.867613668000047,53.02456004800007],[8.862501157000054,53.03681306000004],[8.865647066000065,53.040344857000036],[8.868404800000064,53.03286607700005],[8.892413569000041,53.01492477200003],[8.915827207000063,53.01102139000005],[8.934939911000072,53.01419522700007],[8.93830022000003,53.02380451000005],[8.944570670000076,53.02524383300005],[8.948101264000059,53.03118563900006],[8.967984106000074,53.03768904000003],[8.979256121000049,53.045849598000075],[8.977078315000028,53.05035904600004],[8.963869330000023,53.05835721100004],[8.966991189000055,53.06511041500005],[8.962535092000053,53.08599944000008],[8.966842510000049,53.09005031400005],[8.990913057000057,53.09667287900004],[8.964435421000076,53.10118311300005],[8.951105832000053,53.11527525300005],[8.984185597000021,53.12607105200004],[8.957285657000057,53.146081329000026],[8.945186489000037,53.151001963000056],[8.924164578000045,53.145278837000035],[8.912265197000067,53.134113924000076],[8.90396473100003,53.13691628000004],[8.86699509500005,53.13245422600005],[8.844079802000067,53.14730412400007],[8.838440942000034,53.15664442800005],[8.82667759800006,53.16232541100004],[8.781404857000041,53.163407867000046],[8.774090770000043,53.15991706900007],[8.761339400000054,53.16438401500005],[8.744238239000026,53.16505018300006],[8.727739858000064,53.17943621400008],[8.718081625000025,53.18210186300007],[8.706236027000045,53.176825904000054],[8.698567817000026,53.18357061900008],[8.679269741000041,53.17672980900005],[8.660710901000073,53.17783054800003],[8.650395210000056,53.188112250000074],[8.627827196000055,53.197327263000034],[8.59361113600005,53.18486634700008],[8.58170823100005,53.19483556000006],[8.583971493000035,53.200446330000034],[8.594969614000036,53.207129156000065],[8.59535958500004,53.21301734000008],[8.579807131000052,53.216199104000054],[8.55357391800004,53.20907076800006],[8.526504510000052,53.22001530500006],[8.51628954000006,53.227711431000046],[8.481735204000074,53.226449407000075],[8.505099216000076,53.20090556800005],[8.524739818000057,53.191503374000035],[8.573491870000055,53.17604562300005],[8.62000905800005,53.16677524200003],[8.62922164300005,53.141836442000056],[8.654437168000072,53.11652785000007],[8.654898636000041,53.108864373000074],[8.668662478000044,53.102902776000064],[8.66564616900007,53.09408468600003],[8.671675697000069,53.08825995300003],[8.698915812000052,53.08274100700004],[8.708103602000051,53.07642814500008],[8.709998528000028,53.066859359000034],[8.707425447000048,53.05292943500007],[8.711423787000058,53.044629959000076]]],[[[9.75540617300004,53.55582880800006],[9.75208041600007,53.553486193000026],[9.749479938000036,53.55622737600004],[9.75540617300004,53.55582880800006]]],[[[9.69085784200007,53.560794404000035],[9.680268074000026,53.55529054200008],[9.669242019000023,53.560000159000026],[9.683271896000065,53.56404831300006],[9.69085784200007,53.560794404000035]]],[[[6.867533152000021,53.59093407300003],[6.864755856000045,53.58777683300008],[6.860468094000055,53.59096516200003],[6.865442897000037,53.59348480600005],[6.867533152000021,53.59093407300003]]],[[[9.598942070000021,53.58826702700003],[9.589048221000041,53.58982118000006],[9.584411919000047,53.59499283200006],[9.590165961000025,53.59561743800003],[9.598942070000021,53.58826702700003]]],[[[6.731852162000052,53.57813975600004],[6.752503539000031,53.56639858700004],[6.752843071000029,53.56255827100006],[6.749090194000075,53.56070027000004],[6.725756503000071,53.56768593500004],[6.71777744000002,53.566901073000054],[6.71488765600003,53.56090725300004],[6.709294789000069,53.56142618800004],[6.667809059000035,53.57747702000006],[6.652289693000057,53.59312380400007],[6.640873194000051,53.596106114000065],[6.647700649000058,53.602915480000036],[6.659332825000035,53.60755844300007],[6.750279677000037,53.616804184000046],[6.77952588200003,53.613722360000054],[6.797693392000042,53.60418207400005],[6.784083003000035,53.59776627800005],[6.756003988000032,53.59518308200006],[6.729886211000064,53.58510126300007],[6.731852162000052,53.57813975600004]]],[[[6.89713101500007,53.62688015600003],[6.891906779000067,53.62521330200008],[6.875769447000039,53.628898485000036],[6.863951980000024,53.64324884900003],[6.900499147000062,53.65392441100005],[6.905346494000071,53.65229658100003],[6.900829234000071,53.64832943400006],[6.908487753000031,53.64393856000004],[6.893503619000057,53.63144805700006],[6.89713101500007,53.62688015600003]]],[[[9.52188598400005,53.671289526000066],[9.52609588100006,53.665313996000066],[9.520687595000027,53.67287004100007],[9.52188598400005,53.671289526000066]]],[[[7.095073893000063,53.67954867900005],[6.892224990000045,53.66421740900006],[6.873549282000056,53.666725446000044],[6.994967681000048,53.68334680900006],[7.075997221000023,53.68766951200007],[7.096851561000051,53.68671980500005],[7.10362961900006,53.68345561900003],[7.095073893000063,53.67954867900005]]],[[[9.479250861000025,53.700025434000054],[9.467494073000069,53.69977843400005],[9.451906164000036,53.71276017200006],[9.468991574000029,53.71247755400003],[9.479250861000025,53.700025434000054]]],[[[7.32492417900005,53.71242866800003],[7.269291079000027,53.70360388300003],[7.207794342000057,53.705654508000066],[7.188912360000074,53.69947924000007],[7.167091495000022,53.706427492000046],[7.166412023000021,53.701701513000046],[7.153031369000075,53.69703992800004],[7.140904305000049,53.70070210400007],[7.135841783000046,53.706591683000056],[7.144273187000067,53.711857820000034],[7.187529519000066,53.72281815500003],[7.317291414000067,53.72708001800004],[7.344100796000021,53.72549092200006],[7.349251441000035,53.720158352000055],[7.32492417900005,53.71242866800003]]],[[[7.430814787000031,53.72128304800003],[7.379930342000023,53.72002642800004],[7.364502686000037,53.72565898800008],[7.399507821000043,53.736680625000076],[7.427079235000065,53.733886976000065],[7.435968478000063,53.72687638600007],[7.430814787000031,53.72128304800003]]],[[[7.633218174000035,53.74895437600003],[7.517423352000037,53.743050511000035],[7.504692471000055,53.73776359100003],[7.488120774000038,53.72311216600008],[7.467117465000058,53.721331828000075],[7.455441290000067,53.72418234500003],[7.46782821100004,53.74762959600008],[7.487492323000026,53.75631859400005],[7.597641320000037,53.759520397000074],[7.636311936000027,53.75263160500003],[7.633218174000035,53.74895437600003]]],[[[7.978682160000062,53.775414573000035],[7.974161695000021,53.77517817800003],[7.975024510000026,53.780274588000054],[7.978176465000047,53.78087491500003],[7.978682160000062,53.775414573000035]]],[[[7.811245666000048,53.77373638100005],[7.767174462000071,53.76359891100003],[7.736175242000058,53.76053675600008],[7.699785982000037,53.76226943200004],[7.695550214000036,53.76481576200007],[7.681105180000031,53.751900645000035],[7.668716807000067,53.75384642500006],[7.663678580000067,53.760316147000026],[7.678318250000075,53.774296003000075],[7.69970894000005,53.781180719000076],[7.811687148000033,53.78171236400004],[7.816557105000072,53.77925744300006],[7.811245666000048,53.77373638100005]]],[[[7.900864071000058,53.79412367400005],[7.954860674000031,53.78680389800007],[7.972075668000059,53.78109420800007],[7.968022614000063,53.77606428200005],[7.948733003000029,53.78170711000007],[7.916370358000052,53.780312637000065],[7.875931154000057,53.78807315100005],[7.870530459000065,53.78433391900006],[7.866935451000074,53.77582948100007],[7.848217775000023,53.787303492000035],[7.858324304000064,53.792553258000055],[7.900864071000058,53.79412367400005]]]]},"properties":{"kind":"state_boundary","name":"Niedersachsen","nuts_id":"DE9","source":"Eurostat GISCO NUTS 2024","source_url":"https://gisco-services.ec.europa.eu/distribution/v2/nuts/nuts-2024-files.html"}},{"type":"Feature","geometry":{"type":"MultiPolygon","coordinates":[[[[11.629308824000077,53.010270140000046],[11.645727098000066,53.00559436200007],[11.672754578000024,53.009258472000056],[11.683435986000063,53.001571625000054],[11.683077842000046,52.98799898500005],[11.68655085000006,52.98206427000008],[11.694310401000052,52.97806846000003],[11.704946379000035,52.97867613100004],[11.73081325000004,52.988068387000055],[11.743263505000073,52.98849076400006],[11.764073971000073,52.98135270100005],[11.786971390000076,52.960965944000066],[11.830373810000026,52.95696748300003],[11.848304215000041,52.94951549100006],[11.847110704000045,52.94053863000005],[11.825322097000026,52.92631197000003],[11.824312620000057,52.91719098800007],[11.83735351200005,52.909726410000076],[11.872541052000031,52.90859242400006],[11.894554292000066,52.89427053700007],[11.947231436000038,52.888162074000036],[11.959444657000063,52.87992735200004],[11.984254388000068,52.87656470100006],[11.991408122000053,52.88116627200003],[12.004209088000039,52.882145284000046],[12.00640203100005,52.88527336000004],[12.023579057000063,52.88975126500003],[12.048152740000035,52.885913463000065],[12.056047142000068,52.88853958800007],[12.068145273000027,52.88406920300008],[12.075657530000058,52.88566554400006],[12.083217986000022,52.87685911600005],[12.110891172000038,52.87612967500007],[12.122263659000055,52.89135672400005],[12.126518260000068,52.89290032700006],[12.121641174000047,52.87837194400004],[12.130247960000077,52.86599882500008],[12.12928103300004,52.85593280100005],[12.169623160000071,52.86435499300006],[12.19357788700006,52.875966462000065],[12.214275047000058,52.863779658000055],[12.215289033000033,52.859709258000066],[12.219141838000041,52.860053778000065],[12.221328695000068,52.86418543800005],[12.229484139000022,52.86096912100004],[12.243883309000068,52.82212017400008],[12.254482797000037,52.807160811000074],[12.249203418000036,52.791861924000045],[12.242929752000066,52.78714943400007],[12.223527428000068,52.789363527000035],[12.222600154000077,52.775740409000036],[12.21387876700004,52.77293181700003],[12.212057408000021,52.76565422500005],[12.206927979000056,52.760769148000065],[12.209393213000055,52.75403404100007],[12.218428838000023,52.750862503000064],[12.222078531000022,52.738953765000076],[12.201294611000037,52.72900414600008],[12.203346811000074,52.72475597500005],[12.19863315400005,52.718447499000035],[12.208004794000033,52.71821948200005],[12.205759768000064,52.71218097700006],[12.222329319000039,52.70392710800007],[12.217913330000044,52.69891604500003],[12.222741275000033,52.68916680700005],[12.232124937000037,52.68844660900004],[12.227931561000048,52.68318766800007],[12.23473664100004,52.67978701100003],[12.239299518000053,52.66581845600007],[12.235866636000026,52.664239501000054],[12.233416499000043,52.65288035200007],[12.236962061000042,52.64309651000008],[12.230993941000065,52.63693557200003],[12.231555616000037,52.63049301900003],[12.236807311000064,52.62986736400006],[12.211360152000054,52.62443999700008],[12.201434953000046,52.61892074500008],[12.17196997600007,52.625946362000036],[12.169348915000057,52.61893562800003],[12.172293012000068,52.61528039500007],[12.170772230000068,52.60860657900008],[12.17577336100004,52.605383877000065],[12.173384390000024,52.582255005000036],[12.181077768000023,52.575176887000055],[12.16275379900003,52.56368456200005],[12.144511200000068,52.536973569000054],[12.144447876000072,52.530779722000034],[12.153138941000066,52.529797891000044],[12.17236083000006,52.53823526600007],[12.187534623000033,52.532042571000034],[12.168490896000037,52.51522953600005],[12.171291236000059,52.50618239900007],[12.186216003000027,52.49697512300003],[12.220704776000048,52.501344534000054],[12.22527834400006,52.50455661500007],[12.225674777000052,52.51126209300003],[12.232768437000061,52.52122433200003],[12.238631547000068,52.52276590000008],[12.256637255000044,52.51744841800007],[12.260078345000068,52.50652085100006],[12.266033265000033,52.50063605500003],[12.265104961000077,52.49541115800008],[12.273269184000071,52.488421456000026],[12.296915203000026,52.495125907000045],[12.310478975000024,52.49159309600003],[12.32604032100005,52.494930201000045],[12.325638489000028,52.49221798600007],[12.314384425000071,52.48935118400004],[12.309978569000066,52.484384403000035],[12.310244677000071,52.48005046000003],[12.314668332000053,52.47659048000003],[12.328748491000056,52.47705114200005],[12.324361759000055,52.46535008800004],[12.31673993000004,52.45957453300008],[12.317180235000023,52.45409538900003],[12.30579638000006,52.45063090700006],[12.301687135000066,52.434423510000045],[12.290547656000058,52.43050524200004],[12.29563968900004,52.424190087000056],[12.27497386300007,52.41501694500005],[12.286342770000033,52.40889006400005],[12.299824492000027,52.40795458500003],[12.301648142000033,52.39543348900003],[12.294933893000064,52.391660666000064],[12.293701313000042,52.38290306000005],[12.305614697000067,52.37848787400003],[12.301080968000065,52.37178366200004],[12.287796296000067,52.36932387300004],[12.284521432000076,52.36531178300004],[12.306926951000037,52.34407467700004],[12.263799102000064,52.29538280000003],[12.253708946000074,52.277724911000064],[12.252708076000033,52.26078102900004],[12.246799120000048,52.25159584600004],[12.258008051000047,52.243152904000056],[12.268411356000058,52.24154790800003],[12.273945981000054,52.235327615000074],[12.296097265000071,52.22696952000007],[12.279719601000068,52.21813862700003],[12.259558165000044,52.21595533000004],[12.248746072000074,52.21117454500006],[12.246454580000034,52.20770381300008],[12.252668837000044,52.204463202000056],[12.243121310000049,52.19600097000006],[12.246684381000023,52.18392023100006],[12.228248052000026,52.18491992000003],[12.217567330000065,52.17032630300008],[12.232829396000056,52.162672619000034],[12.232143954000037,52.155186653000044],[12.242318161000071,52.14180524200003],[12.26368375100003,52.13125688900004],[12.27672457500006,52.10401790800006],[12.31557794300005,52.092271726000035],[12.332095688000038,52.067042497000045],[12.34752488600003,52.059306794000065],[12.35946764700003,52.047055441000055],[12.389508481000064,52.04312017700005],[12.408330156000034,52.02984699600006],[12.436207793000051,52.01714204700005],[12.449424277000048,52.01692645000003],[12.461510601000043,52.034273133000056],[12.478503851000028,52.03355796100004],[12.484242325000025,52.01930067200004],[12.497792102000062,52.00972537000007],[12.535337741000035,52.001097006000066],[12.541157973000054,51.98500730000006],[12.614025250000054,51.98254030900006],[12.615402709000023,51.99129968600005],[12.643744181000045,51.99476327800005],[12.649216675000048,52.008376886000065],[12.658525319000034,52.012868669000056],[12.67142708700004,52.01181910300005],[12.682916048000038,52.00355288800006],[12.710224728000071,52.00010959000008],[12.72961710100003,51.989229855000076],[12.752487358000053,51.98703163400006],[12.776108032000025,51.975618894000036],[12.776022001000058,51.96511647700004],[12.809555772000067,51.962551880000035],[12.843288653000059,51.96716784900008],[12.850720693000028,51.95636580100006],[12.852730033000057,51.93500556400005],[12.886747859000025,51.93444352300003],[12.89378506600002,51.92843509800008],[12.915437094000026,51.93240805000005],[12.920553418000054,51.93921927300005],[12.95901823500003,51.934710908000056],[12.957255377000024,51.92295961800005],[12.975736143000063,51.919286871000054],[12.973721880000028,51.901601578000054],[12.98833563900007,51.90395736000005],[13.00982762800004,51.90260974300003],[13.021149341000068,51.897976551000056],[13.024461889000065,51.902719303000026],[13.04510618300003,51.899735734000046],[13.047678524000048,51.89279183200006],[13.038478851000036,51.890306096000074],[13.037809324000023,51.88128446800005],[13.03014433900006,51.88032551200007],[13.041633797000031,51.87072717900003],[13.079046521000066,51.86808564700004],[13.08500521700006,51.874016647000076],[13.113568225000051,51.87516377400004],[13.122770934000073,51.882720996000046],[13.13085194000007,51.882266541000035],[13.142228086000046,51.872556891000045],[13.149603820000038,51.87233147900008],[13.150932331000035,51.868926413000054],[13.150913352000032,51.85961035100007],[13.123738986000035,51.85583791800008],[13.141181972000027,51.82700967400007],[13.14069414200003,51.82277785800005],[13.148275678000061,51.819822646000034],[13.161633294000069,51.80373330300006],[13.160476884000047,51.788798083000074],[13.169264962000057,51.786224735000076],[13.167744416000062,51.78332047400005],[13.160976178000055,51.78323046200006],[13.159538852000026,51.77525120700005],[13.148900468000022,51.76757504700004],[13.152702938000061,51.76390840700003],[13.149853540000038,51.75926706600006],[13.163294476000033,51.75493584900005],[13.155436487000031,51.74633943100008],[13.156362686000023,51.74192944600003],[13.165448169000058,51.74069479000008],[13.16833298000006,51.73565834800007],[13.17865196200006,51.73139355200004],[13.186036072000036,51.71663344400008],[13.168036805000042,51.71809286000007],[13.169585447000031,51.70903556600007],[13.16129339500003,51.71243926000005],[13.156039614000065,51.71113893000006],[13.161330663000058,51.69184424700006],[13.151196943000059,51.68544049700006],[13.05102479900006,51.64767692700008],[13.023895363000065,51.63816899300008],[13.018153291000033,51.64532254800008],[13.019423029000052,51.65518079700007],[13.013294259000077,51.66294127700007],[13.005657477000057,51.662699134000036],[12.995453160000068,51.66887639300006],[12.983048083000028,51.66883020000006],[12.978480320000074,51.66781514100006],[12.978552425000032,51.66414801700006],[12.96805312400005,51.66409024300003],[12.970953522000059,51.651000071000055],[12.951523116000033,51.64965901700003],[12.951116485000057,51.64383336100008],[12.94216330300003,51.63800607300004],[12.929882251000038,51.64863984100003],[12.918682871000044,51.64909315400007],[12.912520464000067,51.645006290000026],[12.901510363000057,51.64618411200007],[12.892069639000056,51.653112183000076],[12.894752811000046,51.66193183900003],[12.89210287700007,51.66560071600003],[12.867511854000043,51.65658790300006],[12.856677089000073,51.67805212500008],[12.844214284000032,51.68395397300003],[12.830096898000022,51.68166335300003],[12.830460636000055,51.67624874900008],[12.806238137000037,51.66707347100004],[12.79151772800003,51.66470378100007],[12.781244473000072,51.65332034000005],[12.770473792000075,51.64730509900005],[12.713686608000046,51.66166792800004],[12.687284262000048,51.66184723300006],[12.667812711000067,51.64287331400004],[12.664455060000023,51.63109844600007],[12.650367344000074,51.62534964900004],[12.64679407400007,51.62005875500006],[12.609602904000042,51.610914523000076],[12.62126573300003,51.61692871000008],[12.626497492000055,51.625019604000045],[12.62097876100006,51.62742196200003],[12.605547630000046,51.62625953500003],[12.593788372000063,51.618626662000054],[12.580262893000054,51.62606552200003],[12.574722515000076,51.61660444200004],[12.564236705000042,51.61420796800007],[12.558599751000031,51.60881068700007],[12.546960831000035,51.60814497200005],[12.539847816000076,51.60294632700004],[12.50761331700005,51.60774878800004],[12.49886273800007,51.60382958800005],[12.496147668000049,51.59726467000007],[12.482942016000038,51.59396660600004],[12.47834556600003,51.59601956700004],[12.48622516000006,51.60129365100005],[12.485295976000032,51.604009904000065],[12.461235518000024,51.60367667400004],[12.444700581000063,51.60957201200006],[12.43793873800007,51.60503715800007],[12.435601829000063,51.598946528000056],[12.42712103200006,51.59777635800003],[12.424192963000053,51.58263562600007],[12.410385452000071,51.58243390500007],[12.391781128000048,51.58776090200007],[12.370090079000022,51.586903747000065],[12.367681138000023,51.583087085000045],[12.33785656300006,51.58607495700005],[12.341634345000045,51.58073795200005],[12.322001274000058,51.57775093200007],[12.312686057000064,51.568690598000046],[12.295713522000028,51.56582920000005],[12.290024170000038,51.56079846400007],[12.251272903000029,51.559895933000064],[12.246338756000057,51.56566413500008],[12.241424582000036,51.56573675200008],[12.233839361000037,51.560523035000074],[12.23514738700004,51.55377272800007],[12.231061753000063,51.55228283000008],[12.230157620000057,51.54773226800006],[12.211340862000043,51.541821379000055],[12.198938751000071,51.531320556000026],[12.193633846000068,51.53067366800008],[12.191305972000066,51.52205415000003],[12.19396923000005,51.50712796900007],[12.207820816000037,51.50093039400008],[12.20208135200005,51.485721753000064],[12.177138144000025,51.482110222000074],[12.174325215000067,51.46925757200006],[12.150281082000049,51.462777043000074],[12.148672585000043,51.45949494400003],[12.157414954000046,51.45093284600006],[12.15828725800003,51.432940494000036],[12.180972353000072,51.432410633000075],[12.18588741000002,51.421976114000074],[12.189821968000047,51.42085336800005],[12.186680489000025,51.41444143900003],[12.182614046000026,51.41435204100003],[12.183202387000051,51.41077097900006],[12.173533224000039,51.41025697300006],[12.176956768000025,51.404921064000064],[12.177399398000034,51.39183316300006],[12.181557663000035,51.38792714500005],[12.173417046000054,51.38397222200007],[12.17701981600004,51.37738315400003],[12.185766107000063,51.37737107800007],[12.183969514000069,51.37149483700006],[12.189887938000027,51.36925114700006],[12.18726145900007,51.36427068200004],[12.194275830000038,51.35852620900005],[12.190881602000047,51.34964612400006],[12.193544297000074,51.33251859000006],[12.168682929000056,51.327116826000065],[12.163102052000056,51.321115330000055],[12.149038960000041,51.31982339100006],[12.156386233000035,51.30531214300004],[12.158075765000035,51.293000248000055],[12.168797007000023,51.292321472000026],[12.171814502000075,51.28417792000005],[12.166727981000065,51.26685794300005],[12.172791792000055,51.26539086000008],[12.174755150000067,51.25875066300006],[12.188945283000066,51.256790100000046],[12.193538553000053,51.241270136000026],[12.199492131000056,51.23841898400008],[12.192933615000072,51.235464612000044],[12.197567527000047,51.21857127800007],[12.20364676500003,51.214559559000065],[12.19073097300003,51.20454626700007],[12.190668024000047,51.19591709600007],[12.174460112000077,51.189240934000054],[12.175325557000065,51.18232804500008],[12.192075308000028,51.18515266700007],[12.212175212000034,51.18290673400003],[12.211391355000046,51.173561919000065],[12.197325375000048,51.158522118000064],[12.196192329000041,51.14190744500007],[12.229815060000021,51.13623169700003],[12.241284293000035,51.12977749400005],[12.22430179500003,51.12032521100008],[12.224080955000034,51.11154302800003],[12.227882426000065,51.106513316000076],[12.254380225000034,51.09789932500007],[12.275721755000063,51.09877201100005],[12.283546929000067,51.091924025000026],[12.284978136000063,51.087047718000065],[12.272719437000035,51.07617463500003],[12.266953005000062,51.07709389000007],[12.267712858000039,51.07152830900003],[12.259415727000032,51.06577116700004],[12.261196161000044,51.050178585000026],[12.25046050900005,51.044467102000056],[12.25429822700005,51.037622372000044],[12.276414010000053,51.04055150800008],[12.286507425000025,51.03702225300003],[12.293205774000057,51.03000703200007],[12.292072871000073,51.02097099700006],[12.282549452000069,51.006921042000045],[12.238645251000037,50.97308557700006],[12.233597081000028,50.96166039600007],[12.241670361000047,50.961513411000055],[12.23888974700003,50.95222728500005],[12.21448163100007,50.938052249000066],[12.212765122000064,50.95792008900003],[12.19834088400006,50.957110138000075],[12.182303111000067,50.975110734000054],[12.163840926000034,50.966123147000076],[12.163529435000044,50.95860010000007],[12.152105605000031,50.96386063800003],[12.134155268000029,50.96117559800007],[12.133311693000053,50.96489818200007],[12.09158896200006,50.97607839400007],[12.055588518000036,50.968899941000075],[12.037121730000024,50.97254196500006],[12.02101865000003,50.96912251700007],[12.011661960000026,50.97034030400005],[12.011362877000067,50.97413781100005],[12.016627295000035,50.97868855300004],[12.00579252500006,50.99015930000007],[11.999765472000036,50.98942501300007],[11.99477967200005,50.992682169000034],[11.974238078000042,50.99032210300004],[11.96919824500003,50.997776171000055],[11.977487395000026,51.002161536000074],[11.975805927000067,51.00930163600003],[11.979171163000046,51.01325336900004],[11.976773736000041,51.01667546400006],[11.958538368000063,51.021447013000056],[11.942294041000025,51.03170989900008],[11.920227622000027,51.02663786800008],[11.91091005100003,51.02955001500004],[11.914303270000062,51.03788231600004],[11.909784115000036,51.04458852000005],[11.898114939000038,51.04536912800006],[11.889620343000047,51.05492359300007],[11.876559549000035,51.05650549300003],[11.864997593000055,51.051730829000064],[11.859492365000051,51.05405303500004],[11.806010466000032,51.047552773000064],[11.77638148400007,51.05296408300006],[11.771737066000071,51.05016938000006],[11.77090677800004,51.045253725000066],[11.759690027000033,51.04285810400006],[11.759753456000055,51.04777598600003],[11.752107525000042,51.048620595000045],[11.74642407400006,51.05305506700006],[11.751933978000068,51.05665028700008],[11.750142218000065,51.05872320800006],[11.720369617000074,51.07066785900008],[11.702388215000042,51.069431286000054],[11.691549474000055,51.098949882000056],[11.671449377000044,51.10393766400006],[11.664873682000064,51.11057347000008],[11.647079732000066,51.10730206200003],[11.636814193000077,51.10941824300005],[11.619631341000058,51.100334529000065],[11.616822520000028,51.10611248200007],[11.60166762600005,51.11386703100004],[11.571683907000022,51.118998962000035],[11.558556817000067,51.11013349700005],[11.548496389000036,51.11105187800007],[11.543844510000042,51.10281369000006],[11.513495861000024,51.107325665000076],[11.509631743000057,51.103564723000034],[11.487425381000037,51.10262842600008],[11.464638560000026,51.11260157900006],[11.46283971400004,51.129293559000075],[11.453860759000065,51.14600390700008],[11.472308861000045,51.14898818900008],[11.478348904000029,51.15790841900008],[11.474909671000034,51.16456239000007],[11.485548264000045,51.168017418000034],[11.470817273000023,51.169838456000036],[11.468144221000045,51.19228432700004],[11.457342264000033,51.194888097000046],[11.452402910000046,51.192477523000036],[11.443196129000057,51.20892071000003],[11.428788765000036,51.212251750000064],[11.407067802000029,51.20734007500005],[11.405721534000065,51.20315832500006],[11.39975600400004,51.205992425000034],[11.39267546900004,51.20393392700004],[11.388966237000034,51.20798499000006],[11.389412106000066,51.216783795000026],[11.365813756000023,51.22197836200007],[11.368967418000068,51.22956556300005],[11.385374531000025,51.24588698100007],[11.39927355900005,51.24265797700008],[11.39871947100005,51.237516877000076],[11.401571378000028,51.23627137900007],[11.41202553000005,51.24113431400008],[11.424617376000072,51.25415118400008],[11.437344347000021,51.26191191600003],[11.440240929000026,51.271688347000065],[11.45422893400007,51.276108597000075],[11.453418271000032,51.28328832500006],[11.459120282000072,51.292593485000054],[11.467594551000047,51.289153630000044],[11.473758486000065,51.29893393900005],[11.41589042000004,51.33336922800004],[11.428868286000068,51.33980999700003],[11.42732854600007,51.34238498800005],[11.408992156000068,51.34024548100007],[11.399436771000069,51.34483604900004],[11.400975047000031,51.34943700800005],[11.39365118400002,51.35434509500004],[11.390420376000066,51.366685010000026],[11.397234246000039,51.377486],[11.391882020000025,51.38377228400003],[11.367772338000066,51.386828336000065],[11.362677425000072,51.383367443000054],[11.356216242000073,51.389059633000045],[11.34766778900007,51.38455708300006],[11.34036016500005,51.39139844300007],[11.331288264000023,51.39095226400008],[11.321259885000075,51.410372547000065],[11.28497505100006,51.40220812700005],[11.27524595400007,51.40484335700006],[11.274318993000065,51.40075460400004],[11.25276914400007,51.40065302700003],[11.24850592200005,51.39513294500006],[11.244122835000042,51.39695497300005],[11.24789710500005,51.40542035800007],[11.23016747500003,51.405742503000056],[11.23090714600005,51.40832706100008],[11.223883018000038,51.41318610800005],[11.211529941000038,51.41180278600007],[11.208116451000024,51.40718778300004],[11.197424083000044,51.40715671800007],[11.187904165000077,51.40288086700008],[11.171926746000054,51.40624347500005],[11.154074148000063,51.402153500000054],[11.132654044000049,51.40553878400004],[11.126710390000028,51.41261872000007],[11.064994015000025,51.42937061900005],[11.05231879400003,51.42906421500004],[11.045611241000074,51.42216367900005],[11.040144621000024,51.42408637400007],[11.006159910000065,51.41693844300005],[10.996718860000044,51.41872384200008],[11.000579734000041,51.422973925000065],[11.009094884000035,51.42459256400008],[11.007198155000026,51.42872121800008],[10.978112958000054,51.426885104000064],[10.979680201000065,51.43192339800004],[10.967874639000058,51.43282412500008],[10.972036556000035,51.45267265600006],[10.968381359000034,51.458849083000075],[10.96299390200005,51.46038710300007],[10.961969626000041,51.471968798000034],[10.97294325200005,51.48196102300005],[10.94864897900004,51.50162954900003],[10.946634736000021,51.49900984900006],[10.939720984000076,51.50072545000006],[10.944271359000027,51.504918832000044],[10.935302704000037,51.51435893000007],[10.934419431000038,51.53051028400006],[10.938966059000052,51.53492246700006],[10.946988419000036,51.53415073000008],[10.947396441000024,51.536771044000034],[10.939390895000031,51.54176966000006],[10.91642911300005,51.54778266100004],[10.910863019000033,51.55417405000003],[10.903714722000075,51.55015588500004],[10.896722174000047,51.55395248900004],[10.898107131000074,51.56612552900003],[10.892069975000027,51.575635695000074],[10.883654894000074,51.58176694700006],[10.890447644000062,51.596473426000045],[10.895015888000046,51.59906881100005],[10.903596324000034,51.59449077900007],[10.92734712600003,51.592453136000074],[10.935734619000073,51.60043441300007],[10.932957974000033,51.60519607500004],[10.917482807000056,51.61034281500008],[10.918810609000047,51.61483185700007],[10.916059003000044,51.616373933000034],[10.88699252500004,51.61248068400005],[10.858830733000048,51.63242484300008],[10.835463668000045,51.63079621800006],[10.823244278000061,51.62407164800004],[10.816405578000058,51.638960361000045],[10.785686313000042,51.64202492600003],[10.764482024000074,51.64828295700005],[10.75676973800006,51.64488574000006],[10.756122248000054,51.641748145000065],[10.748183023000024,51.64081040900004],[10.733656003000021,51.64500199100007],[10.70959498700006,51.641028265000045],[10.69388969800002,51.644766728000036],[10.682146673000034,51.66068568700007],[10.671095036000054,51.667212336000034],[10.664041636000036,51.69079818500006],[10.671744166000053,51.69784497400008],[10.66579594500007,51.71146757400004],[10.650783803000024,51.71810001500006],[10.643269264000025,51.725145111000074],[10.641283917000067,51.73156873200003],[10.632948783000074,51.73779886300008],[10.62721521700007,51.75792539100007],[10.602559349000046,51.76379940500004],[10.581761624000023,51.780281767000076],[10.585101644000076,51.78901372800004],[10.583561157000076,51.79824485100005],[10.575129706000041,51.81137494200004],[10.57923887800007,51.82827168000006],[10.588155991000065,51.83477608800007],[10.585425464000025,51.83926653200007],[10.576971026000024,51.84298740300005],[10.583938742000043,51.85155942100005],[10.600678396000035,51.85474436800007],[10.61650566700007,51.86876889700005],[10.635336615000028,51.87662336900007],[10.648751774000061,51.88920260100008],[10.650001119000024,51.90077032600004],[10.646558841000058,51.90922259600006],[10.63751510000003,51.915868009000064],[10.614385282000057,51.921902490000036],[10.617471669000054,51.93157633800007],[10.613809025000023,51.93851428900007],[10.623414599000057,51.94722238700007],[10.643294696000055,51.952930422000065],[10.649838696000074,51.95803347000003],[10.641808920000074,51.96194261100004],[10.620973560000039,51.958185885000034],[10.618768810000063,51.966269347000036],[10.607197532000043,51.96918986000003],[10.605233918000067,51.97679606500003],[10.58730261900007,51.97594462700005],[10.585035370000071,51.98407124000005],[10.561227171000041,52.00406592100006],[10.572891268000035,52.00622461000006],[10.574904950000075,52.01038654300004],[10.594018420000054,52.014052726000045],[10.602212416000043,52.00759789500006],[10.636390169000038,52.01448592200006],[10.642416225000034,52.022267931000044],[10.655986048000045,52.02661966100004],[10.647886550000067,52.04172107800008],[10.701768209000022,52.049694110000075],[10.744073251000032,52.048790100000076],[10.761662390000026,52.04534629900007],[10.775376976000075,52.04997373000003],[10.830503387000022,52.04795955700007],[10.858060194000075,52.05192516800008],[10.87336235400005,52.058320897000044],[10.964385542000059,52.05668275100004],[10.97244990400003,52.07368968700007],[10.970496038000022,52.08499960600005],[10.94409390900006,52.09387291000007],[10.942159751000077,52.10309052900004],[10.976907398000037,52.10626709600007],[11.009639844000048,52.12054895500006],[11.017899211000042,52.127854365000076],[11.044474767000054,52.13475166300003],[11.04588943300007,52.14361924000008],[11.059322232000056,52.15370975500008],[11.055759487000046,52.16021837900007],[11.060807234000038,52.16556630100007],[11.060336808000045,52.17238735600006],[11.035324416000037,52.172124085000064],[11.019704147000027,52.17807694600003],[11.013956888000052,52.18363970100006],[11.014359800000022,52.198502086000076],[11.02302080100003,52.20071557400007],[11.026360760000046,52.21007329000008],[11.07718492600003,52.21867651800005],[11.07966519200005,52.22471889900004],[11.086243773000035,52.22863388500008],[11.074742667000066,52.242026397000075],[11.059703034000052,52.24147107200008],[11.05326375200002,52.25302641900004],[11.056312318000039,52.25872798600005],[11.050671591000025,52.26784820200004],[11.04468875300006,52.27107330300004],[11.029066853000074,52.270121095000036],[11.01250641200005,52.29132013800006],[11.03747424200003,52.301060232000054],[11.03618440400004,52.309108939000055],[11.014733445000047,52.32513951400006],[11.001181684000073,52.328523199000074],[11.003898735000064,52.33155644500005],[11.001624664000076,52.33587648200006],[10.98791247500003,52.33501596700006],[10.983674225000073,52.34168638600005],[11.018047418000037,52.34662694500008],[11.038881089000029,52.34616818600006],[11.055596937000075,52.35069840500006],[11.068400115000031,52.36016008400003],[11.068232759000068,52.37429554300007],[11.047637338000072,52.38631722200006],[11.01953839600003,52.39073430800005],[11.014527589000068,52.39949569100003],[10.979169274000071,52.42650406300004],[10.963287907000051,52.43438273500004],[10.946720482000046,52.45419253600005],[10.935011331000055,52.46068329900004],[10.93606107000005,52.47591697300004],[10.941714305000062,52.47865275300006],[10.944407270000056,52.49216207300003],[10.949993472000074,52.49560536700005],[10.97432870800003,52.50076061400006],[10.983241376000024,52.49720280400004],[11.008781587000044,52.49674744100008],[10.957871143000034,52.53688906500008],[10.943598653000038,52.55430938400008],[10.938627207000025,52.566555667000046],[10.941311391000056,52.57816155200004],[10.946215603000041,52.582593047000046],[10.940908149000052,52.588732451000055],[10.973614539000039,52.605167057000074],[10.976970438000023,52.624090144000036],[10.968582639000033,52.62629652000004],[10.947785898000063,52.62094216600008],[10.941980587000046,52.61474635900004],[10.92528528500003,52.60975058900004],[10.912476904000073,52.623855724000066],[10.90534963400006,52.62745244100006],[10.895842693000077,52.64329150000003],[10.882704123000053,52.65234693200006],[10.876800118000062,52.663935208000055],[10.859617510000021,52.675225571000055],[10.83355946200004,52.70355854100006],[10.834960222000063,52.70837727900005],[10.826409760000047,52.71721043400004],[10.797139473000072,52.71507362700004],[10.789110065000045,52.733823072000064],[10.790428577000057,52.74970549400007],[10.777015002000041,52.75515520700003],[10.77429954400003,52.76349213100008],[10.75798615900004,52.78149695400003],[10.756032556000036,52.78760418500008],[10.760637188000032,52.806307143000026],[10.757409335000034,52.81846413300008],[10.770512850000046,52.83390984300007],[10.766691403000038,52.84219241000005],[10.793422182000029,52.84386759400007],[10.803371636000065,52.84952078600003],[10.832542551000074,52.847864610000045],[10.841556,52.85220512800004],[10.858815437000032,52.85209885900008],[10.866878396000061,52.85517781900006],[10.878449451000051,52.847495638000055],[10.887731616000053,52.845883987000036],[10.892250841000077,52.84777202600003],[10.896239147000074,52.85552303700007],[10.940751714000044,52.85432523600008],[10.968331639000041,52.87754894600005],[10.985032658000023,52.88197231200007],[10.989238269000055,52.887528418000045],[10.992572253000048,52.90645741800006],[11.00146438400003,52.91088599300008],[11.040657165000027,52.91311101600007],[11.066056489000061,52.90969517000008],[11.091181240000026,52.912958495000055],[11.096914147000064,52.911125723000055],[11.095711829000038,52.89942012800003],[11.107433365000077,52.89639336400006],[11.139634010000066,52.898646357000075],[11.151796539000031,52.90157898400008],[11.15628128000003,52.90605197200006],[11.219149776000052,52.89756276700007],[11.22129575300005,52.892271178000044],[11.230626960000052,52.89134913100003],[11.242618868000022,52.879054352000026],[11.267017506000059,52.88035586800004],[11.27697600600004,52.88726217300007],[11.288781373000063,52.888450599000066],[11.294126345000052,52.886027754000054],[11.295809775000066,52.87570248500003],[11.314250241000025,52.87823643200005],[11.339391813000077,52.88832801500007],[11.354512911000029,52.89048850800003],[11.375131105000037,52.90008109300004],[11.407665180000038,52.90480067500005],[11.426172791000056,52.91919036400003],[11.470061620000024,52.93892535200007],[11.505026933000067,52.94103257100005],[11.492342649000022,52.959662895000065],[11.506485119000047,52.99854619700005],[11.512490569000022,53.00744506400008],[11.526866668000025,53.007475801000055],[11.542170852000027,52.99999811600003],[11.556416340000055,52.99866601600007],[11.559274734000041,53.00335367900004],[11.553230081000038,53.00551130200006],[11.558022331000075,53.01149461300008],[11.597784478000051,53.03592664900003],[11.62961180800005,53.041713437000055],[11.641307508000068,53.034496388000036],[11.62593843600007,53.01907972300006],[11.629308824000077,53.010270140000046]],[[12.259828425000023,52.23674721900005],[12.263815244000057,52.23288175700003],[12.267925125000033,52.234517236000045],[12.265140274000032,52.23750014700005],[12.259828425000023,52.23674721900005]],[[12.268926092000072,52.23037727500008],[12.273833541000045,52.227505164000036],[12.27711202300003,52.23156121800008],[12.271869596000045,52.23215012400004],[12.268926092000072,52.23037727500008]]],[[[11.447950638000066,51.19500448400004],[11.444682184000044,51.19436832500003],[11.440839640000036,51.19803694900003],[11.446228181000038,51.199383140000066],[11.447950638000066,51.19500448400004]]]]},"properties":{"kind":"state_boundary","name":"Sachsen-Anhalt","nuts_id":"DEE","source":"Eurostat GISCO NUTS 2024","source_url":"https://gisco-services.ec.europa.eu/distribution/v2/nuts/nuts-2024-files.html"}}]}