{"type":"FeatureCollection","features":[{"type":"Feature","geometry":{"type":"Point","coordinates":[13.67714,54.8172808]},"properties":{"kind":"substation","voltage":220000,"name":"Arcadis Ost 1"}},{"type":"Feature","geometry":{"type":"Point","coordinates":[8.7352184,50.1591423]},"properties":{"kind":"substation","voltage":220000,"name":"Umspannwerk Frankfurt Nord"}},{"type":"Feature","geometry":{"type":"Point","coordinates":[11.6394714,48.1788506]},"properties":{"kind":"substation","voltage":380000,"name":"Hauptumspannwerk Föhring"}},{"type":"Feature","geometry":{"type":"Point","coordinates":[9.9089299,53.4880407]},"properties":{"kind":"substation","voltage":380000,"name":"Hamburg/Süd"}},{"type":"Feature","geometry":{"type":"Point","coordinates":[13.2810342,52.526552]},"properties":{"kind":"substation","voltage":380000,"name":"380 kV-Kabel Terminal Berlin"}},{"type":"Feature","geometry":{"type":"Point","coordinates":[11.3708111,48.2914423]},"properties":{"kind":"substation","voltage":380000,"name":"Umspannwerk Oberbachern"}},{"type":"Feature","geometry":{"type":"Point","coordinates":[13.6090257,51.093496]},"properties":{"kind":"substation","voltage":380000,"name":"UW Niederwartha"}},{"type":"Feature","geometry":{"type":"Point","coordinates":[6.8514864,50.9841555]},"properties":{"kind":"substation","voltage":220000,"name":"Umspannwerk Bocklemünd"}},{"type":"Feature","geometry":{"type":"Point","coordinates":[9.9845748,53.7414672]},"properties":{"kind":"substation","voltage":380000,"name":"Hamburg Nord"}},{"type":"Feature","geometry":{"type":"Point","coordinates":[6.9659141,51.0699009]},"properties":{"kind":"substation","voltage":380000,"name":"Station Opladen"}},{"type":"Feature","geometry":{"type":"Point","coordinates":[6.9759321,51.0376156]},"properties":{"kind":"substation","voltage":220000,"name":"Station Dhünnaue"}},{"type":"Feature","geometry":{"type":"Point","coordinates":[6.8425842,50.8635039]},"properties":{"kind":"substation","voltage":380000,"name":"Station Knapsack"}},{"type":"Feature","geometry":{"type":"Point","coordinates":[6.9726655,50.7956748]},"properties":{"kind":"substation","voltage":380000,"name":"Station Sechtem"}},{"type":"Feature","geometry":{"type":"Point","coordinates":[7.0375747,51.5985386]},"properties":{"kind":"substation","voltage":220000,"name":"Station Bergmannsglück"}},{"type":"Feature","geometry":{"type":"Point","coordinates":[9.2159192,48.8523043]},"properties":{"kind":"substation","voltage":380000,"name":"Umspannwerk Mühlhausen"}},{"type":"Feature","geometry":{"type":"Point","coordinates":[13.5063407,52.4737262]},"properties":{"kind":"substation","voltage":220000,"name":"Umspannwerk Wuhlheide"}},{"type":"Feature","geometry":{"type":"Point","coordinates":[13.5241298,52.5358154]},"properties":{"kind":"substation","voltage":380000,"name":"Umspannwerk Marzahn"}},{"type":"Feature","geometry":{"type":"Point","coordinates":[7.0235303,51.6253555]},"properties":{"kind":"substation","voltage":380000,"name":"Station Polsum"}},{"type":"Feature","geometry":{"type":"Point","coordinates":[6.8040538,50.966176]},"properties":{"kind":"substation","voltage":380000,"name":"Umspannanlage Brauweiler"}},{"type":"Feature","geometry":{"type":"Point","coordinates":[12.8151186,50.8586618]},"properties":{"kind":"substation","voltage":380000,"name":"Umspannwerk Röhrsdorf"}},{"type":"Feature","geometry":{"type":"Point","coordinates":[8.9591534,52.2777177]},"properties":{"kind":"substation","voltage":220000,"name":"Umspannwerk Meißen"}},{"type":"Feature","geometry":{"type":"Point","coordinates":[12.4696159,51.3718112]},"properties":{"kind":"substation","voltage":220000,"name":"Umspannwerk Taucha"}},{"type":"Feature","geometry":{"type":"Point","coordinates":[8.7721937,49.9745089]},"properties":{"kind":"substation","voltage":380000,"name":"Umspannwerk Urberach"}},{"type":"Feature","geometry":{"type":"Point","coordinates":[6.6168841,51.4754166]},"properties":{"kind":"substation","voltage":380000,"name":"Station Utfort"}},{"type":"Feature","geometry":{"type":"Point","coordinates":[10.1594788,53.5553753]},"properties":{"kind":"substation","voltage":380000,"name":"Hamburg/Ost"}},{"type":"Feature","geometry":{"type":"Point","coordinates":[8.5370357,50.0781035]},"properties":{"kind":"substation","voltage":220000,"name":"Farbwerke Höchst Süd (FWH-S)"}},{"type":"Feature","geometry":{"type":"Point","coordinates":[9.5223735,52.3603645]},"properties":{"kind":"substation","voltage":220000,"name":"Hannover/West"}},{"type":"Feature","geometry":{"type":"Point","coordinates":[8.1226063,53.560503]},"properties":{"kind":"substation","voltage":220000,"name":"Umspannwerk Maade"}},{"type":"Feature","geometry":{"type":"Point","coordinates":[9.8215882,52.4248242]},"properties":{"kind":"substation","voltage":220000,"name":"Umspannwerk Lahe"}},{"type":"Feature","geometry":{"type":"Point","coordinates":[8.8730924,50.1309105]},"properties":{"kind":"substation","voltage":220000,"name":"Dörnigheim 220 kV"}},{"type":"Feature","geometry":{"type":"Point","coordinates":[9.9171667,52.2781579]},"properties":{"kind":"substation","voltage":380000,"name":"Umspannwerk Algermissen"}},{"type":"Feature","geometry":{"type":"Point","coordinates":[11.4407817,48.1718051]},"properties":{"kind":"substation","voltage":380000,"name":"Hauptumspannwerk Menzing"}},{"type":"Feature","geometry":{"type":"Point","coordinates":[8.81054,50.2037287]},"properties":{"kind":"substation","voltage":380000,"name":"Umspannwerk Karben"}},{"type":"Feature","geometry":{"type":"Point","coordinates":[11.8130166,48.2213148]},"properties":{"kind":"substation","voltage":220000,"name":"Umspannwerk Neufinsing"}},{"type":"Feature","geometry":{"type":"Point","coordinates":[8.5716921,52.1053333]},"properties":{"kind":"substation","voltage":380000,"name":"Eickum"}},{"type":"Feature","geometry":{"type":"Point","coordinates":[11.29395,48.0519889]},"properties":{"kind":"substation","voltage":220000,"name":"Umspannwerk Oberbrunn"}},{"type":"Feature","geometry":{"type":"Point","coordinates":[10.7612236,52.3674921]},"properties":{"kind":"substation","voltage":380000,"name":"Umspannwerk Hattorf"}},{"type":"Feature","geometry":{"type":"Point","coordinates":[10.3653202,52.2846137]},"properties":{"kind":"substation","voltage":380000,"name":"Wahle 380 kV"}},{"type":"Feature","geometry":{"type":"Point","coordinates":[6.1670661,50.8022538]},"properties":{"kind":"substation","voltage":380000,"name":"Umspannanlage Verlautenheide"}},{"type":"Feature","geometry":{"type":"Point","coordinates":[10.2359622,52.2932151]},"properties":{"kind":"substation","voltage":380000,"name":"Umspannwerk Klein Ilsede"}},{"type":"Feature","geometry":{"type":"Point","coordinates":[10.5054639,52.3017282]},"properties":{"kind":"substation","voltage":220000,"name":"Umspannwerk Braunschweig Nord"}},{"type":"Feature","geometry":{"type":"Point","coordinates":[6.9067198,51.5653421]},"properties":{"kind":"substation","voltage":380000,"name":"Station Nordlicht"}},{"type":"Feature","geometry":{"type":"Point","coordinates":[9.3901609,52.0266583]},"properties":{"kind":"substation","voltage":380000,"name":"Grohnde"}},{"type":"Feature","geometry":{"type":"Point","coordinates":[7.5222484,51.5322168]},"properties":{"kind":"substation","voltage":220000,"name":"Station Wambel"}},{"type":"Feature","geometry":{"type":"Point","coordinates":[7.4449555,51.6184678]},"properties":{"kind":"substation","voltage":220000,"name":"Station Elmenhorst"}},{"type":"Feature","geometry":{"type":"Point","coordinates":[6.5773278,51.5564394]},"properties":{"kind":"substation","voltage":220000,"name":"Station Ossenberg"}},{"type":"Feature","geometry":{"type":"Point","coordinates":[6.6143159,51.6187314]},"properties":{"kind":"substation","voltage":220000,"name":"Spellen"}},{"type":"Feature","geometry":{"type":"Point","coordinates":[6.6811269,51.6466761]},"properties":{"kind":"substation","voltage":380000,"name":"Station Niederrhein"}},{"type":"Feature","geometry":{"type":"Point","coordinates":[6.7147296,51.5266782]},"properties":{"kind":"substation","voltage":220000,"name":"Station Walsum"}},{"type":"Feature","geometry":{"type":"Point","coordinates":[6.6831093,51.5756473]},"properties":{"kind":"substation","voltage":220000,"name":"Station Möllen"}},{"type":"Feature","geometry":{"type":"Point","coordinates":[6.6560587,51.3795949]},"properties":{"kind":"substation","voltage":220000,"name":"Uerdingen"}},{"type":"Feature","geometry":{"type":"Point","coordinates":[8.5653317,53.0317526]},"properties":{"kind":"substation","voltage":380000,"name":"Ganderkesee"}},{"type":"Feature","geometry":{"type":"Point","coordinates":[9.501353,53.5426488]},"properties":{"kind":"substation","voltage":380000,"name":"Umspannwerk Dollern"}},{"type":"Feature","geometry":{"type":"Point","coordinates":[8.9396926,52.4030332]},"properties":{"kind":"substation","voltage":380000,"name":"Schaltanlage Ovenstädt"}},{"type":"Feature","geometry":{"type":"Point","coordinates":[10.8675348,48.5395094]},"properties":{"kind":"substation","voltage":380000,"name":"Station Meitingen"}},{"type":"Feature","geometry":{"type":"Point","coordinates":[7.5067014,51.4015378]},"properties":{"kind":"substation","voltage":220000,"name":"Garenfeld"}},{"type":"Feature","geometry":{"type":"Point","coordinates":[8.3892131,49.982337]},"properties":{"kind":"substation","voltage":380000,"name":"Umspannstation Bischofsheim"}},{"type":"Feature","geometry":{"type":"Point","coordinates":[10.8432546,49.3784785]},"properties":{"kind":"substation","voltage":380000,"name":"Umspannwerk Raitersaich"}},{"type":"Feature","geometry":{"type":"Point","coordinates":[11.1932457,50.1620758]},"properties":{"kind":"substation","voltage":380000,"name":"Umspannwerk Redwitz"}},{"type":"Feature","geometry":{"type":"Point","coordinates":[11.1067776,49.9787943]},"properties":{"kind":"substation","voltage":380000,"name":"Umspannwerk Würgau"}},{"type":"Feature","geometry":{"type":"Point","coordinates":[10.836228,49.9280171]},"properties":{"kind":"substation","voltage":380000,"name":"Umspannwerk Oberhaid"}},{"type":"Feature","geometry":{"type":"Point","coordinates":[10.6645026,49.9800567]},"properties":{"kind":"substation","voltage":380000,"name":"Eltmann"}},{"type":"Feature","geometry":{"type":"Point","coordinates":[11.7923976,48.8380861]},"properties":{"kind":"substation","voltage":220000,"name":"Umspannwerk Sittling"}},{"type":"Feature","geometry":{"type":"Point","coordinates":[9.5940786,49.7983501]},"properties":{"kind":"substation","voltage":220000,"name":"Umspannwerk Trennfeld"}},{"type":"Feature","geometry":{"type":"Point","coordinates":[11.5077731,48.7612393]},"properties":{"kind":"substation","voltage":380000,"name":"Ingolstadt"}},{"type":"Feature","geometry":{"type":"Point","coordinates":[6.625973,51.2606037]},"properties":{"kind":"substation","voltage":220000,"name":"Station Osterath"}},{"type":"Feature","geometry":{"type":"Point","coordinates":[6.3300401,51.2430084]},"properties":{"kind":"substation","voltage":380000,"name":"Station Dülken"}},{"type":"Feature","geometry":{"type":"Point","coordinates":[6.7025812,51.0087441]},"properties":{"kind":"substation","voltage":380000,"name":"Umspannwerk Rommerskirchen"}},{"type":"Feature","geometry":{"type":"Point","coordinates":[7.5000905,51.5351653]},"properties":{"kind":"substation","voltage":220000,"name":"Station Ratsbusch"}},{"type":"Feature","geometry":{"type":"Point","coordinates":[6.92581,51.4989247]},"properties":{"kind":"substation","voltage":380000,"name":"Station Büscherhof"}},{"type":"Feature","geometry":{"type":"Point","coordinates":[13.1031456,48.6668064]},"properties":{"kind":"substation","voltage":380000,"name":"Umspannwerk Pleinting"}},{"type":"Feature","geometry":{"type":"Point","coordinates":[6.8681042,51.3745227]},"properties":{"kind":"substation","voltage":380000,"name":"Station Selbeck"}},{"type":"Feature","geometry":{"type":"Point","coordinates":[6.8088927,51.26861]},"properties":{"kind":"substation","voltage":380000,"name":"Station Rath"}},{"type":"Feature","geometry":{"type":"Point","coordinates":[7.0369848,51.5407148]},"properties":{"kind":"substation","voltage":220000,"name":"Station Gelsenberg"}},{"type":"Feature","geometry":{"type":"Point","coordinates":[9.4249693,48.0645109]},"properties":{"kind":"substation","voltage":380000,"name":"Umspannwerk Herbertingen"}},{"type":"Feature","geometry":{"type":"Point","coordinates":[9.7760292,53.6906652]},"properties":{"kind":"substation","voltage":380000,"name":"Kummerfeld"}},{"type":"Feature","geometry":{"type":"Point","coordinates":[6.300847,50.8288285]},"properties":{"kind":"substation","voltage":380000,"name":"Umspannanlage Zukunft"}},{"type":"Feature","geometry":{"type":"Point","coordinates":[7.5457473,51.9703775]},"properties":{"kind":"substation","voltage":380000,"name":"Station Roxel"}},{"type":"Feature","geometry":{"type":"Point","coordinates":[11.0049261,50.5074351]},"properties":{"kind":"substation","voltage":380000,"name":"Pumpspeicherwerk Goldisthal"}},{"type":"Feature","geometry":{"type":"Point","coordinates":[9.1969274,48.9131899]},"properties":{"kind":"substation","voltage":220000,"name":"Transnet BW Umspannwerk Hoheneck"}},{"type":"Feature","geometry":{"type":"Point","coordinates":[9.1907126,48.914433]},"properties":{"kind":"substation","voltage":380000,"name":"Amprion Umspannwerk Hoheneck"}},{"type":"Feature","geometry":{"type":"Point","coordinates":[8.702021,51.7364492]},"properties":{"kind":"substation","voltage":380000,"name":"Umspannwerk Elsen"}},{"type":"Feature","geometry":{"type":"Point","coordinates":[6.2162944,50.9127283]},"properties":{"kind":"substation","voltage":380000,"name":"Siersdorf"}},{"type":"Feature","geometry":{"type":"Point","coordinates":[11.8681843,48.2067924]},"properties":{"kind":"substation","voltage":380000,"name":"Umspannwerk Ottenhofen"}},{"type":"Feature","geometry":{"type":"Point","coordinates":[9.4006648,48.6669743]},"properties":{"kind":"substation","voltage":380000,"name":"Umspannwerk Wendlingen"}},{"type":"Feature","geometry":{"type":"Point","coordinates":[6.9479131,51.4444457]},"properties":{"kind":"substation","voltage":380000,"name":"Station Rosenblumendelle"}},{"type":"Feature","geometry":{"type":"Point","coordinates":[9.5627692,48.7014631]},"properties":{"kind":"substation","voltage":380000,"name":"Netze BW Umspannwerk Bünzwangen"}},{"type":"Feature","geometry":{"type":"Point","coordinates":[9.7043902,48.4649215]},"properties":{"kind":"substation","voltage":380000,"name":"Umspannwerk Laichingen"}},{"type":"Feature","geometry":{"type":"Point","coordinates":[8.0856419,53.6058779]},"properties":{"kind":"substation","voltage":220000,"name":"Voslapp"}},{"type":"Feature","geometry":{"type":"Point","coordinates":[11.6387968,52.2689842]},"properties":{"kind":"substation","voltage":380000,"name":"Umspannwerk Wolmirstedt"}},{"type":"Feature","geometry":{"type":"Point","coordinates":[10.999352,52.2001435]},"properties":{"kind":"substation","voltage":380000,"name":"Umspannwerk Helmstedt"}},{"type":"Feature","geometry":{"type":"Point","coordinates":[6.4577919,50.8718183]},"properties":{"kind":"substation","voltage":380000,"name":"Station Oberzier"}},{"type":"Feature","geometry":{"type":"Point","coordinates":[6.4880631,50.8810648]},"properties":{"kind":"substation","voltage":380000,"name":"Station Hambach"}},{"type":"Feature","geometry":{"type":"Point","coordinates":[7.1368631,50.6428153]},"properties":{"kind":"substation","voltage":380000,"name":"Station Ließem"}},{"type":"Feature","geometry":{"type":"Point","coordinates":[8.785313,48.5837056]},"properties":{"kind":"substation","voltage":380000,"name":"Umspannwerk Oberjettingen"}},{"type":"Feature","geometry":{"type":"Point","coordinates":[6.5959814,50.9524564]},"properties":{"kind":"substation","voltage":380000,"name":"Station Paffendorf"}},{"type":"Feature","geometry":{"type":"Point","coordinates":[10.1564171,54.2755441]},"properties":{"kind":"substation","voltage":220000,"name":"Kiel-Süd"}},{"type":"Feature","geometry":{"type":"Point","coordinates":[12.9429472,52.5621636]},"properties":{"kind":"substation","voltage":380000,"name":"Umspannwerk Wustermark"}},{"type":"Feature","geometry":{"type":"Point","coordinates":[10.0603909,54.3488196]},"properties":{"kind":"substation","voltage":220000,"name":"Kiel West"}},{"type":"Feature","geometry":{"type":"Point","coordinates":[9.125267,52.5382675]},"properties":{"kind":"substation","voltage":380000,"name":"Landesbergen"}},{"type":"Feature","geometry":{"type":"Point","coordinates":[7.023599,50.9990673]},"properties":{"kind":"substation","voltage":220000,"name":"Station Dünnwald"}},{"type":"Feature","geometry":{"type":"Point","coordinates":[6.7097253,51.0909439]},"properties":{"kind":"substation","voltage":220000,"name":"Station Gohrpunkt"}},{"type":"Feature","geometry":{"type":"Point","coordinates":[9.9880944,53.7659862]},"properties":{"kind":"substation","voltage":220000,"name":"Hamburg/Nord"}},{"type":"Feature","geometry":{"type":"Point","coordinates":[10.3692374,52.167092]},"properties":{"kind":"substation","voltage":220000,"name":"Hallendorf"}},{"type":"Feature","geometry":{"type":"Point","coordinates":[10.378744,53.2194322]},"properties":{"kind":"substation","voltage":380000,"name":"Umspannwerk Lüneburg"}},{"type":"Feature","geometry":{"type":"Point","coordinates":[10.3816434,52.9935035]},"properties":{"kind":"substation","voltage":380000,"name":"Stadorf"}},{"type":"Feature","geometry":{"type":"Point","coordinates":[8.9329156,52.1934885]},"properties":{"kind":"substation","voltage":220000,"name":"Veltheim"}},{"type":"Feature","geometry":{"type":"Point","coordinates":[7.263951,51.5735545]},"properties":{"kind":"substation","voltage":220000,"name":"Station Pöppinghausen"}},{"type":"Feature","geometry":{"type":"Point","coordinates":[10.9728463,49.5585674]},"properties":{"kind":"substation","voltage":380000,"name":"Umspannwerk Kriegenbrunn"}},{"type":"Feature","geometry":{"type":"Point","coordinates":[13.1578206,51.8281903]},"properties":{"kind":"substation","voltage":380000,"name":"UW Schönewalde"}},{"type":"Feature","geometry":{"type":"Point","coordinates":[13.5241466,52.5356957]},"properties":{"kind":"substation","voltage":380000,"name":"Umspannwerk Marzahn"}},{"type":"Feature","geometry":{"type":"Point","coordinates":[9.1451199,52.8527852]},"properties":{"kind":"substation","voltage":220000,"name":"Wechold"}},{"type":"Feature","geometry":{"type":"Point","coordinates":[9.1132561,52.5438409]},"properties":{"kind":"substation","voltage":220000,"name":"Umspannwerk Kraftwerk Robert Frank"}},{"type":"Feature","geometry":{"type":"Point","coordinates":[12.0821833,49.2977303]},"properties":{"kind":"substation","voltage":380000,"name":"Schwandorf"}},{"type":"Feature","geometry":{"type":"Point","coordinates":[7.061457,51.6968185]},"properties":{"kind":"substation","voltage":220000,"name":"Umspannwerk Kusenhorst"}},{"type":"Feature","geometry":{"type":"Point","coordinates":[12.1144211,49.631035]},"properties":{"kind":"substation","voltage":380000,"name":"Umspannwerk Etzenricht"}},{"type":"Feature","geometry":{"type":"Point","coordinates":[7.1797323,51.5477346]},"properties":{"kind":"substation","voltage":380000,"name":"Herne"}},{"type":"Feature","geometry":{"type":"Point","coordinates":[9.7460332,50.9175581]},"properties":{"kind":"substation","voltage":380000,"name":"Umspannwerk Mecklar 380kV"}},{"type":"Feature","geometry":{"type":"Point","coordinates":[13.306381,52.2307199]},"properties":{"kind":"substation","voltage":220000,"name":"Umspannwerk Thyrow"}},{"type":"Feature","geometry":{"type":"Point","coordinates":[7.0473413,50.9055599]},"properties":{"kind":"substation","voltage":220000,"name":"Station Gremberghoven"}},{"type":"Feature","geometry":{"type":"Point","coordinates":[12.150056,49.012574]},"properties":{"kind":"substation","voltage":220000,"name":"Umspannwerk Regensburg"}},{"type":"Feature","geometry":{"type":"Point","coordinates":[8.0600485,53.6202599]},"properties":{"kind":"substation","voltage":220000,"name":"Inhausen"}},{"type":"Feature","geometry":{"type":"Point","coordinates":[7.7258299,52.2770273]},"properties":{"kind":"substation","voltage":380000,"name":"Station Ibbenbüren"}},{"type":"Feature","geometry":{"type":"Point","coordinates":[11.8947029,51.4063614]},"properties":{"kind":"substation","voltage":380000,"name":"Umspannwerk Lauchstädt"}},{"type":"Feature","geometry":{"type":"Point","coordinates":[10.4195526,52.2369697]},"properties":{"kind":"substation","voltage":220000,"name":"Gleidingen"}},{"type":"Feature","geometry":{"type":"Point","coordinates":[13.9572215,53.2525038]},"properties":{"kind":"substation","voltage":380000,"name":"Umspannwerk Bertikow"}},{"type":"Feature","geometry":{"type":"Point","coordinates":[11.3706157,53.6007115]},"properties":{"kind":"substation","voltage":380000,"name":"Umspannwerk Görries"}},{"type":"Feature","geometry":{"type":"Point","coordinates":[9.7973087,52.0008345]},"properties":{"kind":"substation","voltage":220000,"name":"Godenau"}},{"type":"Feature","geometry":{"type":"Point","coordinates":[13.2116827,52.5806648]},"properties":{"kind":"substation","voltage":380000,"name":"Umspannwerk Teufelsbruch"}},{"type":"Feature","geometry":{"type":"Point","coordinates":[14.4718998,51.5536869]},"properties":{"kind":"substation","voltage":380000,"name":"Graustein"}},{"type":"Feature","geometry":{"type":"Point","coordinates":[13.3686204,52.5032008]},"properties":{"kind":"substation","voltage":380000,"name":"Umspannwerk Mitte"}},{"type":"Feature","geometry":{"type":"Point","coordinates":[13.2062939,52.657218]},"properties":{"kind":"substation","voltage":220000,"name":"Hennigsdorf"}},{"type":"Feature","geometry":{"type":"Point","coordinates":[10.840467,48.2380488]},"properties":{"kind":"substation","voltage":380000,"name":"Umspannwerk Oberottmarshausen"}},{"type":"Feature","geometry":{"type":"Point","coordinates":[9.2015449,53.8956326]},"properties":{"kind":"substation","voltage":380000,"name":"Umspannwerk Kernkraftwerk Brunsbüttel"}},{"type":"Feature","geometry":{"type":"Point","coordinates":[9.274427,48.5498005]},"properties":{"kind":"substation","voltage":380000,"name":"Umspannwerk Metzingen"}},{"type":"Feature","geometry":{"type":"Point","coordinates":[13.4564335,52.5214596]},"properties":{"kind":"substation","voltage":380000,"name":"Umspannwerk Friedrichshain"}},{"type":"Feature","geometry":{"type":"Point","coordinates":[10.0839179,48.2690433]},"properties":{"kind":"substation","voltage":380000,"name":"Vöhringen LEW"}},{"type":"Feature","geometry":{"type":"Point","coordinates":[10.4015498,48.5098272]},"properties":{"kind":"substation","voltage":380000,"name":"Gundremmingen"}},{"type":"Feature","geometry":{"type":"Point","coordinates":[8.0716837,53.5582363]},"properties":{"kind":"substation","voltage":380000,"name":"Konverter Station Fedderwarden"}},{"type":"Feature","geometry":{"type":"Point","coordinates":[10.2318262,48.5296531]},"properties":{"kind":"substation","voltage":380000,"name":"Umspannwerk Niederstotzingen"}},{"type":"Feature","geometry":{"type":"Point","coordinates":[9.8013312,47.6528124]},"properties":{"kind":"substation","voltage":380000,"name":"Obermooweiler"}},{"type":"Feature","geometry":{"type":"Point","coordinates":[9.6456919,47.7447209]},"properties":{"kind":"substation","voltage":380000,"name":"380kV-Umspannwerk Grünkraut"}},{"type":"Feature","geometry":{"type":"Point","coordinates":[9.0127632,47.8446341]},"properties":{"kind":"substation","voltage":220000,"name":"Stockach 220kV"}},{"type":"Feature","geometry":{"type":"Point","coordinates":[8.2520121,47.6397989]},"properties":{"kind":"substation","voltage":220000,"name":"Umspannwerk Gurtweil"}},{"type":"Feature","geometry":{"type":"Point","coordinates":[8.2594537,47.6342422]},"properties":{"kind":"substation","voltage":380000,"name":"Umspannwerk Tiengen"}},{"type":"Feature","geometry":{"type":"Point","coordinates":[9.9445673,49.5783891]},"properties":{"kind":"substation","voltage":380000,"name":"Umspannwerk Stalldorf"}},{"type":"Feature","geometry":{"type":"Point","coordinates":[6.7725072,51.1471157]},"properties":{"kind":"substation","voltage":220000,"name":"Station Norf"}},{"type":"Feature","geometry":{"type":"Point","coordinates":[7.2546569,53.0266717]},"properties":{"kind":"substation","voltage":380000,"name":"Rhede"}},{"type":"Feature","geometry":{"type":"Point","coordinates":[12.1882521,53.8157621]},"properties":{"kind":"substation","voltage":380000,"name":"Umspannwerk Güstrow"}},{"type":"Feature","geometry":{"type":"Point","coordinates":[12.2136397,54.0999746]},"properties":{"kind":"substation","voltage":380000,"name":"Bentwisch HGÜ"}},{"type":"Feature","geometry":{"type":"Point","coordinates":[8.4746385,53.4287669]},"properties":{"kind":"substation","voltage":380000,"name":"Unterweser"}},{"type":"Feature","geometry":{"type":"Point","coordinates":[6.9633219,50.8337789]},"properties":{"kind":"substation","voltage":220000,"name":"Station Bollenacker"}},{"type":"Feature","geometry":{"type":"Point","coordinates":[8.2488906,48.8463088]},"properties":{"kind":"substation","voltage":220000,"name":"220-kV-Umspannwerk Kuppenheim"}},{"type":"Feature","geometry":{"type":"Point","coordinates":[7.3530188,51.5757963]},"properties":{"kind":"substation","voltage":380000,"name":"Station Mengede"}},{"type":"Feature","geometry":{"type":"Point","coordinates":[6.5317124,50.3900326]},"properties":{"kind":"substation","voltage":380000,"name":"Station Dahlem"}},{"type":"Feature","geometry":{"type":"Point","coordinates":[11.5169356,51.5839908]},"properties":{"kind":"substation","voltage":380000,"name":"Umspannwerk Klostermansfeld"}},{"type":"Feature","geometry":{"type":"Point","coordinates":[8.4454459,48.9860836]},"properties":{"kind":"substation","voltage":220000,"name":"Umspannwerk Oberwald"}},{"type":"Feature","geometry":{"type":"Point","coordinates":[8.4516208,49.0074381]},"properties":{"kind":"substation","voltage":220000,"name":"Umspannwerk Karlsruhe Ost"}},{"type":"Feature","geometry":{"type":"Point","coordinates":[8.349138,49.0130815]},"properties":{"kind":"substation","voltage":220000,"name":"Karlsruhe-West"}},{"type":"Feature","geometry":{"type":"Point","coordinates":[12.5169667,51.1562425]},"properties":{"kind":"substation","voltage":220000,"name":"Umspannwerk Eula"}},{"type":"Feature","geometry":{"type":"Point","coordinates":[8.403419,52.6090435]},"properties":{"kind":"substation","voltage":380000,"name":"Station Sankt Hülfe"}},{"type":"Feature","geometry":{"type":"Point","coordinates":[8.6416567,48.8900842]},"properties":{"kind":"substation","voltage":380000,"name":"220 kV-Umspannwerk Birkenfeld"}},{"type":"Feature","geometry":{"type":"Point","coordinates":[9.9180862,52.3800971]},"properties":{"kind":"substation","voltage":220000,"name":"Umspannwerk und Betriebszentrum Lehrte"}},{"type":"Feature","geometry":{"type":"Point","coordinates":[11.7274936,52.5687146]},"properties":{"kind":"substation","voltage":380000,"name":"Umspannwerk Stendal West"}},{"type":"Feature","geometry":{"type":"Point","coordinates":[8.3079583,52.3457786]},"properties":{"kind":"substation","voltage":380000,"name":"Wehrendorf"}},{"type":"Feature","geometry":{"type":"Point","coordinates":[7.2242888,53.349965]},"properties":{"kind":"substation","voltage":220000,"name":"Emden-Borssum"}},{"type":"Feature","geometry":{"type":"Point","coordinates":[9.725932,54.287781]},"properties":{"kind":"substation","voltage":380000,"name":"Audorf Süd"}},{"type":"Feature","geometry":{"type":"Point","coordinates":[7.3132851,51.4466139]},"properties":{"kind":"substation","voltage":380000,"name":"Witten"}},{"type":"Feature","geometry":{"type":"Point","coordinates":[6.7322394,51.4594269]},"properties":{"kind":"substation","voltage":220000,"name":"Station Ruhrort"}},{"type":"Feature","geometry":{"type":"Point","coordinates":[6.7224443,51.4798978]},"properties":{"kind":"substation","voltage":220000,"name":"Station Beeck"}},{"type":"Feature","geometry":{"type":"Point","coordinates":[6.7282588,51.4878679]},"properties":{"kind":"substation","voltage":220000,"name":null}},{"type":"Feature","geometry":{"type":"Point","coordinates":[6.7288636,51.4960229]},"properties":{"kind":"substation","voltage":220000,"name":null}},{"type":"Feature","geometry":{"type":"Point","coordinates":[6.727645,51.4903498]},"properties":{"kind":"substation","voltage":220000,"name":"Hamborn 3&4"}},{"type":"Feature","geometry":{"type":"Point","coordinates":[6.7454159,51.4986629]},"properties":{"kind":"substation","voltage":220000,"name":"Umspannwerk Schwelgern"}},{"type":"Feature","geometry":{"type":"Point","coordinates":[6.7412421,51.5130748]},"properties":{"kind":"substation","voltage":220000,"name":"Schwelgern"}},{"type":"Feature","geometry":{"type":"Point","coordinates":[8.6166265,48.0659877]},"properties":{"kind":"substation","voltage":380000,"name":"Umspannwerk Trossingen"}},{"type":"Feature","geometry":{"type":"Point","coordinates":[9.3710183,48.719127]},"properties":{"kind":"substation","voltage":380000,"name":"Umspannwerk Altbach 1"}},{"type":"Feature","geometry":{"type":"Point","coordinates":[8.104537,52.2649991]},"properties":{"kind":"substation","voltage":380000,"name":"Lüstringen"}},{"type":"Feature","geometry":{"type":"Point","coordinates":[10.222435,48.7367235]},"properties":{"kind":"substation","voltage":380000,"name":"Umspannwerk Rotensohl"}},{"type":"Feature","geometry":{"type":"Point","coordinates":[7.0316497,51.6093592]},"properties":{"kind":"substation","voltage":220000,"name":"Station Bellendorf"}},{"type":"Feature","geometry":{"type":"Point","coordinates":[8.4718525,50.0973388]},"properties":{"kind":"substation","voltage":380000,"name":"Umspannwerk Kriftel"}},{"type":"Feature","geometry":{"type":"Point","coordinates":[8.1207848,48.7050614]},"properties":{"kind":"substation","voltage":220000,"name":"Umspannwerk Bühl"}},{"type":"Feature","geometry":{"type":"Point","coordinates":[8.3189685,52.0660241]},"properties":{"kind":"substation","voltage":380000,"name":"Station Hesseln"}},{"type":"Feature","geometry":{"type":"Point","coordinates":[13.3998646,53.7944471]},"properties":{"kind":"substation","voltage":220000,"name":"Umspannstation Windpark Iven"}},{"type":"Feature","geometry":{"type":"Point","coordinates":[12.4994125,52.4054159]},"properties":{"kind":"substation","voltage":220000,"name":"Brandenburg-West"}},{"type":"Feature","geometry":{"type":"Point","coordinates":[9.0506579,51.1675223]},"properties":{"kind":"substation","voltage":380000,"name":"Waldeck"}},{"type":"Feature","geometry":{"type":"Point","coordinates":[9.2050535,49.0423053]},"properties":{"kind":"substation","voltage":380000,"name":"Drehstromschaltwerk Neckarwestheim"}},{"type":"Feature","geometry":{"type":"Point","coordinates":[9.8856342,48.3041947]},"properties":{"kind":"substation","voltage":380000,"name":"Dellmensingen"}},{"type":"Feature","geometry":{"type":"Point","coordinates":[9.0474059,51.16779]},"properties":{"kind":"substation","voltage":380000,"name":null}},{"type":"Feature","geometry":{"type":"Point","coordinates":[8.465539,48.0436234]},"properties":{"kind":"substation","voltage":380000,"name":"Umspannwerk Villingen"}},{"type":"Feature","geometry":{"type":"Point","coordinates":[10.1170845,48.897228]},"properties":{"kind":"substation","voltage":380000,"name":"Umspannwerk Goldshöfe"}},{"type":"Feature","geometry":{"type":"Point","coordinates":[6.8137099,49.7247507]},"properties":{"kind":"substation","voltage":380000,"name":"Station Osburg"}},{"type":"Feature","geometry":{"type":"Point","coordinates":[8.9894807,50.0602301]},"properties":{"kind":"substation","voltage":380000,"name":"Umspannwerk Dettingen"}},{"type":"Feature","geometry":{"type":"Point","coordinates":[8.9588986,50.0825734]},"properties":{"kind":"substation","voltage":380000,"name":"Großkrotzenburg"}},{"type":"Feature","geometry":{"type":"Point","coordinates":[8.9537419,50.0858254]},"properties":{"kind":"substation","voltage":220000,"name":"Kraftwerkseinspeisung Staudinger"}},{"type":"Feature","geometry":{"type":"Point","coordinates":[7.0129017,50.6177344]},"properties":{"kind":"substation","voltage":380000,"name":"Meckenheim"}},{"type":"Feature","geometry":{"type":"Point","coordinates":[7.9928766,51.6836933]},"properties":{"kind":"substation","voltage":380000,"name":"Umspannungsanlage Uentrop"}},{"type":"Feature","geometry":{"type":"Point","coordinates":[7.7089203,51.6763673]},"properties":{"kind":"substation","voltage":220000,"name":"Station Gersteinwerk"}},{"type":"Feature","geometry":{"type":"Point","coordinates":[9.227955,51.8124443]},"properties":{"kind":"substation","voltage":380000,"name":"Vörden"}},{"type":"Feature","geometry":{"type":"Point","coordinates":[8.8727313,48.3100594]},"properties":{"kind":"substation","voltage":380000,"name":"Umspannwerk Engstlatt"}},{"type":"Feature","geometry":{"type":"Point","coordinates":[8.6243451,51.4277205]},"properties":{"kind":"substation","voltage":380000,"name":"Station Nehden"}},{"type":"Feature","geometry":{"type":"Point","coordinates":[7.607127,51.8986382]},"properties":{"kind":"substation","voltage":220000,"name":"Amelsbüren"}},{"type":"Feature","geometry":{"type":"Point","coordinates":[8.4089566,53.19024]},"properties":{"kind":"substation","voltage":220000,"name":"Huntorf"}},{"type":"Feature","geometry":{"type":"Point","coordinates":[13.2489388,52.5316203]},"properties":{"kind":"substation","voltage":380000,"name":"Umspannwerk Reuter"}},{"type":"Feature","geometry":{"type":"Point","coordinates":[9.0457694,48.9029289]},"properties":{"kind":"substation","voltage":380000,"name":"Umspannwerk Pulverdingen"}},{"type":"Feature","geometry":{"type":"Point","coordinates":[8.6739288,49.2904016]},"properties":{"kind":"substation","voltage":380000,"name":"Umspannwerk Wiesloch"}},{"type":"Feature","geometry":{"type":"Point","coordinates":[13.3155265,52.5220201]},"properties":{"kind":"substation","voltage":380000,"name":"Umspannwerk Charlottenburg"}},{"type":"Feature","geometry":{"type":"Point","coordinates":[8.4409751,49.2502698]},"properties":{"kind":"substation","voltage":380000,"name":"Philippsburg"}},{"type":"Feature","geometry":{"type":"Point","coordinates":[9.3775116,48.8126223]},"properties":{"kind":"substation","voltage":380000,"name":"380 kV-Umspannwerk Endersbach (TransnetBW GmbH)"}},{"type":"Feature","geometry":{"type":"Point","coordinates":[6.8013741,51.124582]},"properties":{"kind":"substation","voltage":220000,"name":"Station Sankt Peter"}},{"type":"Feature","geometry":{"type":"Point","coordinates":[6.8010294,51.1227968]},"properties":{"kind":"substation","voltage":380000,"name":"Station Sankt Peter"}},{"type":"Feature","geometry":{"type":"Point","coordinates":[8.0821286,52.8584299]},"properties":{"kind":"substation","voltage":220000,"name":"Cloppenburg"}},{"type":"Feature","geometry":{"type":"Point","coordinates":[13.7107465,48.5192965]},"properties":{"kind":"substation","voltage":220000,"name":"Umspannwerk Jochenstein"}},{"type":"Feature","geometry":{"type":"Point","coordinates":[8.0658971,50.4061906]},"properties":{"kind":"substation","voltage":380000,"name":"Station Limburg"}},{"type":"Feature","geometry":{"type":"Point","coordinates":[14.604034,52.1747958]},"properties":{"kind":"substation","voltage":380000,"name":"Eisenhüttenstadt"}},{"type":"Feature","geometry":{"type":"Point","coordinates":[10.9366471,48.4012798]},"properties":{"kind":"substation","voltage":380000,"name":"Umspannwerk Lechhausen"}},{"type":"Feature","geometry":{"type":"Point","coordinates":[6.9962061,49.3757454]},"properties":{"kind":"substation","voltage":380000,"name":"Umspannwerk Uchtelfangen"}},{"type":"Feature","geometry":{"type":"Point","coordinates":[9.0898659,49.9685495]},"properties":{"kind":"substation","voltage":380000,"name":"Umspannwerk Aschaffenburg"}},{"type":"Feature","geometry":{"type":"Point","coordinates":[8.5199643,50.0493507]},"properties":{"kind":"substation","voltage":380000,"name":"Kabeleinführung 380 kV"}},{"type":"Feature","geometry":{"type":"Point","coordinates":[10.3624707,47.7386397]},"properties":{"kind":"substation","voltage":380000,"name":"Umspannanlage Leupolz"}},{"type":"Feature","geometry":{"type":"Point","coordinates":[14.3543822,51.5336992]},"properties":{"kind":"substation","voltage":380000,"name":null}},{"type":"Feature","geometry":{"type":"Point","coordinates":[14.9465212,51.062518]},"properties":{"kind":"substation","voltage":380000,"name":"Umspannwerk Hagenwerder"}},{"type":"Feature","geometry":{"type":"Point","coordinates":[13.5231068,52.4248882]},"properties":{"kind":"substation","voltage":220000,"name":null}},{"type":"Feature","geometry":{"type":"Point","coordinates":[13.523375,52.4249254]},"properties":{"kind":"substation","voltage":220000,"name":null}},{"type":"Feature","geometry":{"type":"Point","coordinates":[13.5064828,52.4312884]},"properties":{"kind":"substation","voltage":220000,"name":null}},{"type":"Feature","geometry":{"type":"Point","coordinates":[13.5062945,52.4311654]},"properties":{"kind":"substation","voltage":220000,"name":null}},{"type":"Feature","geometry":{"type":"Point","coordinates":[11.8524416,53.0869294]},"properties":{"kind":"substation","voltage":380000,"name":"Umspannwerk Perleberg"}},{"type":"Feature","geometry":{"type":"Point","coordinates":[6.9960712,51.5141771]},"properties":{"kind":"substation","voltage":380000,"name":"Station Karnap"}},{"type":"Feature","geometry":{"type":"Point","coordinates":[9.4489736,53.967675]},"properties":{"kind":"substation","voltage":220000,"name":"Itzehoe/West"}},{"type":"Feature","geometry":{"type":"Point","coordinates":[7.3079469,52.4756309]},"properties":{"kind":"substation","voltage":380000,"name":"Hanekenfähr"}},{"type":"Feature","geometry":{"type":"Point","coordinates":[8.6185279,50.0922869]},"properties":{"kind":"substation","voltage":380000,"name":"Umspannwerk Frankfurt Südwest"}},{"type":"Feature","geometry":{"type":"Point","coordinates":[7.1656027,51.38908]},"properties":{"kind":"substation","voltage":380000,"name":"Station Hattingen"}},{"type":"Feature","geometry":{"type":"Point","coordinates":[7.2791875,51.4721307]},"properties":{"kind":"substation","voltage":220000,"name":"Station Laer"}},{"type":"Feature","geometry":{"type":"Point","coordinates":[6.9196007,49.9705141]},"properties":{"kind":"substation","voltage":220000,"name":"Station Wengerohr"}},{"type":"Feature","geometry":{"type":"Point","coordinates":[11.2776792,47.4959326]},"properties":{"kind":"substation","voltage":220000,"name":"Umspannwerk Krün"}},{"type":"Feature","geometry":{"type":"Point","coordinates":[7.1792583,51.4720283]},"properties":{"kind":"substation","voltage":220000,"name":"Station Bochum"}},{"type":"Feature","geometry":{"type":"Point","coordinates":[10.8025382,53.8976397]},"properties":{"kind":"substation","voltage":380000,"name":"Umspannwerk Kraftwerk Herrenwyk"}},{"type":"Feature","geometry":{"type":"Point","coordinates":[12.1299819,47.9132407]},"properties":{"kind":"substation","voltage":220000,"name":"UW Marienberg"}},{"type":"Feature","geometry":{"type":"Point","coordinates":[10.8634691,48.5469461]},"properties":{"kind":"substation","voltage":380000,"name":"Umspannwerk Meitingen"}},{"type":"Feature","geometry":{"type":"Point","coordinates":[10.7027782,47.8264339]},"properties":{"kind":"substation","voltage":380000,"name":"Umspannwerk Bidingen"}},{"type":"Feature","geometry":{"type":"Point","coordinates":[6.6228491,51.2587557]},"properties":{"kind":"substation","voltage":380000,"name":"Station Osterath"}},{"type":"Feature","geometry":{"type":"Point","coordinates":[12.2208354,48.585733]},"properties":{"kind":"substation","voltage":220000,"name":"Umspannwerk Altheim"}},{"type":"Feature","geometry":{"type":"Point","coordinates":[12.2968757,48.6069196]},"properties":{"kind":"substation","voltage":380000,"name":"Isar"}},{"type":"Feature","geometry":{"type":"Point","coordinates":[12.8516834,48.7632509]},"properties":{"kind":"substation","voltage":380000,"name":"Umspannwerk Plattling"}},{"type":"Feature","geometry":{"type":"Point","coordinates":[6.7555161,49.3648523]},"properties":{"kind":"substation","voltage":220000,"name":"Diefflen"}},{"type":"Feature","geometry":{"type":"Point","coordinates":[6.7728936,49.2912013]},"properties":{"kind":"substation","voltage":380000,"name":"Umspannanlage Ensdorf"}},{"type":"Feature","geometry":{"type":"Point","coordinates":[10.0822173,48.2660815]},"properties":{"kind":"substation","voltage":380000,"name":"Vöhringen Amprion"}},{"type":"Feature","geometry":{"type":"Point","coordinates":[7.7519886,48.0963868]},"properties":{"kind":"substation","voltage":220000,"name":"220-kV-Umspannwerk Eichstetten"}},{"type":"Feature","geometry":{"type":"Point","coordinates":[9.3437303,53.8518094]},"properties":{"kind":"substation","voltage":380000,"name":"Umspannwerk Brokdorf"}},{"type":"Feature","geometry":{"type":"Point","coordinates":[6.9983551,51.2485502]},"properties":{"kind":"substation","voltage":380000,"name":"Station Mettmann"}},{"type":"Feature","geometry":{"type":"Point","coordinates":[7.8434136,47.5858288]},"properties":{"kind":"substation","voltage":380000,"name":"Schwörstadt"}},{"type":"Feature","geometry":{"type":"Point","coordinates":[7.9577552,47.5959823]},"properties":{"kind":"substation","voltage":380000,"name":"Netzknoten Kühmoos"}},{"type":"Feature","geometry":{"type":"Point","coordinates":[10.3918502,48.5184999]},"properties":{"kind":"substation","voltage":380000,"name":"Schaltanlage Gundelfingen"}},{"type":"Feature","geometry":{"type":"Point","coordinates":[7.9857988,50.8422869]},"properties":{"kind":"substation","voltage":220000,"name":"Station Eiserfeld"}},{"type":"Feature","geometry":{"type":"Point","coordinates":[6.2111151,49.9586343]},"properties":{"kind":"substation","voltage":220000,"name":"SA Bauler"}},{"type":"Feature","geometry":{"type":"Point","coordinates":[6.1779509,49.9530902]},"properties":{"kind":"substation","voltage":220000,"name":"Vianden"}},{"type":"Feature","geometry":{"type":"Point","coordinates":[6.7660925,49.3601714]},"properties":{"kind":"substation","voltage":220000,"name":"Station Saarwellingen"}},{"type":"Feature","geometry":{"type":"Point","coordinates":[7.2403989,49.3576545]},"properties":{"kind":"substation","voltage":380000,"name":"Schaltanlage St. Barbara"}},{"type":"Feature","geometry":{"type":"Point","coordinates":[6.7497213,49.3651873]},"properties":{"kind":"substation","voltage":220000,"name":"UA Obergraben"}},{"type":"Feature","geometry":{"type":"Point","coordinates":[6.7413675,49.3574938]},"properties":{"kind":"substation","voltage":220000,"name":"UA Dillinger Hütte Mitte"}},{"type":"Feature","geometry":{"type":"Point","coordinates":[8.0204847,50.9237281]},"properties":{"kind":"substation","voltage":220000,"name":"Setzer Wiese"}},{"type":"Feature","geometry":{"type":"Point","coordinates":[12.7479214,48.1485314]},"properties":{"kind":"substation","voltage":220000,"name":"Umspannwerk Pirach"}},{"type":"Feature","geometry":{"type":"Point","coordinates":[13.0028153,48.2620466]},"properties":{"kind":"substation","voltage":220000,"name":"Umspannwerk Simbach"}},{"type":"Feature","geometry":{"type":"Point","coordinates":[6.7236655,51.3556964]},"properties":{"kind":"substation","voltage":220000,"name":"Station Mündelheim"}},{"type":"Feature","geometry":{"type":"Point","coordinates":[6.7198696,51.3916459]},"properties":{"kind":"substation","voltage":220000,"name":"Station Rheinhausen"}},{"type":"Feature","geometry":{"type":"Point","coordinates":[6.7228951,51.3760408]},"properties":{"kind":"substation","voltage":220000,"name":null}},{"type":"Feature","geometry":{"type":"Point","coordinates":[6.7236381,51.37657]},"properties":{"kind":"substation","voltage":220000,"name":null}},{"type":"Feature","geometry":{"type":"Point","coordinates":[6.5425229,51.2995098]},"properties":{"kind":"substation","voltage":220000,"name":"Station Edelstahl Krefeld"}},{"type":"Feature","geometry":{"type":"Point","coordinates":[11.8108017,50.1835333]},"properties":{"kind":"substation","voltage":380000,"name":"Umspannwerk Mechlenreuth"}},{"type":"Feature","geometry":{"type":"Point","coordinates":[6.612359,51.0359421]},"properties":{"kind":"substation","voltage":380000,"name":null}},{"type":"Feature","geometry":{"type":"Point","coordinates":[9.2360827,48.9268706]},"properties":{"kind":"substation","voltage":220000,"name":"Umspannwerk Marbach"}},{"type":"Feature","geometry":{"type":"Point","coordinates":[10.4203567,52.1652193]},"properties":{"kind":"substation","voltage":220000,"name":"Umspannwerk Walzwerk (UWWW)"}},{"type":"Feature","geometry":{"type":"Point","coordinates":[8.862018,47.8063895]},"properties":{"kind":"substation","voltage":220000,"name":"Beuren"}},{"type":"Feature","geometry":{"type":"Point","coordinates":[6.7111439,51.526244]},"properties":{"kind":"substation","voltage":380000,"name":"Umspannwerk Walsum"}},{"type":"Feature","geometry":{"type":"Point","coordinates":[10.187931,49.9812295]},"properties":{"kind":"substation","voltage":380000,"name":"Grafenrheinfeld"}},{"type":"Feature","geometry":{"type":"Point","coordinates":[8.4779107,53.4284855]},"properties":{"kind":"substation","voltage":380000,"name":"Kernkraftwerk Unterweser"}},{"type":"Feature","geometry":{"type":"Point","coordinates":[13.2555456,50.9301851]},"properties":{"kind":"substation","voltage":380000,"name":"Umspannwerk Freiberg Nord"}},{"type":"Feature","geometry":{"type":"Point","coordinates":[7.5912891,51.9283469]},"properties":{"kind":"substation","voltage":220000,"name":"Station Münster"}},{"type":"Feature","geometry":{"type":"Point","coordinates":[7.9307513,51.6729412]},"properties":{"kind":"substation","voltage":380000,"name":"Geithe"}},{"type":"Feature","geometry":{"type":"Point","coordinates":[7.1262879,51.4496249]},"properties":{"kind":"substation","voltage":220000,"name":"Station Eiberg"}},{"type":"Feature","geometry":{"type":"Point","coordinates":[7.8901966,52.2777476]},"properties":{"kind":"substation","voltage":380000,"name":"Station Westerkappeln"}},{"type":"Feature","geometry":{"type":"Point","coordinates":[6.9772475,51.0114198]},"properties":{"kind":"substation","voltage":220000,"name":"Station Bayer X 36"}},{"type":"Feature","geometry":{"type":"Point","coordinates":[7.3179685,52.4690127]},"properties":{"kind":"substation","voltage":220000,"name":"Benteler Stahlwerk"}},{"type":"Feature","geometry":{"type":"Point","coordinates":[7.4033669,51.6444654]},"properties":{"kind":"substation","voltage":380000,"name":"Station Lippe"}},{"type":"Feature","geometry":{"type":"Point","coordinates":[11.6460233,50.534273]},"properties":{"kind":"substation","voltage":380000,"name":"Umspannwerk Remptendorf"}},{"type":"Feature","geometry":{"type":"Point","coordinates":[10.6409453,53.9193208]},"properties":{"kind":"substation","voltage":220000,"name":"Umspannwerk Lübeck"}},{"type":"Feature","geometry":{"type":"Point","coordinates":[7.9378532,51.0103479]},"properties":{"kind":"substation","voltage":220000,"name":"Umspannwerk Altenkleusheim"}},{"type":"Feature","geometry":{"type":"Point","coordinates":[11.8075757,48.4553863]},"properties":{"kind":"substation","voltage":220000,"name":"Umspannwerk Zolling"}},{"type":"Feature","geometry":{"type":"Point","coordinates":[11.3271097,49.3935015]},"properties":{"kind":"substation","voltage":220000,"name":"Umspannwerk Ludersheim"}},{"type":"Feature","geometry":{"type":"Point","coordinates":[9.2352729,53.9160023]},"properties":{"kind":"substation","voltage":380000,"name":"Umspannwerk Büttel"}},{"type":"Feature","geometry":{"type":"Point","coordinates":[13.7097134,52.5391386]},"properties":{"kind":"substation","voltage":380000,"name":"Umspannwerk Neuenhagen"}},{"type":"Feature","geometry":{"type":"Point","coordinates":[11.5812194,48.764618]},"properties":{"kind":"substation","voltage":380000,"name":"Umspannwerk Irsching"}},{"type":"Feature","geometry":{"type":"Point","coordinates":[7.2566923,52.9808616]},"properties":{"kind":"substation","voltage":380000,"name":"Dörpen West"}},{"type":"Feature","geometry":{"type":"Point","coordinates":[9.6947415,49.232679]},"properties":{"kind":"substation","voltage":380000,"name":"Umspannwerk Kupferzell"}},{"type":"Feature","geometry":{"type":"Point","coordinates":[11.1233478,50.9985188]},"properties":{"kind":"substation","voltage":380000,"name":"Umspannwerk Vieselbach"}},{"type":"Feature","geometry":{"type":"Point","coordinates":[9.0919634,49.2946716]},"properties":{"kind":"substation","voltage":380000,"name":"Umspannwerk Hüffenhardt"}},{"type":"Feature","geometry":{"type":"Point","coordinates":[9.446934,49.590248]},"properties":{"kind":"substation","voltage":380000,"name":"Umspannwerk Höpfingen"}},{"type":"Feature","geometry":{"type":"Point","coordinates":[8.9507243,50.0866174]},"properties":{"kind":"substation","voltage":380000,"name":null}},{"type":"Feature","geometry":{"type":"Point","coordinates":[6.6205039,49.7489702]},"properties":{"kind":"substation","voltage":220000,"name":"Station Trier"}},{"type":"Feature","geometry":{"type":"Point","coordinates":[8.5884243,49.815735]},"properties":{"kind":"substation","voltage":380000,"name":"Umspannanlage Pfungstadt"}},{"type":"Feature","geometry":{"type":"Point","coordinates":[9.1774133,49.0378168]},"properties":{"kind":"substation","voltage":380000,"name":"Bahnstrom-Umrichterwerk Neckarwestheim"}},{"type":"Feature","geometry":{"type":"Point","coordinates":[11.4706656,50.9301367]},"properties":{"kind":"substation","voltage":380000,"name":"Großschwabhausen"}},{"type":"Feature","geometry":{"type":"Point","coordinates":[9.7740004,50.5288076]},"properties":{"kind":"substation","voltage":380000,"name":"Dipperz"}},{"type":"Feature","geometry":{"type":"Point","coordinates":[10.991345,50.5734236]},"properties":{"kind":"substation","voltage":380000,"name":"Umspannwerk Altenfeld"}},{"type":"Feature","geometry":{"type":"Point","coordinates":[8.4193542,49.6335883]},"properties":{"kind":"substation","voltage":380000,"name":"Station Bürstadt"}},{"type":"Feature","geometry":{"type":"Point","coordinates":[6.9673615,51.4908289]},"properties":{"kind":"substation","voltage":220000,"name":"LMG"}},{"type":"Feature","geometry":{"type":"Point","coordinates":[10.3884664,52.151366]},"properties":{"kind":"substation","voltage":220000,"name":null}},{"type":"Feature","geometry":{"type":"Point","coordinates":[6.4750458,49.9225682]},"properties":{"kind":"substation","voltage":380000,"name":"Station Niederstedem"}},{"type":"Feature","geometry":{"type":"Point","coordinates":[6.7022905,49.828987]},"properties":{"kind":"substation","voltage":220000,"name":"Station Quint"}},{"type":"Feature","geometry":{"type":"Point","coordinates":[7.2357783,49.3694937]},"properties":{"kind":"substation","voltage":380000,"name":"Mittelbexbach"}},{"type":"Feature","geometry":{"type":"Point","coordinates":[7.7290339,49.4826808]},"properties":{"kind":"substation","voltage":380000,"name":"Otterbach"}},{"type":"Feature","geometry":{"type":"Point","coordinates":[11.4339582,50.6527952]},"properties":{"kind":"substation","voltage":220000,"name":"Stahlwerk Thüringen"}},{"type":"Feature","geometry":{"type":"Point","coordinates":[8.3137172,49.0091828]},"properties":{"kind":"substation","voltage":380000,"name":"Karlsruhe-Daxlanden"}},{"type":"Feature","geometry":{"type":"Point","coordinates":[7.8634118,50.7683758]},"properties":{"kind":"substation","voltage":380000,"name":"Station Dauersberg"}},{"type":"Feature","geometry":{"type":"Point","coordinates":[8.3522609,49.4212262]},"properties":{"kind":"substation","voltage":220000,"name":"UA Mutterstadt"}},{"type":"Feature","geometry":{"type":"Point","coordinates":[8.4082755,49.5284724]},"properties":{"kind":"substation","voltage":220000,"name":"BASF"}},{"type":"Feature","geometry":{"type":"Point","coordinates":[8.5469721,49.4403761]},"properties":{"kind":"substation","voltage":380000,"name":"Amprion Station Rheinau"}},{"type":"Feature","geometry":{"type":"Point","coordinates":[9.1773152,49.0393813]},"properties":{"kind":"substation","voltage":380000,"name":"Gemeinschaftskraftwerk Neckarwestheim 2 (GKN2)"}},{"type":"Feature","geometry":{"type":"Point","coordinates":[7.4334941,50.4365408]},"properties":{"kind":"substation","voltage":220000,"name":"Umspannwerk Bandstahl"}},{"type":"Feature","geometry":{"type":"Point","coordinates":[7.3194091,49.3047681]},"properties":{"kind":"substation","voltage":220000,"name":"Homburg"}},{"type":"Feature","geometry":{"type":"Point","coordinates":[9.2594708,51.0614449]},"properties":{"kind":"substation","voltage":380000,"name":"Borken 380kV"}},{"type":"Feature","geometry":{"type":"Point","coordinates":[12.0469039,50.7812157]},"properties":{"kind":"substation","voltage":220000,"name":"Umspannwerk Weida"}},{"type":"Feature","geometry":{"type":"Point","coordinates":[8.6637604,49.3600675]},"properties":{"kind":"substation","voltage":220000,"name":"Heidelberg-Süd"}},{"type":"Feature","geometry":{"type":"Point","coordinates":[9.5138577,51.2589664]},"properties":{"kind":"substation","voltage":380000,"name":"Umspannwerk Bergshausen 380kV"}},{"type":"Feature","geometry":{"type":"Point","coordinates":[7.1959786,51.4115744]},"properties":{"kind":"substation","voltage":220000,"name":"Station Welper"}},{"type":"Feature","geometry":{"type":"Point","coordinates":[10.73467,51.4401898]},"properties":{"kind":"substation","voltage":220000,"name":"Wolkramshausen"}},{"type":"Feature","geometry":{"type":"Point","coordinates":[13.3834054,51.3561476]},"properties":{"kind":"substation","voltage":380000,"name":"Umspannwerk Streumen"}},{"type":"Feature","geometry":{"type":"Point","coordinates":[8.1478604,53.5635353]},"properties":{"kind":"substation","voltage":220000,"name":"Umspannwerk Kraftwerk Wilhelmshaven"}},{"type":"Feature","geometry":{"type":"Point","coordinates":[7.3044302,52.4824091]},"properties":{"kind":"substation","voltage":380000,"name":null}},{"type":"Feature","geometry":{"type":"Point","coordinates":[7.3060198,52.4803245]},"properties":{"kind":"substation","voltage":220000,"name":null}},{"type":"Feature","geometry":{"type":"Point","coordinates":[7.3195244,52.4727588]},"properties":{"kind":"substation","voltage":380000,"name":null}},{"type":"Feature","geometry":{"type":"Point","coordinates":[7.3063718,52.4809671]},"properties":{"kind":"substation","voltage":220000,"name":null}},{"type":"Feature","geometry":{"type":"Point","coordinates":[7.6186672,51.6376821]},"properties":{"kind":"substation","voltage":380000,"name":"Bergkamen A"}},{"type":"Feature","geometry":{"type":"Point","coordinates":[14.5080932,51.4136565]},"properties":{"kind":"substation","voltage":380000,"name":"Schaltwerk Bärwalde"}},{"type":"Feature","geometry":{"type":"Point","coordinates":[9.0761227,49.3634213]},"properties":{"kind":"substation","voltage":220000,"name":null}},{"type":"Feature","geometry":{"type":"Point","coordinates":[7.592713,50.3860296]},"properties":{"kind":"substation","voltage":380000,"name":"Station Koblenz"}},{"type":"Feature","geometry":{"type":"Point","coordinates":[8.6270011,49.543468]},"properties":{"kind":"substation","voltage":220000,"name":"Umspannwerk Weinheim"}},{"type":"Feature","geometry":{"type":"Point","coordinates":[12.8812343,50.5186288]},"properties":{"kind":"substation","voltage":380000,"name":"Markersbach"}},{"type":"Feature","geometry":{"type":"Point","coordinates":[12.2427291,50.568439]},"properties":{"kind":"substation","voltage":220000,"name":"Umspannwerk Herlasgrün"}},{"type":"Feature","geometry":{"type":"Point","coordinates":[8.5315006,50.047799]},"properties":{"kind":"substation","voltage":380000,"name":"Station Kelsterbach"}},{"type":"Feature","geometry":{"type":"Point","coordinates":[14.268652,53.0980467]},"properties":{"kind":"substation","voltage":380000,"name":"Umspannwerk Vierraden"}},{"type":"Feature","geometry":{"type":"Point","coordinates":[12.4773242,50.7530472]},"properties":{"kind":"substation","voltage":220000,"name":"Umspannwerk Crossen"}},{"type":"Feature","geometry":{"type":"Point","coordinates":[7.3115315,53.1259493]},"properties":{"kind":"substation","voltage":380000,"name":"Diele"}},{"type":"Feature","geometry":{"type":"Point","coordinates":[9.1774276,49.0376347]},"properties":{"kind":"substation","voltage":380000,"name":null}},{"type":"Feature","geometry":{"type":"Point","coordinates":[9.1774244,49.0379589]},"properties":{"kind":"substation","voltage":380000,"name":null}},{"type":"Feature","geometry":{"type":"Point","coordinates":[6.6723365,50.9914892]},"properties":{"kind":"substation","voltage":380000,"name":null}},{"type":"Feature","geometry":{"type":"Point","coordinates":[8.9527656,50.0869877]},"properties":{"kind":"substation","voltage":380000,"name":null}},{"type":"Feature","geometry":{"type":"Point","coordinates":[8.3062669,49.0130055]},"properties":{"kind":"substation","voltage":380000,"name":null}},{"type":"Feature","geometry":{"type":"Point","coordinates":[8.4931812,49.4460739]},"properties":{"kind":"substation","voltage":380000,"name":"Umspannwerk Mannheim"}},{"type":"Feature","geometry":{"type":"Point","coordinates":[7.8160115,49.9220861]},"properties":{"kind":"substation","voltage":380000,"name":"Umspannwerk Waldlaubersheim"}},{"type":"Feature","geometry":{"type":"Point","coordinates":[6.8422213,50.8598431]},"properties":{"kind":"substation","voltage":380000,"name":"Kraftwerkschaltanlage Knapsack 1"}},{"type":"Feature","geometry":{"type":"Point","coordinates":[8.9962229,52.3795979]},"properties":{"kind":"substation","voltage":380000,"name":"KW Heyden"}},{"type":"Feature","geometry":{"type":"Point","coordinates":[7.9575127,47.5721753]},"properties":{"kind":"substation","voltage":220000,"name":null}},{"type":"Feature","geometry":{"type":"Point","coordinates":[7.9369556,47.6490975]},"properties":{"kind":"substation","voltage":380000,"name":"Kabelanfang PSP Wehr"}},{"type":"Feature","geometry":{"type":"Point","coordinates":[7.2389842,49.3618176]},"properties":{"kind":"substation","voltage":380000,"name":null}},{"type":"Feature","geometry":{"type":"Point","coordinates":[7.2783331,52.7534095]},"properties":{"kind":"substation","voltage":380000,"name":"Meppen"}},{"type":"Feature","geometry":{"type":"Point","coordinates":[8.6231924,49.3567063]},"properties":{"kind":"substation","voltage":380000,"name":"Neurott"}},{"type":"Feature","geometry":{"type":"Point","coordinates":[7.0326578,49.3347374]},"properties":{"kind":"substation","voltage":220000,"name":"KW Weiher"}},{"type":"Feature","geometry":{"type":"Point","coordinates":[9.4977022,53.6395237]},"properties":{"kind":"substation","voltage":220000,"name":"Umspannstation DOW"}},{"type":"Feature","geometry":{"type":"Point","coordinates":[8.8199768,53.1073169]},"properties":{"kind":"substation","voltage":220000,"name":"Blockland"}},{"type":"Feature","geometry":{"type":"Point","coordinates":[11.8031308,48.4552537]},"properties":{"kind":"substation","voltage":220000,"name":null}},{"type":"Feature","geometry":{"type":"Point","coordinates":[6.7888694,51.5045925]},"properties":{"kind":"substation","voltage":220000,"name":"Station Kopernikus"}},{"type":"Feature","geometry":{"type":"Point","coordinates":[11.6985995,53.5720743]},"properties":{"kind":"substation","voltage":380000,"name":"Umspannwerk Wessin"}},{"type":"Feature","geometry":{"type":"Point","coordinates":[7.7539014,48.0996157]},"properties":{"kind":"substation","voltage":380000,"name":"380-kV-Umspannwerk Eichstetten"}},{"type":"Feature","geometry":{"type":"Point","coordinates":[10.4129274,52.158779]},"properties":{"kind":"substation","voltage":220000,"name":null}},{"type":"Feature","geometry":{"type":"Point","coordinates":[8.5621542,49.1329819]},"properties":{"kind":"substation","voltage":380000,"name":"Umspannwerk Bruchsal-Kändelweg"}},{"type":"Feature","geometry":{"type":"Point","coordinates":[8.3083368,49.257065]},"properties":{"kind":"substation","voltage":380000,"name":"Weingarten"}},{"type":"Feature","geometry":{"type":"Point","coordinates":[8.5154594,53.2038987]},"properties":{"kind":"substation","voltage":380000,"name":"Farge"}},{"type":"Feature","geometry":{"type":"Point","coordinates":[8.3036449,49.0123416]},"properties":{"kind":"substation","voltage":380000,"name":null}},{"type":"Feature","geometry":{"type":"Point","coordinates":[8.3044621,49.0115453]},"properties":{"kind":"substation","voltage":380000,"name":"RDK7"}},{"type":"Feature","geometry":{"type":"Point","coordinates":[8.3038817,49.0132881]},"properties":{"kind":"substation","voltage":380000,"name":null}},{"type":"Feature","geometry":{"type":"Point","coordinates":[12.0877794,53.2509508]},"properties":{"kind":"substation","voltage":380000,"name":"Umspannstation Putlitz"}},{"type":"Feature","geometry":{"type":"Point","coordinates":[8.412473,49.7102563]},"properties":{"kind":"substation","voltage":380000,"name":"Biblis B"}},{"type":"Feature","geometry":{"type":"Point","coordinates":[10.0875259,52.3156625]},"properties":{"kind":"substation","voltage":220000,"name":"Umspannwerk Mehrum"}},{"type":"Feature","geometry":{"type":"Point","coordinates":[9.3880937,51.640947]},"properties":{"kind":"substation","voltage":380000,"name":null}},{"type":"Feature","geometry":{"type":"Point","coordinates":[7.3389391,51.6321504]},"properties":{"kind":"substation","voltage":380000,"name":"Schaltanlage Datteln 4"}},{"type":"Feature","geometry":{"type":"Point","coordinates":[10.8024311,53.8961379]},"properties":{"kind":"substation","voltage":440000,"name":"HVDC Herrenwyk (Baltic Cable)"}},{"type":"Feature","geometry":{"type":"Point","coordinates":[8.8132732,51.9834235]},"properties":{"kind":"substation","voltage":220000,"name":"Lage"}},{"type":"Feature","geometry":{"type":"Point","coordinates":[9.1097995,53.9721004]},"properties":{"kind":"substation","voltage":380000,"name":"Umspannwerk Süderdonn"}},{"type":"Feature","geometry":{"type":"Point","coordinates":[9.1975842,54.8510809]},"properties":{"kind":"substation","voltage":380000,"name":"Jardelund"}},{"type":"Feature","geometry":{"type":"Point","coordinates":[6.8364997,51.7830231]},"properties":{"kind":"substation","voltage":380000,"name":"Kabelübergabestation Diestegge"}},{"type":"Feature","geometry":{"type":"Point","coordinates":[6.8032182,51.7602125]},"properties":{"kind":"substation","voltage":380000,"name":"Kabelübergabestation Löchte"}},{"type":"Feature","geometry":{"type":"Point","coordinates":[8.4551304,52.6479823]},"properties":{"kind":"substation","voltage":380000,"name":null}},{"type":"Feature","geometry":{"type":"Point","coordinates":[9.8563088,51.4981987]},"properties":{"kind":"substation","voltage":380000,"name":"KÜA Olenhusen"}},{"type":"Feature","geometry":{"type":"Point","coordinates":[7.6927012,50.0262129]},"properties":{"kind":"substation","voltage":380000,"name":"Bacharach"}},{"type":"Feature","geometry":{"type":"Point","coordinates":[7.4495644,50.402375]},"properties":{"kind":"substation","voltage":380000,"name":"Station Weißenthurm"}},{"type":"Feature","geometry":{"type":"Point","coordinates":[13.0585525,51.799971]},"properties":{"kind":"substation","voltage":380000,"name":"Jessen Nord (Schweinitz) 380 kV"}},{"type":"Feature","geometry":{"type":"Point","coordinates":[8.5116141,49.293468]},"properties":{"kind":"substation","voltage":220000,"name":"Umspannwerk Altlußheim"}},{"type":"Feature","geometry":{"type":"Point","coordinates":[14.1332806,52.4427846]},"properties":{"kind":"substation","voltage":380000,"name":"Heinersdorf"}},{"type":"Feature","geometry":{"type":"Point","coordinates":[7.4608319,51.6145941]},"properties":{"kind":"substation","voltage":380000,"name":null}},{"type":"Feature","geometry":{"type":"Point","coordinates":[7.189497,51.5521642]},"properties":{"kind":"substation","voltage":220000,"name":null}},{"type":"Feature","geometry":{"type":"Point","coordinates":[12.3374246,51.1969579]},"properties":{"kind":"substation","voltage":380000,"name":"Umspannwerk Pulgar"}},{"type":"Feature","geometry":{"type":"Point","coordinates":[9.3157873,54.7282618]},"properties":{"kind":"substation","voltage":380000,"name":"Umspannwerk Handewitt"}},{"type":"Feature","geometry":{"type":"Point","coordinates":[9.5852749,51.3313783]},"properties":{"kind":"substation","voltage":380000,"name":"Sandershausen/Ost"}},{"type":"Feature","geometry":{"type":"Point","coordinates":[13.6855502,54.1387305]},"properties":{"kind":"substation","voltage":380000,"name":"Umspannwerk Lubmin"}},{"type":"Feature","geometry":{"type":"Point","coordinates":[10.1508608,49.982118]},"properties":{"kind":"substation","voltage":380000,"name":"Umspannwerk Bergrheinfeld/West"}},{"type":"Feature","geometry":{"type":"Point","coordinates":[13.3188187,53.7365931]},"properties":{"kind":"substation","voltage":380000,"name":"Umspannwerk Altentreptow Nord"}},{"type":"Feature","geometry":{"type":"Point","coordinates":[11.8998547,53.4073119]},"properties":{"kind":"substation","voltage":220000,"name":"Umspannwerk Parchim Süd"}},{"type":"Feature","geometry":{"type":"Point","coordinates":[13.2634937,52.9941334]},"properties":{"kind":"substation","voltage":380000,"name":"Umspannwerk Gransee"}},{"type":"Feature","geometry":{"type":"Point","coordinates":[9.344336,53.919203]},"properties":{"kind":"substation","voltage":525000,"name":"NordLink HVDC Wilster"}},{"type":"Feature","geometry":{"type":"Point","coordinates":[9.3448725,53.9233734]},"properties":{"kind":"substation","voltage":380000,"name":"Umspannwerk Wilster"}},{"type":"Feature","geometry":{"type":"Point","coordinates":[7.2425887,53.3571826]},"properties":{"kind":"substation","voltage":380000,"name":"Konverter Station Emden Ost"}},{"type":"Feature","geometry":{"type":"Point","coordinates":[8.2949018,49.5244328]},"properties":{"kind":"substation","voltage":380000,"name":"Umspannanlage Lambsheim"}},{"type":"Feature","geometry":{"type":"Point","coordinates":[9.0512638,54.1622529]},"properties":{"kind":"substation","voltage":380000,"name":"Umspannwerk Heide-West"}},{"type":"Feature","geometry":{"type":"Point","coordinates":[8.063812,53.5557254]},"properties":{"kind":"substation","voltage":380000,"name":"Fedderwarden"}},{"type":"Feature","geometry":{"type":"Point","coordinates":[11.5834386,48.7673489]},"properties":{"kind":"substation","voltage":380000,"name":null}},{"type":"Feature","geometry":{"type":"Point","coordinates":[11.5843233,48.7681816]},"properties":{"kind":"substation","voltage":380000,"name":null}},{"type":"Feature","geometry":{"type":"Point","coordinates":[11.584451,48.7674707]},"properties":{"kind":"substation","voltage":380000,"name":null}},{"type":"Feature","geometry":{"type":"Point","coordinates":[11.5844443,48.7678554]},"properties":{"kind":"substation","voltage":380000,"name":null}},{"type":"Feature","geometry":{"type":"Point","coordinates":[7.2073492,53.3414006]},"properties":{"kind":"substation","voltage":220000,"name":null}},{"type":"Feature","geometry":{"type":"Point","coordinates":[10.2141342,47.9389481]},"properties":{"kind":"substation","voltage":380000,"name":"UW Woringen"}},{"type":"Feature","geometry":{"type":"Point","coordinates":[8.4395868,49.2549787]},"properties":{"kind":"substation","voltage":380000,"name":"Gleichstrom-Umspannwerk Philippsburg"}},{"type":"Feature","geometry":{"type":"Point","coordinates":[7.4528296,51.4107325]},"properties":{"kind":"substation","voltage":220000,"name":null}},{"type":"Feature","geometry":{"type":"Point","coordinates":[9.9238451,51.8975694]},"properties":{"kind":"substation","voltage":220000,"name":"Erzhausen"}},{"type":"Feature","geometry":{"type":"Point","coordinates":[10.4085267,53.4113303]},"properties":{"kind":"substation","voltage":380000,"name":null}},{"type":"Feature","geometry":{"type":"Point","coordinates":[12.3727332,51.1809196]},"properties":{"kind":"substation","voltage":380000,"name":"Umspannstation Lippendorf Block R"}},{"type":"Feature","geometry":{"type":"Point","coordinates":[12.3746863,51.1809093]},"properties":{"kind":"substation","voltage":380000,"name":"Umspannstation Lippendorf Block S"}},{"type":"Feature","geometry":{"type":"Point","coordinates":[7.9681241,51.6763939]},"properties":{"kind":"substation","voltage":380000,"name":null}},{"type":"Feature","geometry":{"type":"Point","coordinates":[9.8954762,52.3608203]},"properties":{"kind":"substation","voltage":220000,"name":"Umspannwerk Ahlten"}},{"type":"Feature","geometry":{"type":"Point","coordinates":[7.3242238,51.6212451]},"properties":{"kind":"substation","voltage":220000,"name":"Ruhrzink"}},{"type":"Feature","geometry":{"type":"Point","coordinates":[7.2785821,52.319414]},"properties":{"kind":"substation","voltage":380000,"name":"Öchtel"}},{"type":"Feature","geometry":{"type":"Point","coordinates":[7.1945604,52.8698368]},"properties":{"kind":"substation","voltage":380000,"name":"Niederlangen"}},{"type":"Feature","geometry":{"type":"Point","coordinates":[6.8722229,51.8276737]},"properties":{"kind":"substation","voltage":380000,"name":"Kabelübergabestation Marbeck"}},{"type":"Feature","geometry":{"type":"Point","coordinates":[8.3062402,49.0125819]},"properties":{"kind":"substation","voltage":380000,"name":"RDK8"}},{"type":"Feature","geometry":{"type":"Point","coordinates":[9.9888755,51.9543413]},"properties":{"kind":"substation","voltage":380000,"name":"Umspannwerk Lamspringe"}},{"type":"Feature","geometry":{"type":"Point","coordinates":[7.338185,51.6316706]},"properties":{"kind":"substation","voltage":380000,"name":"Bahnstromumrichter Datteln 4"}},{"type":"Feature","geometry":{"type":"Point","coordinates":[8.402906,53.2368448]},"properties":{"kind":"substation","voltage":380000,"name":"Schaltanlage Elsfleth/West"}},{"type":"Feature","geometry":{"type":"Point","coordinates":[6.8884725,51.8504306]},"properties":{"kind":"substation","voltage":380000,"name":"Kabelübergabestation Lüningkamp"}},{"type":"Feature","geometry":{"type":"Point","coordinates":[12.1090949,53.2508197]},"properties":{"kind":"substation","voltage":380000,"name":"Putlitz Süd (380kV)"}},{"type":"Feature","geometry":{"type":"Point","coordinates":[8.5528685,53.0029817]},"properties":{"kind":"substation","voltage":380000,"name":"KÜA Ganderkesee Süd"}},{"type":"Feature","geometry":{"type":"Point","coordinates":[9.4897208,53.6320754]},"properties":{"kind":"substation","voltage":380000,"name":"Umspannwerk Stade-West"}},{"type":"Feature","geometry":{"type":"Point","coordinates":[7.9985789,53.4852926]},"properties":{"kind":"substation","voltage":380000,"name":"Umspannwerk Sande"}},{"type":"Feature","geometry":{"type":"Point","coordinates":[7.9968949,53.4709316]},"properties":{"kind":"substation","voltage":380000,"name":null}},{"type":"Feature","geometry":{"type":"Point","coordinates":[8.0061767,53.3749476]},"properties":{"kind":"substation","voltage":380000,"name":null}},{"type":"Feature","geometry":{"type":"Point","coordinates":[8.0038767,53.4008843]},"properties":{"kind":"substation","voltage":380000,"name":null}},{"type":"Feature","geometry":{"type":"Point","coordinates":[9.4342782,54.5219991]},"properties":{"kind":"substation","voltage":380000,"name":"Schuby/West"}},{"type":"Feature","geometry":{"type":"Point","coordinates":[13.6814939,54.145942]},"properties":{"kind":"substation","voltage":220000,"name":"Ostwind 1"}},{"type":"Feature","geometry":{"type":"Point","coordinates":[13.6588128,54.1540613]},"properties":{"kind":"substation","voltage":220000,"name":"Anlandepunkt Ostwind 1"}},{"type":"Feature","geometry":{"type":"Point","coordinates":[13.6688289,54.1503283]},"properties":{"kind":"substation","voltage":220000,"name":"Ostwind 1"}},{"type":"Feature","geometry":{"type":"Point","coordinates":[7.9088401,48.5016246]},"properties":{"kind":"substation","voltage":380000,"name":"Umspannwerk Weier"}},{"type":"Feature","geometry":{"type":"Point","coordinates":[13.3065113,52.2292738]},"properties":{"kind":"substation","voltage":380000,"name":"Umspannwerk Thyrow"}},{"type":"Feature","geometry":{"type":"Point","coordinates":[12.9407163,52.5635507]},"properties":{"kind":"substation","voltage":220000,"name":"Umspannwerk Wustermark"}},{"type":"Feature","geometry":{"type":"Point","coordinates":[13.4956109,52.5902334]},"properties":{"kind":"substation","voltage":380000,"name":"Umspannwerk Malchow"}},{"type":"Feature","geometry":{"type":"Point","coordinates":[13.9013679,51.8759475]},"properties":{"kind":"substation","voltage":380000,"name":"Umspannwerk Ragow"}},{"type":"Feature","geometry":{"type":"Point","coordinates":[14.4282757,51.888923]},"properties":{"kind":"substation","voltage":380000,"name":"Umspannwerk Preilack"}},{"type":"Feature","geometry":{"type":"Point","coordinates":[13.1436161,53.9077013]},"properties":{"kind":"substation","voltage":380000,"name":"Umspannwerk Siedenbrünzow"}},{"type":"Feature","geometry":{"type":"Point","coordinates":[14.2191638,51.1210982]},"properties":{"kind":"substation","voltage":380000,"name":"Umspannwerk Schmölln"}},{"type":"Feature","geometry":{"type":"Point","coordinates":[13.7101914,52.5416003]},"properties":{"kind":"substation","voltage":220000,"name":"Umspannwerk Neuenhagen"}},{"type":"Feature","geometry":{"type":"Point","coordinates":[13.842268,50.9894895]},"properties":{"kind":"substation","voltage":380000,"name":"Umspannwerk Dresden Süd"}},{"type":"Feature","geometry":{"type":"Point","coordinates":[12.8147484,50.8567449]},"properties":{"kind":"substation","voltage":220000,"name":"Umspannwerk Röhrsdorf"}},{"type":"Feature","geometry":{"type":"Point","coordinates":[14.0333077,53.5075699]},"properties":{"kind":"substation","voltage":220000,"name":"Umspannwerk Pasewalk"}},{"type":"Feature","geometry":{"type":"Point","coordinates":[11.6440487,51.9082752]},"properties":{"kind":"substation","voltage":380000,"name":"Förderstedt 380 kV"}},{"type":"Feature","geometry":{"type":"Point","coordinates":[12.7877659,50.6271064]},"properties":{"kind":"substation","voltage":380000,"name":"Umspannwerk Zwönitz"}},{"type":"Feature","geometry":{"type":"Point","coordinates":[12.0458027,50.7817273]},"properties":{"kind":"substation","voltage":380000,"name":"Umspannwerk Weida"}},{"type":"Feature","geometry":{"type":"Point","coordinates":[12.2622268,51.7411202]},"properties":{"kind":"substation","voltage":380000,"name":"Umspannwerk Marke"}},{"type":"Feature","geometry":{"type":"Point","coordinates":[12.5195331,51.1573777]},"properties":{"kind":"substation","voltage":380000,"name":"Umspannwerk Eula"}},{"type":"Feature","geometry":{"type":"Point","coordinates":[13.0794736,54.2848501]},"properties":{"kind":"substation","voltage":220000,"name":"Umspannwerk Lüdershagen"}},{"type":"Feature","geometry":{"type":"Point","coordinates":[10.3683104,52.2845874]},"properties":{"kind":"substation","voltage":220000,"name":"Wahle 220 kV"}},{"type":"Feature","geometry":{"type":"Point","coordinates":[8.8694295,54.7945349]},"properties":{"kind":"substation","voltage":380000,"name":"Umspannwerk Klixbüll-Süd"}},{"type":"Feature","geometry":{"type":"Point","coordinates":[13.174669,53.6236006]},"properties":{"kind":"substation","voltage":380000,"name":"Umspannwerk Altentreptow Süd"}},{"type":"Feature","geometry":{"type":"Point","coordinates":[11.1217251,51.0003527]},"properties":{"kind":"substation","voltage":220000,"name":"Umspannwerk Vieselbach"}},{"type":"Feature","geometry":{"type":"Point","coordinates":[10.3863507,51.0021503]},"properties":{"kind":"substation","voltage":380000,"name":"Umspannwerk Eisenach"}},{"type":"Feature","geometry":{"type":"Point","coordinates":[8.5460042,52.9913693]},"properties":{"kind":"substation","voltage":380000,"name":"KÜA Havekost"}},{"type":"Feature","geometry":{"type":"Point","coordinates":[8.5295041,52.9666589]},"properties":{"kind":"substation","voltage":380000,"name":"KÜA Klein Henstedter Heide"}},{"type":"Feature","geometry":{"type":"Point","coordinates":[9.8528407,51.6493336]},"properties":{"kind":"substation","voltage":380000,"name":"Hardegsen"}},{"type":"Feature","geometry":{"type":"Point","coordinates":[7.0348528,52.2030395]},"properties":{"kind":"substation","voltage":220000,"name":"Station Gronau"}},{"type":"Feature","geometry":{"type":"Point","coordinates":[7.0347248,52.2015547]},"properties":{"kind":"substation","voltage":380000,"name":"Station Gronau"}},{"type":"Feature","geometry":{"type":"Point","coordinates":[7.7081665,51.6776812]},"properties":{"kind":"substation","voltage":380000,"name":"Station Gersteinwerk"}},{"type":"Feature","geometry":{"type":"Point","coordinates":[8.8956327,52.5640159]},"properties":{"kind":"substation","voltage":380000,"name":"Ohlensehlen"}},{"type":"Feature","geometry":{"type":"Point","coordinates":[10.1951496,52.0798503]},"properties":{"kind":"substation","voltage":380000,"name":null}},{"type":"Feature","geometry":{"type":"Point","coordinates":[10.2516087,52.1694351]},"properties":{"kind":"substation","voltage":380000,"name":"Kabelübergangsanlage Nord"}},{"type":"Feature","geometry":{"type":"Point","coordinates":[7.8881796,52.2776004]},"properties":{"kind":"substation","voltage":220000,"name":"Station Westerkappeln"}},{"type":"Feature","geometry":{"type":"Point","coordinates":[9.2504306,53.1150031]},"properties":{"kind":"substation","voltage":220000,"name":"Umspannwerk Sottrum"}},{"type":"Feature","geometry":{"type":"Point","coordinates":[9.2532106,53.1147599]},"properties":{"kind":"substation","voltage":380000,"name":"Sottrum"}},{"type":"Feature","geometry":{"type":"Point","coordinates":[8.6592186,51.9991131]},"properties":{"kind":"substation","voltage":380000,"name":"Bechterdissen"}},{"type":"Feature","geometry":{"type":"Point","coordinates":[8.4154697,49.7107216]},"properties":{"kind":"substation","voltage":380000,"name":"Biblis A"}},{"type":"Feature","geometry":{"type":"Point","coordinates":[6.6680955,51.384454]},"properties":{"kind":"substation","voltage":380000,"name":null}},{"type":"Feature","geometry":{"type":"Point","coordinates":[7.011965,52.1774732]},"properties":{"kind":"substation","voltage":380000,"name":"Kottigerhook 380 kV"}},{"type":"Feature","geometry":{"type":"Point","coordinates":[10.0931267,52.318456]},"properties":{"kind":"substation","voltage":380000,"name":"Mehrum-Nord"}},{"type":"Feature","geometry":{"type":"Point","coordinates":[6.4600073,50.2113602]},"properties":{"kind":"substation","voltage":380000,"name":"Umspannwerk Rommersheim"}},{"type":"Feature","geometry":{"type":"Point","coordinates":[6.6747606,51.3248366]},"properties":{"kind":"substation","voltage":220000,"name":"Station Gellep"}},{"type":"Feature","geometry":{"type":"Point","coordinates":[8.5294955,50.0777746]},"properties":{"kind":"substation","voltage":380000,"name":"Schwanheim (vorh. Höchst Süd Neu)"}},{"type":"Feature","geometry":{"type":"Point","coordinates":[14.0000117,51.6403209]},"properties":{"kind":"substation","voltage":380000,"name":"Umspannwerk Altdöbern"}},{"type":"Feature","geometry":{"type":"Point","coordinates":[9.079284,54.5101761]},"properties":{"kind":"substation","voltage":380000,"name":"UW Husum Nord"}},{"type":"Feature","geometry":{"type":"Point","coordinates":[9.0676848,53.5642264]},"properties":{"kind":"substation","voltage":380000,"name":null}},{"type":"Feature","geometry":{"type":"Point","coordinates":[7.1718769,51.554917]},"properties":{"kind":"substation","voltage":380000,"name":"Emscherbruch"}},{"type":"Feature","geometry":{"type":"Point","coordinates":[13.003089,50.8659569]},"properties":{"kind":"substation","voltage":220000,"name":"Umspannwerk Niederwiesa"}},{"type":"Feature","geometry":{"type":"Point","coordinates":[11.645364,50.5359314]},"properties":{"kind":"substation","voltage":220000,"name":"Umspannwerk Remptendorf"}},{"type":"Feature","geometry":{"type":"Point","coordinates":[12.1170608,49.6310104]},"properties":{"kind":"substation","voltage":220000,"name":"Umspannwerk Etzenricht"}},{"type":"Feature","geometry":{"type":"Point","coordinates":[9.2015449,53.8962514]},"properties":{"kind":"substation","voltage":380000,"name":"Umspannwerk Brunsbüttel (TenneT)"}},{"type":"Feature","geometry":{"type":"Point","coordinates":[9.2016658,53.8945978]},"properties":{"kind":"substation","voltage":380000,"name":"Umspannwerk Brunsbüttel (50Hertz)"}},{"type":"Feature","geometry":{"type":"Point","coordinates":[10.4167794,53.4117374]},"properties":{"kind":"substation","voltage":380000,"name":"Umspannwerk Krümmel (TenneT)"}},{"type":"Feature","geometry":{"type":"Point","coordinates":[10.4135245,53.4130893]},"properties":{"kind":"substation","voltage":380000,"name":"Schaltwerk Krümmel (50 Hertz)"}},{"type":"Feature","geometry":{"type":"Point","coordinates":[13.67913,54.1391789]},"properties":{"kind":"substation","voltage":220000,"name":"Umspannwerk Lubmin"}},{"type":"Feature","geometry":{"type":"Point","coordinates":[10.2495173,48.4183713]},"properties":{"kind":"substation","voltage":380000,"name":"Umspannwerk Kötz"}},{"type":"Feature","geometry":{"type":"Point","coordinates":[12.1854983,53.8150169]},"properties":{"kind":"substation","voltage":220000,"name":"Umspannwerk Güstrow"}},{"type":"Feature","geometry":{"type":"Point","coordinates":[10.7608729,53.9096121]},"properties":{"kind":"substation","voltage":380000,"name":"Umspannwerk Siems"}},{"type":"Feature","geometry":{"type":"Point","coordinates":[9.2071122,49.1776972]},"properties":{"kind":"substation","voltage":380000,"name":"Heilbronn"}},{"type":"Feature","geometry":{"type":"Point","coordinates":[9.5020814,53.8479945]},"properties":{"kind":"substation","voltage":380000,"name":"Phasenschieberanlage Krempermarsch"}},{"type":"Feature","geometry":{"type":"Point","coordinates":[7.9720902,53.3436759]},"properties":{"kind":"substation","voltage":380000,"name":null}},{"type":"Feature","geometry":{"type":"Point","coordinates":[7.9345372,53.3428213]},"properties":{"kind":"substation","voltage":380000,"name":null}},{"type":"Feature","geometry":{"type":"Point","coordinates":[7.6877717,53.3569428]},"properties":{"kind":"substation","voltage":380000,"name":null}},{"type":"Feature","geometry":{"type":"Point","coordinates":[7.6518056,53.3560317]},"properties":{"kind":"substation","voltage":380000,"name":null}},{"type":"Feature","geometry":{"type":"Point","coordinates":[6.9757347,51.0287781]},"properties":{"kind":"substation","voltage":220000,"name":null}},{"type":"Feature","geometry":{"type":"Point","coordinates":[9.7268819,54.290999]},"properties":{"kind":"substation","voltage":220000,"name":"Audorf"}},{"type":"Feature","geometry":{"type":"Point","coordinates":[8.054024,53.3318034]},"properties":{"kind":"substation","voltage":380000,"name":"Conneforde/Ost"}},{"type":"Feature","geometry":{"type":"Point","coordinates":[8.0505515,53.3323744]},"properties":{"kind":"substation","voltage":380000,"name":"Conneforde 380/220 kV"}},{"type":"Feature","geometry":{"type":"Point","coordinates":[8.1383677,53.5750078]},"properties":{"kind":"substation","voltage":380000,"name":null}},{"type":"Feature","geometry":{"type":"Point","coordinates":[11.5875748,48.767714]},"properties":{"kind":"substation","voltage":380000,"name":null}},{"type":"Feature","geometry":{"type":"Point","coordinates":[8.0772995,52.9471851]},"properties":{"kind":"substation","voltage":380000,"name":"Garrel Ost"}},{"type":"Feature","geometry":{"type":"Point","coordinates":[10.6348714,53.9226814]},"properties":{"kind":"substation","voltage":380000,"name":"Umspannwerk Lübeck West"}},{"type":"Feature","geometry":{"type":"Point","coordinates":[8.9959318,52.379104]},"properties":{"kind":"substation","voltage":380000,"name":"Umspannwerk Heyden"}},{"type":"Feature","geometry":{"type":"Point","coordinates":[14.0361482,53.5073307]},"properties":{"kind":"substation","voltage":380000,"name":"Umspannwerk Pasewalk"}},{"type":"Feature","geometry":{"type":"Point","coordinates":[14.0370242,53.5082851]},"properties":{"kind":"substation","voltage":220000,"name":"Umspannwerk Pasewalk"}},{"type":"Feature","geometry":{"type":"Point","coordinates":[8.4157945,49.7058698]},"properties":{"kind":"substation","voltage":380000,"name":"Umspannwerk Gasturbinenkraftwerk"}},{"type":"Feature","geometry":{"type":"Point","coordinates":[8.4146114,49.7110852]},"properties":{"kind":"substation","voltage":220000,"name":"Biblis C"}},{"type":"Feature","geometry":{"type":"Point","coordinates":[8.4807293,50.5913795]},"properties":{"kind":"substation","voltage":380000,"name":"Aßlar 380kV"}},{"type":"Feature","geometry":{"type":"Point","coordinates":[8.2848597,50.7585693]},"properties":{"kind":"substation","voltage":380000,"name":"Dillenburg 380kV"}},{"type":"Feature","geometry":{"type":"Point","coordinates":[8.4237414,49.633203]},"properties":{"kind":"substation","voltage":380000,"name":null}},{"type":"Feature","geometry":{"type":"Point","coordinates":[12.4075127,51.178001]},"properties":{"kind":"substation","voltage":380000,"name":"Umspannwerk Energiepark Witznitz"}},{"type":"Feature","geometry":{"type":"Point","coordinates":[8.0536407,53.3340684]},"properties":{"kind":"substation","voltage":220000,"name":"Conneforde 220/110 kV"}},{"type":"Feature","geometry":{"type":"Point","coordinates":[8.0628543,53.5545054]},"properties":{"kind":"substation","voltage":220000,"name":"Fedderwarden"}},{"type":"Feature","geometry":{"type":"Point","coordinates":[13.5244986,52.5354343]},"properties":{"kind":"substation","voltage":220000,"name":"Umspannwerk Marzahn"}},{"type":"Feature","geometry":{"type":"Point","coordinates":[10.3448741,52.2368963]},"properties":{"kind":"substation","voltage":380000,"name":"UW-Liedingen"}},{"type":"Feature","geometry":{"type":"Point","coordinates":[7.0021206,51.6047382]},"properties":{"kind":"substation","voltage":380000,"name":null}},{"type":"Feature","geometry":{"type":"Point","coordinates":[9.149282,49.1428825]},"properties":{"kind":"substation","voltage":380000,"name":"Umspannwerk Großgartach TransnetBW 380kV"}},{"type":"Feature","geometry":{"type":"Point","coordinates":[10.396812,52.1676358]},"properties":{"kind":"substation","voltage":220000,"name":null}},{"type":"Feature","geometry":{"type":"Point","coordinates":[9.1347163,52.8238085]},"properties":{"kind":"substation","voltage":380000,"name":null}},{"type":"Feature","geometry":{"type":"Point","coordinates":[7.8610698,48.574404]},"properties":{"kind":"substation","voltage":380000,"name":"Umspannwerk Kork"}},{"type":"Feature","geometry":{"type":"Point","coordinates":[9.3447062,53.8518993]},"properties":{"kind":"substation","voltage":220000,"name":"Umspannwerk Brokdorf"}},{"type":"Feature","geometry":{"type":"Point","coordinates":[8.5028231,52.6095368]},"properties":{"kind":"substation","voltage":380000,"name":"Station Rehden"}},{"type":"Feature","geometry":{"type":"Point","coordinates":[7.4386375,50.4357009]},"properties":{"kind":"substation","voltage":220000,"name":null}},{"type":"Feature","geometry":{"type":"Point","coordinates":[10.0877551,52.318147]},"properties":{"kind":"substation","voltage":380000,"name":null}},{"type":"Feature","geometry":{"type":"Point","coordinates":[8.1098022,52.967998]},"properties":{"kind":"substation","voltage":380000,"name":"Garrel/Ost"}},{"type":"Feature","geometry":{"type":"Point","coordinates":[8.0167166,52.8002719]},"properties":{"kind":"substation","voltage":380000,"name":"Umspannwerk Cappeln/West (Neubau)"}},{"type":"Feature","geometry":{"type":"Point","coordinates":[8.0800443,52.9464045]},"properties":{"kind":"substation","voltage":380000,"name":"Garrel Ost"}},{"type":"Feature","geometry":{"type":"Point","coordinates":[10.102967,53.8224256]},"properties":{"kind":"substation","voltage":380000,"name":null}},{"type":"Feature","geometry":{"type":"Point","coordinates":[10.0090246,53.7769946]},"properties":{"kind":"substation","voltage":380000,"name":null}},{"type":"Feature","geometry":{"type":"Point","coordinates":[7.72362,51.4092181]},"properties":{"kind":"substation","voltage":220000,"name":"Umspannwerk Bixterheide"}},{"type":"Feature","geometry":{"type":"Point","coordinates":[7.9933061,51.8230469]},"properties":{"kind":"substation","voltage":380000,"name":"Enniger"}},{"type":"Feature","geometry":{"type":"Point","coordinates":[8.3646982,51.9270411]},"properties":{"kind":"substation","voltage":380000,"name":"Station Gütersloh"}},{"type":"Feature","geometry":{"type":"Point","coordinates":[8.2109174,51.177591]},"properties":{"kind":"substation","voltage":380000,"name":"Station Arpe"}},{"type":"Feature","geometry":{"type":"Point","coordinates":[7.9852815,50.8413585]},"properties":{"kind":"substation","voltage":380000,"name":"Station Eiserfeld"}},{"type":"Feature","geometry":{"type":"Point","coordinates":[7.4175831,51.4575351]},"properties":{"kind":"substation","voltage":380000,"name":"Station Kruckel"}},{"type":"Feature","geometry":{"type":"Point","coordinates":[6.2227492,51.6946204]},"properties":{"kind":"substation","voltage":220000,"name":"Station Pfalzdorf"}},{"type":"Feature","geometry":{"type":"Point","coordinates":[7.1242578,51.5256339]},"properties":{"kind":"substation","voltage":380000,"name":"Station Hüllen"}},{"type":"Feature","geometry":{"type":"Point","coordinates":[7.1691356,51.3889681]},"properties":{"kind":"substation","voltage":220000,"name":"Station Hattingen"}},{"type":"Feature","geometry":{"type":"Point","coordinates":[7.0564352,51.6955004]},"properties":{"kind":"substation","voltage":380000,"name":"Umspannwerk Kusenhorst"}},{"type":"Feature","geometry":{"type":"Point","coordinates":[8.9926725,51.3428476]},"properties":{"kind":"substation","voltage":380000,"name":"Umspannwerk Twistetal"}},{"type":"Feature","geometry":{"type":"Point","coordinates":[7.1247982,51.4480322]},"properties":{"kind":"substation","voltage":380000,"name":"Station Eiberg"}},{"type":"Feature","geometry":{"type":"Point","coordinates":[7.0073513,51.174362]},"properties":{"kind":"substation","voltage":380000,"name":"Station Ohligs"}},{"type":"Feature","geometry":{"type":"Point","coordinates":[6.8476279,51.2053716]},"properties":{"kind":"substation","voltage":220000,"name":"Station Eller"}},{"type":"Feature","geometry":{"type":"Point","coordinates":[6.8268672,51.162672]},"properties":{"kind":"substation","voltage":220000,"name":"Station Reisholz"}},{"type":"Feature","geometry":{"type":"Point","coordinates":[6.5704377,51.0486468]},"properties":{"kind":"substation","voltage":220000,"name":"Umspannanlage Frimmersdorf I"}},{"type":"Feature","geometry":{"type":"Point","coordinates":[6.7864613,51.5056605]},"properties":{"kind":"substation","voltage":220000,"name":"Station Hamborn"}},{"type":"Feature","geometry":{"type":"Point","coordinates":[6.9346516,51.0339981]},"properties":{"kind":"substation","voltage":220000,"name":"Umspannwerk Fühlingen"}},{"type":"Feature","geometry":{"type":"Point","coordinates":[7.1226582,51.1720622]},"properties":{"kind":"substation","voltage":380000,"name":"Station Halfeshof"}},{"type":"Feature","geometry":{"type":"Point","coordinates":[7.7060395,51.2789114]},"properties":{"kind":"substation","voltage":220000,"name":"Elverlingsen"}},{"type":"Feature","geometry":{"type":"Point","coordinates":[7.2332608,51.2330767]},"properties":{"kind":"substation","voltage":380000,"name":"Station Linde"}},{"type":"Feature","geometry":{"type":"Point","coordinates":[8.6590117,52.0002601]},"properties":{"kind":"substation","voltage":220000,"name":"Bechterdissen"}},{"type":"Feature","geometry":{"type":"Point","coordinates":[9.490059,53.633462]},"properties":{"kind":"substation","voltage":220000,"name":"Umspannwerk Stade-West"}},{"type":"Feature","geometry":{"type":"Point","coordinates":[7.0950967,50.8273202]},"properties":{"kind":"substation","voltage":220000,"name":"Station Stockem"}},{"type":"Feature","geometry":{"type":"Point","coordinates":[7.1903454,50.7993818]},"properties":{"kind":"substation","voltage":380000,"name":"Station Siegburg"}},{"type":"Feature","geometry":{"type":"Point","coordinates":[7.1920321,50.7996525]},"properties":{"kind":"substation","voltage":220000,"name":"Station Siegburg"}},{"type":"Feature","geometry":{"type":"Point","coordinates":[8.656137,50.6056874]},"properties":{"kind":"substation","voltage":380000,"name":"Umspannwerk Gießen Nord"}},{"type":"Feature","geometry":{"type":"Point","coordinates":[12.214268,54.1121599]},"properties":{"kind":"substation","voltage":220000,"name":"Bentwisch"}},{"type":"Feature","geometry":{"type":"Point","coordinates":[8.6949389,53.092276]},"properties":{"kind":"substation","voltage":380000,"name":"Niedervieland"}},{"type":"Feature","geometry":{"type":"Point","coordinates":[7.7196993,51.5342162]},"properties":{"kind":"substation","voltage":380000,"name":"Station Unna"}},{"type":"Feature","geometry":{"type":"Point","coordinates":[8.2724997,49.0284863]},"properties":{"kind":"substation","voltage":220000,"name":"Umspannwerk Maximiliansau"}},{"type":"Feature","geometry":{"type":"Point","coordinates":[8.8723289,48.3108816]},"properties":{"kind":"substation","voltage":380000,"name":null}},{"type":"Feature","geometry":{"type":"Point","coordinates":[9.8686779,51.537605]},"properties":{"kind":"substation","voltage":380000,"name":"KÜA Hetjershausen"}},{"type":"Feature","geometry":{"type":"Point","coordinates":[8.3259726,52.0927191]},"properties":{"kind":"substation","voltage":380000,"name":null}},{"type":"Feature","geometry":{"type":"Point","coordinates":[8.2881856,52.1205446]},"properties":{"kind":"substation","voltage":380000,"name":null}},{"type":"Feature","geometry":{"type":"Point","coordinates":[10.0629601,53.8122362]},"properties":{"kind":"substation","voltage":380000,"name":null}},{"type":"Feature","geometry":{"type":"Point","coordinates":[12.1388898,49.0816576]},"properties":{"kind":"substation","voltage":380000,"name":"Wenzenbach"}},{"type":"Feature","geometry":{"type":"Point","coordinates":[8.3391281,53.2618116]},"properties":{"kind":"substation","voltage":380000,"name":"Großenmeer"}},{"type":"Feature","geometry":{"type":"Point","coordinates":[8.5299195,53.2478633]},"properties":{"kind":"substation","voltage":380000,"name":"Umspannwerk Neuenkirchen"}},{"type":"Feature","geometry":{"type":"Point","coordinates":[8.5780688,49.4977789]},"properties":{"kind":"substation","voltage":380000,"name":"Umspannwerk Mannheim-Ost"}},{"type":"Feature","geometry":{"type":"Point","coordinates":[6.8248084,51.0164461]},"properties":{"kind":"substation","voltage":380000,"name":"Umspannwerk Esch"}},{"type":"Feature","geometry":{"type":"Point","coordinates":[7.3593781,52.5981594]},"properties":{"kind":"substation","voltage":380000,"name":"Umspannwerk Clusorth"}},{"type":"Feature","geometry":{"type":"Point","coordinates":[7.4129847,51.6376921]},"properties":{"kind":"substation","voltage":380000,"name":"Umspannwerk Rieselfeld"}},{"type":"Feature","geometry":{"type":"Point","coordinates":[6.530267,51.7535625]},"properties":{"kind":"substation","voltage":380000,"name":"Umspannwerk Wittenhorst"}},{"type":"Feature","geometry":{"type":"Point","coordinates":[6.579317,51.0520056]},"properties":{"kind":"substation","voltage":220000,"name":null}},{"type":"Feature","geometry":{"type":"Point","coordinates":[9.2681426,47.9411617]},"properties":{"kind":"substation","voltage":380000,"name":"Umspannwerk Pfullendorf"}},{"type":"Feature","geometry":{"type":"Point","coordinates":[8.7101092,49.4132984]},"properties":{"kind":"substation","voltage":110000,"name":"Umspannanlage Altstadt"}},{"type":"Feature","geometry":{"type":"Point","coordinates":[8.989197,48.7140208]},"properties":{"kind":"substation","voltage":110000,"name":"Umspannwerk Sindelfingen"}},{"type":"Feature","geometry":{"type":"Point","coordinates":[7.8781536,48.5367034]},"properties":{"kind":"substation","voltage":110000,"name":null}},{"type":"Feature","geometry":{"type":"Point","coordinates":[9.3112524,48.8014546]},"properties":{"kind":"substation","voltage":110000,"name":"Umspannwerk Rommelshausen"}},{"type":"Feature","geometry":{"type":"Point","coordinates":[9.1720235,48.7034058]},"properties":{"kind":"substation","voltage":110000,"name":"Umspannwerk Echterdingen Nord"}},{"type":"Feature","geometry":{"type":"Point","coordinates":[9.1685872,48.6805702]},"properties":{"kind":"substation","voltage":110000,"name":"Umspannwerk Echterdingen Süd 110 kV"}},{"type":"Feature","geometry":{"type":"Point","coordinates":[9.1325858,48.7261649]},"properties":{"kind":"substation","voltage":110000,"name":"Umspannwerk Möhringen"}},{"type":"Feature","geometry":{"type":"Point","coordinates":[9.2159192,48.8523043]},"properties":{"kind":"substation","voltage":380000,"name":"Umspannwerk Mühlhausen"}},{"type":"Feature","geometry":{"type":"Point","coordinates":[9.1099246,48.7138727]},"properties":{"kind":"substation","voltage":110000,"name":"Unterwerk Rohr"}},{"type":"Feature","geometry":{"type":"Point","coordinates":[8.8749993,48.6025415]},"properties":{"kind":"substation","voltage":110000,"name":"Umspannwerk Herrenberg"}},{"type":"Feature","geometry":{"type":"Point","coordinates":[9.037436,48.7043823]},"properties":{"kind":"substation","voltage":110000,"name":"Umspannwerk Sindelfingen-Mahdental"}},{"type":"Feature","geometry":{"type":"Point","coordinates":[8.9888381,48.8035974]},"properties":{"kind":"substation","voltage":110000,"name":"Umspannwerk Leonberg"}},{"type":"Feature","geometry":{"type":"Point","coordinates":[9.051633,48.6457125]},"properties":{"kind":"substation","voltage":110000,"name":"Umspannwerk Schönaich"}},{"type":"Feature","geometry":{"type":"Point","coordinates":[9.0968305,48.8278561]},"properties":{"kind":"substation","voltage":110000,"name":"Umspannwerk Weilimdorf"}},{"type":"Feature","geometry":{"type":"Point","coordinates":[9.2457463,48.6649182]},"properties":{"kind":"substation","voltage":110000,"name":"Umspannwerk Sielmingen"}},{"type":"Feature","geometry":{"type":"Point","coordinates":[9.1778012,49.133769]},"properties":{"kind":"substation","voltage":110000,"name":"Umspannwerk Böckingen"}},{"type":"Feature","geometry":{"type":"Point","coordinates":[10.175023,48.6823425]},"properties":{"kind":"substation","voltage":110000,"name":"Umspannwerk Schmittenberg"}},{"type":"Feature","geometry":{"type":"Point","coordinates":[9.4249693,48.0645109]},"properties":{"kind":"substation","voltage":380000,"name":"Umspannwerk Herbertingen"}},{"type":"Feature","geometry":{"type":"Point","coordinates":[8.6741571,49.4222644]},"properties":{"kind":"substation","voltage":110000,"name":"Umspannanlage Neuenheim"}},{"type":"Feature","geometry":{"type":"Point","coordinates":[9.0958704,48.520644]},"properties":{"kind":"substation","voltage":110000,"name":"Umspannwerk Großholz"}},{"type":"Feature","geometry":{"type":"Point","coordinates":[9.1540197,48.4948605]},"properties":{"kind":"substation","voltage":110000,"name":"Umspannwerk West"}},{"type":"Feature","geometry":{"type":"Point","coordinates":[8.7550896,49.0185486]},"properties":{"kind":"substation","voltage":110000,"name":"Umspannwerk Knittlingen"}},{"type":"Feature","geometry":{"type":"Point","coordinates":[9.1969274,48.9131899]},"properties":{"kind":"substation","voltage":220000,"name":"Transnet BW Umspannwerk Hoheneck"}},{"type":"Feature","geometry":{"type":"Point","coordinates":[9.1907126,48.914433]},"properties":{"kind":"substation","voltage":380000,"name":"Amprion Umspannwerk Hoheneck"}},{"type":"Feature","geometry":{"type":"Point","coordinates":[9.4006648,48.6669743]},"properties":{"kind":"substation","voltage":380000,"name":"Umspannwerk Wendlingen"}},{"type":"Feature","geometry":{"type":"Point","coordinates":[8.9663432,48.9433059]},"properties":{"kind":"substation","voltage":110000,"name":"Unterwerk Vaihingen (Enz)"}},{"type":"Feature","geometry":{"type":"Point","coordinates":[9.6599777,48.694221]},"properties":{"kind":"substation","voltage":110000,"name":"Netze BW Umspannwerk Göppingen Süd"}},{"type":"Feature","geometry":{"type":"Point","coordinates":[9.5627692,48.7014631]},"properties":{"kind":"substation","voltage":380000,"name":"Netze BW Umspannwerk Bünzwangen"}},{"type":"Feature","geometry":{"type":"Point","coordinates":[9.7043902,48.4649215]},"properties":{"kind":"substation","voltage":380000,"name":"Umspannwerk Laichingen"}},{"type":"Feature","geometry":{"type":"Point","coordinates":[9.0216006,48.5159149]},"properties":{"kind":"substation","voltage":110000,"name":"Kabelgarten Schwärzloch"}},{"type":"Feature","geometry":{"type":"Point","coordinates":[8.785313,48.5837056]},"properties":{"kind":"substation","voltage":380000,"name":"Umspannwerk Oberjettingen"}},{"type":"Feature","geometry":{"type":"Point","coordinates":[9.3917422,48.719064]},"properties":{"kind":"substation","voltage":110000,"name":"Bahnstrom-Unterwerk Plochingen"}},{"type":"Feature","geometry":{"type":"Point","coordinates":[8.8967828,48.5771445]},"properties":{"kind":"substation","voltage":110000,"name":"Umspannwerk Gültstein"}},{"type":"Feature","geometry":{"type":"Point","coordinates":[9.3199782,48.7296287]},"properties":{"kind":"substation","voltage":110000,"name":"Umspannwerk Esslingen Ost"}},{"type":"Feature","geometry":{"type":"Point","coordinates":[8.8318536,48.773599]},"properties":{"kind":"substation","voltage":110000,"name":"110kV-Umspannwerk Merklingen"}},{"type":"Feature","geometry":{"type":"Point","coordinates":[9.5539243,48.6656426]},"properties":{"kind":"substation","voltage":110000,"name":"Netze BW Umspannwerk Hattenhofen"}},{"type":"Feature","geometry":{"type":"Point","coordinates":[9.547012,48.6256769]},"properties":{"kind":"substation","voltage":110000,"name":"Umspannwerk Weilheim/Teck"}},{"type":"Feature","geometry":{"type":"Point","coordinates":[8.3420101,48.1251738]},"properties":{"kind":"substation","voltage":110000,"name":null}},{"type":"Feature","geometry":{"type":"Point","coordinates":[9.1461168,48.7742757]},"properties":{"kind":"substation","voltage":110000,"name":"EnBW Umspannwerk Reuterstraße"}},{"type":"Feature","geometry":{"type":"Point","coordinates":[9.4437932,48.6400314]},"properties":{"kind":"substation","voltage":110000,"name":"Umspannwerk Kirchheim Süd"}},{"type":"Feature","geometry":{"type":"Point","coordinates":[9.158764,48.8176463]},"properties":{"kind":"substation","voltage":110000,"name":null}},{"type":"Feature","geometry":{"type":"Point","coordinates":[9.2296602,48.5829197]},"properties":{"kind":"substation","voltage":110000,"name":"Umspannwerk Neckartenzlingen"}},{"type":"Feature","geometry":{"type":"Point","coordinates":[9.274427,48.5498005]},"properties":{"kind":"substation","voltage":380000,"name":"Umspannwerk Metzingen"}},{"type":"Feature","geometry":{"type":"Point","coordinates":[9.4743805,48.7075499]},"properties":{"kind":"substation","voltage":110000,"name":"Netze BW Umspannwerk Reichenbach"}},{"type":"Feature","geometry":{"type":"Point","coordinates":[9.128612,47.7011729]},"properties":{"kind":"substation","voltage":110000,"name":"Umspannwerk Konstanz-Wollmatingen"}},{"type":"Feature","geometry":{"type":"Point","coordinates":[8.9954907,48.6832823]},"properties":{"kind":"substation","voltage":110000,"name":"Umspannstation Böblingen-West"}},{"type":"Feature","geometry":{"type":"Point","coordinates":[9.8039105,48.1099154]},"properties":{"kind":"substation","voltage":110000,"name":"110kV-Umspannwerk Biberach/Riß"}},{"type":"Feature","geometry":{"type":"Point","coordinates":[10.2318262,48.5296531]},"properties":{"kind":"substation","voltage":380000,"name":"Umspannwerk Niederstotzingen"}},{"type":"Feature","geometry":{"type":"Point","coordinates":[9.5034465,48.1589752]},"properties":{"kind":"substation","voltage":110000,"name":"110kV-Umspannwerk Riedlingen"}},{"type":"Feature","geometry":{"type":"Point","coordinates":[9.6509163,47.980653]},"properties":{"kind":"substation","voltage":110000,"name":"110kV-Umspannwerk Otterswang"}},{"type":"Feature","geometry":{"type":"Point","coordinates":[9.5122101,48.0025761]},"properties":{"kind":"substation","voltage":110000,"name":"110kV-Umspannwerk Saulgau"}},{"type":"Feature","geometry":{"type":"Point","coordinates":[9.6456919,47.7447209]},"properties":{"kind":"substation","voltage":380000,"name":"380kV-Umspannwerk Grünkraut"}},{"type":"Feature","geometry":{"type":"Point","coordinates":[9.8046245,48.0796023]},"properties":{"kind":"substation","voltage":110000,"name":"110kV-Umspannwerk Biberach-Süd"}},{"type":"Feature","geometry":{"type":"Point","coordinates":[8.2520121,47.6397989]},"properties":{"kind":"substation","voltage":220000,"name":"Umspannwerk Gurtweil"}},{"type":"Feature","geometry":{"type":"Point","coordinates":[8.2594537,47.6342422]},"properties":{"kind":"substation","voltage":380000,"name":"Umspannwerk Tiengen"}},{"type":"Feature","geometry":{"type":"Point","coordinates":[9.7213895,48.6945068]},"properties":{"kind":"substation","voltage":110000,"name":"Netze BW Umspannwerk Eislingen Ost"}},{"type":"Feature","geometry":{"type":"Point","coordinates":[8.5549629,48.8386025]},"properties":{"kind":"substation","voltage":110000,"name":"Umspannwerk Schwann"}},{"type":"Feature","geometry":{"type":"Point","coordinates":[9.2315755,48.5094358]},"properties":{"kind":"substation","voltage":110000,"name":"Umspannwerk Nord"}},{"type":"Feature","geometry":{"type":"Point","coordinates":[9.3491399,48.6088711]},"properties":{"kind":"substation","voltage":110000,"name":"Umspannwerk Nürtingen"}},{"type":"Feature","geometry":{"type":"Point","coordinates":[8.561526,49.4546683]},"properties":{"kind":"substation","voltage":110000,"name":"MVV Netze Umspannwerk 5 Holzweg"}},{"type":"Feature","geometry":{"type":"Point","coordinates":[8.2488906,48.8463088]},"properties":{"kind":"substation","voltage":220000,"name":"220-kV-Umspannwerk Kuppenheim"}},{"type":"Feature","geometry":{"type":"Point","coordinates":[8.5618831,49.4409455]},"properties":{"kind":"substation","voltage":110000,"name":"Unterwerk Mannheim/Ers"}},{"type":"Feature","geometry":{"type":"Point","coordinates":[9.3788676,48.8798341]},"properties":{"kind":"substation","voltage":110000,"name":"Umspannwerk Winnenden"}},{"type":"Feature","geometry":{"type":"Point","coordinates":[9.5611893,48.713882]},"properties":{"kind":"substation","voltage":110000,"name":"Netze BW Umspannwerk Uhingen"}},{"type":"Feature","geometry":{"type":"Point","coordinates":[8.5010839,48.9231821]},"properties":{"kind":"substation","voltage":110000,"name":"110kV Umspannwerk Langensteinbach"}},{"type":"Feature","geometry":{"type":"Point","coordinates":[8.5231061,49.5069737]},"properties":{"kind":"substation","voltage":110000,"name":"MVV Netze Umspannwerk 3 Käfertal"}},{"type":"Feature","geometry":{"type":"Point","coordinates":[8.4454459,48.9860836]},"properties":{"kind":"substation","voltage":220000,"name":"Umspannwerk Oberwald"}},{"type":"Feature","geometry":{"type":"Point","coordinates":[8.4516208,49.0074381]},"properties":{"kind":"substation","voltage":220000,"name":"Umspannwerk Karlsruhe Ost"}},{"type":"Feature","geometry":{"type":"Point","coordinates":[8.5189361,49.0067353]},"properties":{"kind":"substation","voltage":110000,"name":"Umspannwerk Berghausen"}},{"type":"Feature","geometry":{"type":"Point","coordinates":[8.349138,49.0130815]},"properties":{"kind":"substation","voltage":220000,"name":"Karlsruhe-West"}},{"type":"Feature","geometry":{"type":"Point","coordinates":[9.7697076,48.6824982]},"properties":{"kind":"substation","voltage":110000,"name":"EnBW Umspannwerk Süßen"}},{"type":"Feature","geometry":{"type":"Point","coordinates":[8.6416567,48.8900842]},"properties":{"kind":"substation","voltage":380000,"name":"220 kV-Umspannwerk Birkenfeld"}},{"type":"Feature","geometry":{"type":"Point","coordinates":[9.4695837,48.4272801]},"properties":{"kind":"substation","voltage":110000,"name":"Umspannwerk Münsingen"}},{"type":"Feature","geometry":{"type":"Point","coordinates":[9.8497174,48.6288275]},"properties":{"kind":"substation","voltage":110000,"name":"Umspannwerk Eybacher Tal"}},{"type":"Feature","geometry":{"type":"Point","coordinates":[8.3462397,49.0630651]},"properties":{"kind":"substation","voltage":110000,"name":"Umspannwerk Esso"}},{"type":"Feature","geometry":{"type":"Point","coordinates":[9.1736959,47.6830332]},"properties":{"kind":"substation","voltage":110000,"name":null}},{"type":"Feature","geometry":{"type":"Point","coordinates":[8.5230772,48.0478412]},"properties":{"kind":"substation","voltage":110000,"name":"Umspannwerk Moos"}},{"type":"Feature","geometry":{"type":"Point","coordinates":[9.0302875,48.5063223]},"properties":{"kind":"substation","voltage":110000,"name":"Umspannwerk Rappenberghalde"}},{"type":"Feature","geometry":{"type":"Point","coordinates":[7.6619723,47.9147842]},"properties":{"kind":"substation","voltage":110000,"name":"Umspannwerk Tunsel"}},{"type":"Feature","geometry":{"type":"Point","coordinates":[9.0569627,48.4356575]},"properties":{"kind":"substation","voltage":110000,"name":"Umspannwerk Nehren"}},{"type":"Feature","geometry":{"type":"Point","coordinates":[9.2019805,48.7280404]},"properties":{"kind":"substation","voltage":110000,"name":"Schaltanlage Birkach"}},{"type":"Feature","geometry":{"type":"Point","coordinates":[9.0391223,48.2698801]},"properties":{"kind":"substation","voltage":110000,"name":"Umspannwerk Staufenbühl"}},{"type":"Feature","geometry":{"type":"Point","coordinates":[8.9746099,48.7932951]},"properties":{"kind":"substation","voltage":110000,"name":"Unterwerk Leonberg"}},{"type":"Feature","geometry":{"type":"Point","coordinates":[9.3072085,49.0058344]},"properties":{"kind":"substation","voltage":110000,"name":"Umspannanlage Großbottwar"}},{"type":"Feature","geometry":{"type":"Point","coordinates":[8.4573224,49.5028227]},"properties":{"kind":"substation","voltage":110000,"name":"Umspannwerk 1"}},{"type":"Feature","geometry":{"type":"Point","coordinates":[8.6166265,48.0659877]},"properties":{"kind":"substation","voltage":380000,"name":"Umspannwerk Trossingen"}},{"type":"Feature","geometry":{"type":"Point","coordinates":[9.9166476,49.4065797]},"properties":{"kind":"substation","voltage":110000,"name":"Umspannwerk Niederstetten"}},{"type":"Feature","geometry":{"type":"Point","coordinates":[9.6546531,49.6361161]},"properties":{"kind":"substation","voltage":110000,"name":null}},{"type":"Feature","geometry":{"type":"Point","coordinates":[8.4598986,48.0963278]},"properties":{"kind":"substation","voltage":110000,"name":"Umspannwerk Obereschach"}},{"type":"Feature","geometry":{"type":"Point","coordinates":[9.2154339,48.6581363]},"properties":{"kind":"substation","voltage":110000,"name":"Netze BW Umspannwerk Bonlanden"}},{"type":"Feature","geometry":{"type":"Point","coordinates":[9.0557288,48.5415077]},"properties":{"kind":"substation","voltage":110000,"name":"Umspannwerk Waldhäuser"}},{"type":"Feature","geometry":{"type":"Point","coordinates":[9.2866576,48.5049063]},"properties":{"kind":"substation","voltage":110000,"name":"EnBW Umspannwerk Glems"}},{"type":"Feature","geometry":{"type":"Point","coordinates":[9.2316297,48.7060113]},"properties":{"kind":"substation","voltage":110000,"name":"Kabelgarten"}},{"type":"Feature","geometry":{"type":"Point","coordinates":[7.573407,47.7259177]},"properties":{"kind":"substation","voltage":110000,"name":null}},{"type":"Feature","geometry":{"type":"Point","coordinates":[7.589123,47.8069168]},"properties":{"kind":"substation","voltage":110000,"name":null}},{"type":"Feature","geometry":{"type":"Point","coordinates":[7.5957126,47.8056489]},"properties":{"kind":"substation","voltage":110000,"name":"Unterwerk Müllheim"}},{"type":"Feature","geometry":{"type":"Point","coordinates":[9.3765396,48.7206519]},"properties":{"kind":"substation","voltage":110000,"name":"Umspannwerk Altbach 2"}},{"type":"Feature","geometry":{"type":"Point","coordinates":[9.3710183,48.719127]},"properties":{"kind":"substation","voltage":380000,"name":"Umspannwerk Altbach 1"}},{"type":"Feature","geometry":{"type":"Point","coordinates":[9.7085624,48.4948453]},"properties":{"kind":"substation","voltage":110000,"name":null}},{"type":"Feature","geometry":{"type":"Point","coordinates":[9.7264241,48.3598441]},"properties":{"kind":"substation","voltage":110000,"name":"110kV-Umspannwerk Schmiechen"}},{"type":"Feature","geometry":{"type":"Point","coordinates":[9.7204638,48.2895157]},"properties":{"kind":"substation","voltage":110000,"name":"110kV-Umspannwerk Ehingen"}},{"type":"Feature","geometry":{"type":"Point","coordinates":[10.222435,48.7367235]},"properties":{"kind":"substation","voltage":380000,"name":"Umspannwerk Rotensohl"}},{"type":"Feature","geometry":{"type":"Point","coordinates":[9.8706849,48.5682745]},"properties":{"kind":"substation","voltage":110000,"name":"Umspannwerk Amstetten"}},{"type":"Feature","geometry":{"type":"Point","coordinates":[9.8769635,48.5690395]},"properties":{"kind":"substation","voltage":110000,"name":"Unterwerk Amstetten"}},{"type":"Feature","geometry":{"type":"Point","coordinates":[9.6786373,48.571389]},"properties":{"kind":"substation","voltage":110000,"name":"Albwerk Umspannwerk Gosbach"}},{"type":"Feature","geometry":{"type":"Point","coordinates":[8.8131105,48.9426648]},"properties":{"kind":"substation","voltage":110000,"name":"Kabelgarten"}},{"type":"Feature","geometry":{"type":"Point","coordinates":[8.1207848,48.7050614]},"properties":{"kind":"substation","voltage":220000,"name":"Umspannwerk Bühl"}},{"type":"Feature","geometry":{"type":"Point","coordinates":[8.4331165,48.9348916]},"properties":{"kind":"substation","voltage":110000,"name":"Umspannwerk Ettlingen Spinnerei"}},{"type":"Feature","geometry":{"type":"Point","coordinates":[8.1471106,48.7342147]},"properties":{"kind":"substation","voltage":110000,"name":"Unterwerk Baden-Baden"}},{"type":"Feature","geometry":{"type":"Point","coordinates":[8.496923,49.2219649]},"properties":{"kind":"substation","voltage":110000,"name":"Unterwerk Wiesental"}},{"type":"Feature","geometry":{"type":"Point","coordinates":[9.1842373,48.8447806]},"properties":{"kind":"substation","voltage":110000,"name":"Unterwerk Stuttgart"}},{"type":"Feature","geometry":{"type":"Point","coordinates":[9.2976802,48.8254051]},"properties":{"kind":"substation","voltage":110000,"name":"Unterwerk Waiblingen"}},{"type":"Feature","geometry":{"type":"Point","coordinates":[9.2022213,49.0424297]},"properties":{"kind":"substation","voltage":110000,"name":"Schaltwerk Neckarwestheim"}},{"type":"Feature","geometry":{"type":"Point","coordinates":[9.8771926,48.2699051]},"properties":{"kind":"substation","voltage":110000,"name":"110kV-Umspannwerk Achstetten"}},{"type":"Feature","geometry":{"type":"Point","coordinates":[9.9548654,48.0797029]},"properties":{"kind":"substation","voltage":110000,"name":"Umspannwerk Ochsenhausen"}},{"type":"Feature","geometry":{"type":"Point","coordinates":[10.1282415,48.064139]},"properties":{"kind":"substation","voltage":110000,"name":"110kV-Umspannwerk Kirchdorf"}},{"type":"Feature","geometry":{"type":"Point","coordinates":[10.0813725,48.2070098]},"properties":{"kind":"substation","voltage":110000,"name":"110kV-Umspannwerk Dietenheim"}},{"type":"Feature","geometry":{"type":"Point","coordinates":[9.9534239,48.3594261]},"properties":{"kind":"substation","voltage":110000,"name":"Umspannwerk Süd"}},{"type":"Feature","geometry":{"type":"Point","coordinates":[9.8856342,48.3041947]},"properties":{"kind":"substation","voltage":380000,"name":"Dellmensingen"}},{"type":"Feature","geometry":{"type":"Point","coordinates":[9.7950486,47.9174069]},"properties":{"kind":"substation","voltage":110000,"name":"110kV-Umspannwerk Haisterkirch"}},{"type":"Feature","geometry":{"type":"Point","coordinates":[9.7284076,48.366386]},"properties":{"kind":"substation","voltage":110000,"name":"110kV-Umspannwerk"}},{"type":"Feature","geometry":{"type":"Point","coordinates":[9.7902265,48.3934303]},"properties":{"kind":"substation","voltage":110000,"name":"110kV-Umspannwerk Beiningen"}},{"type":"Feature","geometry":{"type":"Point","coordinates":[9.9431796,48.4044968]},"properties":{"kind":"substation","voltage":110000,"name":"Umspannwerk Söflingen"}},{"type":"Feature","geometry":{"type":"Point","coordinates":[8.3725879,48.9405315]},"properties":{"kind":"substation","voltage":110000,"name":"110kV-Umspannwerk"}},{"type":"Feature","geometry":{"type":"Point","coordinates":[8.3326865,48.8003277]},"properties":{"kind":"substation","voltage":110000,"name":"110-kV-Umspannwerk Gaggenau"}},{"type":"Feature","geometry":{"type":"Point","coordinates":[8.3548566,48.7379571]},"properties":{"kind":"substation","voltage":110000,"name":"110-kV-Umspannwerk Hilpertsau"}},{"type":"Feature","geometry":{"type":"Point","coordinates":[8.2990125,48.9743856]},"properties":{"kind":"substation","voltage":110000,"name":"110kV-Umspannwerk Forchheim"}},{"type":"Feature","geometry":{"type":"Point","coordinates":[8.4306635,49.1048029]},"properties":{"kind":"substation","voltage":110000,"name":"110-kV-Umspannwerk Leopoldshafen"}},{"type":"Feature","geometry":{"type":"Point","coordinates":[8.4155163,49.1386221]},"properties":{"kind":"substation","voltage":110000,"name":"110-kV-Umspannwerk Hochstetten"}},{"type":"Feature","geometry":{"type":"Point","coordinates":[8.583446,49.1250325]},"properties":{"kind":"substation","voltage":110000,"name":"110kV-Umspannwerk Bruchsal"}},{"type":"Feature","geometry":{"type":"Point","coordinates":[8.465539,48.0436234]},"properties":{"kind":"substation","voltage":380000,"name":"Umspannwerk Villingen"}},{"type":"Feature","geometry":{"type":"Point","coordinates":[10.1170845,48.897228]},"properties":{"kind":"substation","voltage":380000,"name":"Umspannwerk Goldshöfe"}},{"type":"Feature","geometry":{"type":"Point","coordinates":[8.4650592,48.0436405]},"properties":{"kind":"substation","voltage":110000,"name":null}},{"type":"Feature","geometry":{"type":"Point","coordinates":[8.5495787,48.0607464]},"properties":{"kind":"substation","voltage":110000,"name":"Umspannwerk Schwenningen"}},{"type":"Feature","geometry":{"type":"Point","coordinates":[7.9467253,48.6606565]},"properties":{"kind":"substation","voltage":110000,"name":"Überlandwerk"}},{"type":"Feature","geometry":{"type":"Point","coordinates":[9.1501241,48.7305289]},"properties":{"kind":"substation","voltage":110000,"name":"Umspannwerk Rembrandtstraße"}},{"type":"Feature","geometry":{"type":"Point","coordinates":[8.8506777,48.9564693]},"properties":{"kind":"substation","voltage":110000,"name":"110kV-Umspannwerk Mühlacker"}},{"type":"Feature","geometry":{"type":"Point","coordinates":[9.0639449,48.8333266]},"properties":{"kind":"substation","voltage":110000,"name":"Umspannwerk Ditzingen"}},{"type":"Feature","geometry":{"type":"Point","coordinates":[9.1509561,48.891021]},"properties":{"kind":"substation","voltage":110000,"name":"Umspannwerk Ludwigsburg West"}},{"type":"Feature","geometry":{"type":"Point","coordinates":[9.1854865,48.8781812]},"properties":{"kind":"substation","voltage":110000,"name":"Kornwestheim Nord"}},{"type":"Feature","geometry":{"type":"Point","coordinates":[8.6529651,48.9556986]},"properties":{"kind":"substation","voltage":110000,"name":"110kV-Umspannwerk Stein"}},{"type":"Feature","geometry":{"type":"Point","coordinates":[8.6779649,49.0290341]},"properties":{"kind":"substation","voltage":110000,"name":"Umspannwerk Rinklingen"}},{"type":"Feature","geometry":{"type":"Point","coordinates":[9.0457694,48.9029289]},"properties":{"kind":"substation","voltage":380000,"name":"Umspannwerk Pulverdingen"}},{"type":"Feature","geometry":{"type":"Point","coordinates":[8.6005411,48.7728096]},"properties":{"kind":"substation","voltage":110000,"name":"110 kV-Umspannwerk Calmbach"}},{"type":"Feature","geometry":{"type":"Point","coordinates":[8.7292706,48.8959997]},"properties":{"kind":"substation","voltage":110000,"name":null}},{"type":"Feature","geometry":{"type":"Point","coordinates":[8.6647336,48.8829583]},"properties":{"kind":"substation","voltage":110000,"name":null}},{"type":"Feature","geometry":{"type":"Point","coordinates":[9.6325958,48.7804946]},"properties":{"kind":"substation","voltage":110000,"name":"EnBW Umspannwerk Waldhausen"}},{"type":"Feature","geometry":{"type":"Point","coordinates":[8.5351982,49.3325412]},"properties":{"kind":"substation","voltage":110000,"name":"Umspannwerk Hockenheim"}},{"type":"Feature","geometry":{"type":"Point","coordinates":[8.5345406,49.2494205]},"properties":{"kind":"substation","voltage":110000,"name":"Umspannwerk Kirrlach"}},{"type":"Feature","geometry":{"type":"Point","coordinates":[8.5386981,49.3860449]},"properties":{"kind":"substation","voltage":110000,"name":"Netze BW Umspannwerk Brühl"}},{"type":"Feature","geometry":{"type":"Point","coordinates":[8.7268593,49.1196343]},"properties":{"kind":"substation","voltage":110000,"name":"110kV-Umspannwerk Münzesheim"}},{"type":"Feature","geometry":{"type":"Point","coordinates":[8.6739288,49.2904016]},"properties":{"kind":"substation","voltage":380000,"name":"Umspannwerk Wiesloch"}},{"type":"Feature","geometry":{"type":"Point","coordinates":[9.1431678,49.1435535]},"properties":{"kind":"substation","voltage":110000,"name":"Süwag-Umspannwerk Großgartach"}},{"type":"Feature","geometry":{"type":"Point","coordinates":[9.2323683,48.4541732]},"properties":{"kind":"substation","voltage":110000,"name":"Umspannwerk Pfullingen"}},{"type":"Feature","geometry":{"type":"Point","coordinates":[9.4049711,49.4159123]},"properties":{"kind":"substation","voltage":110000,"name":"Unterwerk Adelsheim/Osterburken"}},{"type":"Feature","geometry":{"type":"Point","coordinates":[9.2024289,48.4890977]},"properties":{"kind":"substation","voltage":110000,"name":"Umspannwerk Mitte"}},{"type":"Feature","geometry":{"type":"Point","coordinates":[9.7769398,49.0996931]},"properties":{"kind":"substation","voltage":110000,"name":"Unterwerk Schwäbisch Hall-Hessental"}},{"type":"Feature","geometry":{"type":"Point","coordinates":[10.0419466,48.8224175]},"properties":{"kind":"substation","voltage":110000,"name":"Unterwerk Aalen"}},{"type":"Feature","geometry":{"type":"Point","coordinates":[9.122933,47.7928034]},"properties":{"kind":"substation","voltage":110000,"name":"Umspannwerk Sipplingen"}},{"type":"Feature","geometry":{"type":"Point","coordinates":[8.1154129,48.8334622]},"properties":{"kind":"substation","voltage":110000,"name":null}},{"type":"Feature","geometry":{"type":"Point","coordinates":[8.1830835,48.8579156]},"properties":{"kind":"substation","voltage":110000,"name":"Umspannwerk Rastatt Oberreuth"}},{"type":"Feature","geometry":{"type":"Point","coordinates":[7.6112836,47.6053094]},"properties":{"kind":"substation","voltage":132000,"name":"Unterwerk Haltingen"}},{"type":"Feature","geometry":{"type":"Point","coordinates":[7.8281827,47.9812497]},"properties":{"kind":"substation","voltage":110000,"name":"Unterwerk Freiburg"}},{"type":"Feature","geometry":{"type":"Point","coordinates":[7.7692422,48.2326209]},"properties":{"kind":"substation","voltage":110000,"name":"Unterwerk Herbolzheim"}},{"type":"Feature","geometry":{"type":"Point","coordinates":[9.5434683,48.7992132]},"properties":{"kind":"substation","voltage":110000,"name":"Netze BW Umspannwerk Schorndorf"}},{"type":"Feature","geometry":{"type":"Point","coordinates":[8.7790966,48.4798617]},"properties":{"kind":"substation","voltage":110000,"name":"Unterwerk Eutingen"}},{"type":"Feature","geometry":{"type":"Point","coordinates":[8.3116404,48.127752]},"properties":{"kind":"substation","voltage":110000,"name":"Unterwerk Sommerau"}},{"type":"Feature","geometry":{"type":"Point","coordinates":[8.6550819,48.1325089]},"properties":{"kind":"substation","voltage":110000,"name":"Unterwerk Rottweil"}},{"type":"Feature","geometry":{"type":"Point","coordinates":[8.881831,47.7581933]},"properties":{"kind":"substation","voltage":132000,"name":"Bahnstrom Unterwerk Singen"}},{"type":"Feature","geometry":{"type":"Point","coordinates":[9.3673356,48.5126841]},"properties":{"kind":"substation","voltage":110000,"name":"Umspannwerk Dettingen / Erms"}},{"type":"Feature","geometry":{"type":"Point","coordinates":[7.9731025,48.5436389]},"properties":{"kind":"substation","voltage":110000,"name":"Unterwerk Appenweier"}},{"type":"Feature","geometry":{"type":"Point","coordinates":[9.3775116,48.8126223]},"properties":{"kind":"substation","voltage":380000,"name":"380 kV-Umspannwerk Endersbach (TransnetBW GmbH)"}},{"type":"Feature","geometry":{"type":"Point","coordinates":[9.2073883,48.8407189]},"properties":{"kind":"substation","voltage":110000,"name":"Schaltwerk Freiberg"}},{"type":"Feature","geometry":{"type":"Point","coordinates":[9.2939344,48.8302934]},"properties":{"kind":"substation","voltage":110000,"name":"Waiblingen 2"}},{"type":"Feature","geometry":{"type":"Point","coordinates":[9.3220045,48.8282135]},"properties":{"kind":"substation","voltage":110000,"name":"Waiblingen"}},{"type":"Feature","geometry":{"type":"Point","coordinates":[8.982375,48.7024823]},"properties":{"kind":"substation","voltage":110000,"name":null}},{"type":"Feature","geometry":{"type":"Point","coordinates":[9.2323759,48.4842763]},"properties":{"kind":"substation","voltage":110000,"name":"Umspannwerk Süd"}},{"type":"Feature","geometry":{"type":"Point","coordinates":[7.8380722,48.5516696]},"properties":{"kind":"substation","voltage":110000,"name":null}},{"type":"Feature","geometry":{"type":"Point","coordinates":[9.3090283,48.7401218]},"properties":{"kind":"substation","voltage":110000,"name":"Technisches Rathaus"}},{"type":"Feature","geometry":{"type":"Point","coordinates":[9.4643166,48.953578]},"properties":{"kind":"substation","voltage":110000,"name":"Umspannanlage Steinbach Syna"}},{"type":"Feature","geometry":{"type":"Point","coordinates":[9.4343587,48.9254971]},"properties":{"kind":"substation","voltage":110000,"name":null}},{"type":"Feature","geometry":{"type":"Point","coordinates":[10.1166969,48.7847206]},"properties":{"kind":"substation","voltage":110000,"name":"Umspannwerk Oberkochen"}},{"type":"Feature","geometry":{"type":"Point","coordinates":[10.1584831,48.734667]},"properties":{"kind":"substation","voltage":110000,"name":"Umspannwerk Aufhausen"}},{"type":"Feature","geometry":{"type":"Point","coordinates":[8.0725999,48.6240458]},"properties":{"kind":"substation","voltage":110000,"name":"SÜWAG"}},{"type":"Feature","geometry":{"type":"Point","coordinates":[9.7774627,48.9859158]},"properties":{"kind":"substation","voltage":110000,"name":null}},{"type":"Feature","geometry":{"type":"Point","coordinates":[9.2036999,48.9701915]},"properties":{"kind":"substation","voltage":110000,"name":"Kraftwerk Pleidelsheim"}},{"type":"Feature","geometry":{"type":"Point","coordinates":[9.1958963,49.154949]},"properties":{"kind":"substation","voltage":110000,"name":null}},{"type":"Feature","geometry":{"type":"Point","coordinates":[7.8015572,48.0102955]},"properties":{"kind":"substation","voltage":110000,"name":"Umspannwerk Freiburg - Brunnenmatte"}},{"type":"Feature","geometry":{"type":"Point","coordinates":[9.5585413,48.9825563]},"properties":{"kind":"substation","voltage":110000,"name":"Umspannwerk Murrhardt"}},{"type":"Feature","geometry":{"type":"Point","coordinates":[9.2173541,49.1969919]},"properties":{"kind":"substation","voltage":110000,"name":null}},{"type":"Feature","geometry":{"type":"Point","coordinates":[7.61076,47.617852]},"properties":{"kind":"substation","voltage":110000,"name":"Umspannwerk Haltingen"}},{"type":"Feature","geometry":{"type":"Point","coordinates":[7.8213612,48.5799228]},"properties":{"kind":"substation","voltage":110000,"name":null}},{"type":"Feature","geometry":{"type":"Point","coordinates":[8.6445035,48.1452873]},"properties":{"kind":"substation","voltage":110000,"name":"Umspannwerk Prim"}},{"type":"Feature","geometry":{"type":"Point","coordinates":[8.9518327,48.7425324]},"properties":{"kind":"substation","voltage":110000,"name":"Umspannwerk Magstadt"}},{"type":"Feature","geometry":{"type":"Point","coordinates":[9.1693235,48.7833565]},"properties":{"kind":"substation","voltage":110000,"name":"Umspannwerk Sattlerstraße"}},{"type":"Feature","geometry":{"type":"Point","coordinates":[8.4171618,48.4690216]},"properties":{"kind":"substation","voltage":110000,"name":"Umspannwerk Freudenstadt"}},{"type":"Feature","geometry":{"type":"Point","coordinates":[8.3453048,48.773473]},"properties":{"kind":"substation","voltage":110000,"name":"110-kV-Umspannwerk Gernsbach"}},{"type":"Feature","geometry":{"type":"Point","coordinates":[9.7313731,48.3363931]},"properties":{"kind":"substation","voltage":110000,"name":"110kV-Umspannwerk Allmendingen"}},{"type":"Feature","geometry":{"type":"Point","coordinates":[7.8608626,48.3382983]},"properties":{"kind":"substation","voltage":110000,"name":"Umspannwerk Lahr-Stadt"}},{"type":"Feature","geometry":{"type":"Point","coordinates":[7.8697209,48.3842849]},"properties":{"kind":"substation","voltage":110000,"name":null}},{"type":"Feature","geometry":{"type":"Point","coordinates":[9.2739021,49.0803915]},"properties":{"kind":"substation","voltage":110000,"name":null}},{"type":"Feature","geometry":{"type":"Point","coordinates":[8.208766,48.1143208]},"properties":{"kind":"substation","voltage":110000,"name":"Umspannwerk Schönwald"}},{"type":"Feature","geometry":{"type":"Point","coordinates":[8.8361539,47.7412271]},"properties":{"kind":"substation","voltage":110000,"name":"Umspannwerk Rielasingen"}},{"type":"Feature","geometry":{"type":"Point","coordinates":[8.3204109,47.8177717]},"properties":{"kind":"substation","voltage":110000,"name":null}},{"type":"Feature","geometry":{"type":"Point","coordinates":[10.046875,49.1210921]},"properties":{"kind":"substation","voltage":110000,"name":"Umspannwerk Crailsheim"}},{"type":"Feature","geometry":{"type":"Point","coordinates":[8.8157796,48.3779354]},"properties":{"kind":"substation","voltage":110000,"name":null}},{"type":"Feature","geometry":{"type":"Point","coordinates":[7.7519886,48.0963868]},"properties":{"kind":"substation","voltage":220000,"name":"220-kV-Umspannwerk Eichstetten"}},{"type":"Feature","geometry":{"type":"Point","coordinates":[8.7787364,48.2312041]},"properties":{"kind":"substation","voltage":110000,"name":"Umspannwerk Dotternhausen"}},{"type":"Feature","geometry":{"type":"Point","coordinates":[8.8390102,48.2787713]},"properties":{"kind":"substation","voltage":110000,"name":null}},{"type":"Feature","geometry":{"type":"Point","coordinates":[8.6990682,48.5610516]},"properties":{"kind":"substation","voltage":110000,"name":"Umspannwerk Nagold"}},{"type":"Feature","geometry":{"type":"Point","coordinates":[8.9695847,47.7562347]},"properties":{"kind":"substation","voltage":110000,"name":null}},{"type":"Feature","geometry":{"type":"Point","coordinates":[8.5508427,47.831863]},"properties":{"kind":"substation","voltage":110000,"name":"Umspannwerk Zollhaus"}},{"type":"Feature","geometry":{"type":"Point","coordinates":[7.6725575,47.6227076]},"properties":{"kind":"substation","voltage":110000,"name":"Lörrach"}},{"type":"Feature","geometry":{"type":"Point","coordinates":[7.6543094,47.6051432]},"properties":{"kind":"substation","voltage":110000,"name":null}},{"type":"Feature","geometry":{"type":"Point","coordinates":[8.9346081,48.4924411]},"properties":{"kind":"substation","voltage":110000,"name":"Umspannwerk Rottenburg"}},{"type":"Feature","geometry":{"type":"Point","coordinates":[7.8434136,47.5858288]},"properties":{"kind":"substation","voltage":380000,"name":"Schwörstadt"}},{"type":"Feature","geometry":{"type":"Point","coordinates":[7.8386307,47.5861962]},"properties":{"kind":"substation","voltage":110000,"name":null}},{"type":"Feature","geometry":{"type":"Point","coordinates":[7.7590034,47.6423186]},"properties":{"kind":"substation","voltage":110000,"name":null}},{"type":"Feature","geometry":{"type":"Point","coordinates":[9.2079178,49.1805282]},"properties":{"kind":"substation","voltage":110000,"name":"Umspannwerk Heilbronn"}},{"type":"Feature","geometry":{"type":"Point","coordinates":[9.2891034,49.1600522]},"properties":{"kind":"substation","voltage":110000,"name":"Umspannwerk Weinsberg"}},{"type":"Feature","geometry":{"type":"Point","coordinates":[8.51049,47.9470079]},"properties":{"kind":"substation","voltage":110000,"name":null}},{"type":"Feature","geometry":{"type":"Point","coordinates":[9.8213854,48.8008061]},"properties":{"kind":"substation","voltage":110000,"name":null}},{"type":"Feature","geometry":{"type":"Point","coordinates":[7.8520043,48.0237986]},"properties":{"kind":"substation","voltage":110000,"name":"Umspannwerk Freiburg - Vordermattenstraße (110 kV / 20 kV)"}},{"type":"Feature","geometry":{"type":"Point","coordinates":[7.8574766,48.0353256]},"properties":{"kind":"substation","voltage":110000,"name":"Umspannwerk Freiburg - Mooswaldallee"}},{"type":"Feature","geometry":{"type":"Point","coordinates":[7.91171,48.0755283]},"properties":{"kind":"substation","voltage":110000,"name":"Umspannwerk Denzlingen"}},{"type":"Feature","geometry":{"type":"Point","coordinates":[9.7112513,49.1016877]},"properties":{"kind":"substation","voltage":110000,"name":null}},{"type":"Feature","geometry":{"type":"Point","coordinates":[9.7726993,49.4742576]},"properties":{"kind":"substation","voltage":110000,"name":null}},{"type":"Feature","geometry":{"type":"Point","coordinates":[8.9167094,49.1397463]},"properties":{"kind":"substation","voltage":110000,"name":"Umspannwerk Eppingen"}},{"type":"Feature","geometry":{"type":"Point","coordinates":[8.8770919,49.2421791]},"properties":{"kind":"substation","voltage":110000,"name":"Umspannwerk Sinsheim"}},{"type":"Feature","geometry":{"type":"Point","coordinates":[9.027211,49.25981]},"properties":{"kind":"substation","voltage":110000,"name":"Umspannwerk Obergimpern"}},{"type":"Feature","geometry":{"type":"Point","coordinates":[10.1276893,48.9717284]},"properties":{"kind":"substation","voltage":110000,"name":"UW Ellwangen"}},{"type":"Feature","geometry":{"type":"Point","coordinates":[10.0051009,47.8209798]},"properties":{"kind":"substation","voltage":110000,"name":null}},{"type":"Feature","geometry":{"type":"Point","coordinates":[9.2360827,48.9268706]},"properties":{"kind":"substation","voltage":220000,"name":"Umspannwerk Marbach"}},{"type":"Feature","geometry":{"type":"Point","coordinates":[9.1897558,47.7829019]},"properties":{"kind":"substation","voltage":110000,"name":"Umspannwerk Überlingen"}},{"type":"Feature","geometry":{"type":"Point","coordinates":[9.5905257,47.7536803]},"properties":{"kind":"substation","voltage":110000,"name":null}},{"type":"Feature","geometry":{"type":"Point","coordinates":[9.5620661,47.6844083]},"properties":{"kind":"substation","voltage":110000,"name":"Umspannwerk Buch"}},{"type":"Feature","geometry":{"type":"Point","coordinates":[9.5276156,47.6721847]},"properties":{"kind":"substation","voltage":110000,"name":"Umspannwerk Lochbrücke"}},{"type":"Feature","geometry":{"type":"Point","coordinates":[9.5655438,47.6187184]},"properties":{"kind":"substation","voltage":110000,"name":"Umspannwerk Langenargen"}},{"type":"Feature","geometry":{"type":"Point","coordinates":[9.3812209,47.7163068]},"properties":{"kind":"substation","voltage":110000,"name":"UW EnBW Markdorf"}},{"type":"Feature","geometry":{"type":"Point","coordinates":[9.2877186,47.6974019]},"properties":{"kind":"substation","voltage":110000,"name":"Umspannwerk Meersburg"}},{"type":"Feature","geometry":{"type":"Point","coordinates":[9.3024341,47.7924181]},"properties":{"kind":"substation","voltage":110000,"name":"Umspannwerk Weildorf"}},{"type":"Feature","geometry":{"type":"Point","coordinates":[9.1530888,49.2813801]},"properties":{"kind":"substation","voltage":110000,"name":null}},{"type":"Feature","geometry":{"type":"Point","coordinates":[8.862018,47.8063895]},"properties":{"kind":"substation","voltage":220000,"name":"Beuren"}},{"type":"Feature","geometry":{"type":"Point","coordinates":[8.8614625,47.7641763]},"properties":{"kind":"substation","voltage":110000,"name":null}},{"type":"Feature","geometry":{"type":"Point","coordinates":[8.9214827,48.0118382]},"properties":{"kind":"substation","voltage":110000,"name":null}},{"type":"Feature","geometry":{"type":"Point","coordinates":[8.79587,47.9887138]},"properties":{"kind":"substation","voltage":110000,"name":"Umspannwerk Tuttlingen"}},{"type":"Feature","geometry":{"type":"Point","coordinates":[8.6543605,48.1406788]},"properties":{"kind":"substation","voltage":110000,"name":"EnBW Umspannwerk Rottweil"}},{"type":"Feature","geometry":{"type":"Point","coordinates":[8.727208,48.0657839]},"properties":{"kind":"substation","voltage":110000,"name":null}},{"type":"Feature","geometry":{"type":"Point","coordinates":[8.2326138,47.9047511]},"properties":{"kind":"substation","voltage":110000,"name":null}},{"type":"Feature","geometry":{"type":"Point","coordinates":[9.1471824,48.1762637]},"properties":{"kind":"substation","voltage":110000,"name":"Umspannwerk Winterlingen"}},{"type":"Feature","geometry":{"type":"Point","coordinates":[9.2763217,48.0910585]},"properties":{"kind":"substation","voltage":110000,"name":"Umspannwerk Laucherthal"}},{"type":"Feature","geometry":{"type":"Point","coordinates":[8.5093719,49.5174981]},"properties":{"kind":"substation","voltage":110000,"name":"Umspannwerk 7"}},{"type":"Feature","geometry":{"type":"Point","coordinates":[7.908796,47.6132797]},"properties":{"kind":"substation","voltage":110000,"name":null}},{"type":"Feature","geometry":{"type":"Point","coordinates":[9.8059608,47.7743923]},"properties":{"kind":"substation","voltage":110000,"name":"Umspannwerk Vordermoos"}},{"type":"Feature","geometry":{"type":"Point","coordinates":[8.7623935,48.5336107]},"properties":{"kind":"substation","voltage":110000,"name":"Umspannwerk Wolfsberg"}},{"type":"Feature","geometry":{"type":"Point","coordinates":[8.3669123,47.6631755]},"properties":{"kind":"substation","voltage":110000,"name":null}},{"type":"Feature","geometry":{"type":"Point","coordinates":[8.4565942,48.3335551]},"properties":{"kind":"substation","voltage":110000,"name":"Umspannwerk Reutin"}},{"type":"Feature","geometry":{"type":"Point","coordinates":[9.1037358,48.7437398]},"properties":{"kind":"substation","voltage":110000,"name":"Umspannwerk Allmand"}},{"type":"Feature","geometry":{"type":"Point","coordinates":[7.7069099,47.5396219]},"properties":{"kind":"substation","voltage":110000,"name":null}},{"type":"Feature","geometry":{"type":"Point","coordinates":[7.8350696,47.9936816]},"properties":{"kind":"substation","voltage":110000,"name":"Umspannwerk Freiburg - Ferdinand-Weiss-Straße"}},{"type":"Feature","geometry":{"type":"Point","coordinates":[9.9845792,48.4261392]},"properties":{"kind":"substation","voltage":110000,"name":"Umspannwerk Ost"}},{"type":"Feature","geometry":{"type":"Point","coordinates":[7.8004961,47.5714326]},"properties":{"kind":"substation","voltage":110000,"name":"Rheinfelden"}},{"type":"Feature","geometry":{"type":"Point","coordinates":[7.8020723,47.5722726]},"properties":{"kind":"substation","voltage":110000,"name":null}},{"type":"Feature","geometry":{"type":"Point","coordinates":[9.2088985,49.5432362]},"properties":{"kind":"substation","voltage":110000,"name":"Umspannwerk Mudau"}},{"type":"Feature","geometry":{"type":"Point","coordinates":[9.4365526,49.6083189]},"properties":{"kind":"substation","voltage":110000,"name":null}},{"type":"Feature","geometry":{"type":"Point","coordinates":[9.8314277,48.8171548]},"properties":{"kind":"substation","voltage":110000,"name":"Umspannwerk Schießtal"}},{"type":"Feature","geometry":{"type":"Point","coordinates":[9.331831,49.7466981]},"properties":{"kind":"substation","voltage":110000,"name":null}},{"type":"Feature","geometry":{"type":"Point","coordinates":[8.9959751,49.4598347]},"properties":{"kind":"substation","voltage":110000,"name":"Umspannwerk Eberbach"}},{"type":"Feature","geometry":{"type":"Point","coordinates":[8.4674401,49.5475801]},"properties":{"kind":"substation","voltage":110000,"name":"MVV Netze Umspannwerk 4 Blumenau"}},{"type":"Feature","geometry":{"type":"Point","coordinates":[9.1716065,47.6790674]},"properties":{"kind":"substation","voltage":110000,"name":"Umspannwerk Konstanz-Ergatshausen"}},{"type":"Feature","geometry":{"type":"Point","coordinates":[8.9238989,48.3534353]},"properties":{"kind":"substation","voltage":110000,"name":"Umspannwerk Weilheim"}},{"type":"Feature","geometry":{"type":"Point","coordinates":[8.2862845,48.9186136]},"properties":{"kind":"substation","voltage":110000,"name":null}},{"type":"Feature","geometry":{"type":"Point","coordinates":[9.1327131,49.2395338]},"properties":{"kind":"substation","voltage":110000,"name":"Station Wimpfen"}},{"type":"Feature","geometry":{"type":"Point","coordinates":[9.2453074,48.7090005]},"properties":{"kind":"substation","voltage":110000,"name":"Umspannwerk Scharnhausen"}},{"type":"Feature","geometry":{"type":"Point","coordinates":[9.2706869,48.7555706]},"properties":{"kind":"substation","voltage":110000,"name":"Umspannwerk Mettingen"}},{"type":"Feature","geometry":{"type":"Point","coordinates":[9.2021933,48.7915424]},"properties":{"kind":"substation","voltage":110000,"name":"Umspannwerk Stöckach"}},{"type":"Feature","geometry":{"type":"Point","coordinates":[7.936805,47.5570782]},"properties":{"kind":"substation","voltage":110000,"name":null}},{"type":"Feature","geometry":{"type":"Point","coordinates":[8.6748068,48.4378018]},"properties":{"kind":"substation","voltage":110000,"name":"Netze BW Umspannwerk Horb"}},{"type":"Feature","geometry":{"type":"Point","coordinates":[8.5756476,48.3046301]},"properties":{"kind":"substation","voltage":110000,"name":"Umspannwerk Oberndorf"}},{"type":"Feature","geometry":{"type":"Point","coordinates":[7.6022787,48.0277491]},"properties":{"kind":"substation","voltage":110000,"name":"Umspannwerk Breisach - Im Galgenwinkel"}},{"type":"Feature","geometry":{"type":"Point","coordinates":[8.4899544,48.2612091]},"properties":{"kind":"substation","voltage":110000,"name":null}},{"type":"Feature","geometry":{"type":"Point","coordinates":[8.0759478,48.2883543]},"properties":{"kind":"substation","voltage":110000,"name":"Umspannwerk Bollenbach"}},{"type":"Feature","geometry":{"type":"Point","coordinates":[8.0761858,48.2883319]},"properties":{"kind":"substation","voltage":110000,"name":null}},{"type":"Feature","geometry":{"type":"Point","coordinates":[7.9993426,48.1206032]},"properties":{"kind":"substation","voltage":110000,"name":"Umspannwerk Bleibach"}},{"type":"Feature","geometry":{"type":"Point","coordinates":[8.19252,48.2860019]},"properties":{"kind":"substation","voltage":110000,"name":"Umspannanlage Gutach"}},{"type":"Feature","geometry":{"type":"Point","coordinates":[8.3615603,48.2983923]},"properties":{"kind":"substation","voltage":110000,"name":null}},{"type":"Feature","geometry":{"type":"Point","coordinates":[9.9494937,48.4062212]},"properties":{"kind":"substation","voltage":110000,"name":"Umspannwerk West"}},{"type":"Feature","geometry":{"type":"Point","coordinates":[9.7247797,49.5578958]},"properties":{"kind":"substation","voltage":110000,"name":null}},{"type":"Feature","geometry":{"type":"Point","coordinates":[10.2969515,48.7640321]},"properties":{"kind":"substation","voltage":110000,"name":"Umspannwerk Neresheim"}},{"type":"Feature","geometry":{"type":"Point","coordinates":[10.0531978,47.7132886]},"properties":{"kind":"substation","voltage":110000,"name":null}},{"type":"Feature","geometry":{"type":"Point","coordinates":[9.2252418,48.8055094]},"properties":{"kind":"substation","voltage":110000,"name":"Neues Umspannwerk Waiblinger Straße"}},{"type":"Feature","geometry":{"type":"Point","coordinates":[9.0865368,48.9582909]},"properties":{"kind":"substation","voltage":110000,"name":null}},{"type":"Feature","geometry":{"type":"Point","coordinates":[9.1031922,48.9479541]},"properties":{"kind":"substation","voltage":110000,"name":"Bissingen"}},{"type":"Feature","geometry":{"type":"Point","coordinates":[9.1854617,48.9230858]},"properties":{"kind":"substation","voltage":110000,"name":"Kabelgarten Hoheneck"}},{"type":"Feature","geometry":{"type":"Point","coordinates":[8.9422913,48.214127]},"properties":{"kind":"substation","voltage":110000,"name":"Umspannwerk Lautlingen"}},{"type":"Feature","geometry":{"type":"Point","coordinates":[9.0355538,48.2054124]},"properties":{"kind":"substation","voltage":110000,"name":"Umspannwerk Ebingen"}},{"type":"Feature","geometry":{"type":"Point","coordinates":[8.1265262,47.5923151]},"properties":{"kind":"substation","voltage":110000,"name":"Umspannwerk Albbruck"}},{"type":"Feature","geometry":{"type":"Point","coordinates":[7.8033435,47.5691303]},"properties":{"kind":"substation","voltage":110000,"name":null}},{"type":"Feature","geometry":{"type":"Point","coordinates":[9.6211598,47.7956937]},"properties":{"kind":"substation","voltage":110000,"name":"Umspannwerk Ravensburg"}},{"type":"Feature","geometry":{"type":"Point","coordinates":[9.4668069,47.6747888]},"properties":{"kind":"substation","voltage":110000,"name":"Umspannwerk Jettenhausen"}},{"type":"Feature","geometry":{"type":"Point","coordinates":[9.2717509,47.9144826]},"properties":{"kind":"substation","voltage":110000,"name":null}},{"type":"Feature","geometry":{"type":"Point","coordinates":[8.6949303,49.4064338]},"properties":{"kind":"substation","voltage":110000,"name":"Umspannanlage Ost"}},{"type":"Feature","geometry":{"type":"Point","coordinates":[8.5459654,48.4625161]},"properties":{"kind":"substation","voltage":110000,"name":null}},{"type":"Feature","geometry":{"type":"Point","coordinates":[9.5353739,48.8614448]},"properties":{"kind":"substation","voltage":110000,"name":null}},{"type":"Feature","geometry":{"type":"Point","coordinates":[8.4756034,49.4792207]},"properties":{"kind":"substation","voltage":110000,"name":"MVV Umspannwerk 2 Galileistraße"}},{"type":"Feature","geometry":{"type":"Point","coordinates":[8.7003265,48.8886294]},"properties":{"kind":"substation","voltage":110000,"name":"Rennfeld"}},{"type":"Feature","geometry":{"type":"Point","coordinates":[9.2200031,49.2090984]},"properties":{"kind":"substation","voltage":110000,"name":null}},{"type":"Feature","geometry":{"type":"Point","coordinates":[7.948588,48.0844527]},"properties":{"kind":"substation","voltage":110000,"name":null}},{"type":"Feature","geometry":{"type":"Point","coordinates":[8.9854132,49.0612142]},"properties":{"kind":"substation","voltage":110000,"name":"Umspannwerk Güglingen"}},{"type":"Feature","geometry":{"type":"Point","coordinates":[9.1013351,49.0630297]},"properties":{"kind":"substation","voltage":110000,"name":"Umspannwerk Meimsheim"}},{"type":"Feature","geometry":{"type":"Point","coordinates":[7.8576483,47.9953989]},"properties":{"kind":"substation","voltage":110000,"name":"Umspannwerk Freiburg - Schlossbergring"}},{"type":"Feature","geometry":{"type":"Point","coordinates":[9.6947415,49.232679]},"properties":{"kind":"substation","voltage":380000,"name":"Umspannwerk Kupferzell"}},{"type":"Feature","geometry":{"type":"Point","coordinates":[9.3489313,49.3317215]},"properties":{"kind":"substation","voltage":110000,"name":null}},{"type":"Feature","geometry":{"type":"Point","coordinates":[8.9185123,48.6611456]},"properties":{"kind":"substation","voltage":110000,"name":"Umspannwerk Ehningen"}},{"type":"Feature","geometry":{"type":"Point","coordinates":[9.0919634,49.2946716]},"properties":{"kind":"substation","voltage":380000,"name":"Umspannwerk Hüffenhardt"}},{"type":"Feature","geometry":{"type":"Point","coordinates":[9.1341732,49.3166615]},"properties":{"kind":"substation","voltage":110000,"name":"Umspannwerk Neckarzimmern"}},{"type":"Feature","geometry":{"type":"Point","coordinates":[9.1501302,48.7138789]},"properties":{"kind":"substation","voltage":110000,"name":null}},{"type":"Feature","geometry":{"type":"Point","coordinates":[10.1112256,48.8270886]},"properties":{"kind":"substation","voltage":110000,"name":"Umspannwerk Erlau"}},{"type":"Feature","geometry":{"type":"Point","coordinates":[10.099081,48.8520824]},"properties":{"kind":"substation","voltage":110000,"name":"Umspannwerk Nord"}},{"type":"Feature","geometry":{"type":"Point","coordinates":[10.1679837,48.6274841]},"properties":{"kind":"substation","voltage":110000,"name":"Umspannwerk Herbrechtingen"}},{"type":"Feature","geometry":{"type":"Point","coordinates":[9.2194963,48.8141058]},"properties":{"kind":"substation","voltage":110000,"name":null}},{"type":"Feature","geometry":{"type":"Point","coordinates":[9.2181667,48.8140658]},"properties":{"kind":"substation","voltage":110000,"name":null}},{"type":"Feature","geometry":{"type":"Point","coordinates":[10.2283767,48.626848]},"properties":{"kind":"substation","voltage":110000,"name":"Umspannwerk Giengen"}},{"type":"Feature","geometry":{"type":"Point","coordinates":[9.446934,49.590248]},"properties":{"kind":"substation","voltage":380000,"name":"Umspannwerk Höpfingen"}},{"type":"Feature","geometry":{"type":"Point","coordinates":[7.8054252,47.9907371]},"properties":{"kind":"substation","voltage":110000,"name":"Umspannwerk Freiburg - Rankackerweg"}},{"type":"Feature","geometry":{"type":"Point","coordinates":[8.9677871,49.3178199]},"properties":{"kind":"substation","voltage":110000,"name":"Umspannwerk Helmstadt"}},{"type":"Feature","geometry":{"type":"Point","coordinates":[8.8145048,49.3220564]},"properties":{"kind":"substation","voltage":110000,"name":null}},{"type":"Feature","geometry":{"type":"Point","coordinates":[8.8053111,49.3293525]},"properties":{"kind":"substation","voltage":110000,"name":"Unterwerk Meckesheim"}},{"type":"Feature","geometry":{"type":"Point","coordinates":[9.1775054,48.9056123]},"properties":{"kind":"substation","voltage":110000,"name":"Eglosheim"}},{"type":"Feature","geometry":{"type":"Point","coordinates":[9.1512081,49.3714464]},"properties":{"kind":"substation","voltage":110000,"name":"Umspannwerk Mosbach"}},{"type":"Feature","geometry":{"type":"Point","coordinates":[7.9111234,48.5012987]},"properties":{"kind":"substation","voltage":110000,"name":"Umspannwerk Weier"}},{"type":"Feature","geometry":{"type":"Point","coordinates":[7.8403546,48.4088184]},"properties":{"kind":"substation","voltage":110000,"name":"Umspannwerk Schutterzell"}},{"type":"Feature","geometry":{"type":"Point","coordinates":[9.1774133,49.0378168]},"properties":{"kind":"substation","voltage":380000,"name":"Bahnstrom-Umrichterwerk Neckarwestheim"}},{"type":"Feature","geometry":{"type":"Point","coordinates":[9.6703564,49.480847]},"properties":{"kind":"substation","voltage":110000,"name":null}},{"type":"Feature","geometry":{"type":"Point","coordinates":[9.1579046,49.0171]},"properties":{"kind":"substation","voltage":110000,"name":null}},{"type":"Feature","geometry":{"type":"Point","coordinates":[8.7284336,49.300547]},"properties":{"kind":"substation","voltage":110000,"name":"Umspannwerk Baiertal"}},{"type":"Feature","geometry":{"type":"Point","coordinates":[8.1990171,48.7804867]},"properties":{"kind":"substation","voltage":110000,"name":"Umspannwerk Bauernfeldstraße"}},{"type":"Feature","geometry":{"type":"Point","coordinates":[7.7898933,48.2796864]},"properties":{"kind":"substation","voltage":110000,"name":"Umspannwerk Orschweier"}},{"type":"Feature","geometry":{"type":"Point","coordinates":[7.8210011,48.3430107]},"properties":{"kind":"substation","voltage":110000,"name":"Umspannwerk Lahr-Industrie"}},{"type":"Feature","geometry":{"type":"Point","coordinates":[7.5268036,47.681311]},"properties":{"kind":"substation","voltage":110000,"name":null}},{"type":"Feature","geometry":{"type":"Point","coordinates":[7.9084722,47.7987188]},"properties":{"kind":"substation","voltage":110000,"name":"Schönau"}},{"type":"Feature","geometry":{"type":"Point","coordinates":[9.1534892,48.9524246]},"properties":{"kind":"substation","voltage":110000,"name":"Bietigheim"}},{"type":"Feature","geometry":{"type":"Point","coordinates":[9.5649471,48.5034244]},"properties":{"kind":"substation","voltage":110000,"name":"Umspannwerk Donnstetten"}},{"type":"Feature","geometry":{"type":"Point","coordinates":[8.5801337,49.390785]},"properties":{"kind":"substation","voltage":110000,"name":"Umspannwerk Borsigstraße"}},{"type":"Feature","geometry":{"type":"Point","coordinates":[8.4859819,49.5181365]},"properties":{"kind":"substation","voltage":110000,"name":null}},{"type":"Feature","geometry":{"type":"Point","coordinates":[9.2031705,49.2282016]},"properties":{"kind":"substation","voltage":110000,"name":null}},{"type":"Feature","geometry":{"type":"Point","coordinates":[8.3137172,49.0091828]},"properties":{"kind":"substation","voltage":380000,"name":"Karlsruhe-Daxlanden"}},{"type":"Feature","geometry":{"type":"Point","coordinates":[9.5016372,49.7500262]},"properties":{"kind":"substation","voltage":110000,"name":"Wartberg"}},{"type":"Feature","geometry":{"type":"Point","coordinates":[9.0456688,49.1378932]},"properties":{"kind":"substation","voltage":110000,"name":null}},{"type":"Feature","geometry":{"type":"Point","coordinates":[8.4657741,49.2215149]},"properties":{"kind":"substation","voltage":110000,"name":"Umspannwerk Philippsburg"}},{"type":"Feature","geometry":{"type":"Point","coordinates":[8.5469721,49.4403761]},"properties":{"kind":"substation","voltage":380000,"name":"Amprion Station Rheinau"}},{"type":"Feature","geometry":{"type":"Point","coordinates":[8.5444822,49.4355613]},"properties":{"kind":"substation","voltage":110000,"name":"Netze BW Station Rheinau"}},{"type":"Feature","geometry":{"type":"Point","coordinates":[9.1783235,49.0393401]},"properties":{"kind":"substation","voltage":110000,"name":null}},{"type":"Feature","geometry":{"type":"Point","coordinates":[9.1779943,49.0393715]},"properties":{"kind":"substation","voltage":110000,"name":null}},{"type":"Feature","geometry":{"type":"Point","coordinates":[9.1781926,49.0395286]},"properties":{"kind":"substation","voltage":110000,"name":null}},{"type":"Feature","geometry":{"type":"Point","coordinates":[9.132912,49.316938]},"properties":{"kind":"substation","voltage":110000,"name":null}},{"type":"Feature","geometry":{"type":"Point","coordinates":[8.3762813,48.9802724]},"properties":{"kind":"substation","voltage":110000,"name":"Bahnstromumformerwerk Karlsruhe"}},{"type":"Feature","geometry":{"type":"Point","coordinates":[8.4399506,49.2500061]},"properties":{"kind":"substation","voltage":110000,"name":"Philippsburg 110 kV"}},{"type":"Feature","geometry":{"type":"Point","coordinates":[8.5121093,49.2944454]},"properties":{"kind":"substation","voltage":110000,"name":"Umspannwerk Altlußheim"}},{"type":"Feature","geometry":{"type":"Point","coordinates":[9.6315427,47.8376579]},"properties":{"kind":"substation","voltage":110000,"name":"Umspannwerk Baienfurt Schachen"}},{"type":"Feature","geometry":{"type":"Point","coordinates":[8.5483179,48.9734184]},"properties":{"kind":"substation","voltage":110000,"name":null}},{"type":"Feature","geometry":{"type":"Point","coordinates":[8.3826026,48.5174107]},"properties":{"kind":"substation","voltage":110000,"name":null}},{"type":"Feature","geometry":{"type":"Point","coordinates":[10.1699028,48.5014639]},"properties":{"kind":"substation","voltage":110000,"name":null}},{"type":"Feature","geometry":{"type":"Point","coordinates":[9.2030772,48.5404097]},"properties":{"kind":"substation","voltage":110000,"name":"Umspannwerk Oferdingen"}},{"type":"Feature","geometry":{"type":"Point","coordinates":[8.6637604,49.3600675]},"properties":{"kind":"substation","voltage":220000,"name":"Heidelberg-Süd"}},{"type":"Feature","geometry":{"type":"Point","coordinates":[9.2997312,48.7218879]},"properties":{"kind":"substation","voltage":110000,"name":null}},{"type":"Feature","geometry":{"type":"Point","coordinates":[9.0761227,49.3634213]},"properties":{"kind":"substation","voltage":220000,"name":null}},{"type":"Feature","geometry":{"type":"Point","coordinates":[8.6270011,49.543468]},"properties":{"kind":"substation","voltage":220000,"name":"Umspannwerk Weinheim"}},{"type":"Feature","geometry":{"type":"Point","coordinates":[8.6644304,49.4556401]},"properties":{"kind":"substation","voltage":110000,"name":"Netze BW Umspannwerk Dossenheim"}},{"type":"Feature","geometry":{"type":"Point","coordinates":[8.3814413,48.2300888]},"properties":{"kind":"substation","voltage":110000,"name":"Umspannstation Schramberg"}},{"type":"Feature","geometry":{"type":"Point","coordinates":[9.9606236,48.4730731]},"properties":{"kind":"substation","voltage":110000,"name":"Umspannwerk Dornstadt"}},{"type":"Feature","geometry":{"type":"Point","coordinates":[9.4823453,49.7804464]},"properties":{"kind":"substation","voltage":110000,"name":"Bestenheid"}},{"type":"Feature","geometry":{"type":"Point","coordinates":[7.9384029,48.4469734]},"properties":{"kind":"substation","voltage":110000,"name":"Umspannwerk Elgersweier"}},{"type":"Feature","geometry":{"type":"Point","coordinates":[9.1774276,49.0376347]},"properties":{"kind":"substation","voltage":380000,"name":null}},{"type":"Feature","geometry":{"type":"Point","coordinates":[9.1774244,49.0379589]},"properties":{"kind":"substation","voltage":380000,"name":null}},{"type":"Feature","geometry":{"type":"Point","coordinates":[8.6485317,49.5992279]},"properties":{"kind":"substation","voltage":110000,"name":null}},{"type":"Feature","geometry":{"type":"Point","coordinates":[10.167243,48.6499074]},"properties":{"kind":"substation","voltage":110000,"name":"Umspannwerk Mergelstetten"}},{"type":"Feature","geometry":{"type":"Point","coordinates":[8.5976402,49.4836214]},"properties":{"kind":"substation","voltage":110000,"name":"Netze BW Umspannwerk Ladenburg"}},{"type":"Feature","geometry":{"type":"Point","coordinates":[8.4736114,47.7766862]},"properties":{"kind":"substation","voltage":110000,"name":null}},{"type":"Feature","geometry":{"type":"Point","coordinates":[8.7252948,48.6762167]},"properties":{"kind":"substation","voltage":110000,"name":null}},{"type":"Feature","geometry":{"type":"Point","coordinates":[8.7581794,48.1477541]},"properties":{"kind":"substation","voltage":110000,"name":"Umspannwerk Gosheim"}},{"type":"Feature","geometry":{"type":"Point","coordinates":[8.3141376,49.0064401]},"properties":{"kind":"substation","voltage":110000,"name":null}},{"type":"Feature","geometry":{"type":"Point","coordinates":[8.3156217,49.0063835]},"properties":{"kind":"substation","voltage":110000,"name":null}},{"type":"Feature","geometry":{"type":"Point","coordinates":[8.3542928,48.6959942]},"properties":{"kind":"substation","voltage":110000,"name":null}},{"type":"Feature","geometry":{"type":"Point","coordinates":[9.6648689,49.2937703]},"properties":{"kind":"substation","voltage":110000,"name":null}},{"type":"Feature","geometry":{"type":"Point","coordinates":[9.1187651,48.7240652]},"properties":{"kind":"substation","voltage":110000,"name":"Netze BW-Umspannwerk Vaihingen"}},{"type":"Feature","geometry":{"type":"Point","coordinates":[9.1141498,48.6908026]},"properties":{"kind":"substation","voltage":110000,"name":"Umspannwerk Musberg"}},{"type":"Feature","geometry":{"type":"Point","coordinates":[7.8103692,47.5717813]},"properties":{"kind":"substation","voltage":110000,"name":null}},{"type":"Feature","geometry":{"type":"Point","coordinates":[8.4937793,49.4460748]},"properties":{"kind":"substation","voltage":110000,"name":"Umspannwerk Mannheim"}},{"type":"Feature","geometry":{"type":"Point","coordinates":[8.3372981,49.0584784]},"properties":{"kind":"substation","voltage":110000,"name":null}},{"type":"Feature","geometry":{"type":"Point","coordinates":[9.1651021,48.814414]},"properties":{"kind":"substation","voltage":110000,"name":"Umspannwerk Bludenzer Straße"}},{"type":"Feature","geometry":{"type":"Point","coordinates":[7.9344287,48.4726529]},"properties":{"kind":"substation","voltage":110000,"name":null}},{"type":"Feature","geometry":{"type":"Point","coordinates":[7.7564947,48.2267143]},"properties":{"kind":"substation","voltage":110000,"name":"Umspannwerk Herbolzheim"}},{"type":"Feature","geometry":{"type":"Point","coordinates":[8.0058337,48.3996679]},"properties":{"kind":"substation","voltage":110000,"name":"Umspannwerk Gengenbach"}},{"type":"Feature","geometry":{"type":"Point","coordinates":[9.1543427,48.8340116]},"properties":{"kind":"substation","voltage":110000,"name":"Umspannwerk Salzwiesen"}},{"type":"Feature","geometry":{"type":"Point","coordinates":[9.4671038,48.6545547]},"properties":{"kind":"substation","voltage":110000,"name":"Umspannwerk Kirchheim Nord"}},{"type":"Feature","geometry":{"type":"Point","coordinates":[8.820761,48.2910069]},"properties":{"kind":"substation","voltage":110000,"name":"Geislingen"}},{"type":"Feature","geometry":{"type":"Point","coordinates":[8.5392763,48.3764439]},"properties":{"kind":"substation","voltage":110000,"name":null}},{"type":"Feature","geometry":{"type":"Point","coordinates":[10.3504817,48.8857331]},"properties":{"kind":"substation","voltage":110000,"name":null}},{"type":"Feature","geometry":{"type":"Point","coordinates":[9.0142376,48.6725596]},"properties":{"kind":"substation","voltage":110000,"name":null}},{"type":"Feature","geometry":{"type":"Point","coordinates":[8.1331552,47.585751]},"properties":{"kind":"substation","voltage":110000,"name":null}},{"type":"Feature","geometry":{"type":"Point","coordinates":[8.0392298,47.5592333]},"properties":{"kind":"substation","voltage":110000,"name":"Umspannwerk Breitenmatt"}},{"type":"Feature","geometry":{"type":"Point","coordinates":[7.955889,47.5639532]},"properties":{"kind":"substation","voltage":110000,"name":null}},{"type":"Feature","geometry":{"type":"Point","coordinates":[7.9366329,47.5614549]},"properties":{"kind":"substation","voltage":110000,"name":null}},{"type":"Feature","geometry":{"type":"Point","coordinates":[7.8444819,47.5851739]},"properties":{"kind":"substation","voltage":110000,"name":null}},{"type":"Feature","geometry":{"type":"Point","coordinates":[7.8225054,48.6007397]},"properties":{"kind":"substation","voltage":110000,"name":null}},{"type":"Feature","geometry":{"type":"Point","coordinates":[8.3823541,48.9937137]},"properties":{"kind":"substation","voltage":110000,"name":"Umspannwerk Süd"}},{"type":"Feature","geometry":{"type":"Point","coordinates":[8.9729291,48.923518]},"properties":{"kind":"substation","voltage":110000,"name":null}},{"type":"Feature","geometry":{"type":"Point","coordinates":[9.1880944,48.8081711]},"properties":{"kind":"substation","voltage":110000,"name":"Umspannwerk Löwentor"}},{"type":"Feature","geometry":{"type":"Point","coordinates":[8.9490946,48.9525988]},"properties":{"kind":"substation","voltage":110000,"name":"Netze BW Umspannwerk Vaihingen/Enz"}},{"type":"Feature","geometry":{"type":"Point","coordinates":[9.0525278,48.8018045]},"properties":{"kind":"substation","voltage":110000,"name":"Gerlingen"}},{"type":"Feature","geometry":{"type":"Point","coordinates":[9.9679742,48.3963417]},"properties":{"kind":"substation","voltage":110000,"name":null}},{"type":"Feature","geometry":{"type":"Point","coordinates":[9.1477379,48.9272054]},"properties":{"kind":"substation","voltage":110000,"name":"Tamm"}},{"type":"Feature","geometry":{"type":"Point","coordinates":[8.6607838,49.3844535]},"properties":{"kind":"substation","voltage":110000,"name":"Hüttenbühl"}},{"type":"Feature","geometry":{"type":"Point","coordinates":[8.6275284,49.4183744]},"properties":{"kind":"substation","voltage":110000,"name":"Umspannanlage Nord"}},{"type":"Feature","geometry":{"type":"Point","coordinates":[8.6507765,49.4074972]},"properties":{"kind":"substation","voltage":110000,"name":"Heidelberg West"}},{"type":"Feature","geometry":{"type":"Point","coordinates":[9.1766245,48.8209214]},"properties":{"kind":"substation","voltage":110000,"name":"Umspannwerk Seewiesen"}},{"type":"Feature","geometry":{"type":"Point","coordinates":[8.5632657,48.1719181]},"properties":{"kind":"substation","voltage":110000,"name":null}},{"type":"Feature","geometry":{"type":"Point","coordinates":[9.0762085,48.8885765]},"properties":{"kind":"substation","voltage":110000,"name":null}},{"type":"Feature","geometry":{"type":"Point","coordinates":[8.0631763,48.33984]},"properties":{"kind":"substation","voltage":110000,"name":"Umspannwerk Zell am Harmersbach"}},{"type":"Feature","geometry":{"type":"Point","coordinates":[8.0592185,48.5384239]},"properties":{"kind":"substation","voltage":110000,"name":null}},{"type":"Feature","geometry":{"type":"Point","coordinates":[7.9915948,48.5545014]},"properties":{"kind":"substation","voltage":110000,"name":null}},{"type":"Feature","geometry":{"type":"Point","coordinates":[7.939732,48.4872215]},"properties":{"kind":"substation","voltage":110000,"name":"Umspannanlage Offenburg Nord"}},{"type":"Feature","geometry":{"type":"Point","coordinates":[7.7539014,48.0996157]},"properties":{"kind":"substation","voltage":380000,"name":"380-kV-Umspannwerk Eichstetten"}},{"type":"Feature","geometry":{"type":"Point","coordinates":[9.1714367,48.7729785]},"properties":{"kind":"substation","voltage":110000,"name":"Umspannwerk Marienstraße"}},{"type":"Feature","geometry":{"type":"Point","coordinates":[7.8577017,48.0354248]},"properties":{"kind":"substation","voltage":110000,"name":null}},{"type":"Feature","geometry":{"type":"Point","coordinates":[9.9864148,48.3994861]},"properties":{"kind":"substation","voltage":110000,"name":"Umspannwerk Heigeleshof"}},{"type":"Feature","geometry":{"type":"Point","coordinates":[9.2617337,48.7625832]},"properties":{"kind":"substation","voltage":110000,"name":"Umspannwerk Stuttgart-Hafen"}},{"type":"Feature","geometry":{"type":"Point","coordinates":[8.5621542,49.1329819]},"properties":{"kind":"substation","voltage":380000,"name":"Umspannwerk Bruchsal-Kändelweg"}},{"type":"Feature","geometry":{"type":"Point","coordinates":[8.3923903,49.0155078]},"properties":{"kind":"substation","voltage":110000,"name":"Karlsruhe Nord"}},{"type":"Feature","geometry":{"type":"Point","coordinates":[8.3553281,48.9990995]},"properties":{"kind":"substation","voltage":110000,"name":"Umspannwerk Grünwinkel"}},{"type":"Feature","geometry":{"type":"Point","coordinates":[8.7319701,49.0898446]},"properties":{"kind":"substation","voltage":110000,"name":"Unterwerk Kraichtal"}},{"type":"Feature","geometry":{"type":"Point","coordinates":[10.1607733,48.6815631]},"properties":{"kind":"substation","voltage":110000,"name":null}},{"type":"Feature","geometry":{"type":"Point","coordinates":[9.1808355,48.7727964]},"properties":{"kind":"substation","voltage":110000,"name":null}},{"type":"Feature","geometry":{"type":"Point","coordinates":[9.234633,48.3188598]},"properties":{"kind":"substation","voltage":110000,"name":"Umspannwerk Trochtelfingen"}},{"type":"Feature","geometry":{"type":"Point","coordinates":[8.3534165,48.6695158]},"properties":{"kind":"substation","voltage":110000,"name":"Schaltanlage Forbach"}},{"type":"Feature","geometry":{"type":"Point","coordinates":[8.5031217,49.4451536]},"properties":{"kind":"substation","voltage":110000,"name":"Umrichterwerk Mannheim"}},{"type":"Feature","geometry":{"type":"Point","coordinates":[9.6562905,48.8424448]},"properties":{"kind":"substation","voltage":110000,"name":"Umspannwerk Pfahlbronn"}},{"type":"Feature","geometry":{"type":"Point","coordinates":[8.6787486,49.3497632]},"properties":{"kind":"substation","voltage":110000,"name":"Umspannwerk Leimen"}},{"type":"Feature","geometry":{"type":"Point","coordinates":[9.2221169,48.7883702]},"properties":{"kind":"substation","voltage":110000,"name":"Umspannwerk Gaisburg"}},{"type":"Feature","geometry":{"type":"Point","coordinates":[8.5029998,49.1543652]},"properties":{"kind":"substation","voltage":110000,"name":"Umspannwerk Graben"}},{"type":"Feature","geometry":{"type":"Point","coordinates":[8.0088663,47.6532385]},"properties":{"kind":"substation","voltage":110000,"name":null}},{"type":"Feature","geometry":{"type":"Point","coordinates":[7.8468367,47.6994391]},"properties":{"kind":"substation","voltage":110000,"name":"Zell"}},{"type":"Feature","geometry":{"type":"Point","coordinates":[9.041276,48.686427]},"properties":{"kind":"substation","voltage":110000,"name":"Umspannwerk Böblingen-Ost"}},{"type":"Feature","geometry":{"type":"Point","coordinates":[8.0258984,48.7553013]},"properties":{"kind":"substation","voltage":110000,"name":null}},{"type":"Feature","geometry":{"type":"Point","coordinates":[8.4517693,49.0068436]},"properties":{"kind":"substation","voltage":110000,"name":"Umspannwerk Elfmorgenbruch"}},{"type":"Feature","geometry":{"type":"Point","coordinates":[10.1463819,48.7640784]},"properties":{"kind":"substation","voltage":110000,"name":null}},{"type":"Feature","geometry":{"type":"Point","coordinates":[8.2515691,47.6880321]},"properties":{"kind":"substation","voltage":110000,"name":null}},{"type":"Feature","geometry":{"type":"Point","coordinates":[8.6879599,49.2085142]},"properties":{"kind":"substation","voltage":110000,"name":"110kV-Umspannwerk Östringen"}},{"type":"Feature","geometry":{"type":"Point","coordinates":[9.3849164,48.7472076]},"properties":{"kind":"substation","voltage":110000,"name":null}},{"type":"Feature","geometry":{"type":"Point","coordinates":[8.5630492,49.1323602]},"properties":{"kind":"substation","voltage":110000,"name":null}},{"type":"Feature","geometry":{"type":"Point","coordinates":[9.1148833,49.3388542]},"properties":{"kind":"substation","voltage":110000,"name":"Unterwerk Neckarelz (neu)"}},{"type":"Feature","geometry":{"type":"Point","coordinates":[8.4488335,49.0244955]},"properties":{"kind":"substation","voltage":110000,"name":"Umspannwerk Blöße"}},{"type":"Feature","geometry":{"type":"Point","coordinates":[9.8667493,49.2010961]},"properties":{"kind":"substation","voltage":110000,"name":"Umspannwerk Obersteinach"}},{"type":"Feature","geometry":{"type":"Point","coordinates":[7.9381474,48.4471169]},"properties":{"kind":"substation","voltage":110000,"name":null}},{"type":"Feature","geometry":{"type":"Point","coordinates":[9.2147917,49.1634167]},"properties":{"kind":"substation","voltage":110000,"name":"Umspannwerk Salzwerkplatz"}},{"type":"Feature","geometry":{"type":"Point","coordinates":[9.4884192,49.2098252]},"properties":{"kind":"substation","voltage":110000,"name":"Umspannwerk Öhringen"}},{"type":"Feature","geometry":{"type":"Point","coordinates":[10.3594721,48.7886087]},"properties":{"kind":"substation","voltage":110000,"name":null}},{"type":"Feature","geometry":{"type":"Point","coordinates":[9.4289648,49.4175522]},"properties":{"kind":"substation","voltage":110000,"name":null}},{"type":"Feature","geometry":{"type":"Point","coordinates":[9.9299522,48.8263861]},"properties":{"kind":"substation","voltage":110000,"name":null}},{"type":"Feature","geometry":{"type":"Point","coordinates":[9.0140345,47.8458334]},"properties":{"kind":"substation","voltage":110000,"name":"Stockach 110kV"}},{"type":"Feature","geometry":{"type":"Point","coordinates":[7.6013053,47.8674281]},"properties":{"kind":"substation","voltage":110000,"name":null}},{"type":"Feature","geometry":{"type":"Point","coordinates":[8.7944729,49.0717789]},"properties":{"kind":"substation","voltage":110000,"name":"110kV-Umspannwerk Oberderdingen"}},{"type":"Feature","geometry":{"type":"Point","coordinates":[8.4061668,49.0032666]},"properties":{"kind":"substation","voltage":110000,"name":"Umspannwerk Mitte"}},{"type":"Feature","geometry":{"type":"Point","coordinates":[8.4820571,49.0694471]},"properties":{"kind":"substation","voltage":110000,"name":"Umspannwerk Blankenloch"}},{"type":"Feature","geometry":{"type":"Point","coordinates":[9.1611457,47.6758513]},"properties":{"kind":"substation","voltage":110000,"name":"Umspannwerk Konstanz-Weiherhof"}},{"type":"Feature","geometry":{"type":"Point","coordinates":[9.9976002,47.8219792]},"properties":{"kind":"substation","voltage":110000,"name":"Umrichterwerk Leutkirch"}},{"type":"Feature","geometry":{"type":"Point","coordinates":[9.070366,49.3810911]},"properties":{"kind":"substation","voltage":110000,"name":null}},{"type":"Feature","geometry":{"type":"Point","coordinates":[8.5551705,48.8391354]},"properties":{"kind":"substation","voltage":110000,"name":null}},{"type":"Feature","geometry":{"type":"Point","coordinates":[9.003293,49.432381]},"properties":{"kind":"substation","voltage":110000,"name":null}},{"type":"Feature","geometry":{"type":"Point","coordinates":[9.8275896,47.6600047]},"properties":{"kind":"substation","voltage":110000,"name":null}},{"type":"Feature","geometry":{"type":"Point","coordinates":[9.1762378,48.7553202]},"properties":{"kind":"substation","voltage":110000,"name":"Netze BW Umspannwerk Degerloch"}},{"type":"Feature","geometry":{"type":"Point","coordinates":[8.4686581,49.2223267]},"properties":{"kind":"substation","voltage":110000,"name":null}},{"type":"Feature","geometry":{"type":"Point","coordinates":[8.8318536,48.773599]},"properties":{"kind":"substation","voltage":110000,"name":"110 kV-Umspannwerk Merklingen"}},{"type":"Feature","geometry":{"type":"Point","coordinates":[10.1197264,48.0096643]},"properties":{"kind":"substation","voltage":110000,"name":null}},{"type":"Feature","geometry":{"type":"Point","coordinates":[9.1315879,49.0682854]},"properties":{"kind":"substation","voltage":110000,"name":"Lauffen-West"}},{"type":"Feature","geometry":{"type":"Point","coordinates":[7.8359832,48.1099807]},"properties":{"kind":"substation","voltage":110000,"name":"Umspannwerk Teningen"}},{"type":"Feature","geometry":{"type":"Point","coordinates":[8.8413563,48.9170311]},"properties":{"kind":"substation","voltage":110000,"name":"Umspannwerk Pinache"}},{"type":"Feature","geometry":{"type":"Point","coordinates":[9.154164,49.0167618]},"properties":{"kind":"substation","voltage":110000,"name":null}},{"type":"Feature","geometry":{"type":"Point","coordinates":[9.8750059,49.4426785]},"properties":{"kind":"substation","voltage":110000,"name":null}},{"type":"Feature","geometry":{"type":"Point","coordinates":[7.526815,47.6812018]},"properties":{"kind":"substation","voltage":110000,"name":null}},{"type":"Feature","geometry":{"type":"Point","coordinates":[8.1878021,47.7545477]},"properties":{"kind":"substation","voltage":110000,"name":"Schaltanlage Kraftwerk Häusern"}},{"type":"Feature","geometry":{"type":"Point","coordinates":[9.7767971,48.9866202]},"properties":{"kind":"substation","voltage":110000,"name":null}},{"type":"Feature","geometry":{"type":"Point","coordinates":[9.7328702,48.522913]},"properties":{"kind":"substation","voltage":110000,"name":"Unterwerk Merklingen"}},{"type":"Feature","geometry":{"type":"Point","coordinates":[9.3527771,49.5166435]},"properties":{"kind":"substation","voltage":110000,"name":"Umspannwer Hettingen"}},{"type":"Feature","geometry":{"type":"Point","coordinates":[9.3434722,49.302018]},"properties":{"kind":"substation","voltage":110000,"name":null}},{"type":"Feature","geometry":{"type":"Point","coordinates":[9.6241666,47.8372459]},"properties":{"kind":"substation","voltage":110000,"name":"Umrichterwerk Niederbiegen"}},{"type":"Feature","geometry":{"type":"Point","coordinates":[9.2003989,48.9133936]},"properties":{"kind":"substation","voltage":110000,"name":null}},{"type":"Feature","geometry":{"type":"Point","coordinates":[9.47322,48.6292792]},"properties":{"kind":"substation","voltage":110000,"name":"Unterwerk Nabern"}},{"type":"Feature","geometry":{"type":"Point","coordinates":[9.2087914,49.174197]},"properties":{"kind":"substation","voltage":110000,"name":"Heilbronn"}},{"type":"Feature","geometry":{"type":"Point","coordinates":[8.1993495,48.7804249]},"properties":{"kind":"substation","voltage":110000,"name":null}},{"type":"Feature","geometry":{"type":"Point","coordinates":[8.3706311,49.0398093]},"properties":{"kind":"substation","voltage":110000,"name":"Umspannwerk Heide"}},{"type":"Feature","geometry":{"type":"Point","coordinates":[8.3149475,49.0419362]},"properties":{"kind":"substation","voltage":110000,"name":null}},{"type":"Feature","geometry":{"type":"Point","coordinates":[10.2552037,48.7413837]},"properties":{"kind":"substation","voltage":110000,"name":null}},{"type":"Feature","geometry":{"type":"Point","coordinates":[7.8040553,47.5740945]},"properties":{"kind":"substation","voltage":110000,"name":null}},{"type":"Feature","geometry":{"type":"Point","coordinates":[8.2351556,48.8516374]},"properties":{"kind":"substation","voltage":110000,"name":null}},{"type":"Feature","geometry":{"type":"Point","coordinates":[9.1448002,48.2885634]},"properties":{"kind":"substation","voltage":110000,"name":"Umspannwerk Burladingen"}},{"type":"Feature","geometry":{"type":"Point","coordinates":[8.2484901,48.8482723]},"properties":{"kind":"substation","voltage":110000,"name":null}},{"type":"Feature","geometry":{"type":"Point","coordinates":[8.2485564,48.8481971]},"properties":{"kind":"substation","voltage":110000,"name":null}},{"type":"Feature","geometry":{"type":"Point","coordinates":[8.2487873,48.8482731]},"properties":{"kind":"substation","voltage":110000,"name":null}},{"type":"Feature","geometry":{"type":"Point","coordinates":[7.9353396,48.3192134]},"properties":{"kind":"substation","voltage":110000,"name":"Umspannanlage Seelbach"}},{"type":"Feature","geometry":{"type":"Point","coordinates":[7.7050309,48.1521184]},"properties":{"kind":"substation","voltage":110000,"name":"Umspannwerk Endingen"}},{"type":"Feature","geometry":{"type":"Point","coordinates":[8.7952014,47.9894342]},"properties":{"kind":"substation","voltage":110000,"name":null}},{"type":"Feature","geometry":{"type":"Point","coordinates":[9.9151549,49.524497]},"properties":{"kind":"substation","voltage":110000,"name":null}},{"type":"Feature","geometry":{"type":"Point","coordinates":[9.2579618,48.8117537]},"properties":{"kind":"substation","voltage":110000,"name":"Umspannwerk Fellbach West"}},{"type":"Feature","geometry":{"type":"Point","coordinates":[8.6586284,47.921041]},"properties":{"kind":"substation","voltage":110000,"name":null}},{"type":"Feature","geometry":{"type":"Point","coordinates":[9.1504405,49.1424645]},"properties":{"kind":"substation","voltage":110000,"name":"Schaltanlage NetzeBW 110kV"}},{"type":"Feature","geometry":{"type":"Point","coordinates":[9.2607087,48.8694024]},"properties":{"kind":"substation","voltage":110000,"name":"Umspannwerk Aldingen"}},{"type":"Feature","geometry":{"type":"Point","coordinates":[9.544797,49.3516338]},"properties":{"kind":"substation","voltage":110000,"name":null}},{"type":"Feature","geometry":{"type":"Point","coordinates":[7.8610698,48.574404]},"properties":{"kind":"substation","voltage":380000,"name":"Umspannwerk Kork"}},{"type":"Feature","geometry":{"type":"Point","coordinates":[10.2249368,48.7376707]},"properties":{"kind":"substation","voltage":110000,"name":null}},{"type":"Feature","geometry":{"type":"Point","coordinates":[7.8222247,48.5796057]},"properties":{"kind":"substation","voltage":110000,"name":null}},{"type":"Feature","geometry":{"type":"Point","coordinates":[9.7679418,49.5638993]},"properties":{"kind":"substation","voltage":110000,"name":null}},{"type":"Feature","geometry":{"type":"Point","coordinates":[8.5627156,48.1718531]},"properties":{"kind":"substation","voltage":110000,"name":"Umspannwerk Zimmern"}},{"type":"Feature","geometry":{"type":"Point","coordinates":[9.7768794,48.9864485]},"properties":{"kind":"substation","voltage":110000,"name":null}},{"type":"Feature","geometry":{"type":"Point","coordinates":[9.4819772,49.7079891]},"properties":{"kind":"substation","voltage":110000,"name":null}},{"type":"Feature","geometry":{"type":"Point","coordinates":[9.4819489,49.7076728]},"properties":{"kind":"substation","voltage":110000,"name":null}},{"type":"Feature","geometry":{"type":"Point","coordinates":[8.9147475,49.1531295]},"properties":{"kind":"substation","voltage":110000,"name":null}},{"type":"Feature","geometry":{"type":"Point","coordinates":[10.530996,48.518865]},"properties":{"kind":"substation","voltage":110000,"name":"Umspannwerk Donauried"}},{"type":"Feature","geometry":{"type":"Point","coordinates":[11.6394714,48.1788506]},"properties":{"kind":"substation","voltage":380000,"name":"Hauptumspannwerk Föhring"}},{"type":"Feature","geometry":{"type":"Point","coordinates":[11.3708111,48.2914423]},"properties":{"kind":"substation","voltage":380000,"name":"Umspannwerk Oberbachern"}},{"type":"Feature","geometry":{"type":"Point","coordinates":[11.6816223,48.0503287]},"properties":{"kind":"substation","voltage":110000,"name":"Umspannwerk Hohenbrunn"}},{"type":"Feature","geometry":{"type":"Point","coordinates":[11.665584,48.0976678]},"properties":{"kind":"substation","voltage":110000,"name":null}},{"type":"Feature","geometry":{"type":"Point","coordinates":[10.9574962,50.2805313]},"properties":{"kind":"substation","voltage":110000,"name":"Coburg-Neuses"}},{"type":"Feature","geometry":{"type":"Point","coordinates":[10.9839087,49.4701589]},"properties":{"kind":"substation","voltage":110000,"name":"Umspannwerk Dambacher Straße"}},{"type":"Feature","geometry":{"type":"Point","coordinates":[11.1476995,49.4595745]},"properties":{"kind":"substation","voltage":110000,"name":"Umspannwerk Rehhof"}},{"type":"Feature","geometry":{"type":"Point","coordinates":[11.4407817,48.1718051]},"properties":{"kind":"substation","voltage":380000,"name":"Hauptumspannwerk Menzing"}},{"type":"Feature","geometry":{"type":"Point","coordinates":[11.8130166,48.2213148]},"properties":{"kind":"substation","voltage":220000,"name":"Umspannwerk Neufinsing"}},{"type":"Feature","geometry":{"type":"Point","coordinates":[11.29395,48.0519889]},"properties":{"kind":"substation","voltage":220000,"name":"Umspannwerk Oberbrunn"}},{"type":"Feature","geometry":{"type":"Point","coordinates":[10.8145361,49.5029722]},"properties":{"kind":"substation","voltage":110000,"name":"Umspannwerk Langenzenn"}},{"type":"Feature","geometry":{"type":"Point","coordinates":[11.9097403,48.3130565]},"properties":{"kind":"substation","voltage":110000,"name":"Umspannwerk Erding"}},{"type":"Feature","geometry":{"type":"Point","coordinates":[10.6343839,47.8242298]},"properties":{"kind":"substation","voltage":110000,"name":"Umspannwerk Biessenhofen"}},{"type":"Feature","geometry":{"type":"Point","coordinates":[10.8432546,49.3784785]},"properties":{"kind":"substation","voltage":380000,"name":"Umspannwerk Raitersaich"}},{"type":"Feature","geometry":{"type":"Point","coordinates":[10.8408071,49.3599855]},"properties":{"kind":"substation","voltage":110000,"name":"Umspannwerk Müncherlbach"}},{"type":"Feature","geometry":{"type":"Point","coordinates":[10.9429736,49.4274709]},"properties":{"kind":"substation","voltage":110000,"name":"Umspannwerk Zirndorf"}},{"type":"Feature","geometry":{"type":"Point","coordinates":[11.1492935,49.3361221]},"properties":{"kind":"substation","voltage":110000,"name":null}},{"type":"Feature","geometry":{"type":"Point","coordinates":[10.6645026,49.9800567]},"properties":{"kind":"substation","voltage":380000,"name":"Eltmann"}},{"type":"Feature","geometry":{"type":"Point","coordinates":[11.7923976,48.8380861]},"properties":{"kind":"substation","voltage":220000,"name":"Umspannwerk Sittling"}},{"type":"Feature","geometry":{"type":"Point","coordinates":[10.2553967,49.6934684]},"properties":{"kind":"substation","voltage":110000,"name":"Umspannwerk Iphofen"}},{"type":"Feature","geometry":{"type":"Point","coordinates":[10.6270628,49.6020612]},"properties":{"kind":"substation","voltage":110000,"name":"Umspannwerk Diespeck"}},{"type":"Feature","geometry":{"type":"Point","coordinates":[9.5940786,49.7983501]},"properties":{"kind":"substation","voltage":220000,"name":"Umspannwerk Trennfeld"}},{"type":"Feature","geometry":{"type":"Point","coordinates":[11.0253241,49.1772514]},"properties":{"kind":"substation","voltage":110000,"name":"Umspannwerk Petersgmünd"}},{"type":"Feature","geometry":{"type":"Point","coordinates":[11.1986192,48.9098929]},"properties":{"kind":"substation","voltage":110000,"name":"Umspannwerk Preith"}},{"type":"Feature","geometry":{"type":"Point","coordinates":[11.5077731,48.7612393]},"properties":{"kind":"substation","voltage":380000,"name":"Ingolstadt"}},{"type":"Feature","geometry":{"type":"Point","coordinates":[10.4895862,47.6210671]},"properties":{"kind":"substation","voltage":110000,"name":null}},{"type":"Feature","geometry":{"type":"Point","coordinates":[10.6854316,48.7768351]},"properties":{"kind":"substation","voltage":110000,"name":"Umspannwerk Harburg"}},{"type":"Feature","geometry":{"type":"Point","coordinates":[10.2892163,47.4379182]},"properties":{"kind":"substation","voltage":110000,"name":"Umspannwerk Rubi"}},{"type":"Feature","geometry":{"type":"Point","coordinates":[10.879276,48.3262085]},"properties":{"kind":"substation","voltage":110000,"name":"Übernahmestelle Göggingen;Umspannwerk Göggingen"}},{"type":"Feature","geometry":{"type":"Point","coordinates":[13.1031456,48.6668064]},"properties":{"kind":"substation","voltage":380000,"name":"Umspannwerk Pleinting"}},{"type":"Feature","geometry":{"type":"Point","coordinates":[10.8272818,48.6787753]},"properties":{"kind":"substation","voltage":110000,"name":"Bäumenheim"}},{"type":"Feature","geometry":{"type":"Point","coordinates":[10.7623732,48.7138635]},"properties":{"kind":"substation","voltage":110000,"name":"Umspannwerk Donauwörth"}},{"type":"Feature","geometry":{"type":"Point","coordinates":[11.736246,49.1583476]},"properties":{"kind":"substation","voltage":110000,"name":"Umspannwerk Parsberg"}},{"type":"Feature","geometry":{"type":"Point","coordinates":[11.0281754,49.3416002]},"properties":{"kind":"substation","voltage":110000,"name":"Umspannwerk Nasbach"}},{"type":"Feature","geometry":{"type":"Point","coordinates":[10.1951306,47.970985]},"properties":{"kind":"substation","voltage":110000,"name":"Umspannwerk Memmingen"}},{"type":"Feature","geometry":{"type":"Point","coordinates":[10.7620762,48.7163752]},"properties":{"kind":"substation","voltage":110000,"name":"Unterwerk Donauwörth"}},{"type":"Feature","geometry":{"type":"Point","coordinates":[10.1998238,49.3730946]},"properties":{"kind":"substation","voltage":110000,"name":"Umspannwerk Rothenburg"}},{"type":"Feature","geometry":{"type":"Point","coordinates":[10.903671,49.9172848]},"properties":{"kind":"substation","voltage":110000,"name":"Umspannwerk Bamberg-Nord"}},{"type":"Feature","geometry":{"type":"Point","coordinates":[10.8032964,48.7253561]},"properties":{"kind":"substation","voltage":110000,"name":"Zirgesheim"}},{"type":"Feature","geometry":{"type":"Point","coordinates":[11.6904132,47.8666376]},"properties":{"kind":"substation","voltage":110000,"name":"Umspannwerk Holzkirchen"}},{"type":"Feature","geometry":{"type":"Point","coordinates":[11.6991142,47.8834164]},"properties":{"kind":"substation","voltage":110000,"name":"Unterwerk Holzkirchen"}},{"type":"Feature","geometry":{"type":"Point","coordinates":[11.2004122,49.4663518]},"properties":{"kind":"substation","voltage":110000,"name":"Umspannwerk Schwaig"}},{"type":"Feature","geometry":{"type":"Point","coordinates":[10.9017457,48.3208451]},"properties":{"kind":"substation","voltage":110000,"name":"Umspannwerk Haunstetten"}},{"type":"Feature","geometry":{"type":"Point","coordinates":[11.4352145,48.2159534]},"properties":{"kind":"substation","voltage":110000,"name":"Umspannwerk Karlsfeld/West"}},{"type":"Feature","geometry":{"type":"Point","coordinates":[11.5660942,49.9498485]},"properties":{"kind":"substation","voltage":110000,"name":"Umspannwerk Bayreuth Mitte"}},{"type":"Feature","geometry":{"type":"Point","coordinates":[13.2889037,48.6841448]},"properties":{"kind":"substation","voltage":110000,"name":"Umspannwerk Aicha v.W."}},{"type":"Feature","geometry":{"type":"Point","coordinates":[11.3309134,48.108321]},"properties":{"kind":"substation","voltage":110000,"name":"Unterwerk Geisenbrunn"}},{"type":"Feature","geometry":{"type":"Point","coordinates":[11.8240881,48.3392016]},"properties":{"kind":"substation","voltage":110000,"name":null}},{"type":"Feature","geometry":{"type":"Point","coordinates":[10.6412337,48.0274078]},"properties":{"kind":"substation","voltage":110000,"name":"Umspannstation Irsingen"}},{"type":"Feature","geometry":{"type":"Point","coordinates":[11.7565848,48.0873308]},"properties":{"kind":"substation","voltage":110000,"name":null}},{"type":"Feature","geometry":{"type":"Point","coordinates":[10.9281178,49.880845]},"properties":{"kind":"substation","voltage":110000,"name":"Umspannwerk Bamberg-Süd"}},{"type":"Feature","geometry":{"type":"Point","coordinates":[11.65545,48.2017285]},"properties":{"kind":"substation","voltage":110000,"name":"Umspannwerk Isarau"}},{"type":"Feature","geometry":{"type":"Point","coordinates":[11.4590083,49.2670961]},"properties":{"kind":"substation","voltage":110000,"name":"Umspannwerk Neumarkt"}},{"type":"Feature","geometry":{"type":"Point","coordinates":[11.4742686,49.4873778]},"properties":{"kind":"substation","voltage":110000,"name":"Umspannwerk Happurg"}},{"type":"Feature","geometry":{"type":"Point","coordinates":[10.8243666,49.7069734]},"properties":{"kind":"substation","voltage":110000,"name":"Umspannwerk Höchstadt an der Aisch"}},{"type":"Feature","geometry":{"type":"Point","coordinates":[11.3508398,48.1616864]},"properties":{"kind":"substation","voltage":110000,"name":null}},{"type":"Feature","geometry":{"type":"Point","coordinates":[9.1619755,49.8335697]},"properties":{"kind":"substation","voltage":110000,"name":"Umspannwerk Elsenfeld"}},{"type":"Feature","geometry":{"type":"Point","coordinates":[11.5626433,49.0340348]},"properties":{"kind":"substation","voltage":110000,"name":"Dietfurt"}},{"type":"Feature","geometry":{"type":"Point","coordinates":[11.1042823,47.9339318]},"properties":{"kind":"substation","voltage":110000,"name":"Umspannwerk Dießen"}},{"type":"Feature","geometry":{"type":"Point","coordinates":[11.5152865,49.599129]},"properties":{"kind":"substation","voltage":110000,"name":"Umspannwerk Hartenstein"}},{"type":"Feature","geometry":{"type":"Point","coordinates":[9.5809459,50.0529607]},"properties":{"kind":"substation","voltage":110000,"name":null}},{"type":"Feature","geometry":{"type":"Point","coordinates":[11.3413891,48.1692911]},"properties":{"kind":"substation","voltage":110000,"name":"Umspannwerk Puchheim"}},{"type":"Feature","geometry":{"type":"Point","coordinates":[11.0884944,49.4559979]},"properties":{"kind":"substation","voltage":110000,"name":"Umspannwerk Wöhrder Tor"}},{"type":"Feature","geometry":{"type":"Point","coordinates":[11.1695422,49.7697384]},"properties":{"kind":"substation","voltage":110000,"name":"Umspannwerk Ebermannstadt"}},{"type":"Feature","geometry":{"type":"Point","coordinates":[11.5586668,48.2832337]},"properties":{"kind":"substation","voltage":110000,"name":"Umspannwerk Unterschleißheim"}},{"type":"Feature","geometry":{"type":"Point","coordinates":[11.4471365,48.3235501]},"properties":{"kind":"substation","voltage":110000,"name":"Bahnstrom Unterwerk Röhrmoos"}},{"type":"Feature","geometry":{"type":"Point","coordinates":[11.7139283,48.3700574]},"properties":{"kind":"substation","voltage":110000,"name":"Unterwerk Pulling"}},{"type":"Feature","geometry":{"type":"Point","coordinates":[10.4236138,49.6467597]},"properties":{"kind":"substation","voltage":110000,"name":"Unterwerk Markt Bibart"}},{"type":"Feature","geometry":{"type":"Point","coordinates":[10.4437678,49.6551442]},"properties":{"kind":"substation","voltage":110000,"name":"Umspannanlage Markt Bibart"}},{"type":"Feature","geometry":{"type":"Point","coordinates":[10.9871006,49.5838895]},"properties":{"kind":"substation","voltage":110000,"name":"Umspannwerk Erlangen"}},{"type":"Feature","geometry":{"type":"Point","coordinates":[10.9728463,49.5585674]},"properties":{"kind":"substation","voltage":380000,"name":"Umspannwerk Kriegenbrunn"}},{"type":"Feature","geometry":{"type":"Point","coordinates":[10.9522205,49.5810708]},"properties":{"kind":"substation","voltage":110000,"name":"Umspannwerk Kastenweiher"}},{"type":"Feature","geometry":{"type":"Point","coordinates":[11.4444933,48.1523915]},"properties":{"kind":"substation","voltage":110000,"name":"Unterwerk Pasing"}},{"type":"Feature","geometry":{"type":"Point","coordinates":[12.0821833,49.2977303]},"properties":{"kind":"substation","voltage":380000,"name":"Schwandorf"}},{"type":"Feature","geometry":{"type":"Point","coordinates":[11.776804,49.4938152]},"properties":{"kind":"substation","voltage":110000,"name":"Umspannwerk Rosenberg"}},{"type":"Feature","geometry":{"type":"Point","coordinates":[11.841733,49.4610038]},"properties":{"kind":"substation","voltage":110000,"name":"Umspannwek Luitpoldhütte"}},{"type":"Feature","geometry":{"type":"Point","coordinates":[11.870063,49.4248841]},"properties":{"kind":"substation","voltage":110000,"name":"Umspannwerk Amberg"}},{"type":"Feature","geometry":{"type":"Point","coordinates":[12.6721779,49.1977038]},"properties":{"kind":"substation","voltage":110000,"name":"Umspannwerk Janahof"}},{"type":"Feature","geometry":{"type":"Point","coordinates":[12.1541735,48.9817075]},"properties":{"kind":"substation","voltage":110000,"name":"Unterwerk Burgweinting"}},{"type":"Feature","geometry":{"type":"Point","coordinates":[11.1016383,48.1156965]},"properties":{"kind":"substation","voltage":110000,"name":"Umspannwerk Türkenfeld"}},{"type":"Feature","geometry":{"type":"Point","coordinates":[12.2063331,48.9950435]},"properties":{"kind":"substation","voltage":110000,"name":"Umspannwerk Neutraubling"}},{"type":"Feature","geometry":{"type":"Point","coordinates":[12.2823568,49.2111142]},"properties":{"kind":"substation","voltage":110000,"name":"Umspannwerk Nittenau"}},{"type":"Feature","geometry":{"type":"Point","coordinates":[12.0977059,49.1775274]},"properties":{"kind":"substation","voltage":110000,"name":"Umspannwerk Ponholz"}},{"type":"Feature","geometry":{"type":"Point","coordinates":[12.0394619,50.2547312]},"properties":{"kind":"substation","voltage":110000,"name":"Umspannwerk Rehau"}},{"type":"Feature","geometry":{"type":"Point","coordinates":[12.6779384,49.2256848]},"properties":{"kind":"substation","voltage":110000,"name":"Umspannwerk Siechen"}},{"type":"Feature","geometry":{"type":"Point","coordinates":[11.2608661,48.048999]},"properties":{"kind":"substation","voltage":110000,"name":null}},{"type":"Feature","geometry":{"type":"Point","coordinates":[11.5450198,49.7673857]},"properties":{"kind":"substation","voltage":110000,"name":"Umspannwerk Pegnitz"}},{"type":"Feature","geometry":{"type":"Point","coordinates":[12.5189988,49.3376321]},"properties":{"kind":"substation","voltage":110000,"name":"Rötz"}},{"type":"Feature","geometry":{"type":"Point","coordinates":[12.5337703,49.2179417]},"properties":{"kind":"substation","voltage":110000,"name":"Umspannwerk Roding"}},{"type":"Feature","geometry":{"type":"Point","coordinates":[12.6948183,49.3701843]},"properties":{"kind":"substation","voltage":110000,"name":"Umspannwerk Waldmünchen"}},{"type":"Feature","geometry":{"type":"Point","coordinates":[12.4341621,49.4652574]},"properties":{"kind":"substation","voltage":110000,"name":null}},{"type":"Feature","geometry":{"type":"Point","coordinates":[11.7629946,49.6077023]},"properties":{"kind":"substation","voltage":110000,"name":"Umspannwerk Vilseck/Reisach"}},{"type":"Feature","geometry":{"type":"Point","coordinates":[12.8239372,49.310928]},"properties":{"kind":"substation","voltage":110000,"name":"Umspannwerk Furth im Wald"}},{"type":"Feature","geometry":{"type":"Point","coordinates":[12.847154,49.1851547]},"properties":{"kind":"substation","voltage":110000,"name":null}},{"type":"Feature","geometry":{"type":"Point","coordinates":[12.2108774,49.3275496]},"properties":{"kind":"substation","voltage":110000,"name":"Umspannwerk Rauberweiherhaus"}},{"type":"Feature","geometry":{"type":"Point","coordinates":[12.3552779,48.88757]},"properties":{"kind":"substation","voltage":110000,"name":"Umspannwerk Sünching"}},{"type":"Feature","geometry":{"type":"Point","coordinates":[10.8665941,48.3986633]},"properties":{"kind":"substation","voltage":110000,"name":"Unterwerk Augsburg"}},{"type":"Feature","geometry":{"type":"Point","coordinates":[11.6507744,48.1371161]},"properties":{"kind":"substation","voltage":110000,"name":"Unterwerk München Ost"}},{"type":"Feature","geometry":{"type":"Point","coordinates":[11.0882835,50.152164]},"properties":{"kind":"substation","voltage":110000,"name":"Umspannwerk Oberwallenstadt"}},{"type":"Feature","geometry":{"type":"Point","coordinates":[11.3787001,48.9976849]},"properties":{"kind":"substation","voltage":110000,"name":"Umspannwerk Kinding"}},{"type":"Feature","geometry":{"type":"Point","coordinates":[11.2923158,49.075854]},"properties":{"kind":"substation","voltage":110000,"name":"Umspannwerk Großhöbing"}},{"type":"Feature","geometry":{"type":"Point","coordinates":[11.6456796,49.674858]},"properties":{"kind":"substation","voltage":110000,"name":"Umspannwerk Auerbach"}},{"type":"Feature","geometry":{"type":"Point","coordinates":[9.6775409,50.0598474]},"properties":{"kind":"substation","voltage":110000,"name":"Unterwerk Gemünden"}},{"type":"Feature","geometry":{"type":"Point","coordinates":[11.5676245,49.914254]},"properties":{"kind":"substation","voltage":110000,"name":"UW Bayreuth Süd"}},{"type":"Feature","geometry":{"type":"Point","coordinates":[12.2301472,49.9381214]},"properties":{"kind":"substation","voltage":110000,"name":"Umspannwerk Mitterteich"}},{"type":"Feature","geometry":{"type":"Point","coordinates":[11.1444388,48.7350846]},"properties":{"kind":"substation","voltage":110000,"name":"Kraftwerk Bittenbrunn"}},{"type":"Feature","geometry":{"type":"Point","coordinates":[11.0082515,49.4194119]},"properties":{"kind":"substation","voltage":110000,"name":null}},{"type":"Feature","geometry":{"type":"Point","coordinates":[12.2051787,49.8961894]},"properties":{"kind":"substation","voltage":110000,"name":"Umspannwerk Wiesau"}},{"type":"Feature","geometry":{"type":"Point","coordinates":[12.1538557,49.8069158]},"properties":{"kind":"substation","voltage":110000,"name":"Umspannwerk Windischeschenbach"}},{"type":"Feature","geometry":{"type":"Point","coordinates":[12.2802831,49.5516672]},"properties":{"kind":"substation","voltage":110000,"name":null}},{"type":"Feature","geometry":{"type":"Point","coordinates":[11.7744913,48.3952749]},"properties":{"kind":"substation","voltage":110000,"name":null}},{"type":"Feature","geometry":{"type":"Point","coordinates":[11.4626399,49.268445]},"properties":{"kind":"substation","voltage":110000,"name":"Unterwerk Neumarkt"}},{"type":"Feature","geometry":{"type":"Point","coordinates":[11.4042638,48.7941919]},"properties":{"kind":"substation","voltage":110000,"name":"Umspannwerk Etting"}},{"type":"Feature","geometry":{"type":"Point","coordinates":[11.4120339,48.7512058]},"properties":{"kind":"substation","voltage":110000,"name":"Kraftwerk Ingolstadt"}},{"type":"Feature","geometry":{"type":"Point","coordinates":[12.2775007,50.0034452]},"properties":{"kind":"substation","voltage":110000,"name":"Umspannwerk Waldsassen"}},{"type":"Feature","geometry":{"type":"Point","coordinates":[11.5929491,48.1886102]},"properties":{"kind":"substation","voltage":110000,"name":null}},{"type":"Feature","geometry":{"type":"Point","coordinates":[10.0149059,49.7919894]},"properties":{"kind":"substation","voltage":110000,"name":"Umspannwerk Rottendorf"}},{"type":"Feature","geometry":{"type":"Point","coordinates":[11.5975687,48.4141343]},"properties":{"kind":"substation","voltage":110000,"name":"Umspannwerk Kranzberg"}},{"type":"Feature","geometry":{"type":"Point","coordinates":[10.8792729,49.5542322]},"properties":{"kind":"substation","voltage":110000,"name":"Umspannwerk Burgstall"}},{"type":"Feature","geometry":{"type":"Point","coordinates":[10.840467,48.2380488]},"properties":{"kind":"substation","voltage":380000,"name":"Umspannwerk Oberottmarshausen"}},{"type":"Feature","geometry":{"type":"Point","coordinates":[11.3111074,49.9034718]},"properties":{"kind":"substation","voltage":110000,"name":"Umspannwerk Stechendorf"}},{"type":"Feature","geometry":{"type":"Point","coordinates":[11.7637594,48.4151047]},"properties":{"kind":"substation","voltage":110000,"name":"Umspannwerk Freising/Nord"}},{"type":"Feature","geometry":{"type":"Point","coordinates":[11.4868397,48.7434232]},"properties":{"kind":"substation","voltage":110000,"name":null}},{"type":"Feature","geometry":{"type":"Point","coordinates":[10.9640047,49.0338152]},"properties":{"kind":"substation","voltage":110000,"name":"Umspannwerk Weißenburg"}},{"type":"Feature","geometry":{"type":"Point","coordinates":[10.0839179,48.2690433]},"properties":{"kind":"substation","voltage":380000,"name":"Vöhringen LEW"}},{"type":"Feature","geometry":{"type":"Point","coordinates":[10.4015498,48.5098272]},"properties":{"kind":"substation","voltage":380000,"name":"Gundremmingen"}},{"type":"Feature","geometry":{"type":"Point","coordinates":[12.1282325,49.0543542]},"properties":{"kind":"substation","voltage":110000,"name":"Umspannwerk Wutzlhofen"}},{"type":"Feature","geometry":{"type":"Point","coordinates":[11.0150492,49.5722071]},"properties":{"kind":"substation","voltage":110000,"name":"Umspannwerk Hammerbacherstraße"}},{"type":"Feature","geometry":{"type":"Point","coordinates":[11.8736893,49.9008201]},"properties":{"kind":"substation","voltage":110000,"name":"Immenreuth"}},{"type":"Feature","geometry":{"type":"Point","coordinates":[12.1679106,49.6468325]},"properties":{"kind":"substation","voltage":110000,"name":"Umspannwerk Weiden"}},{"type":"Feature","geometry":{"type":"Point","coordinates":[9.9445673,49.5783891]},"properties":{"kind":"substation","voltage":380000,"name":"Umspannwerk Stalldorf"}},{"type":"Feature","geometry":{"type":"Point","coordinates":[11.4252555,50.0957705]},"properties":{"kind":"substation","voltage":110000,"name":"Umspannwerk Kulmbach"}},{"type":"Feature","geometry":{"type":"Point","coordinates":[11.2703496,49.683403]},"properties":{"kind":"substation","voltage":110000,"name":"Umspannwerk Thuisbrunn"}},{"type":"Feature","geometry":{"type":"Point","coordinates":[10.713322,47.5683533]},"properties":{"kind":"substation","voltage":110000,"name":null}},{"type":"Feature","geometry":{"type":"Point","coordinates":[12.108943,50.0055249]},"properties":{"kind":"substation","voltage":110000,"name":"Umspannwerk Wölsau"}},{"type":"Feature","geometry":{"type":"Point","coordinates":[11.4748129,48.7956296]},"properties":{"kind":"substation","voltage":110000,"name":null}},{"type":"Feature","geometry":{"type":"Point","coordinates":[11.6495917,48.0783421]},"properties":{"kind":"substation","voltage":110000,"name":"Umspannwerk Neubiberg"}},{"type":"Feature","geometry":{"type":"Point","coordinates":[11.0588188,49.7113188]},"properties":{"kind":"substation","voltage":110000,"name":"Umspannwerk Forchheim"}},{"type":"Feature","geometry":{"type":"Point","coordinates":[12.9277993,47.7739661]},"properties":{"kind":"substation","voltage":110000,"name":"Umspannwerk Hirschloh"}},{"type":"Feature","geometry":{"type":"Point","coordinates":[11.2723041,49.505786]},"properties":{"kind":"substation","voltage":110000,"name":"Umspannwerk Lauf-West"}},{"type":"Feature","geometry":{"type":"Point","coordinates":[11.845834,48.1875332]},"properties":{"kind":"substation","voltage":110000,"name":"Umspannwerk Markt Schwaben"}},{"type":"Feature","geometry":{"type":"Point","coordinates":[11.8497961,48.1850459]},"properties":{"kind":"substation","voltage":110000,"name":"Unterwerk Markt Schwaben"}},{"type":"Feature","geometry":{"type":"Point","coordinates":[11.6190868,48.0321085]},"properties":{"kind":"substation","voltage":110000,"name":"Umspannwerk Potzham"}},{"type":"Feature","geometry":{"type":"Point","coordinates":[11.4635662,50.1133532]},"properties":{"kind":"substation","voltage":110000,"name":"Umspannwerk Kulmbach-Blaich"}},{"type":"Feature","geometry":{"type":"Point","coordinates":[11.9453985,50.2253263]},"properties":{"kind":"substation","voltage":110000,"name":"Schwarzenbach an der Saale"}},{"type":"Feature","geometry":{"type":"Point","coordinates":[10.2348421,47.5587326]},"properties":{"kind":"substation","voltage":110000,"name":"Umspannwerk Rauhenzell"}},{"type":"Feature","geometry":{"type":"Point","coordinates":[10.603986,47.866758]},"properties":{"kind":"substation","voltage":110000,"name":null}},{"type":"Feature","geometry":{"type":"Point","coordinates":[10.8783285,48.6460267]},"properties":{"kind":"substation","voltage":110000,"name":null}},{"type":"Feature","geometry":{"type":"Point","coordinates":[11.4549463,48.2712968]},"properties":{"kind":"substation","voltage":110000,"name":"Umspannwerk Dachau"}},{"type":"Feature","geometry":{"type":"Point","coordinates":[11.9366164,48.0481525]},"properties":{"kind":"substation","voltage":110000,"name":"Unterwerk Grafing"}},{"type":"Feature","geometry":{"type":"Point","coordinates":[10.1637222,50.4853149]},"properties":{"kind":"substation","voltage":110000,"name":"Umspannwerk Nordheim"}},{"type":"Feature","geometry":{"type":"Point","coordinates":[12.1087461,48.5467991]},"properties":{"kind":"substation","voltage":110000,"name":"Bahnstrom Unterwerk Landshut"}},{"type":"Feature","geometry":{"type":"Point","coordinates":[11.9110211,48.2430426]},"properties":{"kind":"substation","voltage":110000,"name":"Umspannwerk Wörth"}},{"type":"Feature","geometry":{"type":"Point","coordinates":[10.8984499,48.6919627]},"properties":{"kind":"substation","voltage":110000,"name":null}},{"type":"Feature","geometry":{"type":"Point","coordinates":[11.7777178,48.176898]},"properties":{"kind":"substation","voltage":110000,"name":"Landsham"}},{"type":"Feature","geometry":{"type":"Point","coordinates":[11.1634362,47.8330542]},"properties":{"kind":"substation","voltage":110000,"name":"Umspannwerk Weilheim/Ost"}},{"type":"Feature","geometry":{"type":"Point","coordinates":[11.0573836,49.7526811]},"properties":{"kind":"substation","voltage":110000,"name":"Unterwerk Eggolsheim"}},{"type":"Feature","geometry":{"type":"Point","coordinates":[10.9613875,50.0834428]},"properties":{"kind":"substation","voltage":110000,"name":"Unterwerk Ebensfeld"}},{"type":"Feature","geometry":{"type":"Point","coordinates":[11.222992,49.4692598]},"properties":{"kind":"substation","voltage":110000,"name":"Umspannwerk Röthenbach"}},{"type":"Feature","geometry":{"type":"Point","coordinates":[11.232445,48.7440108]},"properties":{"kind":"substation","voltage":110000,"name":"Umspannwerk Grünau"}},{"type":"Feature","geometry":{"type":"Point","coordinates":[11.4267674,48.7798545]},"properties":{"kind":"substation","voltage":110000,"name":"Unterwerk Ingolstadt"}},{"type":"Feature","geometry":{"type":"Point","coordinates":[11.3021186,49.5120968]},"properties":{"kind":"substation","voltage":110000,"name":"Umspannwerk Lauf-Ost"}},{"type":"Feature","geometry":{"type":"Point","coordinates":[11.5401787,50.1380116]},"properties":{"kind":"substation","voltage":110000,"name":"Umspannwerk Untersteinach"}},{"type":"Feature","geometry":{"type":"Point","coordinates":[12.1034152,48.5520834]},"properties":{"kind":"substation","voltage":110000,"name":"Umspannwerk Altdorf"}},{"type":"Feature","geometry":{"type":"Point","coordinates":[11.9249992,50.2815848]},"properties":{"kind":"substation","voltage":110000,"name":"Umspannwerk Hof-Süd"}},{"type":"Feature","geometry":{"type":"Point","coordinates":[11.8264769,48.3358595]},"properties":{"kind":"substation","voltage":110000,"name":"Umspannwerk Schwaig"}},{"type":"Feature","geometry":{"type":"Point","coordinates":[11.1890802,48.216178]},"properties":{"kind":"substation","voltage":110000,"name":"Unterwerk Nannhofen"}},{"type":"Feature","geometry":{"type":"Point","coordinates":[11.9912143,48.4412231]},"properties":{"kind":"substation","voltage":110000,"name":"Umspannwerk Pfrombach"}},{"type":"Feature","geometry":{"type":"Point","coordinates":[11.9572455,50.3187019]},"properties":{"kind":"substation","voltage":110000,"name":"Schaltwerk Hof"}},{"type":"Feature","geometry":{"type":"Point","coordinates":[11.0304325,48.10593]},"properties":{"kind":"substation","voltage":110000,"name":"Unterwerk Geltendorf"}},{"type":"Feature","geometry":{"type":"Point","coordinates":[11.4257029,47.9084613]},"properties":{"kind":"substation","voltage":110000,"name":"Unterwerk Wolfratshausen"}},{"type":"Feature","geometry":{"type":"Point","coordinates":[13.4096055,48.5812155]},"properties":{"kind":"substation","voltage":110000,"name":"Umspannwerk Passau"}},{"type":"Feature","geometry":{"type":"Point","coordinates":[10.4052539,49.4950974]},"properties":{"kind":"substation","voltage":110000,"name":null}},{"type":"Feature","geometry":{"type":"Point","coordinates":[10.1458879,49.7117611]},"properties":{"kind":"substation","voltage":110000,"name":"Umspannwerk Marktsteft"}},{"type":"Feature","geometry":{"type":"Point","coordinates":[10.2109541,49.7000744]},"properties":{"kind":"substation","voltage":110000,"name":"Unterwerk Mainbernheim"}},{"type":"Feature","geometry":{"type":"Point","coordinates":[10.4446983,49.3067264]},"properties":{"kind":"substation","voltage":110000,"name":"Umspannwerk Leutershausen"}},{"type":"Feature","geometry":{"type":"Point","coordinates":[11.124839,47.5584315]},"properties":{"kind":"substation","voltage":110000,"name":null}},{"type":"Feature","geometry":{"type":"Point","coordinates":[11.1926757,47.6890056]},"properties":{"kind":"substation","voltage":110000,"name":"Unterwerk Murnau"}},{"type":"Feature","geometry":{"type":"Point","coordinates":[10.0211144,48.3975394]},"properties":{"kind":"substation","voltage":110000,"name":"Umformerwerk Neu-Ulm"}},{"type":"Feature","geometry":{"type":"Point","coordinates":[12.0438229,47.8502655]},"properties":{"kind":"substation","voltage":110000,"name":null}},{"type":"Feature","geometry":{"type":"Point","coordinates":[11.206447,47.6838867]},"properties":{"kind":"substation","voltage":110000,"name":"Umspannwerk Murnau"}},{"type":"Feature","geometry":{"type":"Point","coordinates":[10.6209753,49.2477593]},"properties":{"kind":"substation","voltage":110000,"name":"Umspannwerk Winterschneidbach"}},{"type":"Feature","geometry":{"type":"Point","coordinates":[13.3823518,48.7356594]},"properties":{"kind":"substation","voltage":110000,"name":"Umspannwerk Tittling"}},{"type":"Feature","geometry":{"type":"Point","coordinates":[13.4864864,48.769712]},"properties":{"kind":"substation","voltage":110000,"name":"Umspannwerk Perlesreuth"}},{"type":"Feature","geometry":{"type":"Point","coordinates":[13.5284454,48.8103405]},"properties":{"kind":"substation","voltage":110000,"name":"Umspannwerk Freyung"}},{"type":"Feature","geometry":{"type":"Point","coordinates":[13.3698848,48.8782066]},"properties":{"kind":"substation","voltage":110000,"name":"Umspannwerk Grafenau"}},{"type":"Feature","geometry":{"type":"Point","coordinates":[8.9894807,50.0602301]},"properties":{"kind":"substation","voltage":380000,"name":"Umspannwerk Dettingen"}},{"type":"Feature","geometry":{"type":"Point","coordinates":[9.0453702,50.0454895]},"properties":{"kind":"substation","voltage":110000,"name":"Umspannwerk Hörstein"}},{"type":"Feature","geometry":{"type":"Point","coordinates":[11.0161384,49.591411]},"properties":{"kind":"substation","voltage":110000,"name":"Umspannwerk Mozartstraße"}},{"type":"Feature","geometry":{"type":"Point","coordinates":[11.2298044,49.2477789]},"properties":{"kind":"substation","voltage":110000,"name":"Umspannwerk Allersberg"}},{"type":"Feature","geometry":{"type":"Point","coordinates":[8.9855419,50.0574795]},"properties":{"kind":"substation","voltage":110000,"name":"Kahl"}},{"type":"Feature","geometry":{"type":"Point","coordinates":[11.439924,47.899348]},"properties":{"kind":"substation","voltage":110000,"name":"Umspannwerk Föhrenwald"}},{"type":"Feature","geometry":{"type":"Point","coordinates":[11.6501404,48.095095]},"properties":{"kind":"substation","voltage":110000,"name":"Umspannwerk Perlach"}},{"type":"Feature","geometry":{"type":"Point","coordinates":[11.6861899,48.2332688]},"properties":{"kind":"substation","voltage":110000,"name":"Umspannwerk Ismaning"}},{"type":"Feature","geometry":{"type":"Point","coordinates":[11.4544251,48.9393661]},"properties":{"kind":"substation","voltage":110000,"name":"Unterwerk Denkendorf"}},{"type":"Feature","geometry":{"type":"Point","coordinates":[12.9024628,47.7475222]},"properties":{"kind":"substation","voltage":110000,"name":null}},{"type":"Feature","geometry":{"type":"Point","coordinates":[9.0929381,49.9857345]},"properties":{"kind":"substation","voltage":110000,"name":"Umrichterwerk Aschaffenburg"}},{"type":"Feature","geometry":{"type":"Point","coordinates":[10.0229154,48.3962423]},"properties":{"kind":"substation","voltage":110000,"name":"Umspannwerk Neu-Ulm Ost"}},{"type":"Feature","geometry":{"type":"Point","coordinates":[10.1374145,48.3073684]},"properties":{"kind":"substation","voltage":110000,"name":null}},{"type":"Feature","geometry":{"type":"Point","coordinates":[10.7331713,48.1918909]},"properties":{"kind":"substation","voltage":110000,"name":"Umspannwerk Schwabmünchen"}},{"type":"Feature","geometry":{"type":"Point","coordinates":[11.6033142,48.2465635]},"properties":{"kind":"substation","voltage":110000,"name":"Umspannwerk Hochbrück"}},{"type":"Feature","geometry":{"type":"Point","coordinates":[12.1563906,48.82505]},"properties":{"kind":"substation","voltage":110000,"name":"Umspannwerk Schierling"}},{"type":"Feature","geometry":{"type":"Point","coordinates":[11.1640423,48.7306639]},"properties":{"kind":"substation","voltage":110000,"name":null}},{"type":"Feature","geometry":{"type":"Point","coordinates":[11.105872,49.2482917]},"properties":{"kind":"substation","voltage":110000,"name":"Umspannwerk Roth"}},{"type":"Feature","geometry":{"type":"Point","coordinates":[11.0325829,49.482315]},"properties":{"kind":"substation","voltage":110000,"name":null}},{"type":"Feature","geometry":{"type":"Point","coordinates":[11.0196272,49.7836443]},"properties":{"kind":"substation","voltage":110000,"name":"Umspannwerk Eggolsheim"}},{"type":"Feature","geometry":{"type":"Point","coordinates":[10.9513518,50.0622948]},"properties":{"kind":"substation","voltage":110000,"name":"Ebensfeld"}},{"type":"Feature","geometry":{"type":"Point","coordinates":[10.2183718,50.0165976]},"properties":{"kind":"substation","voltage":110000,"name":"Umspannwerk Schwebheim"}},{"type":"Feature","geometry":{"type":"Point","coordinates":[11.6826639,47.778229]},"properties":{"kind":"substation","voltage":110000,"name":"Umspannwerk Waakirchen"}},{"type":"Feature","geometry":{"type":"Point","coordinates":[10.8865502,48.3507951]},"properties":{"kind":"substation","voltage":110000,"name":"Umspannwerk Augsburg-Süd"}},{"type":"Feature","geometry":{"type":"Point","coordinates":[11.7112063,47.7227463]},"properties":{"kind":"substation","voltage":110000,"name":"Umspannwerk Bad Wiessee"}},{"type":"Feature","geometry":{"type":"Point","coordinates":[11.5943554,48.18908]},"properties":{"kind":"substation","voltage":110000,"name":null}},{"type":"Feature","geometry":{"type":"Point","coordinates":[12.1327885,47.8455947]},"properties":{"kind":"substation","voltage":110000,"name":"Unterwerk Rosenheim"}},{"type":"Feature","geometry":{"type":"Point","coordinates":[12.1319768,47.8453385]},"properties":{"kind":"substation","voltage":110000,"name":"Unterwerk Rosenheim"}},{"type":"Feature","geometry":{"type":"Point","coordinates":[11.5712519,47.7440327]},"properties":{"kind":"substation","voltage":110000,"name":"Umspannwerk Bad Tölz"}},{"type":"Feature","geometry":{"type":"Point","coordinates":[9.1307401,49.9556671]},"properties":{"kind":"substation","voltage":110000,"name":"Umspannanlage Schweinheim"}},{"type":"Feature","geometry":{"type":"Point","coordinates":[11.9400947,50.3200124]},"properties":{"kind":"substation","voltage":110000,"name":"Umspannwerk Hof-Ost"}},{"type":"Feature","geometry":{"type":"Point","coordinates":[11.0634343,49.4155305]},"properties":{"kind":"substation","voltage":110000,"name":"Umspannwerk Maiach"}},{"type":"Feature","geometry":{"type":"Point","coordinates":[11.1192412,49.3998315]},"properties":{"kind":"substation","voltage":110000,"name":"Umspannwerk Zollhaus"}},{"type":"Feature","geometry":{"type":"Point","coordinates":[11.2626468,48.2242868]},"properties":{"kind":"substation","voltage":110000,"name":null}},{"type":"Feature","geometry":{"type":"Point","coordinates":[11.8734612,50.328992]},"properties":{"kind":"substation","voltage":110000,"name":"Umspannwerk Hof West"}},{"type":"Feature","geometry":{"type":"Point","coordinates":[10.8431752,48.4023482]},"properties":{"kind":"substation","voltage":110000,"name":"Umspannwerk Neusäß"}},{"type":"Feature","geometry":{"type":"Point","coordinates":[12.1373695,49.3979388]},"properties":{"kind":"substation","voltage":110000,"name":"Schwarzenfeld"}},{"type":"Feature","geometry":{"type":"Point","coordinates":[10.8399536,48.3773612]},"properties":{"kind":"substation","voltage":110000,"name":"Umspannwerk Stadtbergen"}},{"type":"Feature","geometry":{"type":"Point","coordinates":[11.2191029,48.1776208]},"properties":{"kind":"substation","voltage":110000,"name":"Umspannwerk Fürstenfeldbruck"}},{"type":"Feature","geometry":{"type":"Point","coordinates":[10.6767555,48.3992154]},"properties":{"kind":"substation","voltage":110000,"name":null}},{"type":"Feature","geometry":{"type":"Point","coordinates":[10.7908891,50.1028334]},"properties":{"kind":"substation","voltage":110000,"name":"Ebern"}},{"type":"Feature","geometry":{"type":"Point","coordinates":[11.5108133,48.7185151]},"properties":{"kind":"substation","voltage":110000,"name":"Umspannwerk Manching"}},{"type":"Feature","geometry":{"type":"Point","coordinates":[12.0546448,49.0011361]},"properties":{"kind":"substation","voltage":110000,"name":null}},{"type":"Feature","geometry":{"type":"Point","coordinates":[11.9527938,49.5340063]},"properties":{"kind":"substation","voltage":110000,"name":"Umspannwerk Hirschau"}},{"type":"Feature","geometry":{"type":"Point","coordinates":[11.6708701,48.1346809]},"properties":{"kind":"substation","voltage":110000,"name":null}},{"type":"Feature","geometry":{"type":"Point","coordinates":[11.6443684,50.3578402]},"properties":{"kind":"substation","voltage":110000,"name":"Umspannwerk Bad Steben"}},{"type":"Feature","geometry":{"type":"Point","coordinates":[11.7274215,48.4077776]},"properties":{"kind":"substation","voltage":110000,"name":"Umspannwerk Freising/West"}},{"type":"Feature","geometry":{"type":"Point","coordinates":[10.9603716,48.3013892]},"properties":{"kind":"substation","voltage":110000,"name":"Umspannwerk Kissing"}},{"type":"Feature","geometry":{"type":"Point","coordinates":[10.9366471,48.4012798]},"properties":{"kind":"substation","voltage":380000,"name":"Umspannwerk Lechhausen"}},{"type":"Feature","geometry":{"type":"Point","coordinates":[10.6266595,49.2915054]},"properties":{"kind":"substation","voltage":110000,"name":"Umspannwerk Kaltengreuth (Schalthaus Ansbach Ost)"}},{"type":"Feature","geometry":{"type":"Point","coordinates":[11.9481952,48.4728917]},"properties":{"kind":"substation","voltage":110000,"name":"Umspannwerk Moosburg"}},{"type":"Feature","geometry":{"type":"Point","coordinates":[9.0898659,49.9685495]},"properties":{"kind":"substation","voltage":380000,"name":"Umspannwerk Aschaffenburg"}},{"type":"Feature","geometry":{"type":"Point","coordinates":[11.9981169,48.4925612]},"properties":{"kind":"substation","voltage":110000,"name":null}},{"type":"Feature","geometry":{"type":"Point","coordinates":[10.3362691,47.707631]},"properties":{"kind":"substation","voltage":110000,"name":null}},{"type":"Feature","geometry":{"type":"Point","coordinates":[11.5748516,48.1321793]},"properties":{"kind":"substation","voltage":110000,"name":"Umspannwerk Corneliusstraße"}},{"type":"Feature","geometry":{"type":"Point","coordinates":[10.2871824,47.7094042]},"properties":{"kind":"substation","voltage":110000,"name":"Umspannwerk Kempten-West"}},{"type":"Feature","geometry":{"type":"Point","coordinates":[10.2840767,47.5164554]},"properties":{"kind":"substation","voltage":110000,"name":"Sonthofen Mitte"}},{"type":"Feature","geometry":{"type":"Point","coordinates":[11.5568297,48.1869801]},"properties":{"kind":"substation","voltage":110000,"name":"Umspannwerk Milbertshofen"}},{"type":"Feature","geometry":{"type":"Point","coordinates":[11.6024859,48.2014346]},"properties":{"kind":"substation","voltage":110000,"name":"Umspannwerk Heidemannstraße"}},{"type":"Feature","geometry":{"type":"Point","coordinates":[11.5505977,48.2134218]},"properties":{"kind":"substation","voltage":110000,"name":"Umspannwerk Hasenbergl"}},{"type":"Feature","geometry":{"type":"Point","coordinates":[11.4714121,48.1460488]},"properties":{"kind":"substation","voltage":110000,"name":"Umspannwerk Pasing"}},{"type":"Feature","geometry":{"type":"Point","coordinates":[11.5061633,48.1766949]},"properties":{"kind":"substation","voltage":110000,"name":"Umspannwerk Moosach"}},{"type":"Feature","geometry":{"type":"Point","coordinates":[11.4644557,48.1839657]},"properties":{"kind":"substation","voltage":110000,"name":"Umspannwerk Allach"}},{"type":"Feature","geometry":{"type":"Point","coordinates":[11.4294826,48.1488669]},"properties":{"kind":"substation","voltage":110000,"name":"Umspannwerk Aubing"}},{"type":"Feature","geometry":{"type":"Point","coordinates":[11.3773295,48.1290948]},"properties":{"kind":"substation","voltage":110000,"name":"Umspannwerk Germering"}},{"type":"Feature","geometry":{"type":"Point","coordinates":[11.4245371,48.105604]},"properties":{"kind":"substation","voltage":110000,"name":"Umspannwerk Planegg"}},{"type":"Feature","geometry":{"type":"Point","coordinates":[11.872115,47.8735763]},"properties":{"kind":"substation","voltage":110000,"name":null}},{"type":"Feature","geometry":{"type":"Point","coordinates":[11.8742772,47.8817582]},"properties":{"kind":"substation","voltage":110000,"name":null}},{"type":"Feature","geometry":{"type":"Point","coordinates":[11.871117,47.8724902]},"properties":{"kind":"substation","voltage":110000,"name":"Vagen"}},{"type":"Feature","geometry":{"type":"Point","coordinates":[11.5579114,48.1444161]},"properties":{"kind":"substation","voltage":110000,"name":"Umspannwerk Seidlstraße"}},{"type":"Feature","geometry":{"type":"Point","coordinates":[11.5757539,48.1480254]},"properties":{"kind":"substation","voltage":110000,"name":"Umspannwerk"}},{"type":"Feature","geometry":{"type":"Point","coordinates":[11.5825192,48.1398566]},"properties":{"kind":"substation","voltage":110000,"name":"Umspannwerk Wurzerstraße"}},{"type":"Feature","geometry":{"type":"Point","coordinates":[11.5894885,48.1333331]},"properties":{"kind":"substation","voltage":110000,"name":"Umspannwerk Muffatwerk"}},{"type":"Feature","geometry":{"type":"Point","coordinates":[11.610614,48.1243966]},"properties":{"kind":"substation","voltage":110000,"name":"Umspannwerk Grafinger Straße"}},{"type":"Feature","geometry":{"type":"Point","coordinates":[10.3624707,47.7386397]},"properties":{"kind":"substation","voltage":380000,"name":"Umspannanlage Leupolz"}},{"type":"Feature","geometry":{"type":"Point","coordinates":[11.5404303,48.1301392]},"properties":{"kind":"substation","voltage":110000,"name":"Umspannwerk Ausstellung"}},{"type":"Feature","geometry":{"type":"Point","coordinates":[11.5870312,48.099293]},"properties":{"kind":"substation","voltage":110000,"name":"Umspannwerk Stadelheim"}},{"type":"Feature","geometry":{"type":"Point","coordinates":[11.6553579,48.0493213]},"properties":{"kind":"substation","voltage":110000,"name":"Umspannwerk MBB-Ottobrunn"}},{"type":"Feature","geometry":{"type":"Point","coordinates":[12.9835816,49.0434691]},"properties":{"kind":"substation","voltage":110000,"name":"Umspannwerk Teisnach"}},{"type":"Feature","geometry":{"type":"Point","coordinates":[10.8782624,48.5966072]},"properties":{"kind":"substation","voltage":110000,"name":"Kraftwerk Ellgau"}},{"type":"Feature","geometry":{"type":"Point","coordinates":[12.5549652,48.8965226]},"properties":{"kind":"substation","voltage":110000,"name":"Umspannwerk Kagers"}},{"type":"Feature","geometry":{"type":"Point","coordinates":[12.8678706,48.7961153]},"properties":{"kind":"substation","voltage":110000,"name":"Umspannwerk Höhenrain"}},{"type":"Feature","geometry":{"type":"Point","coordinates":[12.1360432,47.7171937]},"properties":{"kind":"substation","voltage":110000,"name":"Umspannwerk Flintsbach"}},{"type":"Feature","geometry":{"type":"Point","coordinates":[11.7822384,49.8605786]},"properties":{"kind":"substation","voltage":110000,"name":"Umspannwerk Speichersdorf"}},{"type":"Feature","geometry":{"type":"Point","coordinates":[11.9116452,49.7200851]},"properties":{"kind":"substation","voltage":110000,"name":"Umspannwerk Grafenwöhr"}},{"type":"Feature","geometry":{"type":"Point","coordinates":[9.1178041,49.9846542]},"properties":{"kind":"substation","voltage":110000,"name":"Umspannwerk"}},{"type":"Feature","geometry":{"type":"Point","coordinates":[10.3171966,47.7562324]},"properties":{"kind":"substation","voltage":110000,"name":"Umspannwerk Ursulasried"}},{"type":"Feature","geometry":{"type":"Point","coordinates":[11.5962344,49.9613925]},"properties":{"kind":"substation","voltage":110000,"name":"Umspannwerk Bayreuth Nord"}},{"type":"Feature","geometry":{"type":"Point","coordinates":[11.021612,48.7362942]},"properties":{"kind":"substation","voltage":110000,"name":"Umspannwerk Bertoldsheim"}},{"type":"Feature","geometry":{"type":"Point","coordinates":[11.5932043,48.7621394]},"properties":{"kind":"substation","voltage":110000,"name":null}},{"type":"Feature","geometry":{"type":"Point","coordinates":[10.9126919,48.4906186]},"properties":{"kind":"substation","voltage":110000,"name":null}},{"type":"Feature","geometry":{"type":"Point","coordinates":[11.6016896,48.7789305]},"properties":{"kind":"substation","voltage":110000,"name":"Kraftwerk Vohburg"}},{"type":"Feature","geometry":{"type":"Point","coordinates":[11.4794915,48.7935655]},"properties":{"kind":"substation","voltage":110000,"name":null}},{"type":"Feature","geometry":{"type":"Point","coordinates":[12.1773648,48.7362772]},"properties":{"kind":"substation","voltage":110000,"name":"Umspannwerk Neufahrn"}},{"type":"Feature","geometry":{"type":"Point","coordinates":[12.0650883,49.6375858]},"properties":{"kind":"substation","voltage":110000,"name":"Umspannwerk Weiherhammer"}},{"type":"Feature","geometry":{"type":"Point","coordinates":[11.5992493,49.3943604]},"properties":{"kind":"substation","voltage":110000,"name":"Umspannwerk Lauterhofen"}},{"type":"Feature","geometry":{"type":"Point","coordinates":[11.2776792,47.4959326]},"properties":{"kind":"substation","voltage":220000,"name":"Umspannwerk Krün"}},{"type":"Feature","geometry":{"type":"Point","coordinates":[11.0786214,49.4710556]},"properties":{"kind":"substation","voltage":110000,"name":"Umspannwerk Horneckerweg"}},{"type":"Feature","geometry":{"type":"Point","coordinates":[11.6223102,48.1532916]},"properties":{"kind":"substation","voltage":110000,"name":"Umspannwerk Bogenhausen"}},{"type":"Feature","geometry":{"type":"Point","coordinates":[9.0511843,50.0818017]},"properties":{"kind":"substation","voltage":110000,"name":null}},{"type":"Feature","geometry":{"type":"Point","coordinates":[11.5145255,48.7883126]},"properties":{"kind":"substation","voltage":110000,"name":"Umspannwerk Großmehring"}},{"type":"Feature","geometry":{"type":"Point","coordinates":[11.6621645,48.6550461]},"properties":{"kind":"substation","voltage":110000,"name":"Umspannwerk Rottenegg"}},{"type":"Feature","geometry":{"type":"Point","coordinates":[9.7034472,49.9833339]},"properties":{"kind":"substation","voltage":110000,"name":"Unterwerk Rohrbach"}},{"type":"Feature","geometry":{"type":"Point","coordinates":[10.9307286,48.9907926]},"properties":{"kind":"substation","voltage":110000,"name":"Unterwerk Grönhart"}},{"type":"Feature","geometry":{"type":"Point","coordinates":[10.8471952,48.3450392]},"properties":{"kind":"substation","voltage":110000,"name":"Umspannwerk Leitershofen"}},{"type":"Feature","geometry":{"type":"Point","coordinates":[10.8634691,48.5469461]},"properties":{"kind":"substation","voltage":380000,"name":"Umspannwerk Meitingen"}},{"type":"Feature","geometry":{"type":"Point","coordinates":[10.7027782,47.8264339]},"properties":{"kind":"substation","voltage":380000,"name":"Umspannwerk Bidingen"}},{"type":"Feature","geometry":{"type":"Point","coordinates":[12.1644448,48.5472078]},"properties":{"kind":"substation","voltage":110000,"name":"Umspannwerk Landshut"}},{"type":"Feature","geometry":{"type":"Point","coordinates":[12.2208354,48.585733]},"properties":{"kind":"substation","voltage":220000,"name":"Umspannwerk Altheim"}},{"type":"Feature","geometry":{"type":"Point","coordinates":[12.3022384,48.6043724]},"properties":{"kind":"substation","voltage":110000,"name":null}},{"type":"Feature","geometry":{"type":"Point","coordinates":[10.9250651,48.3701566]},"properties":{"kind":"substation","voltage":110000,"name":"Umspannwerk Augsburg-Ost"}},{"type":"Feature","geometry":{"type":"Point","coordinates":[12.8533262,48.7650817]},"properties":{"kind":"substation","voltage":110000,"name":"Umspannwerk Plattling"}},{"type":"Feature","geometry":{"type":"Point","coordinates":[12.8523778,48.7804588]},"properties":{"kind":"substation","voltage":110000,"name":"Unterwerk Plattling"}},{"type":"Feature","geometry":{"type":"Point","coordinates":[12.8516834,48.7632509]},"properties":{"kind":"substation","voltage":380000,"name":"Umspannwerk Plattling"}},{"type":"Feature","geometry":{"type":"Point","coordinates":[12.6786186,48.669741]},"properties":{"kind":"substation","voltage":110000,"name":"Umspannwerk Landau"}},{"type":"Feature","geometry":{"type":"Point","coordinates":[10.8545981,48.0578784]},"properties":{"kind":"substation","voltage":110000,"name":"Umspannwerk Landsberg"}},{"type":"Feature","geometry":{"type":"Point","coordinates":[10.5990385,48.2107488]},"properties":{"kind":"substation","voltage":110000,"name":"Umspannwerk Walkertshofen"}},{"type":"Feature","geometry":{"type":"Point","coordinates":[11.5020988,48.1344657]},"properties":{"kind":"substation","voltage":110000,"name":"Umspannwerk Laim"}},{"type":"Feature","geometry":{"type":"Point","coordinates":[11.4808962,48.1167927]},"properties":{"kind":"substation","voltage":110000,"name":"Umspannwerk Hadern"}},{"type":"Feature","geometry":{"type":"Point","coordinates":[11.5061189,48.0946704]},"properties":{"kind":"substation","voltage":110000,"name":"Umspannwerk Kistlerhofstraße"}},{"type":"Feature","geometry":{"type":"Point","coordinates":[11.5271089,48.0949667]},"properties":{"kind":"substation","voltage":110000,"name":"Umspannwerk Siemens Hofmannstraße"}},{"type":"Feature","geometry":{"type":"Point","coordinates":[11.5377514,48.1007166]},"properties":{"kind":"substation","voltage":110000,"name":"Umspannwerk Thalkirchen"}},{"type":"Feature","geometry":{"type":"Point","coordinates":[9.2408609,50.0065404]},"properties":{"kind":"substation","voltage":110000,"name":"Umspannwerk Weiberhof"}},{"type":"Feature","geometry":{"type":"Point","coordinates":[9.1085759,49.9149235]},"properties":{"kind":"substation","voltage":110000,"name":null}},{"type":"Feature","geometry":{"type":"Point","coordinates":[11.6257799,48.3107919]},"properties":{"kind":"substation","voltage":110000,"name":null}},{"type":"Feature","geometry":{"type":"Point","coordinates":[13.1084914,48.6634818]},"properties":{"kind":"substation","voltage":110000,"name":null}},{"type":"Feature","geometry":{"type":"Point","coordinates":[10.8886437,48.3912071]},"properties":{"kind":"substation","voltage":110000,"name":"Umspannwerk Augsburg-Nord"}},{"type":"Feature","geometry":{"type":"Point","coordinates":[10.973717,48.3473513]},"properties":{"kind":"substation","voltage":110000,"name":"Umspannwerk Friedberg"}},{"type":"Feature","geometry":{"type":"Point","coordinates":[10.8868034,48.4451173]},"properties":{"kind":"substation","voltage":110000,"name":"Umspannwerk Gersthofen"}},{"type":"Feature","geometry":{"type":"Point","coordinates":[10.4937315,48.2474408]},"properties":{"kind":"substation","voltage":110000,"name":"UW Balzhausen"}},{"type":"Feature","geometry":{"type":"Point","coordinates":[10.8411155,48.1847989]},"properties":{"kind":"substation","voltage":110000,"name":"Umspannwerk Lagerlechfeld"}},{"type":"Feature","geometry":{"type":"Point","coordinates":[10.8068663,48.2636894]},"properties":{"kind":"substation","voltage":110000,"name":"Umspannwerk Bobingen"}},{"type":"Feature","geometry":{"type":"Point","coordinates":[10.226871,50.0319138]},"properties":{"kind":"substation","voltage":0,"name":"U10"}},{"type":"Feature","geometry":{"type":"Point","coordinates":[10.725825,48.3331614]},"properties":{"kind":"substation","voltage":110000,"name":null}},{"type":"Feature","geometry":{"type":"Point","coordinates":[13.1503712,48.9733885]},"properties":{"kind":"substation","voltage":110000,"name":"Umspannwerk Regen"}},{"type":"Feature","geometry":{"type":"Point","coordinates":[11.9520036,48.660912]},"properties":{"kind":"substation","voltage":110000,"name":"Pfeffenhausen UW"}},{"type":"Feature","geometry":{"type":"Point","coordinates":[10.4258863,49.4175183]},"properties":{"kind":"substation","voltage":110000,"name":"Unterwerk Oberdachstetten"}},{"type":"Feature","geometry":{"type":"Point","coordinates":[10.9230879,48.7278841]},"properties":{"kind":"substation","voltage":110000,"name":null}},{"type":"Feature","geometry":{"type":"Point","coordinates":[11.0378266,48.7655295]},"properties":{"kind":"substation","voltage":110000,"name":"Umspannwerk Rennertshofen"}},{"type":"Feature","geometry":{"type":"Point","coordinates":[11.3485284,50.4289128]},"properties":{"kind":"substation","voltage":110000,"name":"Windheim"}},{"type":"Feature","geometry":{"type":"Point","coordinates":[11.381185,50.4362278]},"properties":{"kind":"substation","voltage":110000,"name":"Unterwerk Steinbach am Wald"}},{"type":"Feature","geometry":{"type":"Point","coordinates":[10.6936908,48.5610079]},"properties":{"kind":"substation","voltage":110000,"name":"Umspannwerk Wertingen"}},{"type":"Feature","geometry":{"type":"Point","coordinates":[9.8981136,49.8017615]},"properties":{"kind":"substation","voltage":110000,"name":"Unterwerk Würzburg"}},{"type":"Feature","geometry":{"type":"Point","coordinates":[10.8433736,48.8396457]},"properties":{"kind":"substation","voltage":110000,"name":null}},{"type":"Feature","geometry":{"type":"Point","coordinates":[10.1164877,49.9671394]},"properties":{"kind":"substation","voltage":110000,"name":"Bahnstrom Unterwerk Waigolshausen"}},{"type":"Feature","geometry":{"type":"Point","coordinates":[10.6954799,49.55834]},"properties":{"kind":"substation","voltage":110000,"name":"Unterwerk Emskirchen"}},{"type":"Feature","geometry":{"type":"Point","coordinates":[10.4902366,48.582539]},"properties":{"kind":"substation","voltage":110000,"name":null}},{"type":"Feature","geometry":{"type":"Point","coordinates":[10.4185608,48.5718336]},"properties":{"kind":"substation","voltage":110000,"name":"Lauingen"}},{"type":"Feature","geometry":{"type":"Point","coordinates":[10.6984419,48.77551]},"properties":{"kind":"substation","voltage":110000,"name":"Umspannwerk Harburg West"}},{"type":"Feature","geometry":{"type":"Point","coordinates":[10.6196227,47.9168165]},"properties":{"kind":"substation","voltage":110000,"name":"Umspannwerk Leinau Nr. 730"}},{"type":"Feature","geometry":{"type":"Point","coordinates":[10.8614434,48.1138294]},"properties":{"kind":"substation","voltage":110000,"name":null}},{"type":"Feature","geometry":{"type":"Point","coordinates":[10.9053122,48.2106699]},"properties":{"kind":"substation","voltage":110000,"name":null}},{"type":"Feature","geometry":{"type":"Point","coordinates":[10.8840293,48.180586]},"properties":{"kind":"substation","voltage":110000,"name":null}},{"type":"Feature","geometry":{"type":"Point","coordinates":[10.8677777,48.1486203]},"properties":{"kind":"substation","voltage":110000,"name":"Umspannwerk"}},{"type":"Feature","geometry":{"type":"Point","coordinates":[10.9277909,48.2378316]},"properties":{"kind":"substation","voltage":110000,"name":"Umspannwerk Unterbergen"}},{"type":"Feature","geometry":{"type":"Point","coordinates":[10.9698819,48.3953315]},"properties":{"kind":"substation","voltage":110000,"name":"Umspannwerk Stätzling"}},{"type":"Feature","geometry":{"type":"Point","coordinates":[10.9462864,48.6066099]},"properties":{"kind":"substation","voltage":110000,"name":null}},{"type":"Feature","geometry":{"type":"Point","coordinates":[9.914889,47.5893037]},"properties":{"kind":"substation","voltage":110000,"name":"Umspannwerk Weiler"}},{"type":"Feature","geometry":{"type":"Point","coordinates":[10.6464227,48.6323729]},"properties":{"kind":"substation","voltage":110000,"name":null}},{"type":"Feature","geometry":{"type":"Point","coordinates":[11.0742953,48.2441365]},"properties":{"kind":"substation","voltage":110000,"name":"Umspannwerk Althegneberg"}},{"type":"Feature","geometry":{"type":"Point","coordinates":[10.319152,47.6827124]},"properties":{"kind":"substation","voltage":110000,"name":"Umspannwerk Kempten-Au"}},{"type":"Feature","geometry":{"type":"Point","coordinates":[10.2727034,47.7977235]},"properties":{"kind":"substation","voltage":110000,"name":"Umspannwerk Krugzell"}},{"type":"Feature","geometry":{"type":"Point","coordinates":[12.7479214,48.1485314]},"properties":{"kind":"substation","voltage":220000,"name":"Umspannwerk Pirach"}},{"type":"Feature","geometry":{"type":"Point","coordinates":[13.0028153,48.2620466]},"properties":{"kind":"substation","voltage":220000,"name":"Umspannwerk Simbach"}},{"type":"Feature","geometry":{"type":"Point","coordinates":[12.3342535,47.8557262]},"properties":{"kind":"substation","voltage":110000,"name":"Prien"}},{"type":"Feature","geometry":{"type":"Point","coordinates":[12.5430273,47.8500119]},"properties":{"kind":"substation","voltage":110000,"name":"Umspannwerk Grabenstätt"}},{"type":"Feature","geometry":{"type":"Point","coordinates":[12.6188704,47.8824808]},"properties":{"kind":"substation","voltage":110000,"name":"Umspannwerk Wolkersdorf"}},{"type":"Feature","geometry":{"type":"Point","coordinates":[10.7414332,49.3016293]},"properties":{"kind":"substation","voltage":110000,"name":"Umspannwerk Petersaurach"}},{"type":"Feature","geometry":{"type":"Point","coordinates":[11.8423333,47.7516843]},"properties":{"kind":"substation","voltage":110000,"name":"Hausham"}},{"type":"Feature","geometry":{"type":"Point","coordinates":[12.1549336,47.837274]},"properties":{"kind":"substation","voltage":110000,"name":"Kraftwerk Rosenheim-Rohrdorf"}},{"type":"Feature","geometry":{"type":"Point","coordinates":[12.1335128,47.7446121]},"properties":{"kind":"substation","voltage":110000,"name":null}},{"type":"Feature","geometry":{"type":"Point","coordinates":[12.4003233,47.9987236]},"properties":{"kind":"substation","voltage":110000,"name":"Umspannwerk Obing"}},{"type":"Feature","geometry":{"type":"Point","coordinates":[12.6065223,47.9542842]},"properties":{"kind":"substation","voltage":110000,"name":"Umspannwerk Traunreut"}},{"type":"Feature","geometry":{"type":"Point","coordinates":[12.6232983,48.147093]},"properties":{"kind":"substation","voltage":110000,"name":"Umspannwerk Hart an der Alz"}},{"type":"Feature","geometry":{"type":"Point","coordinates":[12.6902786,48.24883]},"properties":{"kind":"substation","voltage":110000,"name":"Umspannwerk Neuötting"}},{"type":"Feature","geometry":{"type":"Point","coordinates":[12.5875933,48.2480264]},"properties":{"kind":"substation","voltage":110000,"name":"Umspannwerk Töging"}},{"type":"Feature","geometry":{"type":"Point","coordinates":[10.7565441,49.3556396]},"properties":{"kind":"substation","voltage":110000,"name":"Umspannanlage Ketteldorf"}},{"type":"Feature","geometry":{"type":"Point","coordinates":[10.6730719,49.4190761]},"properties":{"kind":"substation","voltage":110000,"name":"Umspannwerk Neudorf"}},{"type":"Feature","geometry":{"type":"Point","coordinates":[12.7902309,48.2598871]},"properties":{"kind":"substation","voltage":110000,"name":null}},{"type":"Feature","geometry":{"type":"Point","coordinates":[12.8647678,48.2478892]},"properties":{"kind":"substation","voltage":110000,"name":null}},{"type":"Feature","geometry":{"type":"Point","coordinates":[12.3393913,48.1536806]},"properties":{"kind":"substation","voltage":110000,"name":"Umspannwerk Mittergars"}},{"type":"Feature","geometry":{"type":"Point","coordinates":[12.2205208,48.0567423]},"properties":{"kind":"substation","voltage":110000,"name":null}},{"type":"Feature","geometry":{"type":"Point","coordinates":[12.270615,48.1130265]},"properties":{"kind":"substation","voltage":110000,"name":null}},{"type":"Feature","geometry":{"type":"Point","coordinates":[12.2244382,48.0464524]},"properties":{"kind":"substation","voltage":110000,"name":null}},{"type":"Feature","geometry":{"type":"Point","coordinates":[12.6565205,47.8156015]},"properties":{"kind":"substation","voltage":110000,"name":"Umspannwerk Siegsdorf"}},{"type":"Feature","geometry":{"type":"Point","coordinates":[12.1554237,47.9613018]},"properties":{"kind":"substation","voltage":110000,"name":null}},{"type":"Feature","geometry":{"type":"Point","coordinates":[12.4474098,47.7798108]},"properties":{"kind":"substation","voltage":110000,"name":"Grassau"}},{"type":"Feature","geometry":{"type":"Point","coordinates":[12.4855137,48.2469952]},"properties":{"kind":"substation","voltage":110000,"name":"Umspannwerk Altmühldorf"}},{"type":"Feature","geometry":{"type":"Point","coordinates":[12.1812917,48.2540207]},"properties":{"kind":"substation","voltage":110000,"name":"Umspannwerk Stollnkirchen"}},{"type":"Feature","geometry":{"type":"Point","coordinates":[12.049413,48.1063985]},"properties":{"kind":"substation","voltage":110000,"name":null}},{"type":"Feature","geometry":{"type":"Point","coordinates":[12.180974,48.153028]},"properties":{"kind":"substation","voltage":110000,"name":"Umspannwerk Altdorf"}},{"type":"Feature","geometry":{"type":"Point","coordinates":[11.5056769,47.857071]},"properties":{"kind":"substation","voltage":110000,"name":"Umspannwerk Geretsried"}},{"type":"Feature","geometry":{"type":"Point","coordinates":[12.7054526,48.9167933]},"properties":{"kind":"substation","voltage":110000,"name":"Umspannwerk Bogen Alt"}},{"type":"Feature","geometry":{"type":"Point","coordinates":[12.8624479,47.7182866]},"properties":{"kind":"substation","voltage":110000,"name":null}},{"type":"Feature","geometry":{"type":"Point","coordinates":[11.1430415,48.4652808]},"properties":{"kind":"substation","voltage":110000,"name":"Umspannwerk Aichach"}},{"type":"Feature","geometry":{"type":"Point","coordinates":[11.1877129,48.3123602]},"properties":{"kind":"substation","voltage":110000,"name":"Umspannwerk Odelzhausen"}},{"type":"Feature","geometry":{"type":"Point","coordinates":[11.7305333,48.5531696]},"properties":{"kind":"substation","voltage":110000,"name":"Umspannwerk Au"}},{"type":"Feature","geometry":{"type":"Point","coordinates":[11.7018791,48.7612866]},"properties":{"kind":"substation","voltage":110000,"name":"Umspannwerk Münchsmünster"}},{"type":"Feature","geometry":{"type":"Point","coordinates":[11.9229019,48.9038303]},"properties":{"kind":"substation","voltage":110000,"name":"Umspannwerk Saal an der Donau"}},{"type":"Feature","geometry":{"type":"Point","coordinates":[11.6748528,48.9702401]},"properties":{"kind":"substation","voltage":110000,"name":"Umspannwerk Riedenburg"}},{"type":"Feature","geometry":{"type":"Point","coordinates":[11.4438047,49.147926]},"properties":{"kind":"substation","voltage":110000,"name":"Bachhausen"}},{"type":"Feature","geometry":{"type":"Point","coordinates":[12.9339909,48.4195466]},"properties":{"kind":"substation","voltage":110000,"name":"Umspannwerk Pfarrkirchen"}},{"type":"Feature","geometry":{"type":"Point","coordinates":[13.330459,48.4217827]},"properties":{"kind":"substation","voltage":110000,"name":null}},{"type":"Feature","geometry":{"type":"Point","coordinates":[9.7768845,49.9507314]},"properties":{"kind":"substation","voltage":110000,"name":"Umspannwerk Karlstadt"}},{"type":"Feature","geometry":{"type":"Point","coordinates":[9.9236416,50.1065968]},"properties":{"kind":"substation","voltage":110000,"name":"Umspannwerk Fuchsstadt"}},{"type":"Feature","geometry":{"type":"Point","coordinates":[11.7463644,50.1035686]},"properties":{"kind":"substation","voltage":110000,"name":"Umspannwerk Gefrees"}},{"type":"Feature","geometry":{"type":"Point","coordinates":[11.9833767,50.1325073]},"properties":{"kind":"substation","voltage":110000,"name":null}},{"type":"Feature","geometry":{"type":"Point","coordinates":[10.0790172,50.1831063]},"properties":{"kind":"substation","voltage":110000,"name":"Bad Kissingen"}},{"type":"Feature","geometry":{"type":"Point","coordinates":[9.808669,50.3187395]},"properties":{"kind":"substation","voltage":110000,"name":"Bad Brückenau"}},{"type":"Feature","geometry":{"type":"Point","coordinates":[10.1164595,50.1637707]},"properties":{"kind":"substation","voltage":110000,"name":"Eltingshausen"}},{"type":"Feature","geometry":{"type":"Point","coordinates":[10.2160931,50.3393715]},"properties":{"kind":"substation","voltage":110000,"name":"Brendlorenzen"}},{"type":"Feature","geometry":{"type":"Point","coordinates":[10.3898578,50.2806395]},"properties":{"kind":"substation","voltage":110000,"name":"Kleinbardorf"}},{"type":"Feature","geometry":{"type":"Point","coordinates":[10.530286,50.0325021]},"properties":{"kind":"substation","voltage":110000,"name":"Haßfurt"}},{"type":"Feature","geometry":{"type":"Point","coordinates":[12.0719223,49.9862787]},"properties":{"kind":"substation","voltage":110000,"name":"Waldershof"}},{"type":"Feature","geometry":{"type":"Point","coordinates":[12.1421219,50.1744648]},"properties":{"kind":"substation","voltage":110000,"name":"Selb"}},{"type":"Feature","geometry":{"type":"Point","coordinates":[12.2045868,50.0583024]},"properties":{"kind":"substation","voltage":110000,"name":"Arzberg"}},{"type":"Feature","geometry":{"type":"Point","coordinates":[12.0036444,50.0476501]},"properties":{"kind":"substation","voltage":110000,"name":"Wunsiedel"}},{"type":"Feature","geometry":{"type":"Point","coordinates":[12.0234999,49.2133057]},"properties":{"kind":"substation","voltage":110000,"name":"Umspannwerk Burglengenfeld"}},{"type":"Feature","geometry":{"type":"Point","coordinates":[10.6151147,49.728282]},"properties":{"kind":"substation","voltage":110000,"name":"Umspannwerk Niederndorf"}},{"type":"Feature","geometry":{"type":"Point","coordinates":[10.6032035,48.348532]},"properties":{"kind":"substation","voltage":110000,"name":null}},{"type":"Feature","geometry":{"type":"Point","coordinates":[10.3413175,49.0701259]},"properties":{"kind":"substation","voltage":110000,"name":"Umspannwerk Dinkelsbühl"}},{"type":"Feature","geometry":{"type":"Point","coordinates":[10.5355044,49.1607042]},"properties":{"kind":"substation","voltage":110000,"name":"Umspannwerk Waizendorf"}},{"type":"Feature","geometry":{"type":"Point","coordinates":[10.3815634,48.485251]},"properties":{"kind":"substation","voltage":110000,"name":null}},{"type":"Feature","geometry":{"type":"Point","coordinates":[10.312705,48.378956]},"properties":{"kind":"substation","voltage":110000,"name":null}},{"type":"Feature","geometry":{"type":"Point","coordinates":[10.2755612,48.4430127]},"properties":{"kind":"substation","voltage":110000,"name":"Umspannwerk Denzingen"}},{"type":"Feature","geometry":{"type":"Point","coordinates":[10.1566276,48.3552738]},"properties":{"kind":"substation","voltage":110000,"name":null}},{"type":"Feature","geometry":{"type":"Point","coordinates":[10.3116605,47.9591137]},"properties":{"kind":"substation","voltage":110000,"name":null}},{"type":"Feature","geometry":{"type":"Point","coordinates":[9.9920897,48.3836858]},"properties":{"kind":"substation","voltage":110000,"name":null}},{"type":"Feature","geometry":{"type":"Point","coordinates":[10.1003332,48.4462253]},"properties":{"kind":"substation","voltage":110000,"name":"Umspannwerk Donauried"}},{"type":"Feature","geometry":{"type":"Point","coordinates":[10.108105,48.4404895]},"properties":{"kind":"substation","voltage":110000,"name":null}},{"type":"Feature","geometry":{"type":"Point","coordinates":[10.1156131,48.4240377]},"properties":{"kind":"substation","voltage":110000,"name":"Station 687"}},{"type":"Feature","geometry":{"type":"Point","coordinates":[10.0419493,48.3152948]},"properties":{"kind":"substation","voltage":110000,"name":null}},{"type":"Feature","geometry":{"type":"Point","coordinates":[13.3195196,48.3205542]},"properties":{"kind":"substation","voltage":110000,"name":"Kraftwerk Egglfing"}},{"type":"Feature","geometry":{"type":"Point","coordinates":[13.213805,48.9980642]},"properties":{"kind":"substation","voltage":110000,"name":null}},{"type":"Feature","geometry":{"type":"Point","coordinates":[10.4926006,48.8578502]},"properties":{"kind":"substation","voltage":110000,"name":"Umspannwerk"}},{"type":"Feature","geometry":{"type":"Point","coordinates":[10.6301672,48.9003861]},"properties":{"kind":"substation","voltage":110000,"name":"Umspannwerk Wechingen"}},{"type":"Feature","geometry":{"type":"Point","coordinates":[10.3558277,48.2562446]},"properties":{"kind":"substation","voltage":110000,"name":null}},{"type":"Feature","geometry":{"type":"Point","coordinates":[10.1547639,48.0517909]},"properties":{"kind":"substation","voltage":110000,"name":null}},{"type":"Feature","geometry":{"type":"Point","coordinates":[10.7155592,48.0253237]},"properties":{"kind":"substation","voltage":110000,"name":"UW Buchloe"}},{"type":"Feature","geometry":{"type":"Point","coordinates":[13.1925577,48.4193923]},"properties":{"kind":"substation","voltage":110000,"name":"Umspannwerk Singham"}},{"type":"Feature","geometry":{"type":"Point","coordinates":[12.8323159,48.1983881]},"properties":{"kind":"substation","voltage":110000,"name":"Umspannwerk Burghausen"}},{"type":"Feature","geometry":{"type":"Point","coordinates":[9.0442063,50.0203313]},"properties":{"kind":"substation","voltage":110000,"name":"Umspannanlage Kleinostheim"}},{"type":"Feature","geometry":{"type":"Point","coordinates":[12.3652761,48.4582785]},"properties":{"kind":"substation","voltage":110000,"name":"Umspannwerk Vilsbiburg"}},{"type":"Feature","geometry":{"type":"Point","coordinates":[12.6193698,48.2606098]},"properties":{"kind":"substation","voltage":110000,"name":"Umspannwerk Winhöring"}},{"type":"Feature","geometry":{"type":"Point","coordinates":[12.3244507,49.6400122]},"properties":{"kind":"substation","voltage":110000,"name":"Umspannwerk Vohenstrauß"}},{"type":"Feature","geometry":{"type":"Point","coordinates":[10.8650568,48.0839578]},"properties":{"kind":"substation","voltage":110000,"name":null}},{"type":"Feature","geometry":{"type":"Point","coordinates":[10.9205025,47.8759667]},"properties":{"kind":"substation","voltage":110000,"name":null}},{"type":"Feature","geometry":{"type":"Point","coordinates":[12.0953139,49.3333593]},"properties":{"kind":"substation","voltage":110000,"name":"Naab"}},{"type":"Feature","geometry":{"type":"Point","coordinates":[12.1801621,47.7939534]},"properties":{"kind":"substation","voltage":110000,"name":"Umspannwerk Sinning"}},{"type":"Feature","geometry":{"type":"Point","coordinates":[12.1723515,47.8719368]},"properties":{"kind":"substation","voltage":110000,"name":"Stephanskirchen"}},{"type":"Feature","geometry":{"type":"Point","coordinates":[11.9006874,49.8721182]},"properties":{"kind":"substation","voltage":110000,"name":null}},{"type":"Feature","geometry":{"type":"Point","coordinates":[10.8704358,48.034118]},"properties":{"kind":"substation","voltage":110000,"name":null}},{"type":"Feature","geometry":{"type":"Point","coordinates":[10.8663508,48.4685882]},"properties":{"kind":"substation","voltage":110000,"name":null}},{"type":"Feature","geometry":{"type":"Point","coordinates":[11.5631315,48.1280336]},"properties":{"kind":"substation","voltage":110000,"name":"Umspannwerk Waltherstraße"}},{"type":"Feature","geometry":{"type":"Point","coordinates":[12.1266933,47.853909]},"properties":{"kind":"substation","voltage":110000,"name":null}},{"type":"Feature","geometry":{"type":"Point","coordinates":[10.2853752,49.8989444]},"properties":{"kind":"substation","voltage":110000,"name":"Umspannwerk Brünnstadt"}},{"type":"Feature","geometry":{"type":"Point","coordinates":[10.2996289,48.2347034]},"properties":{"kind":"substation","voltage":110000,"name":null}},{"type":"Feature","geometry":{"type":"Point","coordinates":[10.7512791,49.8301218]},"properties":{"kind":"substation","voltage":110000,"name":"Umspannwerk Burgebrach"}},{"type":"Feature","geometry":{"type":"Point","coordinates":[10.4557586,48.0439416]},"properties":{"kind":"substation","voltage":110000,"name":"Oberauerbach"}},{"type":"Feature","geometry":{"type":"Point","coordinates":[11.4745905,48.6526175]},"properties":{"kind":"substation","voltage":110000,"name":null}},{"type":"Feature","geometry":{"type":"Point","coordinates":[10.7503032,47.6550297]},"properties":{"kind":"substation","voltage":110000,"name":null}},{"type":"Feature","geometry":{"type":"Point","coordinates":[11.1912982,50.1642859]},"properties":{"kind":"substation","voltage":110000,"name":null}},{"type":"Feature","geometry":{"type":"Point","coordinates":[11.078378,50.2133031]},"properties":{"kind":"substation","voltage":110000,"name":"Ebersdorf"}},{"type":"Feature","geometry":{"type":"Point","coordinates":[11.1168389,50.3113213]},"properties":{"kind":"substation","voltage":110000,"name":"Neustadt bei Coburg"}},{"type":"Feature","geometry":{"type":"Point","coordinates":[11.355047,50.2672232]},"properties":{"kind":"substation","voltage":110000,"name":"Friesen"}},{"type":"Feature","geometry":{"type":"Point","coordinates":[9.898404,49.8047706]},"properties":{"kind":"substation","voltage":110000,"name":"Umspannwerk Dürrbachau"}},{"type":"Feature","geometry":{"type":"Point","coordinates":[10.8871526,48.2832996]},"properties":{"kind":"substation","voltage":110000,"name":"Umspannwerk Königsbrunn"}},{"type":"Feature","geometry":{"type":"Point","coordinates":[9.2320898,49.7150989]},"properties":{"kind":"substation","voltage":110000,"name":"Umspannwerk Großheubach"}},{"type":"Feature","geometry":{"type":"Point","coordinates":[11.7234322,49.9487953]},"properties":{"kind":"substation","voltage":110000,"name":null}},{"type":"Feature","geometry":{"type":"Point","coordinates":[12.567693,48.5506459]},"properties":{"kind":"substation","voltage":110000,"name":null}},{"type":"Feature","geometry":{"type":"Point","coordinates":[10.9391516,48.2657182]},"properties":{"kind":"substation","voltage":110000,"name":"Umspannwerk Merching"}},{"type":"Feature","geometry":{"type":"Point","coordinates":[10.0235234,48.3957282]},"properties":{"kind":"substation","voltage":110000,"name":"Umspannwerk Max-Eyth-Straße"}},{"type":"Feature","geometry":{"type":"Point","coordinates":[11.6398006,50.0483131]},"properties":{"kind":"substation","voltage":110000,"name":"Umspannwerk Bad Berneck"}},{"type":"Feature","geometry":{"type":"Point","coordinates":[10.8752181,47.950341]},"properties":{"kind":"substation","voltage":110000,"name":null}},{"type":"Feature","geometry":{"type":"Point","coordinates":[10.8704463,47.9345805]},"properties":{"kind":"substation","voltage":110000,"name":null}},{"type":"Feature","geometry":{"type":"Point","coordinates":[10.877638,47.977353]},"properties":{"kind":"substation","voltage":110000,"name":null}},{"type":"Feature","geometry":{"type":"Point","coordinates":[10.8750227,48.0095116]},"properties":{"kind":"substation","voltage":110000,"name":"UW Lechstaustufe 14"}},{"type":"Feature","geometry":{"type":"Point","coordinates":[10.3844782,48.5060405]},"properties":{"kind":"substation","voltage":110000,"name":null}},{"type":"Feature","geometry":{"type":"Point","coordinates":[10.3383953,48.4848775]},"properties":{"kind":"substation","voltage":110000,"name":null}},{"type":"Feature","geometry":{"type":"Point","coordinates":[11.2653469,48.0543104]},"properties":{"kind":"substation","voltage":110000,"name":"Umspannwerk Hochstadt"}},{"type":"Feature","geometry":{"type":"Point","coordinates":[13.0157736,48.7959009]},"properties":{"kind":"substation","voltage":110000,"name":"Umspannwerk Seebach"}},{"type":"Feature","geometry":{"type":"Point","coordinates":[13.6329249,48.6390949]},"properties":{"kind":"substation","voltage":110000,"name":"Umspannwerk Hauzenberg"}},{"type":"Feature","geometry":{"type":"Point","coordinates":[13.595645,48.734858]},"properties":{"kind":"substation","voltage":110000,"name":"Umspannwerk Waldkirchen"}},{"type":"Feature","geometry":{"type":"Point","coordinates":[13.4987805,48.5908007]},"properties":{"kind":"substation","voltage":110000,"name":"Umspannwerk Grubweg"}},{"type":"Feature","geometry":{"type":"Point","coordinates":[12.8728027,49.071482]},"properties":{"kind":"substation","voltage":110000,"name":"Umspannwerk Viechtach"}},{"type":"Feature","geometry":{"type":"Point","coordinates":[10.2888901,48.0674216]},"properties":{"kind":"substation","voltage":110000,"name":"Umspannwerk Lauben"}},{"type":"Feature","geometry":{"type":"Point","coordinates":[12.0584939,49.0181496]},"properties":{"kind":"substation","voltage":110000,"name":"Umspannwerk Lilienthalstraße"}},{"type":"Feature","geometry":{"type":"Point","coordinates":[11.4500238,48.1215934]},"properties":{"kind":"substation","voltage":110000,"name":"Umspannwerk Lochham"}},{"type":"Feature","geometry":{"type":"Point","coordinates":[12.7506845,48.3921069]},"properties":{"kind":"substation","voltage":110000,"name":"Umspannwerk Eggenfelden"}},{"type":"Feature","geometry":{"type":"Point","coordinates":[12.4830672,48.6346216]},"properties":{"kind":"substation","voltage":110000,"name":null}},{"type":"Feature","geometry":{"type":"Point","coordinates":[11.3044487,50.2095544]},"properties":{"kind":"substation","voltage":110000,"name":"Umspannwerk Neuses"}},{"type":"Feature","geometry":{"type":"Point","coordinates":[13.3310325,48.3687977]},"properties":{"kind":"substation","voltage":110000,"name":"Umspannwerk Weidach"}},{"type":"Feature","geometry":{"type":"Point","coordinates":[10.789626,47.677431]},"properties":{"kind":"substation","voltage":110000,"name":null}},{"type":"Feature","geometry":{"type":"Point","coordinates":[13.0043254,48.2451331]},"properties":{"kind":"substation","voltage":110000,"name":null}},{"type":"Feature","geometry":{"type":"Point","coordinates":[9.7204533,47.5525884]},"properties":{"kind":"substation","voltage":110000,"name":"Umspannwerk Lindau"}},{"type":"Feature","geometry":{"type":"Point","coordinates":[10.0245118,47.5732302]},"properties":{"kind":"substation","voltage":110000,"name":"Umspannwerk Zell"}},{"type":"Feature","geometry":{"type":"Point","coordinates":[10.2797736,47.5245554]},"properties":{"kind":"substation","voltage":110000,"name":null}},{"type":"Feature","geometry":{"type":"Point","coordinates":[11.0555559,47.7884676]},"properties":{"kind":"substation","voltage":110000,"name":"Umspannwerk Peißenberg"}},{"type":"Feature","geometry":{"type":"Point","coordinates":[10.928672,47.9037435]},"properties":{"kind":"substation","voltage":110000,"name":null}},{"type":"Feature","geometry":{"type":"Point","coordinates":[10.8266704,47.7157378]},"properties":{"kind":"substation","voltage":110000,"name":"Staustufe 3"}},{"type":"Feature","geometry":{"type":"Point","coordinates":[10.7975477,47.6914475]},"properties":{"kind":"substation","voltage":110000,"name":null}},{"type":"Feature","geometry":{"type":"Point","coordinates":[10.8983866,47.8063983]},"properties":{"kind":"substation","voltage":110000,"name":null}},{"type":"Feature","geometry":{"type":"Point","coordinates":[10.2630276,47.5250535]},"properties":{"kind":"substation","voltage":110000,"name":null}},{"type":"Feature","geometry":{"type":"Point","coordinates":[11.0631112,47.4806254]},"properties":{"kind":"substation","voltage":110000,"name":"Umspannwerk Garmisch/West"}},{"type":"Feature","geometry":{"type":"Point","coordinates":[9.9119138,49.5848173]},"properties":{"kind":"substation","voltage":110000,"name":null}},{"type":"Feature","geometry":{"type":"Point","coordinates":[10.1114062,47.9178893]},"properties":{"kind":"substation","voltage":110000,"name":null}},{"type":"Feature","geometry":{"type":"Point","coordinates":[10.1905202,47.8396982]},"properties":{"kind":"substation","voltage":110000,"name":null}},{"type":"Feature","geometry":{"type":"Point","coordinates":[13.2087991,48.3633271]},"properties":{"kind":"substation","voltage":110000,"name":"Umspannwerk Rotthalmünster"}},{"type":"Feature","geometry":{"type":"Point","coordinates":[13.1758262,48.6147876]},"properties":{"kind":"substation","voltage":110000,"name":"Umspannwerk Vilshofen"}},{"type":"Feature","geometry":{"type":"Point","coordinates":[11.2565554,48.5712659]},"properties":{"kind":"substation","voltage":110000,"name":null}},{"type":"Feature","geometry":{"type":"Point","coordinates":[11.4078377,47.7435991]},"properties":{"kind":"substation","voltage":110000,"name":"Umspannwerk Schönmühl"}},{"type":"Feature","geometry":{"type":"Point","coordinates":[11.0250839,48.8953791]},"properties":{"kind":"substation","voltage":110000,"name":"Umspannwerk Eßlingen"}},{"type":"Feature","geometry":{"type":"Point","coordinates":[10.1811618,49.74073]},"properties":{"kind":"substation","voltage":110000,"name":null}},{"type":"Feature","geometry":{"type":"Point","coordinates":[12.4546175,48.651406]},"properties":{"kind":"substation","voltage":110000,"name":"Umspannwerk Teisbach"}},{"type":"Feature","geometry":{"type":"Point","coordinates":[11.7383869,48.3266912]},"properties":{"kind":"substation","voltage":110000,"name":"Umspannwerk Hallbergmoos"}},{"type":"Feature","geometry":{"type":"Point","coordinates":[10.0611245,49.9802929]},"properties":{"kind":"substation","voltage":110000,"name":"Umspannwerk Zeuzleben"}},{"type":"Feature","geometry":{"type":"Point","coordinates":[10.9607565,49.8329846]},"properties":{"kind":"substation","voltage":110000,"name":"Umspannwerk Strullendorf"}},{"type":"Feature","geometry":{"type":"Point","coordinates":[11.6275614,50.1667688]},"properties":{"kind":"substation","voltage":110000,"name":"Marktleugast"}},{"type":"Feature","geometry":{"type":"Point","coordinates":[11.8438636,49.9983458]},"properties":{"kind":"substation","voltage":110000,"name":null}},{"type":"Feature","geometry":{"type":"Point","coordinates":[12.4045567,49.3352742]},"properties":{"kind":"substation","voltage":110000,"name":"Neunburg vorm Wald"}},{"type":"Feature","geometry":{"type":"Point","coordinates":[10.1851055,49.5263709]},"properties":{"kind":"substation","voltage":110000,"name":"Umspannwerk Wallmersbach"}},{"type":"Feature","geometry":{"type":"Point","coordinates":[10.3306312,49.1592115]},"properties":{"kind":"substation","voltage":110000,"name":"Umspannwerk Feuchtwangen"}},{"type":"Feature","geometry":{"type":"Point","coordinates":[11.7611723,48.7893393]},"properties":{"kind":"substation","voltage":110000,"name":"Umspannwerk Neustadt an der Donau"}},{"type":"Feature","geometry":{"type":"Point","coordinates":[9.2056937,49.6510841]},"properties":{"kind":"substation","voltage":110000,"name":"Umspannwerk Amorbach"}},{"type":"Feature","geometry":{"type":"Point","coordinates":[11.2405013,49.1989148]},"properties":{"kind":"substation","voltage":110000,"name":"Unterwerk Mörlach"}},{"type":"Feature","geometry":{"type":"Point","coordinates":[11.8075757,48.4553863]},"properties":{"kind":"substation","voltage":220000,"name":"Umspannwerk Zolling"}},{"type":"Feature","geometry":{"type":"Point","coordinates":[12.3970188,48.6230661]},"properties":{"kind":"substation","voltage":110000,"name":null}},{"type":"Feature","geometry":{"type":"Point","coordinates":[11.2200055,49.3830082]},"properties":{"kind":"substation","voltage":110000,"name":"Umspannwerk Feucht"}},{"type":"Feature","geometry":{"type":"Point","coordinates":[13.1599882,48.2915797]},"properties":{"kind":"substation","voltage":110000,"name":null}},{"type":"Feature","geometry":{"type":"Point","coordinates":[12.4693335,48.1444248]},"properties":{"kind":"substation","voltage":110000,"name":"Umspannwerk Zeiling"}},{"type":"Feature","geometry":{"type":"Point","coordinates":[10.8300126,50.1883127]},"properties":{"kind":"substation","voltage":110000,"name":"Umspannwerk Seßlach"}},{"type":"Feature","geometry":{"type":"Point","coordinates":[10.6114771,47.778644]},"properties":{"kind":"substation","voltage":110000,"name":"Umspannwerk Marktoberdorf"}},{"type":"Feature","geometry":{"type":"Point","coordinates":[10.0684782,48.275292]},"properties":{"kind":"substation","voltage":110000,"name":null}},{"type":"Feature","geometry":{"type":"Point","coordinates":[10.6993555,48.098836]},"properties":{"kind":"substation","voltage":110000,"name":"Umspannwerk Gennach"}},{"type":"Feature","geometry":{"type":"Point","coordinates":[10.2645517,48.4602324]},"properties":{"kind":"substation","voltage":110000,"name":null}},{"type":"Feature","geometry":{"type":"Point","coordinates":[10.1941646,48.4443172]},"properties":{"kind":"substation","voltage":110000,"name":null}},{"type":"Feature","geometry":{"type":"Point","coordinates":[10.8602824,48.5126693]},"properties":{"kind":"substation","voltage":110000,"name":null}},{"type":"Feature","geometry":{"type":"Point","coordinates":[11.3478959,48.0062595]},"properties":{"kind":"substation","voltage":110000,"name":"Umspannwerk Starnberg"}},{"type":"Feature","geometry":{"type":"Point","coordinates":[11.3270294,48.0421075]},"properties":{"kind":"substation","voltage":110000,"name":null}},{"type":"Feature","geometry":{"type":"Point","coordinates":[10.9187196,48.2080775]},"properties":{"kind":"substation","voltage":110000,"name":"Umspannwerk Prittriching"}},{"type":"Feature","geometry":{"type":"Point","coordinates":[10.9122111,47.9105208]},"properties":{"kind":"substation","voltage":110000,"name":null}},{"type":"Feature","geometry":{"type":"Point","coordinates":[10.9261261,47.8335705]},"properties":{"kind":"substation","voltage":110000,"name":null}},{"type":"Feature","geometry":{"type":"Point","coordinates":[10.8664769,48.4976221]},"properties":{"kind":"substation","voltage":110000,"name":"Umspannwerk Langweid a.Lech"}},{"type":"Feature","geometry":{"type":"Point","coordinates":[11.3088844,48.0982142]},"properties":{"kind":"substation","voltage":110000,"name":"Umspannwerk Argelsried"}},{"type":"Feature","geometry":{"type":"Point","coordinates":[11.1028168,49.4732002]},"properties":{"kind":"substation","voltage":110000,"name":"Umspannwerk Herrnhütte"}},{"type":"Feature","geometry":{"type":"Point","coordinates":[11.3807061,48.068]},"properties":{"kind":"substation","voltage":110000,"name":"Umspannwerk Gauting"}},{"type":"Feature","geometry":{"type":"Point","coordinates":[11.5812194,48.764618]},"properties":{"kind":"substation","voltage":380000,"name":"Umspannwerk Irsching"}},{"type":"Feature","geometry":{"type":"Point","coordinates":[11.4563473,48.256202]},"properties":{"kind":"substation","voltage":110000,"name":null}},{"type":"Feature","geometry":{"type":"Point","coordinates":[11.8228684,48.3760223]},"properties":{"kind":"substation","voltage":110000,"name":null}},{"type":"Feature","geometry":{"type":"Point","coordinates":[12.5574056,48.0181792]},"properties":{"kind":"substation","voltage":110000,"name":null}},{"type":"Feature","geometry":{"type":"Point","coordinates":[11.0154964,49.4513476]},"properties":{"kind":"substation","voltage":110000,"name":"Umspannwerk Sigmundstraße"}},{"type":"Feature","geometry":{"type":"Point","coordinates":[12.4637979,48.639726]},"properties":{"kind":"substation","voltage":110000,"name":"Umspannwerk Grüblhof"}},{"type":"Feature","geometry":{"type":"Point","coordinates":[12.7393645,48.1802784]},"properties":{"kind":"substation","voltage":110000,"name":"Umspannwerk Bruck"}},{"type":"Feature","geometry":{"type":"Point","coordinates":[12.7285531,48.1768026]},"properties":{"kind":"substation","voltage":110000,"name":"Umspannwerk Gendorf"}},{"type":"Feature","geometry":{"type":"Point","coordinates":[11.5210724,48.7342756]},"properties":{"kind":"substation","voltage":110000,"name":null}},{"type":"Feature","geometry":{"type":"Point","coordinates":[11.8402238,47.7519579]},"properties":{"kind":"substation","voltage":110000,"name":"Kraftwerk Hausham"}},{"type":"Feature","geometry":{"type":"Point","coordinates":[10.2348647,49.9788515]},"properties":{"kind":"substation","voltage":110000,"name":"Umspannwerk Heidenfeld"}},{"type":"Feature","geometry":{"type":"Point","coordinates":[10.5557558,49.9778019]},"properties":{"kind":"substation","voltage":110000,"name":"Knetzgau"}},{"type":"Feature","geometry":{"type":"Point","coordinates":[11.9166438,50.345832]},"properties":{"kind":"substation","voltage":110000,"name":"Umspannwerk Hof-Nord"}},{"type":"Feature","geometry":{"type":"Point","coordinates":[10.2268973,47.8172184]},"properties":{"kind":"substation","voltage":110000,"name":null}},{"type":"Feature","geometry":{"type":"Point","coordinates":[10.2554021,47.5936262]},"properties":{"kind":"substation","voltage":110000,"name":null}},{"type":"Feature","geometry":{"type":"Point","coordinates":[10.1406686,47.89392]},"properties":{"kind":"substation","voltage":110000,"name":null}},{"type":"Feature","geometry":{"type":"Point","coordinates":[12.794551,48.6956196]},"properties":{"kind":"substation","voltage":110000,"name":"Umspannwerk Ettling"}},{"type":"Feature","geometry":{"type":"Point","coordinates":[10.0838865,48.2259872]},"properties":{"kind":"substation","voltage":110000,"name":null}},{"type":"Feature","geometry":{"type":"Point","coordinates":[10.9434417,47.7868966]},"properties":{"kind":"substation","voltage":110000,"name":"Umspannwerk Peiting"}},{"type":"Feature","geometry":{"type":"Point","coordinates":[10.8794238,47.8121924]},"properties":{"kind":"substation","voltage":110000,"name":"Umspannwerk Schongau"}},{"type":"Feature","geometry":{"type":"Point","coordinates":[11.0575418,49.0393335]},"properties":{"kind":"substation","voltage":110000,"name":"Umspannwerk Oberhochstatt"}},{"type":"Feature","geometry":{"type":"Point","coordinates":[10.4267976,48.4264575]},"properties":{"kind":"substation","voltage":110000,"name":"Umspannwerk Burgau"}},{"type":"Feature","geometry":{"type":"Point","coordinates":[11.0615594,49.4125699]},"properties":{"kind":"substation","voltage":110000,"name":null}},{"type":"Feature","geometry":{"type":"Point","coordinates":[11.0620654,49.4489621]},"properties":{"kind":"substation","voltage":110000,"name":"Umspannwerk Am Plärrer"}},{"type":"Feature","geometry":{"type":"Point","coordinates":[11.149864,49.417547]},"properties":{"kind":"substation","voltage":110000,"name":"Umspannwerk Breslauer Straße"}},{"type":"Feature","geometry":{"type":"Point","coordinates":[10.836791,49.3596826]},"properties":{"kind":"substation","voltage":110000,"name":"Umspannanlage Müncherlbach-Solarpark"}},{"type":"Feature","geometry":{"type":"Point","coordinates":[9.8191395,49.9628365]},"properties":{"kind":"substation","voltage":110000,"name":"Bahnstrom Schaltstelle Schönarts"}},{"type":"Feature","geometry":{"type":"Point","coordinates":[12.6283594,47.8684532]},"properties":{"kind":"substation","voltage":110000,"name":"Unterwerk Traunstein"}},{"type":"Feature","geometry":{"type":"Point","coordinates":[12.0857448,49.683165]},"properties":{"kind":"substation","voltage":110000,"name":"Umspannwerk Latsch"}},{"type":"Feature","geometry":{"type":"Point","coordinates":[11.8387738,47.7951354]},"properties":{"kind":"substation","voltage":110000,"name":null}},{"type":"Feature","geometry":{"type":"Point","coordinates":[12.181899,49.6948093]},"properties":{"kind":"substation","voltage":110000,"name":"Umspannwerk Forst"}},{"type":"Feature","geometry":{"type":"Point","coordinates":[9.5818417,50.0522278]},"properties":{"kind":"substation","voltage":110000,"name":"Schaltwerk Langenprozelten"}},{"type":"Feature","geometry":{"type":"Point","coordinates":[11.2983296,50.4804229]},"properties":{"kind":"substation","voltage":110000,"name":"Tettau"}},{"type":"Feature","geometry":{"type":"Point","coordinates":[11.8527695,47.8062762]},"properties":{"kind":"substation","voltage":110000,"name":null}},{"type":"Feature","geometry":{"type":"Point","coordinates":[10.3753218,48.5415797]},"properties":{"kind":"substation","voltage":110000,"name":"Umspannwerk Brenz"}},{"type":"Feature","geometry":{"type":"Point","coordinates":[10.410635,48.5587896]},"properties":{"kind":"substation","voltage":110000,"name":null}},{"type":"Feature","geometry":{"type":"Point","coordinates":[10.8854043,48.4437232]},"properties":{"kind":"substation","voltage":110000,"name":null}},{"type":"Feature","geometry":{"type":"Point","coordinates":[11.7714443,50.2096889]},"properties":{"kind":"substation","voltage":110000,"name":"Umspannwerk Münchberg 110kV"}},{"type":"Feature","geometry":{"type":"Point","coordinates":[9.5870281,50.0033966]},"properties":{"kind":"substation","voltage":110000,"name":null}},{"type":"Feature","geometry":{"type":"Point","coordinates":[13.4121133,48.5793519]},"properties":{"kind":"substation","voltage":110000,"name":null}},{"type":"Feature","geometry":{"type":"Point","coordinates":[10.4785675,49.2373971]},"properties":{"kind":"substation","voltage":110000,"name":"Schaltanlage Herrieden"}},{"type":"Feature","geometry":{"type":"Point","coordinates":[11.0809758,49.4493691]},"properties":{"kind":"substation","voltage":110000,"name":"Umspannwerk Bauhof"}},{"type":"Feature","geometry":{"type":"Point","coordinates":[9.873013,50.0223606]},"properties":{"kind":"substation","voltage":110000,"name":"Umspannwerk Hundsbach"}},{"type":"Feature","geometry":{"type":"Point","coordinates":[12.3358075,49.869822]},"properties":{"kind":"substation","voltage":110000,"name":"Umspannwerk Tirschenreuth"}},{"type":"Feature","geometry":{"type":"Point","coordinates":[11.7986152,48.456263]},"properties":{"kind":"substation","voltage":110000,"name":null}},{"type":"Feature","geometry":{"type":"Point","coordinates":[12.963264,48.8174219]},"properties":{"kind":"substation","voltage":110000,"name":"Umspannwerk Fischerdorf"}},{"type":"Feature","geometry":{"type":"Point","coordinates":[11.054096,50.2955703]},"properties":{"kind":"substation","voltage":110000,"name":"Umspannwerk Mönchröden"}},{"type":"Feature","geometry":{"type":"Point","coordinates":[10.0885034,47.6328801]},"properties":{"kind":"substation","voltage":110000,"name":null}},{"type":"Feature","geometry":{"type":"Point","coordinates":[12.0018722,47.8503995]},"properties":{"kind":"substation","voltage":110000,"name":"Bad Aibling"}},{"type":"Feature","geometry":{"type":"Point","coordinates":[11.3374242,47.6306656]},"properties":{"kind":"substation","voltage":110000,"name":null}},{"type":"Feature","geometry":{"type":"Point","coordinates":[11.3379538,47.6305867]},"properties":{"kind":"substation","voltage":110000,"name":"Kraftwerk Kochel"}},{"type":"Feature","geometry":{"type":"Point","coordinates":[9.0924761,49.9855067]},"properties":{"kind":"substation","voltage":110000,"name":null}},{"type":"Feature","geometry":{"type":"Point","coordinates":[9.0929275,49.9853208]},"properties":{"kind":"substation","voltage":110000,"name":null}},{"type":"Feature","geometry":{"type":"Point","coordinates":[11.5015966,49.0895851]},"properties":{"kind":"substation","voltage":110000,"name":"Umspannwerk Oening"}},{"type":"Feature","geometry":{"type":"Point","coordinates":[10.5723188,48.6066022]},"properties":{"kind":"substation","voltage":110000,"name":"Umspannwerk Höchstädt"}},{"type":"Feature","geometry":{"type":"Point","coordinates":[11.5640943,49.8262268]},"properties":{"kind":"substation","voltage":110000,"name":null}},{"type":"Feature","geometry":{"type":"Point","coordinates":[9.4347692,49.7907912]},"properties":{"kind":"substation","voltage":110000,"name":null}},{"type":"Feature","geometry":{"type":"Point","coordinates":[11.2547418,48.2814812]},"properties":{"kind":"substation","voltage":110000,"name":null}},{"type":"Feature","geometry":{"type":"Point","coordinates":[11.0076132,49.4227111]},"properties":{"kind":"substation","voltage":110000,"name":null}},{"type":"Feature","geometry":{"type":"Point","coordinates":[10.7427576,49.1082005]},"properties":{"kind":"substation","voltage":110000,"name":"Umspannwerk Gunzenhausen"}},{"type":"Feature","geometry":{"type":"Point","coordinates":[13.4094967,48.5791266]},"properties":{"kind":"substation","voltage":110000,"name":null}},{"type":"Feature","geometry":{"type":"Point","coordinates":[9.7250566,49.804883]},"properties":{"kind":"substation","voltage":110000,"name":"Umspannwerk Uettingen"}},{"type":"Feature","geometry":{"type":"Point","coordinates":[10.6082478,49.0474311]},"properties":{"kind":"substation","voltage":110000,"name":"Umspannwerk Wassertrüdingen"}},{"type":"Feature","geometry":{"type":"Point","coordinates":[9.0780366,49.9696293]},"properties":{"kind":"substation","voltage":110000,"name":null}},{"type":"Feature","geometry":{"type":"Point","coordinates":[11.007398,49.4226289]},"properties":{"kind":"substation","voltage":110000,"name":null}},{"type":"Feature","geometry":{"type":"Point","coordinates":[11.2777245,47.494956]},"properties":{"kind":"substation","voltage":110000,"name":null}},{"type":"Feature","geometry":{"type":"Point","coordinates":[9.9665917,49.7989553]},"properties":{"kind":"substation","voltage":110000,"name":"Umspannwerk Greinberg"}},{"type":"Feature","geometry":{"type":"Point","coordinates":[10.9003694,48.3372492]},"properties":{"kind":"substation","voltage":110000,"name":null}},{"type":"Feature","geometry":{"type":"Point","coordinates":[10.8630948,48.5499439]},"properties":{"kind":"substation","voltage":110000,"name":null}},{"type":"Feature","geometry":{"type":"Point","coordinates":[12.0636491,48.9813917]},"properties":{"kind":"substation","voltage":110000,"name":"Umspannwerk Pentling"}},{"type":"Feature","geometry":{"type":"Point","coordinates":[12.8899326,47.7409677]},"properties":{"kind":"substation","voltage":110000,"name":"Umspannwerk Bad Reichenhall Nord"}},{"type":"Feature","geometry":{"type":"Point","coordinates":[12.0896296,47.8383333]},"properties":{"kind":"substation","voltage":110000,"name":"Pang"}},{"type":"Feature","geometry":{"type":"Point","coordinates":[12.80853,48.5621946]},"properties":{"kind":"substation","voltage":110000,"name":"Umspannwerk Arnstorf"}},{"type":"Feature","geometry":{"type":"Point","coordinates":[11.3261265,50.2317709]},"properties":{"kind":"substation","voltage":110000,"name":"Umspannwerk Kronach"}},{"type":"Feature","geometry":{"type":"Point","coordinates":[10.2222392,50.0366729]},"properties":{"kind":"substation","voltage":110000,"name":"U07"}},{"type":"Feature","geometry":{"type":"Point","coordinates":[11.6597286,48.2600017]},"properties":{"kind":"substation","voltage":110000,"name":"Umspannwerk Garching"}},{"type":"Feature","geometry":{"type":"Point","coordinates":[11.8034616,48.4557303]},"properties":{"kind":"substation","voltage":110000,"name":null}},{"type":"Feature","geometry":{"type":"Point","coordinates":[10.1810224,47.8689557]},"properties":{"kind":"substation","voltage":110000,"name":"Umspannwerk"}},{"type":"Feature","geometry":{"type":"Point","coordinates":[10.321664,47.733541]},"properties":{"kind":"substation","voltage":110000,"name":"Blatternhaus"}},{"type":"Feature","geometry":{"type":"Point","coordinates":[10.5053507,48.3822737]},"properties":{"kind":"substation","voltage":110000,"name":"Unterwerk Freihalden"}},{"type":"Feature","geometry":{"type":"Point","coordinates":[11.9151141,50.3443508]},"properties":{"kind":"substation","voltage":110000,"name":"Umrichterwerk Hof"}},{"type":"Feature","geometry":{"type":"Point","coordinates":[11.7682652,48.3575267]},"properties":{"kind":"substation","voltage":110000,"name":"UW Flughafen München"}},{"type":"Feature","geometry":{"type":"Point","coordinates":[11.2445567,50.0101568]},"properties":{"kind":"substation","voltage":110000,"name":"Umspannwerk Buckendorf"}},{"type":"Feature","geometry":{"type":"Point","coordinates":[11.5375676,48.1531195]},"properties":{"kind":"substation","voltage":110000,"name":null}},{"type":"Feature","geometry":{"type":"Point","coordinates":[11.0091973,49.4230592]},"properties":{"kind":"substation","voltage":110000,"name":"Umrichterwerk Nürnberg"}},{"type":"Feature","geometry":{"type":"Point","coordinates":[11.2395192,50.136781]},"properties":{"kind":"substation","voltage":110000,"name":"Umspannwerk Burgkunstadt"}},{"type":"Feature","geometry":{"type":"Point","coordinates":[12.118044,49.02938]},"properties":{"kind":"substation","voltage":110000,"name":"Umspannwerk Höllbachstraße"}},{"type":"Feature","geometry":{"type":"Point","coordinates":[13.4333273,48.5539053]},"properties":{"kind":"substation","voltage":110000,"name":null}},{"type":"Feature","geometry":{"type":"Point","coordinates":[11.0615493,49.3857651]},"properties":{"kind":"substation","voltage":110000,"name":"Wiener Straße"}},{"type":"Feature","geometry":{"type":"Point","coordinates":[12.0963485,49.3333607]},"properties":{"kind":"substation","voltage":110000,"name":null}},{"type":"Feature","geometry":{"type":"Point","coordinates":[11.7602625,48.6343407]},"properties":{"kind":"substation","voltage":110000,"name":null}},{"type":"Feature","geometry":{"type":"Point","coordinates":[10.6612028,48.1106195]},"properties":{"kind":"substation","voltage":110000,"name":null}},{"type":"Feature","geometry":{"type":"Point","coordinates":[10.1824879,47.9924378]},"properties":{"kind":"substation","voltage":110000,"name":null}},{"type":"Feature","geometry":{"type":"Point","coordinates":[10.4268808,47.835466]},"properties":{"kind":"substation","voltage":110000,"name":null}},{"type":"Feature","geometry":{"type":"Point","coordinates":[12.7691644,48.8051203]},"properties":{"kind":"substation","voltage":110000,"name":"Gänsdorf UW"}},{"type":"Feature","geometry":{"type":"Point","coordinates":[10.5208065,50.130193]},"properties":{"kind":"substation","voltage":110000,"name":"Hofheim"}},{"type":"Feature","geometry":{"type":"Point","coordinates":[10.8377627,49.056708]},"properties":{"kind":"substation","voltage":110000,"name":"Umspannwerk Wachenhofen"}},{"type":"Feature","geometry":{"type":"Point","coordinates":[10.1407618,50.0463254]},"properties":{"kind":"substation","voltage":110000,"name":"Geldersheim"}},{"type":"Feature","geometry":{"type":"Point","coordinates":[11.9917994,48.4413154]},"properties":{"kind":"substation","voltage":110000,"name":"Kraftwerk Pfrombach"}},{"type":"Feature","geometry":{"type":"Point","coordinates":[11.8596709,48.3053383]},"properties":{"kind":"substation","voltage":110000,"name":"Kraftwerk Aufkirchen"}},{"type":"Feature","geometry":{"type":"Point","coordinates":[11.8817223,48.3585876]},"properties":{"kind":"substation","voltage":110000,"name":"Kraftwerk Eitting"}},{"type":"Feature","geometry":{"type":"Point","coordinates":[12.5109255,49.5850912]},"properties":{"kind":"substation","voltage":110000,"name":null}},{"type":"Feature","geometry":{"type":"Point","coordinates":[11.669139,47.9732391]},"properties":{"kind":"substation","voltage":110000,"name":"Umspannwerk Sauerlach"}},{"type":"Feature","geometry":{"type":"Point","coordinates":[12.5682378,48.3890863]},"properties":{"kind":"substation","voltage":110000,"name":"Hörbering"}},{"type":"Feature","geometry":{"type":"Point","coordinates":[10.0703415,49.9100525]},"properties":{"kind":"substation","voltage":110000,"name":"Bergtheim"}},{"type":"Feature","geometry":{"type":"Point","coordinates":[11.2883378,50.0273136]},"properties":{"kind":"substation","voltage":110000,"name":null}},{"type":"Feature","geometry":{"type":"Point","coordinates":[12.3765498,48.3717791]},"properties":{"kind":"substation","voltage":110000,"name":null}},{"type":"Feature","geometry":{"type":"Point","coordinates":[11.1551445,48.9891432]},"properties":{"kind":"substation","voltage":110000,"name":"UW Kaldorf"}},{"type":"Feature","geometry":{"type":"Point","coordinates":[12.3114717,48.1539463]},"properties":{"kind":"substation","voltage":110000,"name":null}},{"type":"Feature","geometry":{"type":"Point","coordinates":[10.9237557,47.8609838]},"properties":{"kind":"substation","voltage":110000,"name":null}},{"type":"Feature","geometry":{"type":"Point","coordinates":[11.3650488,48.4070684]},"properties":{"kind":"substation","voltage":110000,"name":"Kleinschwabhausen"}},{"type":"Feature","geometry":{"type":"Point","coordinates":[13.3504587,48.531546]},"properties":{"kind":"substation","voltage":110000,"name":"Umspannwerk Fürstenzell"}},{"type":"Feature","geometry":{"type":"Point","coordinates":[12.1239,48.355227]},"properties":{"kind":"substation","voltage":110000,"name":null}},{"type":"Feature","geometry":{"type":"Point","coordinates":[12.8828886,48.3229341]},"properties":{"kind":"substation","voltage":110000,"name":null}},{"type":"Feature","geometry":{"type":"Point","coordinates":[10.7388003,48.5503402]},"properties":{"kind":"substation","voltage":110000,"name":"Umspannwerk Prettelshofen"}},{"type":"Feature","geometry":{"type":"Point","coordinates":[11.8971355,48.2832372]},"properties":{"kind":"substation","voltage":110000,"name":null}},{"type":"Feature","geometry":{"type":"Point","coordinates":[11.2923158,49.075854]},"properties":{"kind":"substation","voltage":110000,"name":"Großhöbing"}},{"type":"Feature","geometry":{"type":"Point","coordinates":[11.0173854,49.1204187]},"properties":{"kind":"substation","voltage":110000,"name":"Umspannwerk Mischelbach"}},{"type":"Feature","geometry":{"type":"Point","coordinates":[10.133089,49.6229309]},"properties":{"kind":"substation","voltage":110000,"name":null}},{"type":"Feature","geometry":{"type":"Point","coordinates":[11.7114971,50.3197009]},"properties":{"kind":"substation","voltage":110000,"name":null}},{"type":"Feature","geometry":{"type":"Point","coordinates":[11.3680924,49.2924437]},"properties":{"kind":"substation","voltage":110000,"name":"Umspannwerk Heng"}},{"type":"Feature","geometry":{"type":"Point","coordinates":[12.1607163,48.9484388]},"properties":{"kind":"substation","voltage":110000,"name":"Umspannwerk Gebelkofen"}},{"type":"Feature","geometry":{"type":"Point","coordinates":[10.8258053,47.7391361]},"properties":{"kind":"substation","voltage":110000,"name":null}},{"type":"Feature","geometry":{"type":"Point","coordinates":[9.8727437,47.6280487]},"properties":{"kind":"substation","voltage":110000,"name":"Umspannwerk Biesenberg"}},{"type":"Feature","geometry":{"type":"Point","coordinates":[12.3780627,48.1943984]},"properties":{"kind":"substation","voltage":110000,"name":"Umspannwerk Waldkraiburg neu"}},{"type":"Feature","geometry":{"type":"Point","coordinates":[9.0955246,49.9461864]},"properties":{"kind":"substation","voltage":110000,"name":null}},{"type":"Feature","geometry":{"type":"Point","coordinates":[12.1008885,48.5148489]},"properties":{"kind":"substation","voltage":110000,"name":null}},{"type":"Feature","geometry":{"type":"Point","coordinates":[11.1121137,47.4772136]},"properties":{"kind":"substation","voltage":110000,"name":null}},{"type":"Feature","geometry":{"type":"Point","coordinates":[11.3146805,48.2179161]},"properties":{"kind":"substation","voltage":110000,"name":"Umspannwerk Olching"}},{"type":"Feature","geometry":{"type":"Point","coordinates":[10.7012199,48.7759876]},"properties":{"kind":"substation","voltage":110000,"name":"Umspannwerk Harburg Ost"}},{"type":"Feature","geometry":{"type":"Point","coordinates":[10.2221006,50.0367447]},"properties":{"kind":"substation","voltage":110000,"name":null}},{"type":"Feature","geometry":{"type":"Point","coordinates":[11.2209696,50.1464636]},"properties":{"kind":"substation","voltage":110000,"name":null}},{"type":"Feature","geometry":{"type":"Point","coordinates":[10.2268965,50.0318915]},"properties":{"kind":"substation","voltage":110000,"name":null}},{"type":"Feature","geometry":{"type":"Point","coordinates":[11.4723214,49.4881959]},"properties":{"kind":"substation","voltage":110000,"name":null}},{"type":"Feature","geometry":{"type":"Point","coordinates":[11.2840896,48.6529779]},"properties":{"kind":"substation","voltage":110000,"name":null}},{"type":"Feature","geometry":{"type":"Point","coordinates":[11.2632798,48.0486482]},"properties":{"kind":"substation","voltage":110000,"name":"Umspannwerk Hochstadt-Süd"}},{"type":"Feature","geometry":{"type":"Point","coordinates":[12.9804693,48.8475528]},"properties":{"kind":"substation","voltage":110000,"name":null}},{"type":"Feature","geometry":{"type":"Point","coordinates":[10.6536312,47.5679874]},"properties":{"kind":"substation","voltage":110000,"name":"Umspannwerk Füssen"}},{"type":"Feature","geometry":{"type":"Point","coordinates":[11.1949096,50.1623529]},"properties":{"kind":"substation","voltage":110000,"name":"Umspannwerk Redwitz"}},{"type":"Feature","geometry":{"type":"Point","coordinates":[11.1053457,49.9801588]},"properties":{"kind":"substation","voltage":110000,"name":"Umspannwerk Würgau"}},{"type":"Feature","geometry":{"type":"Point","coordinates":[12.1143719,49.6320404]},"properties":{"kind":"substation","voltage":110000,"name":"Umspannwerk Etzenricht"}},{"type":"Feature","geometry":{"type":"Point","coordinates":[11.3803754,48.0681424]},"properties":{"kind":"substation","voltage":110000,"name":"Umspannwerk Gauting"}},{"type":"Feature","geometry":{"type":"Point","coordinates":[12.6235948,48.1460823]},"properties":{"kind":"substation","voltage":110000,"name":null}},{"type":"Feature","geometry":{"type":"Point","coordinates":[11.3387048,47.6303221]},"properties":{"kind":"substation","voltage":110000,"name":null}},{"type":"Feature","geometry":{"type":"Point","coordinates":[11.7816576,48.1181263]},"properties":{"kind":"substation","voltage":110000,"name":"Umspannwerk Vaterstetten Nord"}},{"type":"Feature","geometry":{"type":"Point","coordinates":[9.8664261,47.5919707]},"properties":{"kind":"substation","voltage":110000,"name":"Umspannwerk Lindenberg"}},{"type":"Feature","geometry":{"type":"Point","coordinates":[10.4087327,48.1484638]},"properties":{"kind":"substation","voltage":110000,"name":null}},{"type":"Feature","geometry":{"type":"Point","coordinates":[10.2428528,49.416792]},"properties":{"kind":"substation","voltage":110000,"name":"Umspannwerk Hartershofen"}},{"type":"Feature","geometry":{"type":"Point","coordinates":[11.2297505,48.8315509]},"properties":{"kind":"substation","voltage":110000,"name":"Umspannwerk Adelschlag"}},{"type":"Feature","geometry":{"type":"Point","coordinates":[11.4524664,48.7383621]},"properties":{"kind":"substation","voltage":110000,"name":"Umspannwerk Kothau"}},{"type":"Feature","geometry":{"type":"Point","coordinates":[10.2818157,48.4154592]},"properties":{"kind":"substation","voltage":110000,"name":null}},{"type":"Feature","geometry":{"type":"Point","coordinates":[10.9419263,50.0259234]},"properties":{"kind":"substation","voltage":110000,"name":"Unterwerk Zapfendorf"}},{"type":"Feature","geometry":{"type":"Point","coordinates":[10.3567154,50.2411439]},"properties":{"kind":"substation","voltage":110000,"name":null}},{"type":"Feature","geometry":{"type":"Point","coordinates":[11.7972775,48.4546036]},"properties":{"kind":"substation","voltage":110000,"name":null}},{"type":"Feature","geometry":{"type":"Point","coordinates":[11.8005964,48.4560545]},"properties":{"kind":"substation","voltage":110000,"name":null}},{"type":"Feature","geometry":{"type":"Point","coordinates":[11.8591374,48.3052124]},"properties":{"kind":"substation","voltage":110000,"name":null}},{"type":"Feature","geometry":{"type":"Point","coordinates":[11.88133,48.3582775]},"properties":{"kind":"substation","voltage":110000,"name":null}},{"type":"Feature","geometry":{"type":"Point","coordinates":[12.3450172,48.9734761]},"properties":{"kind":"substation","voltage":110000,"name":"Umspannwerk Geisling"}},{"type":"Feature","geometry":{"type":"Point","coordinates":[11.5113534,48.5095062]},"properties":{"kind":"substation","voltage":110000,"name":"Umspannwerk Reisgang"}},{"type":"Feature","geometry":{"type":"Point","coordinates":[9.5702683,49.8270808]},"properties":{"kind":"substation","voltage":110000,"name":null}},{"type":"Feature","geometry":{"type":"Point","coordinates":[10.5569847,49.4616832]},"properties":{"kind":"substation","voltage":110000,"name":"Buch"}},{"type":"Feature","geometry":{"type":"Point","coordinates":[12.8586313,48.3925228]},"properties":{"kind":"substation","voltage":110000,"name":"UW Herbertsfelden"}},{"type":"Feature","geometry":{"type":"Point","coordinates":[11.3854365,50.2257594]},"properties":{"kind":"substation","voltage":110000,"name":"UW Fischbach"}},{"type":"Feature","geometry":{"type":"Point","coordinates":[11.5242205,49.0648977]},"properties":{"kind":"substation","voltage":110000,"name":"Umspannwerk Kevenhüll"}},{"type":"Feature","geometry":{"type":"Point","coordinates":[12.7576102,48.7528286]},"properties":{"kind":"substation","voltage":110000,"name":"Umspannwerk Wallnsdorf (im Bau)"}},{"type":"Feature","geometry":{"type":"Point","coordinates":[13.5113267,52.5308731]},"properties":{"kind":"substation","voltage":110000,"name":"Umspannwerk Arendsweg"}},{"type":"Feature","geometry":{"type":"Point","coordinates":[13.3263229,52.5142139]},"properties":{"kind":"substation","voltage":110000,"name":"Umspannwerk TU Nord"}},{"type":"Feature","geometry":{"type":"Point","coordinates":[13.3166321,52.4404173]},"properties":{"kind":"substation","voltage":110000,"name":"Umspannwerk Klinikum Steglitz"}},{"type":"Feature","geometry":{"type":"Point","coordinates":[13.3182393,52.4371888]},"properties":{"kind":"substation","voltage":110000,"name":"Umspannwerk FU-Krahmerstraße"}},{"type":"Feature","geometry":{"type":"Point","coordinates":[13.4602645,52.4354701]},"properties":{"kind":"substation","voltage":110000,"name":"Umspannwerk Krankenhaus Neukölln"}},{"type":"Feature","geometry":{"type":"Point","coordinates":[13.364337,52.5397249]},"properties":{"kind":"substation","voltage":110000,"name":"Umspannwerk Bayer"}},{"type":"Feature","geometry":{"type":"Point","coordinates":[13.2637918,52.5359965]},"properties":{"kind":"substation","voltage":110000,"name":"Umspannwerk Siemens Dynamowerk"}},{"type":"Feature","geometry":{"type":"Point","coordinates":[13.2875238,52.451314]},"properties":{"kind":"substation","voltage":110000,"name":"Umspannwerk FU Thielallee"}},{"type":"Feature","geometry":{"type":"Point","coordinates":[13.2926546,52.5339555]},"properties":{"kind":"substation","voltage":110000,"name":"Umspannwerk Jakob-Kaiser-Platz"}},{"type":"Feature","geometry":{"type":"Point","coordinates":[13.4938076,52.5600732]},"properties":{"kind":"substation","voltage":110000,"name":"Umspannwerk Falkenberger Straße"}},{"type":"Feature","geometry":{"type":"Point","coordinates":[13.4938727,52.5897748]},"properties":{"kind":"substation","voltage":110000,"name":"Umspannwerk Malchow"}},{"type":"Feature","geometry":{"type":"Point","coordinates":[13.5063407,52.4737262]},"properties":{"kind":"substation","voltage":220000,"name":"Umspannwerk Wuhlheide"}},{"type":"Feature","geometry":{"type":"Point","coordinates":[13.3503208,52.5377871]},"properties":{"kind":"substation","voltage":110000,"name":"Umspannwerk Moabit"}},{"type":"Feature","geometry":{"type":"Point","coordinates":[13.4694687,52.5219482]},"properties":{"kind":"substation","voltage":110000,"name":null}},{"type":"Feature","geometry":{"type":"Point","coordinates":[13.5277459,52.5585383]},"properties":{"kind":"substation","voltage":110000,"name":"Umspannwerk Rüsternweg"}},{"type":"Feature","geometry":{"type":"Point","coordinates":[13.3985431,52.5275802]},"properties":{"kind":"substation","voltage":110000,"name":"Umspannwerk Koppenplatz"}},{"type":"Feature","geometry":{"type":"Point","coordinates":[13.5816086,52.5116449]},"properties":{"kind":"substation","voltage":110000,"name":null}},{"type":"Feature","geometry":{"type":"Point","coordinates":[13.3305989,52.5629477]},"properties":{"kind":"substation","voltage":110000,"name":"Umspannwerk Reinickendorf"}},{"type":"Feature","geometry":{"type":"Point","coordinates":[13.465759,52.5029445]},"properties":{"kind":"substation","voltage":110000,"name":"S-Bahn Gleichrichterunterwerk Markgrafendamm"}},{"type":"Feature","geometry":{"type":"Point","coordinates":[13.378782,52.5076323]},"properties":{"kind":"substation","voltage":110000,"name":"Umspannwerk Potsdamer Platz"}},{"type":"Feature","geometry":{"type":"Point","coordinates":[13.2475094,52.5301153]},"properties":{"kind":"substation","voltage":110000,"name":null}},{"type":"Feature","geometry":{"type":"Point","coordinates":[13.1809363,52.524037]},"properties":{"kind":"substation","voltage":110000,"name":"Umspannwerk Amalienhof"}},{"type":"Feature","geometry":{"type":"Point","coordinates":[13.3831462,52.5487939]},"properties":{"kind":"substation","voltage":110000,"name":"Umspannwerk Gesundbrunnen"}},{"type":"Feature","geometry":{"type":"Point","coordinates":[13.3100566,52.4238697]},"properties":{"kind":"substation","voltage":110000,"name":"Umspannwerk Lichterfelde"}},{"type":"Feature","geometry":{"type":"Point","coordinates":[13.307256,52.5815817]},"properties":{"kind":"substation","voltage":110000,"name":"Umspannwerk Wittenau"}},{"type":"Feature","geometry":{"type":"Point","coordinates":[13.3294494,52.44382]},"properties":{"kind":"substation","voltage":110000,"name":"Umspannwerk Steglitz"}},{"type":"Feature","geometry":{"type":"Point","coordinates":[13.4584235,52.6082215]},"properties":{"kind":"substation","voltage":110000,"name":"Bahnstrom Unterwerk Karow"}},{"type":"Feature","geometry":{"type":"Point","coordinates":[13.3066524,52.5822065]},"properties":{"kind":"substation","voltage":110000,"name":"Umspannwerk Holzhauser Straße"}},{"type":"Feature","geometry":{"type":"Point","coordinates":[13.4685078,52.6326223]},"properties":{"kind":"substation","voltage":110000,"name":"Umspannwerk Buch"}},{"type":"Feature","geometry":{"type":"Point","coordinates":[13.21189,52.5794567]},"properties":{"kind":"substation","voltage":110000,"name":"Umspannwerk Oberhavel"}},{"type":"Feature","geometry":{"type":"Point","coordinates":[13.2116827,52.5806648]},"properties":{"kind":"substation","voltage":380000,"name":"Umspannwerk Teufelsbruch"}},{"type":"Feature","geometry":{"type":"Point","coordinates":[13.3686204,52.5032008]},"properties":{"kind":"substation","voltage":380000,"name":"Umspannwerk Mitte"}},{"type":"Feature","geometry":{"type":"Point","coordinates":[13.4564335,52.5214596]},"properties":{"kind":"substation","voltage":380000,"name":"Umspannwerk Friedrichshain"}},{"type":"Feature","geometry":{"type":"Point","coordinates":[13.4599083,52.4680222]},"properties":{"kind":"substation","voltage":110000,"name":"Umspannwerk Grenzallee"}},{"type":"Feature","geometry":{"type":"Point","coordinates":[13.3073644,52.4797837]},"properties":{"kind":"substation","voltage":110000,"name":"Umspannwerk Forckenbeck"}},{"type":"Feature","geometry":{"type":"Point","coordinates":[13.3534725,52.5029201]},"properties":{"kind":"substation","voltage":110000,"name":"Umspannwerk Lützow"}},{"type":"Feature","geometry":{"type":"Point","coordinates":[13.4201463,52.5558118]},"properties":{"kind":"substation","voltage":110000,"name":"Umspannwerk Lunder Straße"}},{"type":"Feature","geometry":{"type":"Point","coordinates":[13.5222617,52.5246207]},"properties":{"kind":"substation","voltage":110000,"name":"Umspannwerk Rhinstraße"}},{"type":"Feature","geometry":{"type":"Point","coordinates":[13.3169515,52.5866967]},"properties":{"kind":"substation","voltage":110000,"name":"Umspannwerk Nordgraben"}},{"type":"Feature","geometry":{"type":"Point","coordinates":[13.4794468,52.5337753]},"properties":{"kind":"substation","voltage":110000,"name":"Umspannwerk Fennpfuhl"}},{"type":"Feature","geometry":{"type":"Point","coordinates":[13.5373504,52.5376064]},"properties":{"kind":"substation","voltage":110000,"name":"Umspannwerk Biesdorf Nord"}},{"type":"Feature","geometry":{"type":"Point","coordinates":[13.58639,52.4564859]},"properties":{"kind":"substation","voltage":110000,"name":"Umspannwerk Gelnitzstraße"}},{"type":"Feature","geometry":{"type":"Point","coordinates":[13.3845507,52.5135906]},"properties":{"kind":"substation","voltage":110000,"name":"Umspannwerk Jägerstraße"}},{"type":"Feature","geometry":{"type":"Point","coordinates":[13.4930993,52.5607383]},"properties":{"kind":"substation","voltage":110000,"name":null}},{"type":"Feature","geometry":{"type":"Point","coordinates":[13.3069868,52.5819124]},"properties":{"kind":"substation","voltage":110000,"name":null}},{"type":"Feature","geometry":{"type":"Point","coordinates":[13.4281465,52.478276]},"properties":{"kind":"substation","voltage":110000,"name":"Umspannwerk Rollberg"}},{"type":"Feature","geometry":{"type":"Point","coordinates":[13.2489388,52.5316203]},"properties":{"kind":"substation","voltage":380000,"name":"Umspannwerk Reuter"}},{"type":"Feature","geometry":{"type":"Point","coordinates":[13.4879658,52.6174689]},"properties":{"kind":"substation","voltage":110000,"name":"Umspannwerk Karow"}},{"type":"Feature","geometry":{"type":"Point","coordinates":[13.2464582,52.5389873]},"properties":{"kind":"substation","voltage":110000,"name":"Umspannwerk Siemens"}},{"type":"Feature","geometry":{"type":"Point","coordinates":[13.3578833,52.5438772]},"properties":{"kind":"substation","voltage":110000,"name":"Umspannwerk Wedding"}},{"type":"Feature","geometry":{"type":"Point","coordinates":[13.3601297,52.5665671]},"properties":{"kind":"substation","voltage":110000,"name":"Stargardtstraße"}},{"type":"Feature","geometry":{"type":"Point","coordinates":[13.3607059,52.5666854]},"properties":{"kind":"substation","voltage":110000,"name":"Umspannwerk Schäfersee"}},{"type":"Feature","geometry":{"type":"Point","coordinates":[13.4129278,52.5886755]},"properties":{"kind":"substation","voltage":110000,"name":"Umspannwerk Niederschönhausen"}},{"type":"Feature","geometry":{"type":"Point","coordinates":[13.4700838,52.5090611]},"properties":{"kind":"substation","voltage":110000,"name":"Umspannwerk Gürtelstraße"}},{"type":"Feature","geometry":{"type":"Point","coordinates":[13.5725851,52.4149278]},"properties":{"kind":"substation","voltage":110000,"name":"Umspannwerk Grünau"}},{"type":"Feature","geometry":{"type":"Point","coordinates":[13.4831153,52.5005924]},"properties":{"kind":"substation","voltage":110000,"name":null}},{"type":"Feature","geometry":{"type":"Point","coordinates":[13.5210251,52.4599702]},"properties":{"kind":"substation","voltage":110000,"name":"Lauffener Straße"}},{"type":"Feature","geometry":{"type":"Point","coordinates":[13.514174,52.4846679]},"properties":{"kind":"substation","voltage":110000,"name":"Umspannwerk Trautenauer Straße"}},{"type":"Feature","geometry":{"type":"Point","coordinates":[13.418637,52.511084]},"properties":{"kind":"substation","voltage":110000,"name":null}},{"type":"Feature","geometry":{"type":"Point","coordinates":[13.4440072,52.5113385]},"properties":{"kind":"substation","voltage":110000,"name":"Umspannwerk Rüdersdorfer Straße"}},{"type":"Feature","geometry":{"type":"Point","coordinates":[13.3474658,52.4924867]},"properties":{"kind":"substation","voltage":110000,"name":"Umspannwerk Barbarossa"}},{"type":"Feature","geometry":{"type":"Point","coordinates":[13.3122438,52.5132642]},"properties":{"kind":"substation","voltage":110000,"name":"Umspannwerk Zille"}},{"type":"Feature","geometry":{"type":"Point","coordinates":[13.3067505,52.5215832]},"properties":{"kind":"substation","voltage":110000,"name":"Umspannwerk Sömmering"}},{"type":"Feature","geometry":{"type":"Point","coordinates":[13.2994663,52.5147528]},"properties":{"kind":"substation","voltage":110000,"name":"Umspannwerk Hebbel"}},{"type":"Feature","geometry":{"type":"Point","coordinates":[13.3939901,52.5008222]},"properties":{"kind":"substation","voltage":110000,"name":"Umspannwerk Lindenstraße"}},{"type":"Feature","geometry":{"type":"Point","coordinates":[13.393887,52.4928771]},"properties":{"kind":"substation","voltage":110000,"name":"Umspannwerk Zossener Straße"}},{"type":"Feature","geometry":{"type":"Point","coordinates":[13.4870868,52.4223322]},"properties":{"kind":"substation","voltage":110000,"name":"Umspannwerk Gropius"}},{"type":"Feature","geometry":{"type":"Point","coordinates":[13.4345916,52.4866038]},"properties":{"kind":"substation","voltage":110000,"name":"Umspannwerk Weserstraße"}},{"type":"Feature","geometry":{"type":"Point","coordinates":[13.4484882,52.4250364]},"properties":{"kind":"substation","voltage":110000,"name":"Umspannwerk Wildmeister"}},{"type":"Feature","geometry":{"type":"Point","coordinates":[13.2687677,52.4506361]},"properties":{"kind":"substation","voltage":110000,"name":"Umspannwerk Dahlem"}},{"type":"Feature","geometry":{"type":"Point","coordinates":[13.3023623,52.433635]},"properties":{"kind":"substation","voltage":110000,"name":"Umspannwerk Kopernikus"}},{"type":"Feature","geometry":{"type":"Point","coordinates":[13.2585241,52.4194865]},"properties":{"kind":"substation","voltage":110000,"name":"Umspannwerk Claszeile"}},{"type":"Feature","geometry":{"type":"Point","coordinates":[13.2127918,52.4341268]},"properties":{"kind":"substation","voltage":110000,"name":"Umspannwerk Schlachtensee"}},{"type":"Feature","geometry":{"type":"Point","coordinates":[13.3765166,52.4299686]},"properties":{"kind":"substation","voltage":110000,"name":"Umspannwerk Großbeeren"}},{"type":"Feature","geometry":{"type":"Point","coordinates":[13.3807535,52.4102962]},"properties":{"kind":"substation","voltage":110000,"name":"Umspannwerk Marienfelde"}},{"type":"Feature","geometry":{"type":"Point","coordinates":[13.4023533,52.4112707]},"properties":{"kind":"substation","voltage":110000,"name":"Umspannwerk Baldersheim"}},{"type":"Feature","geometry":{"type":"Point","coordinates":[13.3370307,52.6040515]},"properties":{"kind":"substation","voltage":110000,"name":"Umspannwerk Eichhorst"}},{"type":"Feature","geometry":{"type":"Point","coordinates":[13.34186,52.5864998]},"properties":{"kind":"substation","voltage":110000,"name":"Umspannwerk Roedernallee"}},{"type":"Feature","geometry":{"type":"Point","coordinates":[13.3155265,52.5220201]},"properties":{"kind":"substation","voltage":380000,"name":"Umspannwerk Charlottenburg"}},{"type":"Feature","geometry":{"type":"Point","coordinates":[13.1806975,52.5239292]},"properties":{"kind":"substation","voltage":110000,"name":"Umspannwerk Amalienhof"}},{"type":"Feature","geometry":{"type":"Point","coordinates":[13.4061605,52.50924]},"properties":{"kind":"substation","voltage":110000,"name":"Umspannwerk Spittelmarkt"}},{"type":"Feature","geometry":{"type":"Point","coordinates":[13.3482952,52.4353711]},"properties":{"kind":"substation","voltage":110000,"name":"Umspannwerk Gallwitz"}},{"type":"Feature","geometry":{"type":"Point","coordinates":[13.3459171,52.4646858]},"properties":{"kind":"substation","voltage":110000,"name":"Umspannwerk Rubens"}},{"type":"Feature","geometry":{"type":"Point","coordinates":[13.4328713,52.5414525]},"properties":{"kind":"substation","voltage":110000,"name":"Umspannwerk Prenzlauer Berg"}},{"type":"Feature","geometry":{"type":"Point","coordinates":[13.5463596,52.4353486]},"properties":{"kind":"substation","voltage":110000,"name":"Umspannwerk Moissistraße"}},{"type":"Feature","geometry":{"type":"Point","coordinates":[13.5851554,52.5046965]},"properties":{"kind":"substation","voltage":110000,"name":"Umspannwerk Alt-Kaulsdorf"}},{"type":"Feature","geometry":{"type":"Point","coordinates":[13.4001556,52.4648392]},"properties":{"kind":"substation","voltage":110000,"name":"Umspannwerk Germania"}},{"type":"Feature","geometry":{"type":"Point","coordinates":[13.1799107,52.5076317]},"properties":{"kind":"substation","voltage":110000,"name":"Umspannwerk Gatow"}},{"type":"Feature","geometry":{"type":"Point","coordinates":[13.2166575,52.5668042]},"properties":{"kind":"substation","voltage":110000,"name":"Umspannwerk Hakenfelde"}},{"type":"Feature","geometry":{"type":"Point","coordinates":[13.4894145,52.5262671]},"properties":{"kind":"substation","voltage":110000,"name":"Umspannwerk Herzbergstraße"}},{"type":"Feature","geometry":{"type":"Point","coordinates":[13.3016841,52.6195142]},"properties":{"kind":"substation","voltage":110000,"name":"Umspannwerk Hermsdorf"}},{"type":"Feature","geometry":{"type":"Point","coordinates":[13.1986735,52.5433304]},"properties":{"kind":"substation","voltage":110000,"name":"Umspannwerk Askania"}},{"type":"Feature","geometry":{"type":"Point","coordinates":[13.3247239,52.5045434]},"properties":{"kind":"substation","voltage":110000,"name":"Umspannwerk Uhlandstraße"}},{"type":"Feature","geometry":{"type":"Point","coordinates":[13.3327167,52.4851292]},"properties":{"kind":"substation","voltage":110000,"name":"Umspannwerk Prinzregentenstraße"}},{"type":"Feature","geometry":{"type":"Point","coordinates":[13.3073137,52.493737]},"properties":{"kind":"substation","voltage":110000,"name":"Umspannwerk Münstersche Straße"}},{"type":"Feature","geometry":{"type":"Point","coordinates":[13.4179373,52.5108044]},"properties":{"kind":"substation","voltage":110000,"name":"Umspannwerk Ohmstraße"}},{"type":"Feature","geometry":{"type":"Point","coordinates":[13.2367704,52.6025657]},"properties":{"kind":"substation","voltage":110000,"name":"Umspannwerk Heiligensee"}},{"type":"Feature","geometry":{"type":"Point","coordinates":[13.3161066,52.4600083]},"properties":{"kind":"substation","voltage":110000,"name":"Umspannwerk Lepsius"}},{"type":"Feature","geometry":{"type":"Point","coordinates":[13.3674928,52.4452838]},"properties":{"kind":"substation","voltage":110000,"name":"Umspannwerk Mariendorf"}},{"type":"Feature","geometry":{"type":"Point","coordinates":[13.4113475,52.5649059]},"properties":{"kind":"substation","voltage":110000,"name":"Umspannwerk Pankow"}},{"type":"Feature","geometry":{"type":"Point","coordinates":[13.1716304,52.5503444]},"properties":{"kind":"substation","voltage":110000,"name":"Umspannwerk Radeland"}},{"type":"Feature","geometry":{"type":"Point","coordinates":[13.4552863,52.5023074]},"properties":{"kind":"substation","voltage":110000,"name":"Umspannwerk Rudolfplatz"}},{"type":"Feature","geometry":{"type":"Point","coordinates":[13.4438218,52.467275]},"properties":{"kind":"substation","voltage":110000,"name":"Umspannwerk Neukölln"}},{"type":"Feature","geometry":{"type":"Point","coordinates":[13.3814231,52.5483672]},"properties":{"kind":"substation","voltage":110000,"name":"Abnehmeranlage Nord"}},{"type":"Feature","geometry":{"type":"Point","coordinates":[13.4651206,52.5028997]},"properties":{"kind":"substation","voltage":110000,"name":"Abnehmeranlage Ost"}},{"type":"Feature","geometry":{"type":"Point","coordinates":[13.4204141,52.5559831]},"properties":{"kind":"substation","voltage":110000,"name":null}},{"type":"Feature","geometry":{"type":"Point","coordinates":[13.3178876,52.5261301]},"properties":{"kind":"substation","voltage":110000,"name":"Umspannwerk Wiebestraße"}},{"type":"Feature","geometry":{"type":"Point","coordinates":[13.2312743,52.5394237]},"properties":{"kind":"substation","voltage":110000,"name":"Umspannwerk Uklei"}},{"type":"Feature","geometry":{"type":"Point","coordinates":[13.2106981,52.529259]},"properties":{"kind":"substation","voltage":110000,"name":"Umspannwerk Tiefwerder"}},{"type":"Feature","geometry":{"type":"Point","coordinates":[13.2790121,52.4368192]},"properties":{"kind":"substation","voltage":110000,"name":null}},{"type":"Feature","geometry":{"type":"Point","coordinates":[13.1926947,52.5288863]},"properties":{"kind":"substation","voltage":110000,"name":"Umspannwerk Spandau"}},{"type":"Feature","geometry":{"type":"Point","coordinates":[13.484859,52.4379237]},"properties":{"kind":"substation","voltage":110000,"name":"Umspannwerk Rudow"}},{"type":"Feature","geometry":{"type":"Point","coordinates":[13.3076788,52.4808307]},"properties":{"kind":"substation","voltage":110000,"name":"Umspannwerk Wilmersdorf"}},{"type":"Feature","geometry":{"type":"Point","coordinates":[13.2870997,52.580124]},"properties":{"kind":"substation","voltage":110000,"name":"Umspannwerk Tegel"}},{"type":"Feature","geometry":{"type":"Point","coordinates":[13.4942573,52.4886417]},"properties":{"kind":"substation","voltage":110000,"name":"Umspannwerk Heizkraftwerk Klingenberg"}},{"type":"Feature","geometry":{"type":"Point","coordinates":[13.442661,52.4765555]},"properties":{"kind":"substation","voltage":110000,"name":"Umspannwerk Richardstraße"}},{"type":"Feature","geometry":{"type":"Point","coordinates":[13.3762986,52.4561921]},"properties":{"kind":"substation","voltage":110000,"name":"Umspannwerk Attilaplatz"}},{"type":"Feature","geometry":{"type":"Point","coordinates":[13.323792,52.5110836]},"properties":{"kind":"substation","voltage":110000,"name":"Umspannwerk TU Süd"}},{"type":"Feature","geometry":{"type":"Point","coordinates":[13.3950553,52.4836478]},"properties":{"kind":"substation","voltage":110000,"name":"Umspannwerk Flughafen Tempelhof"}},{"type":"Feature","geometry":{"type":"Point","coordinates":[13.5166282,52.4249058]},"properties":{"kind":"substation","voltage":110000,"name":"Umspannwerk Fernwärmekraftwerk Neukölln"}},{"type":"Feature","geometry":{"type":"Point","coordinates":[13.5273212,52.427448]},"properties":{"kind":"substation","voltage":110000,"name":"Umspannwerk Wegedornstrasse"}},{"type":"Feature","geometry":{"type":"Point","coordinates":[13.2297033,52.5301034]},"properties":{"kind":"substation","voltage":110000,"name":"Umspannwerk Klärwerk Ruhleben"}},{"type":"Feature","geometry":{"type":"Point","coordinates":[13.2722316,52.5008516]},"properties":{"kind":"substation","voltage":110000,"name":"Umspannwerk Messe Berlin"}},{"type":"Feature","geometry":{"type":"Point","coordinates":[13.2831161,52.4980639]},"properties":{"kind":"substation","voltage":110000,"name":"Abnehmeranlage West"}},{"type":"Feature","geometry":{"type":"Point","coordinates":[13.3158681,52.4869738]},"properties":{"kind":"substation","voltage":110000,"name":"Umspannwerk Mannheimer Straße"}},{"type":"Feature","geometry":{"type":"Point","coordinates":[13.4338246,52.4408004]},"properties":{"kind":"substation","voltage":110000,"name":"Umspannwerk Britz"}},{"type":"Feature","geometry":{"type":"Point","coordinates":[13.342277,52.5286811]},"properties":{"kind":"substation","voltage":110000,"name":"Umspannwerk Stromstraße"}},{"type":"Feature","geometry":{"type":"Point","coordinates":[13.3077391,52.5229657]},"properties":{"kind":"substation","voltage":110000,"name":"Umspannwerk Charlottenburg"}},{"type":"Feature","geometry":{"type":"Point","coordinates":[13.259001,52.5366356]},"properties":{"kind":"substation","voltage":110000,"name":"Dynamowerk Berlin"}},{"type":"Feature","geometry":{"type":"Point","coordinates":[13.4284409,52.4781054]},"properties":{"kind":"substation","voltage":110000,"name":"Umspannwerk Rollberg"}},{"type":"Feature","geometry":{"type":"Point","coordinates":[13.5372683,52.53706]},"properties":{"kind":"substation","voltage":110000,"name":"Umspannwerk Poelchaustrasse"}},{"type":"Feature","geometry":{"type":"Point","coordinates":[13.3728329,52.4388142]},"properties":{"kind":"substation","voltage":110000,"name":"Umspannwerk Altes Gaswerk Marienfelde"}},{"type":"Feature","geometry":{"type":"Point","coordinates":[13.415,52.5178012]},"properties":{"kind":"substation","voltage":110000,"name":"Umspannwerk Voltairestrasse"}},{"type":"Feature","geometry":{"type":"Point","coordinates":[13.2592675,52.9571254]},"properties":{"kind":"substation","voltage":110000,"name":null}},{"type":"Feature","geometry":{"type":"Point","coordinates":[13.9362889,52.2639646]},"properties":{"kind":"substation","voltage":110000,"name":"Storkow"}},{"type":"Feature","geometry":{"type":"Point","coordinates":[13.7130146,52.7150123]},"properties":{"kind":"substation","voltage":110000,"name":"Tempelfelde"}},{"type":"Feature","geometry":{"type":"Point","coordinates":[13.0318526,52.3903825]},"properties":{"kind":"substation","voltage":110000,"name":"Zeppelinstraße"}},{"type":"Feature","geometry":{"type":"Point","coordinates":[13.9673612,51.741116]},"properties":{"kind":"substation","voltage":110000,"name":"Calau"}},{"type":"Feature","geometry":{"type":"Point","coordinates":[13.2007388,52.6936925]},"properties":{"kind":"substation","voltage":110000,"name":"Velten"}},{"type":"Feature","geometry":{"type":"Point","coordinates":[13.5543942,53.1744001]},"properties":{"kind":"substation","voltage":110000,"name":"Klosterwalde"}},{"type":"Feature","geometry":{"type":"Point","coordinates":[13.5633299,52.6695713]},"properties":{"kind":"substation","voltage":110000,"name":"Umspannwerk Bernau"}},{"type":"Feature","geometry":{"type":"Point","coordinates":[12.9738321,52.5407632]},"properties":{"kind":"substation","voltage":110000,"name":"Unterwerk Priort"}},{"type":"Feature","geometry":{"type":"Point","coordinates":[13.2654829,52.3446244]},"properties":{"kind":"substation","voltage":110000,"name":"Großbeeren"}},{"type":"Feature","geometry":{"type":"Point","coordinates":[12.2777725,52.59055]},"properties":{"kind":"substation","voltage":110000,"name":"Unterwerk Rathenow"}},{"type":"Feature","geometry":{"type":"Point","coordinates":[13.2719234,52.6627258]},"properties":{"kind":"substation","voltage":110000,"name":"Hohen Neuendorf"}},{"type":"Feature","geometry":{"type":"Point","coordinates":[12.3458245,52.4597575]},"properties":{"kind":"substation","voltage":110000,"name":"Schaltwerk Nitzahn"}},{"type":"Feature","geometry":{"type":"Point","coordinates":[13.2772885,52.3350145]},"properties":{"kind":"substation","voltage":110000,"name":"Unterwerk Genshagener Heide"}},{"type":"Feature","geometry":{"type":"Point","coordinates":[13.2701311,52.3313543]},"properties":{"kind":"substation","voltage":110000,"name":"VUW IWL 110 kV"}},{"type":"Feature","geometry":{"type":"Point","coordinates":[13.1133111,52.365065]},"properties":{"kind":"substation","voltage":110000,"name":"Potsdam Süd"}},{"type":"Feature","geometry":{"type":"Point","coordinates":[13.7871522,52.4903973]},"properties":{"kind":"substation","voltage":110000,"name":"Rüdersdorf"}},{"type":"Feature","geometry":{"type":"Point","coordinates":[12.9793047,52.3645363]},"properties":{"kind":"substation","voltage":110000,"name":"Geltow"}},{"type":"Feature","geometry":{"type":"Point","coordinates":[13.2136946,52.6418481]},"properties":{"kind":"substation","voltage":110000,"name":"Hennigsdorf"}},{"type":"Feature","geometry":{"type":"Point","coordinates":[12.969154,52.4029682]},"properties":{"kind":"substation","voltage":110000,"name":"Unterwerk Golm"}},{"type":"Feature","geometry":{"type":"Point","coordinates":[12.4101014,52.3821946]},"properties":{"kind":"substation","voltage":110000,"name":"Unterwerk Kirchmöser"}},{"type":"Feature","geometry":{"type":"Point","coordinates":[13.3476232,53.0084329]},"properties":{"kind":"substation","voltage":110000,"name":"Neuhof"}},{"type":"Feature","geometry":{"type":"Point","coordinates":[13.3029488,52.2335878]},"properties":{"kind":"substation","voltage":110000,"name":"Bahnstrom Umrichterwerk Thyrow (alt)"}},{"type":"Feature","geometry":{"type":"Point","coordinates":[13.8725768,53.3332242]},"properties":{"kind":"substation","voltage":110000,"name":"Umformerwerk Prenzlau"}},{"type":"Feature","geometry":{"type":"Point","coordinates":[13.5974426,52.6098908]},"properties":{"kind":"substation","voltage":110000,"name":"Blumberg"}},{"type":"Feature","geometry":{"type":"Point","coordinates":[13.097316,52.5880909]},"properties":{"kind":"substation","voltage":110000,"name":"Falkensee"}},{"type":"Feature","geometry":{"type":"Point","coordinates":[12.3579546,52.6019855]},"properties":{"kind":"substation","voltage":110000,"name":"Rathenow"}},{"type":"Feature","geometry":{"type":"Point","coordinates":[13.6704238,52.6913456]},"properties":{"kind":"substation","voltage":110000,"name":"Umspannwerk Willmersdorf"}},{"type":"Feature","geometry":{"type":"Point","coordinates":[13.2308022,51.5703857]},"properties":{"kind":"substation","voltage":110000,"name":null}},{"type":"Feature","geometry":{"type":"Point","coordinates":[13.4800455,52.1340264]},"properties":{"kind":"substation","voltage":110000,"name":"Unterwerk Neuhof"}},{"type":"Feature","geometry":{"type":"Point","coordinates":[13.4837707,52.7859436]},"properties":{"kind":"substation","voltage":110000,"name":"Klosterfelde"}},{"type":"Feature","geometry":{"type":"Point","coordinates":[12.8759337,52.5280715]},"properties":{"kind":"substation","voltage":110000,"name":"Etzin"}},{"type":"Feature","geometry":{"type":"Point","coordinates":[14.4319682,51.8894793]},"properties":{"kind":"substation","voltage":110000,"name":"Umspannstation Turnow"}},{"type":"Feature","geometry":{"type":"Point","coordinates":[13.4888671,52.3940953]},"properties":{"kind":"substation","voltage":110000,"name":"Umspannwerk Schönefeld Nord"}},{"type":"Feature","geometry":{"type":"Point","coordinates":[13.2877972,52.2102]},"properties":{"kind":"substation","voltage":110000,"name":"Christinendorf"}},{"type":"Feature","geometry":{"type":"Point","coordinates":[13.5984435,51.8542824]},"properties":{"kind":"substation","voltage":110000,"name":"Uckro"}},{"type":"Feature","geometry":{"type":"Point","coordinates":[13.597786,51.8515788]},"properties":{"kind":"substation","voltage":110000,"name":"Kemlitz"}},{"type":"Feature","geometry":{"type":"Point","coordinates":[14.2706568,53.0960355]},"properties":{"kind":"substation","voltage":110000,"name":"Umspannwerk Vierraden"}},{"type":"Feature","geometry":{"type":"Point","coordinates":[12.9898713,53.1451111]},"properties":{"kind":"substation","voltage":110000,"name":"KKW Rheinsberg"}},{"type":"Feature","geometry":{"type":"Point","coordinates":[12.9055051,53.0901825]},"properties":{"kind":"substation","voltage":110000,"name":"Rheinsberg"}},{"type":"Feature","geometry":{"type":"Point","coordinates":[12.4994125,52.4054159]},"properties":{"kind":"substation","voltage":220000,"name":"Brandenburg-West"}},{"type":"Feature","geometry":{"type":"Point","coordinates":[13.6345595,52.3272465]},"properties":{"kind":"substation","voltage":110000,"name":"Wildau"}},{"type":"Feature","geometry":{"type":"Point","coordinates":[14.4756936,51.7930857]},"properties":{"kind":"substation","voltage":110000,"name":"Cottbus/Halde"}},{"type":"Feature","geometry":{"type":"Point","coordinates":[13.0763912,52.3917376]},"properties":{"kind":"substation","voltage":110000,"name":"UW Nuthe"}},{"type":"Feature","geometry":{"type":"Point","coordinates":[12.8706634,52.4911687]},"properties":{"kind":"substation","voltage":110000,"name":"Ketzin"}},{"type":"Feature","geometry":{"type":"Point","coordinates":[13.5209767,52.0806502]},"properties":{"kind":"substation","voltage":110000,"name":"Umspannwerk Baruth"}},{"type":"Feature","geometry":{"type":"Point","coordinates":[12.9547482,52.1070755]},"properties":{"kind":"substation","voltage":110000,"name":"Bardenitz"}},{"type":"Feature","geometry":{"type":"Point","coordinates":[12.8843974,52.0933304]},"properties":{"kind":"substation","voltage":110000,"name":null}},{"type":"Feature","geometry":{"type":"Point","coordinates":[13.1602266,52.0732634]},"properties":{"kind":"substation","voltage":110000,"name":"Luckenwalde"}},{"type":"Feature","geometry":{"type":"Point","coordinates":[13.0883203,52.0028363]},"properties":{"kind":"substation","voltage":110000,"name":"Jüterbog"}},{"type":"Feature","geometry":{"type":"Point","coordinates":[13.1549092,51.9850741]},"properties":{"kind":"substation","voltage":110000,"name":"Markendorf Wind"}},{"type":"Feature","geometry":{"type":"Point","coordinates":[13.325668,51.9870358]},"properties":{"kind":"substation","voltage":110000,"name":"Charlottenfelde"}},{"type":"Feature","geometry":{"type":"Point","coordinates":[13.7639309,53.3356569]},"properties":{"kind":"substation","voltage":110000,"name":"Güstow"}},{"type":"Feature","geometry":{"type":"Point","coordinates":[14.1117622,51.5662855]},"properties":{"kind":"substation","voltage":110000,"name":null}},{"type":"Feature","geometry":{"type":"Point","coordinates":[13.386494,52.1515987]},"properties":{"kind":"substation","voltage":110000,"name":"Spremberg"}},{"type":"Feature","geometry":{"type":"Point","coordinates":[13.4435733,52.3114672]},"properties":{"kind":"substation","voltage":110000,"name":"Dahlewitz"}},{"type":"Feature","geometry":{"type":"Point","coordinates":[13.1117626,52.3811047]},"properties":{"kind":"substation","voltage":110000,"name":"Drewitz"}},{"type":"Feature","geometry":{"type":"Point","coordinates":[13.0637183,52.3994585]},"properties":{"kind":"substation","voltage":110000,"name":"Umspannwerk Potsdam Zentrum"}},{"type":"Feature","geometry":{"type":"Point","coordinates":[13.4127843,52.8715049]},"properties":{"kind":"substation","voltage":110000,"name":"Liebenwalde"}},{"type":"Feature","geometry":{"type":"Point","coordinates":[12.3551586,52.5272668]},"properties":{"kind":"substation","voltage":110000,"name":"Premnitz"}},{"type":"Feature","geometry":{"type":"Point","coordinates":[12.7331221,52.3230167]},"properties":{"kind":"substation","voltage":110000,"name":"Lehnin"}},{"type":"Feature","geometry":{"type":"Point","coordinates":[12.5310769,52.4060994]},"properties":{"kind":"substation","voltage":110000,"name":"Brandenburg Klingenbergstraße"}},{"type":"Feature","geometry":{"type":"Point","coordinates":[12.5377949,52.4273268]},"properties":{"kind":"substation","voltage":110000,"name":"Brandenburg Nord"}},{"type":"Feature","geometry":{"type":"Point","coordinates":[12.5397101,52.1556828]},"properties":{"kind":"substation","voltage":110000,"name":"Lübnitz"}},{"type":"Feature","geometry":{"type":"Point","coordinates":[14.4792915,51.7894561]},"properties":{"kind":"substation","voltage":110000,"name":"Cottbus/Nord"}},{"type":"Feature","geometry":{"type":"Point","coordinates":[14.3482452,51.5348524]},"properties":{"kind":"substation","voltage":110000,"name":null}},{"type":"Feature","geometry":{"type":"Point","coordinates":[14.348918,51.5404414]},"properties":{"kind":"substation","voltage":110000,"name":null}},{"type":"Feature","geometry":{"type":"Point","coordinates":[12.3942096,52.387965]},"properties":{"kind":"substation","voltage":110000,"name":"Kirchmöser"}},{"type":"Feature","geometry":{"type":"Point","coordinates":[13.0180771,52.8205196]},"properties":{"kind":"substation","voltage":110000,"name":"Beetz"}},{"type":"Feature","geometry":{"type":"Point","coordinates":[13.8729702,53.3422418]},"properties":{"kind":"substation","voltage":110000,"name":"Umspannwerk Prenzlau"}},{"type":"Feature","geometry":{"type":"Point","coordinates":[13.5201152,52.0812134]},"properties":{"kind":"substation","voltage":110000,"name":"Umspannwerk Baruth Nord"}},{"type":"Feature","geometry":{"type":"Point","coordinates":[14.6035108,52.1660588]},"properties":{"kind":"substation","voltage":110000,"name":null}},{"type":"Feature","geometry":{"type":"Point","coordinates":[13.7579017,52.4062225]},"properties":{"kind":"substation","voltage":110000,"name":"Umspannwerk Erkner"}},{"type":"Feature","geometry":{"type":"Point","coordinates":[14.5791353,52.2645503]},"properties":{"kind":"substation","voltage":110000,"name":"Brieskow-Finkenheerd"}},{"type":"Feature","geometry":{"type":"Point","coordinates":[13.9466174,53.3779599]},"properties":{"kind":"substation","voltage":110000,"name":"Dauer"}},{"type":"Feature","geometry":{"type":"Point","coordinates":[13.8532006,53.4955291]},"properties":{"kind":"substation","voltage":110000,"name":"Wilsickow"}},{"type":"Feature","geometry":{"type":"Point","coordinates":[13.9942086,53.0266453]},"properties":{"kind":"substation","voltage":110000,"name":"Angermünde"}},{"type":"Feature","geometry":{"type":"Point","coordinates":[14.0534124,53.0565725]},"properties":{"kind":"substation","voltage":110000,"name":"Mürow Oberdorf"}},{"type":"Feature","geometry":{"type":"Point","coordinates":[12.404817,52.8993789]},"properties":{"kind":"substation","voltage":110000,"name":"Heinrichsfeld"}},{"type":"Feature","geometry":{"type":"Point","coordinates":[12.4603081,52.8510668]},"properties":{"kind":"substation","voltage":110000,"name":"Neustadt/Dosse"}},{"type":"Feature","geometry":{"type":"Point","coordinates":[14.0087703,52.7854742]},"properties":{"kind":"substation","voltage":110000,"name":"Bad Freienwalde"}},{"type":"Feature","geometry":{"type":"Point","coordinates":[13.5342993,52.3674247]},"properties":{"kind":"substation","voltage":110000,"name":"Umspannwerk Schönefeld Süd"}},{"type":"Feature","geometry":{"type":"Point","coordinates":[14.24118,53.1062917]},"properties":{"kind":"substation","voltage":110000,"name":null}},{"type":"Feature","geometry":{"type":"Point","coordinates":[14.3163513,53.0802007]},"properties":{"kind":"substation","voltage":110000,"name":"Umspannwerk"}},{"type":"Feature","geometry":{"type":"Point","coordinates":[14.2616384,53.0590921]},"properties":{"kind":"substation","voltage":110000,"name":null}},{"type":"Feature","geometry":{"type":"Point","coordinates":[12.4014374,52.9485181]},"properties":{"kind":"substation","voltage":110000,"name":"Kyritz"}},{"type":"Feature","geometry":{"type":"Point","coordinates":[14.2053985,53.0645621]},"properties":{"kind":"substation","voltage":110000,"name":"Schwedt Heinersdorf"}},{"type":"Feature","geometry":{"type":"Point","coordinates":[13.7454513,52.8412905]},"properties":{"kind":"substation","voltage":110000,"name":"Finow"}},{"type":"Feature","geometry":{"type":"Point","coordinates":[13.8105024,52.8363316]},"properties":{"kind":"substation","voltage":110000,"name":"Eberswalde"}},{"type":"Feature","geometry":{"type":"Point","coordinates":[14.3406103,52.6371242]},"properties":{"kind":"substation","voltage":110000,"name":"Letschin"}},{"type":"Feature","geometry":{"type":"Point","coordinates":[12.2328401,53.1996266]},"properties":{"kind":"substation","voltage":110000,"name":"Falkenhagen"}},{"type":"Feature","geometry":{"type":"Point","coordinates":[12.4785928,53.1763936]},"properties":{"kind":"substation","voltage":110000,"name":"Umspannwerk Wittstock"}},{"type":"Feature","geometry":{"type":"Point","coordinates":[12.1796506,53.1341957]},"properties":{"kind":"substation","voltage":110000,"name":"Umspannwerk Pritzwalk"}},{"type":"Feature","geometry":{"type":"Point","coordinates":[12.4543302,53.1691335]},"properties":{"kind":"substation","voltage":110000,"name":"Umspannwerk Jabel"}},{"type":"Feature","geometry":{"type":"Point","coordinates":[13.9039648,51.4728075]},"properties":{"kind":"substation","voltage":110000,"name":"Umspannwerk Schwarzheide-Ost"}},{"type":"Feature","geometry":{"type":"Point","coordinates":[12.5207421,52.4185507]},"properties":{"kind":"substation","voltage":110000,"name":"Umspannwerk"}},{"type":"Feature","geometry":{"type":"Point","coordinates":[14.130726,51.5599092]},"properties":{"kind":"substation","voltage":110000,"name":null}},{"type":"Feature","geometry":{"type":"Point","coordinates":[14.0507862,52.3820205]},"properties":{"kind":"substation","voltage":110000,"name":"Fürstenwalde"}},{"type":"Feature","geometry":{"type":"Point","coordinates":[13.8253849,52.4864168]},"properties":{"kind":"substation","voltage":110000,"name":"Herzfelde"}},{"type":"Feature","geometry":{"type":"Point","coordinates":[13.218033,52.7512621]},"properties":{"kind":"substation","voltage":110000,"name":"Oranienburg"}},{"type":"Feature","geometry":{"type":"Point","coordinates":[12.7923169,52.9286148]},"properties":{"kind":"substation","voltage":110000,"name":"Neuruppin"}},{"type":"Feature","geometry":{"type":"Point","coordinates":[14.115176,52.6233277]},"properties":{"kind":"substation","voltage":110000,"name":"UW Batzlow"}},{"type":"Feature","geometry":{"type":"Point","coordinates":[11.7414651,53.1641521]},"properties":{"kind":"substation","voltage":110000,"name":"Karstädt"}},{"type":"Feature","geometry":{"type":"Point","coordinates":[11.7699606,52.9959099]},"properties":{"kind":"substation","voltage":110000,"name":"Umformerwerk Wittenberge"}},{"type":"Feature","geometry":{"type":"Point","coordinates":[11.7716658,52.9931234]},"properties":{"kind":"substation","voltage":110000,"name":"Wittenberge"}},{"type":"Feature","geometry":{"type":"Point","coordinates":[14.4955839,52.3193608]},"properties":{"kind":"substation","voltage":110000,"name":"Frankfurt (Oder) Autobahn"}},{"type":"Feature","geometry":{"type":"Point","coordinates":[13.9692697,51.5100335]},"properties":{"kind":"substation","voltage":110000,"name":null}},{"type":"Feature","geometry":{"type":"Point","coordinates":[14.2552441,52.1821681]},"properties":{"kind":"substation","voltage":110000,"name":"Beeskow"}},{"type":"Feature","geometry":{"type":"Point","coordinates":[13.6575185,52.3325648]},"properties":{"kind":"substation","voltage":110000,"name":"Niederlehme"}},{"type":"Feature","geometry":{"type":"Point","coordinates":[14.6486651,51.7350206]},"properties":{"kind":"substation","voltage":110000,"name":null}},{"type":"Feature","geometry":{"type":"Point","coordinates":[14.6095552,51.6109987]},"properties":{"kind":"substation","voltage":110000,"name":"Döbern"}},{"type":"Feature","geometry":{"type":"Point","coordinates":[13.3889006,51.5090258]},"properties":{"kind":"substation","voltage":110000,"name":"Umspannwerk Bad Liebenwerda"}},{"type":"Feature","geometry":{"type":"Point","coordinates":[14.45115,51.840087]},"properties":{"kind":"substation","voltage":110000,"name":null}},{"type":"Feature","geometry":{"type":"Point","coordinates":[14.5166128,51.8443199]},"properties":{"kind":"substation","voltage":110000,"name":null}},{"type":"Feature","geometry":{"type":"Point","coordinates":[14.3705577,51.7591168]},"properties":{"kind":"substation","voltage":110000,"name":null}},{"type":"Feature","geometry":{"type":"Point","coordinates":[13.6500066,53.2373285]},"properties":{"kind":"substation","voltage":110000,"name":"Wichmannsdorf"}},{"type":"Feature","geometry":{"type":"Point","coordinates":[12.4568018,52.8475973]},"properties":{"kind":"substation","voltage":110000,"name":"Umformerwerk Neustadt (Dosse)"}},{"type":"Feature","geometry":{"type":"Point","coordinates":[12.8564923,52.5933887]},"properties":{"kind":"substation","voltage":110000,"name":"Neukammer"}},{"type":"Feature","geometry":{"type":"Point","coordinates":[13.2657176,52.9999017]},"properties":{"kind":"substation","voltage":110000,"name":"Badingen"}},{"type":"Feature","geometry":{"type":"Point","coordinates":[12.3379133,52.9592477]},"properties":{"kind":"substation","voltage":110000,"name":"Mechow"}},{"type":"Feature","geometry":{"type":"Point","coordinates":[14.6422655,52.1508106]},"properties":{"kind":"substation","voltage":110000,"name":"Eisenhüttenstadt Stadt"}},{"type":"Feature","geometry":{"type":"Point","coordinates":[12.8734154,52.0931272]},"properties":{"kind":"substation","voltage":110000,"name":"Treuenbrietzen"}},{"type":"Feature","geometry":{"type":"Point","coordinates":[13.5572381,51.6165052]},"properties":{"kind":"substation","voltage":110000,"name":null}},{"type":"Feature","geometry":{"type":"Point","coordinates":[13.5805918,51.6463059]},"properties":{"kind":"substation","voltage":110000,"name":"Umrichterwerk Doberlug-Kirchhain"}},{"type":"Feature","geometry":{"type":"Point","coordinates":[13.9631259,51.8499532]},"properties":{"kind":"substation","voltage":110000,"name":null}},{"type":"Feature","geometry":{"type":"Point","coordinates":[14.3655347,52.5358178]},"properties":{"kind":"substation","voltage":110000,"name":"Seelow"}},{"type":"Feature","geometry":{"type":"Point","coordinates":[14.5297802,52.317891]},"properties":{"kind":"substation","voltage":110000,"name":null}},{"type":"Feature","geometry":{"type":"Point","coordinates":[14.3150973,52.3525603]},"properties":{"kind":"substation","voltage":110000,"name":"Briesen Dorf"}},{"type":"Feature","geometry":{"type":"Point","coordinates":[13.7713583,51.5888769]},"properties":{"kind":"substation","voltage":110000,"name":null}},{"type":"Feature","geometry":{"type":"Point","coordinates":[13.2523387,51.6989924]},"properties":{"kind":"substation","voltage":110000,"name":null}},{"type":"Feature","geometry":{"type":"Point","coordinates":[13.4450524,52.2119223]},"properties":{"kind":"substation","voltage":110000,"name":"Zossen"}},{"type":"Feature","geometry":{"type":"Point","coordinates":[13.642874,52.1167661]},"properties":{"kind":"substation","voltage":110000,"name":"Waldow/Tornow"}},{"type":"Feature","geometry":{"type":"Point","coordinates":[13.6504094,52.1550786]},"properties":{"kind":"substation","voltage":110000,"name":"Groß Köris"}},{"type":"Feature","geometry":{"type":"Point","coordinates":[14.4419044,51.799849]},"properties":{"kind":"substation","voltage":110000,"name":"UW"}},{"type":"Feature","geometry":{"type":"Point","coordinates":[12.5407674,52.1110522]},"properties":{"kind":"substation","voltage":110000,"name":"Bahnstrom Unterwerk Borne"}},{"type":"Feature","geometry":{"type":"Point","coordinates":[13.7233233,51.4847511]},"properties":{"kind":"substation","voltage":110000,"name":"Schalthaus West"}},{"type":"Feature","geometry":{"type":"Point","coordinates":[13.4636272,52.6813186]},"properties":{"kind":"substation","voltage":110000,"name":"Schönwalde"}},{"type":"Feature","geometry":{"type":"Point","coordinates":[14.1277537,51.6688641]},"properties":{"kind":"substation","voltage":110000,"name":"Umspannstation"}},{"type":"Feature","geometry":{"type":"Point","coordinates":[14.6933479,51.9454923]},"properties":{"kind":"substation","voltage":110000,"name":"Altsprucke"}},{"type":"Feature","geometry":{"type":"Point","coordinates":[12.5956198,52.7375225]},"properties":{"kind":"substation","voltage":110000,"name":"Friesack"}},{"type":"Feature","geometry":{"type":"Point","coordinates":[13.7923106,53.3402342]},"properties":{"kind":"substation","voltage":110000,"name":"Basedow"}},{"type":"Feature","geometry":{"type":"Point","coordinates":[14.0548692,52.9323149]},"properties":{"kind":"substation","voltage":110000,"name":"Umspannstation Lüdersdorf"}},{"type":"Feature","geometry":{"type":"Point","coordinates":[14.25316,53.0977528]},"properties":{"kind":"substation","voltage":110000,"name":null}},{"type":"Feature","geometry":{"type":"Point","coordinates":[14.4770393,52.2891463]},"properties":{"kind":"substation","voltage":110000,"name":null}},{"type":"Feature","geometry":{"type":"Point","coordinates":[14.4291454,51.8132531]},"properties":{"kind":"substation","voltage":110000,"name":null}},{"type":"Feature","geometry":{"type":"Point","coordinates":[13.9618697,51.8481022]},"properties":{"kind":"substation","voltage":110000,"name":"Lübbenau"}},{"type":"Feature","geometry":{"type":"Point","coordinates":[14.1092078,51.7878074]},"properties":{"kind":"substation","voltage":110000,"name":"UW Vetschau"}},{"type":"Feature","geometry":{"type":"Point","coordinates":[14.3965588,51.8616529]},"properties":{"kind":"substation","voltage":110000,"name":"Peitz"}},{"type":"Feature","geometry":{"type":"Point","coordinates":[14.364161,51.558366]},"properties":{"kind":"substation","voltage":110000,"name":"Umspannwerk SPB"}},{"type":"Feature","geometry":{"type":"Point","coordinates":[14.3470952,51.5337239]},"properties":{"kind":"substation","voltage":110000,"name":null}},{"type":"Feature","geometry":{"type":"Point","coordinates":[13.9765619,51.5828185]},"properties":{"kind":"substation","voltage":110000,"name":"Umspannwerk Freienhufen"}},{"type":"Feature","geometry":{"type":"Point","coordinates":[13.8365991,51.5361962]},"properties":{"kind":"substation","voltage":110000,"name":"Umspannwerk Kostebrau"}},{"type":"Feature","geometry":{"type":"Point","coordinates":[13.9062082,51.4693357]},"properties":{"kind":"substation","voltage":110000,"name":"Umspannwerk Schwarzheide-Ost / Einspeisung Windpark Biehlen"}},{"type":"Feature","geometry":{"type":"Point","coordinates":[13.7764949,51.488309]},"properties":{"kind":"substation","voltage":110000,"name":null}},{"type":"Feature","geometry":{"type":"Point","coordinates":[13.7305738,51.6388722]},"properties":{"kind":"substation","voltage":110000,"name":"Umspannwerk Finsterwalde"}},{"type":"Feature","geometry":{"type":"Point","coordinates":[13.86725,51.9424074]},"properties":{"kind":"substation","voltage":110000,"name":"Umspannstation Lübben West"}},{"type":"Feature","geometry":{"type":"Point","coordinates":[13.9192618,53.3398487]},"properties":{"kind":"substation","voltage":110000,"name":"Prenzlau Flugplatz Solar"}},{"type":"Feature","geometry":{"type":"Point","coordinates":[14.0823431,52.3800089]},"properties":{"kind":"substation","voltage":110000,"name":"Fürstenwalde Flugplatz"}},{"type":"Feature","geometry":{"type":"Point","coordinates":[13.6643295,52.4998463]},"properties":{"kind":"substation","voltage":110000,"name":"Dahlwitz-Hoppegarten"}},{"type":"Feature","geometry":{"type":"Point","coordinates":[14.3479061,52.2193466]},"properties":{"kind":"substation","voltage":110000,"name":"UW Solarpark Mixdorf"}},{"type":"Feature","geometry":{"type":"Point","coordinates":[13.8152435,51.8549664]},"properties":{"kind":"substation","voltage":110000,"name":"Alteno"}},{"type":"Feature","geometry":{"type":"Point","coordinates":[13.8032116,51.8531864]},"properties":{"kind":"substation","voltage":110000,"name":"Willmersdorf"}},{"type":"Feature","geometry":{"type":"Point","coordinates":[13.8700556,51.9487082]},"properties":{"kind":"substation","voltage":110000,"name":"UW Lübben Nord"}},{"type":"Feature","geometry":{"type":"Point","coordinates":[13.5276039,51.8689897]},"properties":{"kind":"substation","voltage":110000,"name":null}},{"type":"Feature","geometry":{"type":"Point","coordinates":[13.800016,51.851783]},"properties":{"kind":"substation","voltage":110000,"name":"Willmersdorf West"}},{"type":"Feature","geometry":{"type":"Point","coordinates":[13.2516186,52.4025448]},"properties":{"kind":"substation","voltage":110000,"name":"Teltow"}},{"type":"Feature","geometry":{"type":"Point","coordinates":[12.4163291,52.3942454]},"properties":{"kind":"substation","voltage":110000,"name":"Schaltwerk Kirchmöser"}},{"type":"Feature","geometry":{"type":"Point","coordinates":[13.5176043,52.3943687]},"properties":{"kind":"substation","voltage":110000,"name":"Unterwerk Schönefeld"}},{"type":"Feature","geometry":{"type":"Point","coordinates":[13.3030874,52.2334876]},"properties":{"kind":"substation","voltage":110000,"name":null}},{"type":"Feature","geometry":{"type":"Point","coordinates":[13.3029135,52.2330787]},"properties":{"kind":"substation","voltage":110000,"name":null}},{"type":"Feature","geometry":{"type":"Point","coordinates":[13.3031309,52.2335899]},"properties":{"kind":"substation","voltage":110000,"name":null}},{"type":"Feature","geometry":{"type":"Point","coordinates":[13.302957,52.233181]},"properties":{"kind":"substation","voltage":110000,"name":null}},{"type":"Feature","geometry":{"type":"Point","coordinates":[13.3031744,52.2336921]},"properties":{"kind":"substation","voltage":110000,"name":null}},{"type":"Feature","geometry":{"type":"Point","coordinates":[13.3030004,52.2332832]},"properties":{"kind":"substation","voltage":110000,"name":null}},{"type":"Feature","geometry":{"type":"Point","coordinates":[13.3030439,52.2333854]},"properties":{"kind":"substation","voltage":110000,"name":null}},{"type":"Feature","geometry":{"type":"Point","coordinates":[13.3032179,52.2337943]},"properties":{"kind":"substation","voltage":110000,"name":null}},{"type":"Feature","geometry":{"type":"Point","coordinates":[13.1052023,52.3394215]},"properties":{"kind":"substation","voltage":110000,"name":"Bergholz-Rehbrücke"}},{"type":"Feature","geometry":{"type":"Point","coordinates":[13.9704334,51.5105174]},"properties":{"kind":"substation","voltage":110000,"name":"Umspannwerk Senftenberg West"}},{"type":"Feature","geometry":{"type":"Point","coordinates":[14.2092622,52.1821562]},"properties":{"kind":"substation","voltage":110000,"name":"Birkholz"}},{"type":"Feature","geometry":{"type":"Point","coordinates":[14.1525081,52.1761739]},"properties":{"kind":"substation","voltage":110000,"name":null}},{"type":"Feature","geometry":{"type":"Point","coordinates":[14.3096059,52.1902664]},"properties":{"kind":"substation","voltage":110000,"name":null}},{"type":"Feature","geometry":{"type":"Point","coordinates":[13.8670512,52.5613284]},"properties":{"kind":"substation","voltage":110000,"name":"Strausberg"}},{"type":"Feature","geometry":{"type":"Point","coordinates":[13.7469835,52.7247917]},"properties":{"kind":"substation","voltage":110000,"name":"Gratze"}},{"type":"Feature","geometry":{"type":"Point","coordinates":[13.7497783,52.8192014]},"properties":{"kind":"substation","voltage":110000,"name":"Eberswalde Flugplatz"}},{"type":"Feature","geometry":{"type":"Point","coordinates":[14.564804,51.8827842]},"properties":{"kind":"substation","voltage":110000,"name":null}},{"type":"Feature","geometry":{"type":"Point","coordinates":[14.0940438,52.3456026]},"properties":{"kind":"substation","voltage":110000,"name":"Fürstenwalde-Süd"}},{"type":"Feature","geometry":{"type":"Point","coordinates":[12.9600554,52.4778838]},"properties":{"kind":"substation","voltage":110000,"name":"Marquardt"}},{"type":"Feature","geometry":{"type":"Point","coordinates":[13.9494436,52.474991]},"properties":{"kind":"substation","voltage":110000,"name":"Heidekrug"}},{"type":"Feature","geometry":{"type":"Point","coordinates":[13.9464355,52.4735735]},"properties":{"kind":"substation","voltage":110000,"name":"Zinndorf"}},{"type":"Feature","geometry":{"type":"Point","coordinates":[13.9319495,52.4711143]},"properties":{"kind":"substation","voltage":110000,"name":null}},{"type":"Feature","geometry":{"type":"Point","coordinates":[13.2392378,52.9512476]},"properties":{"kind":"substation","voltage":110000,"name":"Häsen"}},{"type":"Feature","geometry":{"type":"Point","coordinates":[13.2592893,52.9572309]},"properties":{"kind":"substation","voltage":110000,"name":"Umspannstation Klein Mutz"}},{"type":"Feature","geometry":{"type":"Point","coordinates":[12.5444183,52.4325107]},"properties":{"kind":"substation","voltage":110000,"name":"Brandenburg Hohenstücken"}},{"type":"Feature","geometry":{"type":"Point","coordinates":[12.462445,52.4706979]},"properties":{"kind":"substation","voltage":110000,"name":"Solar-UW Tieckow"}},{"type":"Feature","geometry":{"type":"Point","coordinates":[14.1667428,52.7044681]},"properties":{"kind":"substation","voltage":110000,"name":"Bliesdorf"}},{"type":"Feature","geometry":{"type":"Point","coordinates":[14.1464363,52.725514]},"properties":{"kind":"substation","voltage":110000,"name":"Wriezen"}},{"type":"Feature","geometry":{"type":"Point","coordinates":[14.1433101,52.7280762]},"properties":{"kind":"substation","voltage":110000,"name":"Wriezen Höhe"}},{"type":"Feature","geometry":{"type":"Point","coordinates":[13.5798543,52.264664]},"properties":{"kind":"substation","voltage":110000,"name":"Mittenwalde"}},{"type":"Feature","geometry":{"type":"Point","coordinates":[13.8756121,51.9250778]},"properties":{"kind":"substation","voltage":110000,"name":"Umspannstation Lübben Süd"}},{"type":"Feature","geometry":{"type":"Point","coordinates":[12.6266327,52.336338]},"properties":{"kind":"substation","voltage":110000,"name":"Prützke NORD"}},{"type":"Feature","geometry":{"type":"Point","coordinates":[13.7054089,51.7529373]},"properties":{"kind":"substation","voltage":110000,"name":null}},{"type":"Feature","geometry":{"type":"Point","coordinates":[14.1114972,51.5664212]},"properties":{"kind":"substation","voltage":110000,"name":"Umspannstation Bahnsdorf"}},{"type":"Feature","geometry":{"type":"Point","coordinates":[12.2486826,52.9535898]},"properties":{"kind":"substation","voltage":110000,"name":"Granzow"}},{"type":"Feature","geometry":{"type":"Point","coordinates":[13.7493722,52.8223016]},"properties":{"kind":"substation","voltage":110000,"name":"Eberswalde 1"}},{"type":"Feature","geometry":{"type":"Point","coordinates":[12.7813441,52.0797905]},"properties":{"kind":"substation","voltage":110000,"name":"Neu Rietz"}},{"type":"Feature","geometry":{"type":"Point","coordinates":[12.5624043,52.345417]},"properties":{"kind":"substation","voltage":110000,"name":"Reckahn"}},{"type":"Feature","geometry":{"type":"Point","coordinates":[13.7708704,51.3791197]},"properties":{"kind":"substation","voltage":110000,"name":"UW Ortrand"}},{"type":"Feature","geometry":{"type":"Point","coordinates":[14.4116401,52.3317099]},"properties":{"kind":"substation","voltage":110000,"name":"Pillgram"}},{"type":"Feature","geometry":{"type":"Point","coordinates":[12.2312223,53.1341632]},"properties":{"kind":"substation","voltage":110000,"name":"Umspannwerk Kemnitz"}},{"type":"Feature","geometry":{"type":"Point","coordinates":[12.163771,52.9590872]},"properties":{"kind":"substation","voltage":110000,"name":"Vehlin"}},{"type":"Feature","geometry":{"type":"Point","coordinates":[14.3187606,53.0849305]},"properties":{"kind":"substation","voltage":110000,"name":"Haindl"}},{"type":"Feature","geometry":{"type":"Point","coordinates":[14.0249421,51.6074699]},"properties":{"kind":"substation","voltage":110000,"name":"Umspannwerk Großräschen"}},{"type":"Feature","geometry":{"type":"Point","coordinates":[12.0909192,52.9685685]},"properties":{"kind":"substation","voltage":110000,"name":"Schrepkow"}},{"type":"Feature","geometry":{"type":"Point","coordinates":[12.0468429,52.9897144]},"properties":{"kind":"substation","voltage":110000,"name":"Kletzke"}},{"type":"Feature","geometry":{"type":"Point","coordinates":[12.5880468,52.9375038]},"properties":{"kind":"substation","voltage":110000,"name":"Kantow Nord"}},{"type":"Feature","geometry":{"type":"Point","coordinates":[12.5875529,52.9365586]},"properties":{"kind":"substation","voltage":110000,"name":"Kantow"}},{"type":"Feature","geometry":{"type":"Point","coordinates":[12.7179511,52.9309765]},"properties":{"kind":"substation","voltage":110000,"name":"Kränzlin"}},{"type":"Feature","geometry":{"type":"Point","coordinates":[14.1745363,52.6488791]},"properties":{"kind":"substation","voltage":110000,"name":"Metzdorf"}},{"type":"Feature","geometry":{"type":"Point","coordinates":[13.2310166,51.5710589]},"properties":{"kind":"substation","voltage":110000,"name":null}},{"type":"Feature","geometry":{"type":"Point","coordinates":[13.7674538,52.7465389]},"properties":{"kind":"substation","voltage":110000,"name":"Beiersdorf"}},{"type":"Feature","geometry":{"type":"Point","coordinates":[12.6264272,52.3356017]},"properties":{"kind":"substation","voltage":110000,"name":"Prützke Süd"}},{"type":"Feature","geometry":{"type":"Point","coordinates":[12.6948444,52.3270434]},"properties":{"kind":"substation","voltage":110000,"name":"Netzen"}},{"type":"Feature","geometry":{"type":"Point","coordinates":[12.3838834,52.3906561]},"properties":{"kind":"substation","voltage":110000,"name":"Wind-UW Wusterwitz"}},{"type":"Feature","geometry":{"type":"Point","coordinates":[12.3903226,52.4678984]},"properties":{"kind":"substation","voltage":110000,"name":"Möthlitz"}},{"type":"Feature","geometry":{"type":"Point","coordinates":[13.6554584,52.6106338]},"properties":{"kind":"substation","voltage":110000,"name":"Seefeld"}},{"type":"Feature","geometry":{"type":"Point","coordinates":[13.6821607,52.69798]},"properties":{"kind":"substation","voltage":110000,"name":"Sydower Fließ"}},{"type":"Feature","geometry":{"type":"Point","coordinates":[14.2552581,52.1840967]},"properties":{"kind":"substation","voltage":110000,"name":null}},{"type":"Feature","geometry":{"type":"Point","coordinates":[14.1671514,51.542505]},"properties":{"kind":"substation","voltage":110000,"name":"Umspannstation Proschim"}},{"type":"Feature","geometry":{"type":"Point","coordinates":[12.8486739,52.6145105]},"properties":{"kind":"substation","voltage":110000,"name":"Nauen"}},{"type":"Feature","geometry":{"type":"Point","coordinates":[13.5411388,51.4592541]},"properties":{"kind":"substation","voltage":110000,"name":"Umspannwerk Elsterwerda"}},{"type":"Feature","geometry":{"type":"Point","coordinates":[13.762067,52.852518]},"properties":{"kind":"substation","voltage":110000,"name":"Eberswalde Hafen"}},{"type":"Feature","geometry":{"type":"Point","coordinates":[13.9335068,53.3385903]},"properties":{"kind":"substation","voltage":110000,"name":"Baumgarten"}},{"type":"Feature","geometry":{"type":"Point","coordinates":[13.2273825,51.6433507]},"properties":{"kind":"substation","voltage":110000,"name":"Umspannwerk Gräfendorf"}},{"type":"Feature","geometry":{"type":"Point","coordinates":[11.6028256,53.2176812]},"properties":{"kind":"substation","voltage":110000,"name":null}},{"type":"Feature","geometry":{"type":"Point","coordinates":[13.5206526,53.0250439]},"properties":{"kind":"substation","voltage":110000,"name":"Groß Dölln"}},{"type":"Feature","geometry":{"type":"Point","coordinates":[13.5339337,52.366797]},"properties":{"kind":"substation","voltage":110000,"name":"Umspannwerk Flughafen BER"}},{"type":"Feature","geometry":{"type":"Point","coordinates":[13.1801498,51.9748799]},"properties":{"kind":"substation","voltage":110000,"name":"Wind-UW Fröhden"}},{"type":"Feature","geometry":{"type":"Point","coordinates":[12.091394,52.9686001]},"properties":{"kind":"substation","voltage":110000,"name":"Schrepkow Nord"}},{"type":"Feature","geometry":{"type":"Point","coordinates":[12.7176536,52.9318289]},"properties":{"kind":"substation","voltage":110000,"name":"Kränzlin Nord"}},{"type":"Feature","geometry":{"type":"Point","coordinates":[14.4799804,52.339545]},"properties":{"kind":"substation","voltage":110000,"name":"Umrichterwerk Frankfurt (Oder)-Rosengarten"}},{"type":"Feature","geometry":{"type":"Point","coordinates":[13.1318337,53.2102959]},"properties":{"kind":"substation","voltage":110000,"name":"Fürstenberg"}},{"type":"Feature","geometry":{"type":"Point","coordinates":[14.2282836,53.1017472]},"properties":{"kind":"substation","voltage":110000,"name":null}},{"type":"Feature","geometry":{"type":"Point","coordinates":[14.2310716,53.0934438]},"properties":{"kind":"substation","voltage":110000,"name":null}},{"type":"Feature","geometry":{"type":"Point","coordinates":[13.2224228,51.6740845]},"properties":{"kind":"substation","voltage":110000,"name":null}},{"type":"Feature","geometry":{"type":"Point","coordinates":[12.9735187,52.4208783]},"properties":{"kind":"substation","voltage":110000,"name":"Golm"}},{"type":"Feature","geometry":{"type":"Point","coordinates":[14.2865163,51.7506373]},"properties":{"kind":"substation","voltage":110000,"name":"Umformwerk Cottbus"}},{"type":"Feature","geometry":{"type":"Point","coordinates":[12.1156798,53.1145176]},"properties":{"kind":"substation","voltage":110000,"name":"Umspannwerk Kuhsdorf / Kuhsdorf Süd"}},{"type":"Feature","geometry":{"type":"Point","coordinates":[13.9763872,51.7602705]},"properties":{"kind":"substation","voltage":110000,"name":"Umspannwerk Saßleben"}},{"type":"Feature","geometry":{"type":"Point","coordinates":[14.4532413,51.6916692]},"properties":{"kind":"substation","voltage":110000,"name":"Umspannwerk Roggosen"}},{"type":"Feature","geometry":{"type":"Point","coordinates":[13.822346,52.5668895]},"properties":{"kind":"substation","voltage":110000,"name":"Spitzmühle"}},{"type":"Feature","geometry":{"type":"Point","coordinates":[12.8404072,52.0014096]},"properties":{"kind":"substation","voltage":110000,"name":"Umspannwerk Feldheim"}},{"type":"Feature","geometry":{"type":"Point","coordinates":[12.4729313,53.1752729]},"properties":{"kind":"substation","voltage":110000,"name":"Umspannwerk Wittstock Solar"}},{"type":"Feature","geometry":{"type":"Point","coordinates":[11.8360364,53.0854074]},"properties":{"kind":"substation","voltage":110000,"name":"UW PV-Park Perleberg"}},{"type":"Feature","geometry":{"type":"Point","coordinates":[14.1735795,52.650299]},"properties":{"kind":"substation","voltage":110000,"name":"Metzdof Nord"}},{"type":"Feature","geometry":{"type":"Point","coordinates":[14.0083098,51.5323556]},"properties":{"kind":"substation","voltage":110000,"name":"Umspannwerk Senftenberg"}},{"type":"Feature","geometry":{"type":"Point","coordinates":[12.822387,52.1534303]},"properties":{"kind":"substation","voltage":110000,"name":"Wind-UW Schlalach"}},{"type":"Feature","geometry":{"type":"Point","coordinates":[13.870129,51.9481408]},"properties":{"kind":"substation","voltage":110000,"name":"Umspannwerk Lübben"}},{"type":"Feature","geometry":{"type":"Point","coordinates":[14.057234,52.8812087]},"properties":{"kind":"substation","voltage":110000,"name":null}},{"type":"Feature","geometry":{"type":"Point","coordinates":[13.7414634,52.3364947]},"properties":{"kind":"substation","voltage":110000,"name":"Uckley"}},{"type":"Feature","geometry":{"type":"Point","coordinates":[14.4540975,51.691969]},"properties":{"kind":"substation","voltage":110000,"name":"Umspannwerk Rogossen/Nord"}},{"type":"Feature","geometry":{"type":"Point","coordinates":[14.0308559,53.3484071]},"properties":{"kind":"substation","voltage":110000,"name":"UW Cremzow"}},{"type":"Feature","geometry":{"type":"Point","coordinates":[13.6603775,52.5974108]},"properties":{"kind":"substation","voltage":110000,"name":"Elisenau"}},{"type":"Feature","geometry":{"type":"Point","coordinates":[12.7903874,52.0792921]},"properties":{"kind":"substation","voltage":110000,"name":"Schaltpunkt Rietz"}},{"type":"Feature","geometry":{"type":"Point","coordinates":[12.8450804,52.1000339]},"properties":{"kind":"substation","voltage":110000,"name":"Treuenbrietzen Nord"}},{"type":"Feature","geometry":{"type":"Point","coordinates":[11.6294841,53.2033856]},"properties":{"kind":"substation","voltage":110000,"name":"UW Milow"}},{"type":"Feature","geometry":{"type":"Point","coordinates":[14.3572899,52.345524]},"properties":{"kind":"substation","voltage":110000,"name":"Jacobsdorf"}},{"type":"Feature","geometry":{"type":"Point","coordinates":[14.0330135,53.0389328]},"properties":{"kind":"substation","voltage":110000,"name":"Kerkow"}},{"type":"Feature","geometry":{"type":"Point","coordinates":[12.3726924,53.1524323]},"properties":{"kind":"substation","voltage":110000,"name":"Umspannwerk Heiligengrabe"}},{"type":"Feature","geometry":{"type":"Point","coordinates":[12.2351532,53.1945597]},"properties":{"kind":"substation","voltage":110000,"name":"Sadenbeck"}},{"type":"Feature","geometry":{"type":"Point","coordinates":[12.2334525,53.199908]},"properties":{"kind":"substation","voltage":110000,"name":"Falkenhagen Nord"}},{"type":"Feature","geometry":{"type":"Point","coordinates":[12.2305474,53.199034]},"properties":{"kind":"substation","voltage":110000,"name":"Falkenhagen Süd"}},{"type":"Feature","geometry":{"type":"Point","coordinates":[13.341986,51.9866613]},"properties":{"kind":"substation","voltage":110000,"name":"UW Petkus"}},{"type":"Feature","geometry":{"type":"Point","coordinates":[13.3412633,51.9862226]},"properties":{"kind":"substation","voltage":110000,"name":null}},{"type":"Feature","geometry":{"type":"Point","coordinates":[13.3415494,51.9862026]},"properties":{"kind":"substation","voltage":110000,"name":null}},{"type":"Feature","geometry":{"type":"Point","coordinates":[12.8961247,52.5360651]},"properties":{"kind":"substation","voltage":110000,"name":null}},{"type":"Feature","geometry":{"type":"Point","coordinates":[13.9111697,51.5347141]},"properties":{"kind":"substation","voltage":110000,"name":"Umspannwerk Klettwitz"}},{"type":"Feature","geometry":{"type":"Point","coordinates":[13.9075294,51.5050638]},"properties":{"kind":"substation","voltage":110000,"name":"Umspannwerk Schipkau"}},{"type":"Feature","geometry":{"type":"Point","coordinates":[13.4471321,52.3477699]},"properties":{"kind":"substation","voltage":110000,"name":null}},{"type":"Feature","geometry":{"type":"Point","coordinates":[13.5784575,52.6468929]},"properties":{"kind":"substation","voltage":110000,"name":null}},{"type":"Feature","geometry":{"type":"Point","coordinates":[12.5376298,52.4279097]},"properties":{"kind":"substation","voltage":110000,"name":"Brandenburg Nord"}},{"type":"Feature","geometry":{"type":"Point","coordinates":[12.8847844,52.0933053]},"properties":{"kind":"substation","voltage":110000,"name":"Treuenbrietzen/Feldheim"}},{"type":"Feature","geometry":{"type":"Point","coordinates":[13.6643181,52.5934218]},"properties":{"kind":"substation","voltage":110000,"name":null}},{"type":"Feature","geometry":{"type":"Point","coordinates":[13.7574699,51.8417327]},"properties":{"kind":"substation","voltage":110000,"name":"Cahnsdorf"}},{"type":"Feature","geometry":{"type":"Point","coordinates":[13.829544,51.6260812]},"properties":{"kind":"substation","voltage":110000,"name":null}},{"type":"Feature","geometry":{"type":"Point","coordinates":[13.2742844,52.1944518]},"properties":{"kind":"substation","voltage":110000,"name":null}},{"type":"Feature","geometry":{"type":"Point","coordinates":[13.2388653,52.1857745]},"properties":{"kind":"substation","voltage":110000,"name":"Klein Schulzendorf"}},{"type":"Feature","geometry":{"type":"Point","coordinates":[13.2077874,51.9848412]},"properties":{"kind":"substation","voltage":110000,"name":"Riesdorf"}},{"type":"Feature","geometry":{"type":"Point","coordinates":[13.1551508,51.984887]},"properties":{"kind":"substation","voltage":110000,"name":"Markendorf Süd"}},{"type":"Feature","geometry":{"type":"Point","coordinates":[13.3351904,51.515073]},"properties":{"kind":"substation","voltage":110000,"name":null}},{"type":"Feature","geometry":{"type":"Point","coordinates":[14.5820393,52.0660996]},"properties":{"kind":"substation","voltage":110000,"name":"Ossendorf Nord"}},{"type":"Feature","geometry":{"type":"Point","coordinates":[13.0368913,52.5475402]},"properties":{"kind":"substation","voltage":110000,"name":"Falkensee Süd"}},{"type":"Feature","geometry":{"type":"Point","coordinates":[13.2850727,52.3135826]},"properties":{"kind":"substation","voltage":110000,"name":null}},{"type":"Feature","geometry":{"type":"Point","coordinates":[13.26131,52.9939775]},"properties":{"kind":"substation","voltage":110000,"name":"Gransee (EON edis)"}},{"type":"Feature","geometry":{"type":"Point","coordinates":[12.4545388,52.8490915]},"properties":{"kind":"substation","voltage":110000,"name":"Umrichterwerk Neustadt (Dosse)"}},{"type":"Feature","geometry":{"type":"Point","coordinates":[12.9635,52.2696695]},"properties":{"kind":"substation","voltage":110000,"name":"Seddin"}},{"type":"Feature","geometry":{"type":"Point","coordinates":[14.17503,52.6479518]},"properties":{"kind":"substation","voltage":110000,"name":"Gottesgabe Nord"}},{"type":"Feature","geometry":{"type":"Point","coordinates":[14.1752446,52.6476485]},"properties":{"kind":"substation","voltage":110000,"name":"Gottesgabe Süd"}},{"type":"Feature","geometry":{"type":"Point","coordinates":[14.174856,52.6509318]},"properties":{"kind":"substation","voltage":110000,"name":"Gottesgabe Wriezen"}},{"type":"Feature","geometry":{"type":"Point","coordinates":[14.0292008,51.6090339]},"properties":{"kind":"substation","voltage":110000,"name":"Umspannstation"}},{"type":"Feature","geometry":{"type":"Point","coordinates":[13.2165486,51.5707269]},"properties":{"kind":"substation","voltage":110000,"name":null}},{"type":"Feature","geometry":{"type":"Point","coordinates":[13.1693694,51.570934]},"properties":{"kind":"substation","voltage":110000,"name":null}},{"type":"Feature","geometry":{"type":"Point","coordinates":[11.7593798,53.1327301]},"properties":{"kind":"substation","voltage":110000,"name":null}},{"type":"Feature","geometry":{"type":"Point","coordinates":[11.8124261,53.1091076]},"properties":{"kind":"substation","voltage":110000,"name":null}},{"type":"Feature","geometry":{"type":"Point","coordinates":[13.7672929,52.7467464]},"properties":{"kind":"substation","voltage":110000,"name":"Tuchen"}},{"type":"Feature","geometry":{"type":"Point","coordinates":[14.0070895,52.7869172]},"properties":{"kind":"substation","voltage":110000,"name":null}},{"type":"Feature","geometry":{"type":"Point","coordinates":[14.0912187,52.6180445]},"properties":{"kind":"substation","voltage":110000,"name":"Umspannwerk Ihlow"}},{"type":"Feature","geometry":{"type":"Point","coordinates":[12.1153939,53.1150214]},"properties":{"kind":"substation","voltage":110000,"name":"Umspannwerk Kuhsdorf Nord"}},{"type":"Feature","geometry":{"type":"Point","coordinates":[14.0512629,53.2851191]},"properties":{"kind":"substation","voltage":110000,"name":"UW Randowhöhe"}},{"type":"Feature","geometry":{"type":"Point","coordinates":[13.163357,51.8250559]},"properties":{"kind":"substation","voltage":110000,"name":"UW Schönewalde (E.DIS)"}},{"type":"Feature","geometry":{"type":"Point","coordinates":[13.7942993,52.3932373]},"properties":{"kind":"substation","voltage":110000,"name":"Umspannanlage 110kV - Tesla GF4"}},{"type":"Feature","geometry":{"type":"Point","coordinates":[13.6146616,52.6170778]},"properties":{"kind":"substation","voltage":110000,"name":"Umspannwerk Birkholzaue"}},{"type":"Feature","geometry":{"type":"Point","coordinates":[13.653272,52.6632805]},"properties":{"kind":"substation","voltage":110000,"name":"Umspannwerk Börnicke"}},{"type":"Feature","geometry":{"type":"Point","coordinates":[13.6700398,52.6898958]},"properties":{"kind":"substation","voltage":110000,"name":"Umspannwerk Albertshof"}},{"type":"Feature","geometry":{"type":"Point","coordinates":[12.2491173,52.9543051]},"properties":{"kind":"substation","voltage":110000,"name":"UW Granzow Nord"}},{"type":"Feature","geometry":{"type":"Point","coordinates":[13.8215186,52.3960882]},"properties":{"kind":"substation","voltage":110000,"name":"Umspannwerk Freienbrink"}},{"type":"Feature","geometry":{"type":"Point","coordinates":[14.3150054,53.0805689]},"properties":{"kind":"substation","voltage":110000,"name":null}},{"type":"Feature","geometry":{"type":"Point","coordinates":[14.3044417,51.7244412]},"properties":{"kind":"substation","voltage":110000,"name":"Umspannwerk Cottbus"}},{"type":"Feature","geometry":{"type":"Point","coordinates":[14.3056867,51.7242329]},"properties":{"kind":"substation","voltage":110000,"name":"Umspannwerk Cottbus, EVC"}},{"type":"Feature","geometry":{"type":"Point","coordinates":[13.9503181,53.3773481]},"properties":{"kind":"substation","voltage":110000,"name":"Uckerthal"}},{"type":"Feature","geometry":{"type":"Point","coordinates":[13.9490231,53.3844099]},"properties":{"kind":"substation","voltage":110000,"name":"Karlshof"}},{"type":"Feature","geometry":{"type":"Point","coordinates":[13.3043621,52.2316626]},"properties":{"kind":"substation","voltage":110000,"name":"Umspannwerk Thyrow"}},{"type":"Feature","geometry":{"type":"Point","coordinates":[12.9405892,52.5610175]},"properties":{"kind":"substation","voltage":110000,"name":"Umspannwerk Wustermark"}},{"type":"Feature","geometry":{"type":"Point","coordinates":[13.1563155,51.8282121]},"properties":{"kind":"substation","voltage":110000,"name":"UW Schönewalde (Energiequelle)"}},{"type":"Feature","geometry":{"type":"Point","coordinates":[14.6050783,52.1740913]},"properties":{"kind":"substation","voltage":110000,"name":"Eisenhüttenstadt Pohlitz"}},{"type":"Feature","geometry":{"type":"Point","coordinates":[11.8539071,53.0861774]},"properties":{"kind":"substation","voltage":110000,"name":"Umspannwerk Perleberg"}},{"type":"Feature","geometry":{"type":"Point","coordinates":[12.1095027,53.2497168]},"properties":{"kind":"substation","voltage":110000,"name":"Putlitz Süd"}},{"type":"Feature","geometry":{"type":"Point","coordinates":[13.7070053,52.5403575]},"properties":{"kind":"substation","voltage":110000,"name":"Umspannwerk Neuenhagen"}},{"type":"Feature","geometry":{"type":"Point","coordinates":[14.3624485,53.2812673]},"properties":{"kind":"substation","voltage":110000,"name":"Umspannwerk Tantow"}},{"type":"Feature","geometry":{"type":"Point","coordinates":[13.7162693,53.3052489]},"properties":{"kind":"substation","voltage":110000,"name":"UW Gollmitz"}},{"type":"Feature","geometry":{"type":"Point","coordinates":[13.8238103,53.3411745]},"properties":{"kind":"substation","voltage":110000,"name":"Klinkow"}},{"type":"Feature","geometry":{"type":"Point","coordinates":[13.80398,51.8527394]},"properties":{"kind":"substation","voltage":110000,"name":"Willmersdorf Ost"}},{"type":"Feature","geometry":{"type":"Point","coordinates":[14.2515145,51.5502087]},"properties":{"kind":"substation","voltage":110000,"name":"UW Terpe"}},{"type":"Feature","geometry":{"type":"Point","coordinates":[13.7612228,51.8416768]},"properties":{"kind":"substation","voltage":110000,"name":"Cahnsdorf Ost"}},{"type":"Feature","geometry":{"type":"Point","coordinates":[14.4541441,51.6941115]},"properties":{"kind":"substation","voltage":110000,"name":"Umspannwerk Roggosen"}},{"type":"Feature","geometry":{"type":"Point","coordinates":[13.8700572,51.9489942]},"properties":{"kind":"substation","voltage":110000,"name":"UW Siegadel"}},{"type":"Feature","geometry":{"type":"Point","coordinates":[13.2497037,52.3448464]},"properties":{"kind":"substation","voltage":110000,"name":"Wind-UW Sputendorf"}},{"type":"Feature","geometry":{"type":"Point","coordinates":[13.6666665,52.5915007]},"properties":{"kind":"substation","voltage":110000,"name":"Werneuchen"}},{"type":"Feature","geometry":{"type":"Point","coordinates":[11.7583176,53.1472385]},"properties":{"kind":"substation","voltage":110000,"name":"UW Semlin"}},{"type":"Feature","geometry":{"type":"Point","coordinates":[11.7570435,53.1470761]},"properties":{"kind":"substation","voltage":110000,"name":"UW Semlin"}},{"type":"Feature","geometry":{"type":"Point","coordinates":[14.3775027,52.3401266]},"properties":{"kind":"substation","voltage":110000,"name":"Petersdorf"}},{"type":"Feature","geometry":{"type":"Point","coordinates":[13.1645201,52.7437442]},"properties":{"kind":"substation","voltage":110000,"name":"UW Germendorf"}},{"type":"Feature","geometry":{"type":"Point","coordinates":[14.1785585,52.648424]},"properties":{"kind":"substation","voltage":110000,"name":"UW Gottesgabe Ost"}},{"type":"Feature","geometry":{"type":"Point","coordinates":[13.9125647,51.5344599]},"properties":{"kind":"substation","voltage":110000,"name":null}},{"type":"Feature","geometry":{"type":"Point","coordinates":[13.9341482,53.3390299]},"properties":{"kind":"substation","voltage":110000,"name":"Baumgarten Süd"}},{"type":"Feature","geometry":{"type":"Point","coordinates":[13.9042634,51.874667]},"properties":{"kind":"substation","voltage":110000,"name":"Umspannwerk Ragow"}},{"type":"Feature","geometry":{"type":"Point","coordinates":[14.2639403,53.1709364]},"properties":{"kind":"substation","voltage":110000,"name":"Umspannwerk Woltersdorf"}},{"type":"Feature","geometry":{"type":"Point","coordinates":[14.6018342,52.1663466]},"properties":{"kind":"substation","voltage":110000,"name":null}},{"type":"Feature","geometry":{"type":"Point","coordinates":[14.1321076,52.4437451]},"properties":{"kind":"substation","voltage":110000,"name":"Umspannwerk Heinersdorf"}},{"type":"Feature","geometry":{"type":"Point","coordinates":[13.766366,52.7463292]},"properties":{"kind":"substation","voltage":110000,"name":"Beerbaum"}},{"type":"Feature","geometry":{"type":"Point","coordinates":[13.7662059,52.7465981]},"properties":{"kind":"substation","voltage":110000,"name":"Klobbicke"}},{"type":"Feature","geometry":{"type":"Point","coordinates":[14.2856197,52.1866865]},"properties":{"kind":"substation","voltage":110000,"name":"UW Beeskow Ost"}},{"type":"Feature","geometry":{"type":"Point","coordinates":[12.0114013,53.0050978]},"properties":{"kind":"substation","voltage":110000,"name":"UW Groß Werzin"}},{"type":"Feature","geometry":{"type":"Point","coordinates":[14.3765052,52.3396704]},"properties":{"kind":"substation","voltage":110000,"name":"Sieversdorf"}},{"type":"Feature","geometry":{"type":"Point","coordinates":[13.5580638,52.589753]},"properties":{"kind":"substation","voltage":110000,"name":"UW Gasturbinenkraftwerk Ahrensfelde"}},{"type":"Feature","geometry":{"type":"Point","coordinates":[13.2708891,51.555209]},"properties":{"kind":"substation","voltage":110000,"name":null}},{"type":"Feature","geometry":{"type":"Point","coordinates":[14.5728831,52.0882991]},"properties":{"kind":"substation","voltage":110000,"name":"Kobbeln"}},{"type":"Feature","geometry":{"type":"Point","coordinates":[13.9428417,52.5755721]},"properties":{"kind":"substation","voltage":110000,"name":"Klosterdorf"}},{"type":"Feature","geometry":{"type":"Point","coordinates":[13.9189633,53.339992]},"properties":{"kind":"substation","voltage":110000,"name":"Stegemannshof"}},{"type":"Feature","geometry":{"type":"Point","coordinates":[14.244765,52.5601731]},"properties":{"kind":"substation","voltage":110000,"name":"HS-Kabel-Schaltpunkt Trebnitz"}},{"type":"Feature","geometry":{"type":"Point","coordinates":[13.758773,53.3311499]},"properties":{"kind":"substation","voltage":110000,"name":"Wilhelmshof"}},{"type":"Feature","geometry":{"type":"Point","coordinates":[13.9862831,53.0242777]},"properties":{"kind":"substation","voltage":110000,"name":"Umrichterwerk Angermünde"}},{"type":"Feature","geometry":{"type":"Point","coordinates":[14.244648,52.5609015]},"properties":{"kind":"substation","voltage":110000,"name":"UW Trebnitz Ausbau"}},{"type":"Feature","geometry":{"type":"Point","coordinates":[14.3693619,52.5401269]},"properties":{"kind":"substation","voltage":110000,"name":"UW Seelow Nord"}},{"type":"Feature","geometry":{"type":"Point","coordinates":[14.369208,52.5426652]},"properties":{"kind":"substation","voltage":110000,"name":"UW Neu Werbig Nord"}},{"type":"Feature","geometry":{"type":"Point","coordinates":[13.9680113,51.8108139]},"properties":{"kind":"substation","voltage":110000,"name":null}},{"type":"Feature","geometry":{"type":"Point","coordinates":[14.6124877,52.1675072]},"properties":{"kind":"substation","voltage":110000,"name":null}},{"type":"Feature","geometry":{"type":"Point","coordinates":[14.6131963,52.1761444]},"properties":{"kind":"substation","voltage":110000,"name":null}},{"type":"Feature","geometry":{"type":"Point","coordinates":[14.6336617,52.1812707]},"properties":{"kind":"substation","voltage":110000,"name":null}},{"type":"Feature","geometry":{"type":"Point","coordinates":[14.3170469,52.1922589]},"properties":{"kind":"substation","voltage":110000,"name":"Ragow Merz"}},{"type":"Feature","geometry":{"type":"Point","coordinates":[13.8306102,53.4943379]},"properties":{"kind":"substation","voltage":110000,"name":"Jahnkeshof"}},{"type":"Feature","geometry":{"type":"Point","coordinates":[14.4123156,52.331905]},"properties":{"kind":"substation","voltage":110000,"name":"Pillgram Schinderberg"}},{"type":"Feature","geometry":{"type":"Point","coordinates":[13.914098,53.3404306]},"properties":{"kind":"substation","voltage":110000,"name":"Stegemannshof Nord 1"}},{"type":"Feature","geometry":{"type":"Point","coordinates":[13.9326105,53.343387]},"properties":{"kind":"substation","voltage":110000,"name":"Baumgarten West"}},{"type":"Feature","geometry":{"type":"Point","coordinates":[13.9740136,51.766565]},"properties":{"kind":"substation","voltage":110000,"name":"Umspannwerk Calau Ost"}},{"type":"Feature","geometry":{"type":"Point","coordinates":[14.053002,53.0564276]},"properties":{"kind":"substation","voltage":110000,"name":"Mürow Oberdorf 2"}},{"type":"Feature","geometry":{"type":"Point","coordinates":[13.8742636,51.925026]},"properties":{"kind":"substation","voltage":110000,"name":"Schiebsdorf"}},{"type":"Feature","geometry":{"type":"Point","coordinates":[12.1089259,53.2489523]},"properties":{"kind":"substation","voltage":110000,"name":null}},{"type":"Feature","geometry":{"type":"Point","coordinates":[12.1102719,53.2491071]},"properties":{"kind":"substation","voltage":110000,"name":null}},{"type":"Feature","geometry":{"type":"Point","coordinates":[13.3431726,51.98609]},"properties":{"kind":"substation","voltage":110000,"name":null}},{"type":"Feature","geometry":{"type":"Point","coordinates":[14.4511817,51.83363]},"properties":{"kind":"substation","voltage":110000,"name":null}},{"type":"Feature","geometry":{"type":"Point","coordinates":[13.5608874,51.8609741]},"properties":{"kind":"substation","voltage":110000,"name":"Hellberge"}},{"type":"Feature","geometry":{"type":"Point","coordinates":[14.3612563,52.6234027]},"properties":{"kind":"substation","voltage":110000,"name":"UW Seelow Loose"}},{"type":"Feature","geometry":{"type":"Point","coordinates":[14.3736218,52.5517327]},"properties":{"kind":"substation","voltage":110000,"name":"UW Seelow Lebus"}},{"type":"Feature","geometry":{"type":"Point","coordinates":[13.6521672,53.2399725]},"properties":{"kind":"substation","voltage":110000,"name":"Wichmannsdorf Ost"}},{"type":"Feature","geometry":{"type":"Point","coordinates":[13.9560343,53.2520795]},"properties":{"kind":"substation","voltage":110000,"name":"Umspannwerk Bertikow"}},{"type":"Feature","geometry":{"type":"Point","coordinates":[13.4270148,52.7690975]},"properties":{"kind":"substation","voltage":110000,"name":"UW Stolzenhagen"}},{"type":"Feature","geometry":{"type":"Point","coordinates":[14.3673934,52.5404161]},"properties":{"kind":"substation","voltage":110000,"name":"UW Frieedersdorf"}},{"type":"Feature","geometry":{"type":"Point","coordinates":[13.6823548,52.6981048]},"properties":{"kind":"substation","voltage":110000,"name":"Rüdnitz"}},{"type":"Feature","geometry":{"type":"Point","coordinates":[14.2434934,52.5600558]},"properties":{"kind":"substation","voltage":110000,"name":"UW Görlsdorf"}},{"type":"Feature","geometry":{"type":"Point","coordinates":[13.2287111,51.6335705]},"properties":{"kind":"substation","voltage":110000,"name":"Umspannwerk Großrössen"}},{"type":"Feature","geometry":{"type":"Point","coordinates":[13.285013,52.3132264]},"properties":{"kind":"substation","voltage":110000,"name":"Umspannwerk Genshagen"}},{"type":"Feature","geometry":{"type":"Point","coordinates":[13.285124,52.3138601]},"properties":{"kind":"substation","voltage":110000,"name":"Umspannwerk Ludwigsfelde Eichspitze"}},{"type":"Feature","geometry":{"type":"Point","coordinates":[14.54252,51.733351]},"properties":{"kind":"substation","voltage":110000,"name":null}},{"type":"Feature","geometry":{"type":"Point","coordinates":[14.2484132,52.6472062]},"properties":{"kind":"substation","voltage":110000,"name":"UW Wuschewier"}},{"type":"Feature","geometry":{"type":"Point","coordinates":[14.0330374,53.0381058]},"properties":{"kind":"substation","voltage":110000,"name":"Mürow Süd"}},{"type":"Feature","geometry":{"type":"Point","coordinates":[13.6432283,52.116899]},"properties":{"kind":"substation","voltage":110000,"name":"Tornow II"}},{"type":"Feature","geometry":{"type":"Point","coordinates":[13.6422136,52.1164593]},"properties":{"kind":"substation","voltage":110000,"name":"Teupitz"}},{"type":"Feature","geometry":{"type":"Point","coordinates":[13.2476732,52.9538108]},"properties":{"kind":"substation","voltage":110000,"name":"Bergsdorf"}},{"type":"Feature","geometry":{"type":"Point","coordinates":[14.5057222,51.8082124]},"properties":{"kind":"substation","voltage":110000,"name":null}},{"type":"Feature","geometry":{"type":"Point","coordinates":[14.5061083,51.8086493]},"properties":{"kind":"substation","voltage":110000,"name":null}},{"type":"Feature","geometry":{"type":"Point","coordinates":[14.3692264,52.5424154]},"properties":{"kind":"substation","voltage":110000,"name":"UW Neu Werbig Süd"}},{"type":"Feature","geometry":{"type":"Point","coordinates":[13.2290868,52.1818702]},"properties":{"kind":"substation","voltage":110000,"name":null}},{"type":"Feature","geometry":{"type":"Point","coordinates":[13.3409751,51.9862608]},"properties":{"kind":"substation","voltage":110000,"name":null}},{"type":"Feature","geometry":{"type":"Point","coordinates":[13.3406538,51.9862819]},"properties":{"kind":"substation","voltage":110000,"name":null}},{"type":"Feature","geometry":{"type":"Point","coordinates":[13.34288,51.9861091]},"properties":{"kind":"substation","voltage":110000,"name":null}},{"type":"Feature","geometry":{"type":"Point","coordinates":[13.3434621,51.9860676]},"properties":{"kind":"substation","voltage":110000,"name":null}},{"type":"Feature","geometry":{"type":"Point","coordinates":[14.3674929,52.5475965]},"properties":{"kind":"substation","voltage":110000,"name":null}},{"type":"Feature","geometry":{"type":"Point","coordinates":[13.9136738,53.3404493]},"properties":{"kind":"substation","voltage":110000,"name":"Stegemannshof Nord 2"}},{"type":"Feature","geometry":{"type":"Point","coordinates":[13.816521,52.8839157]},"properties":{"kind":"substation","voltage":110000,"name":"Britz West"}},{"type":"Feature","geometry":{"type":"Point","coordinates":[14.1155697,52.62294]},"properties":{"kind":"substation","voltage":110000,"name":"UW Reichenberg"}},{"type":"Feature","geometry":{"type":"Point","coordinates":[14.1152518,52.6230845]},"properties":{"kind":"substation","voltage":110000,"name":"HS Möglin"}},{"type":"Feature","geometry":{"type":"Point","coordinates":[12.8774149,52.5695935]},"properties":{"kind":"substation","voltage":110000,"name":null}},{"type":"Feature","geometry":{"type":"Point","coordinates":[12.8674761,52.5674285]},"properties":{"kind":"substation","voltage":110000,"name":null}},{"type":"Feature","geometry":{"type":"Point","coordinates":[14.1953931,52.1806422]},"properties":{"kind":"substation","voltage":110000,"name":"Leißnitz"}},{"type":"Feature","geometry":{"type":"Point","coordinates":[14.2098506,52.1821135]},"properties":{"kind":"substation","voltage":110000,"name":"Groß Rietz"}},{"type":"Feature","geometry":{"type":"Point","coordinates":[12.1934615,52.9575579]},"properties":{"kind":"substation","voltage":110000,"name":null}},{"type":"Feature","geometry":{"type":"Point","coordinates":[8.577867,53.1818337]},"properties":{"kind":"substation","voltage":110000,"name":"Blumenthal"}},{"type":"Feature","geometry":{"type":"Point","coordinates":[8.518855,53.2026616]},"properties":{"kind":"substation","voltage":110000,"name":"Farge"}},{"type":"Feature","geometry":{"type":"Point","coordinates":[8.7845282,53.0636796]},"properties":{"kind":"substation","voltage":110000,"name":"Neuenland"}},{"type":"Feature","geometry":{"type":"Point","coordinates":[8.7147139,53.13938]},"properties":{"kind":"substation","voltage":110000,"name":"Grambke"}},{"type":"Feature","geometry":{"type":"Point","coordinates":[8.6802799,53.130234]},"properties":{"kind":"substation","voltage":110000,"name":"Mittelsbüren"}},{"type":"Feature","geometry":{"type":"Point","coordinates":[8.5992777,53.1772925]},"properties":{"kind":"substation","voltage":110000,"name":"Vulkan"}},{"type":"Feature","geometry":{"type":"Point","coordinates":[8.6023965,53.5156293]},"properties":{"kind":"substation","voltage":110000,"name":"Umspannwerk Wulsdorf"}},{"type":"Feature","geometry":{"type":"Point","coordinates":[8.6214917,53.6024954]},"properties":{"kind":"substation","voltage":110000,"name":"Leherheide"}},{"type":"Feature","geometry":{"type":"Point","coordinates":[8.6951621,53.1699622]},"properties":{"kind":"substation","voltage":110000,"name":"UW Lesum"}},{"type":"Feature","geometry":{"type":"Point","coordinates":[8.763268,53.069537]},"properties":{"kind":"substation","voltage":110000,"name":"Warturm"}},{"type":"Feature","geometry":{"type":"Point","coordinates":[8.6953682,53.0928087]},"properties":{"kind":"substation","voltage":110000,"name":"Niedervieland"}},{"type":"Feature","geometry":{"type":"Point","coordinates":[8.7304346,53.1297379]},"properties":{"kind":"substation","voltage":110000,"name":"UW Oslebshausen"}},{"type":"Feature","geometry":{"type":"Point","coordinates":[8.7140246,53.1357769]},"properties":{"kind":"substation","voltage":110000,"name":null}},{"type":"Feature","geometry":{"type":"Point","coordinates":[8.7729705,53.0747217]},"properties":{"kind":"substation","voltage":110000,"name":null}},{"type":"Feature","geometry":{"type":"Point","coordinates":[8.7584366,53.1112758]},"properties":{"kind":"substation","voltage":110000,"name":"Gröpelingen"}},{"type":"Feature","geometry":{"type":"Point","coordinates":[8.7289064,53.1256832]},"properties":{"kind":"substation","voltage":110000,"name":null}},{"type":"Feature","geometry":{"type":"Point","coordinates":[8.6787768,53.1305372]},"properties":{"kind":"substation","voltage":110000,"name":"Schaltwerk Bremen"}},{"type":"Feature","geometry":{"type":"Point","coordinates":[8.8041999,53.0887319]},"properties":{"kind":"substation","voltage":110000,"name":"Umspannwerk Plantage"}},{"type":"Feature","geometry":{"type":"Point","coordinates":[8.8362384,53.0374863]},"properties":{"kind":"substation","voltage":110000,"name":null}},{"type":"Feature","geometry":{"type":"Point","coordinates":[8.6013271,53.5600903]},"properties":{"kind":"substation","voltage":110000,"name":"Lehe"}},{"type":"Feature","geometry":{"type":"Point","coordinates":[8.5557659,53.1966136]},"properties":{"kind":"substation","voltage":110000,"name":"Bremen/Nord"}},{"type":"Feature","geometry":{"type":"Point","coordinates":[8.6208822,53.5109098]},"properties":{"kind":"substation","voltage":110000,"name":"Surheide"}},{"type":"Feature","geometry":{"type":"Point","coordinates":[8.8381573,53.0820099]},"properties":{"kind":"substation","voltage":110000,"name":"SH Kurfürst"}},{"type":"Feature","geometry":{"type":"Point","coordinates":[8.5380151,53.597708]},"properties":{"kind":"substation","voltage":110000,"name":"Bremerhaven-Überseehafen"}},{"type":"Feature","geometry":{"type":"Point","coordinates":[8.7425953,53.0525335]},"properties":{"kind":"substation","voltage":110000,"name":null}},{"type":"Feature","geometry":{"type":"Point","coordinates":[8.6345102,53.1725454]},"properties":{"kind":"substation","voltage":110000,"name":null}},{"type":"Feature","geometry":{"type":"Point","coordinates":[8.8088057,53.0737265]},"properties":{"kind":"substation","voltage":110000,"name":"Umspannwerk Lange Wieren"}},{"type":"Feature","geometry":{"type":"Point","coordinates":[8.8506965,53.0840968]},"properties":{"kind":"substation","voltage":110000,"name":"UW Kirchbachstraße"}},{"type":"Feature","geometry":{"type":"Point","coordinates":[8.883432,53.0821744]},"properties":{"kind":"substation","voltage":110000,"name":null}},{"type":"Feature","geometry":{"type":"Point","coordinates":[8.8199768,53.1073169]},"properties":{"kind":"substation","voltage":220000,"name":"Blockland"}},{"type":"Feature","geometry":{"type":"Point","coordinates":[8.5510392,53.1917524]},"properties":{"kind":"substation","voltage":110000,"name":"Rönnebeck"}},{"type":"Feature","geometry":{"type":"Point","coordinates":[8.5948111,53.5009249]},"properties":{"kind":"substation","voltage":110000,"name":"Hackfahrel"}},{"type":"Feature","geometry":{"type":"Point","coordinates":[8.8359929,53.0372056]},"properties":{"kind":"substation","voltage":110000,"name":"Umsannwerk Süd"}},{"type":"Feature","geometry":{"type":"Point","coordinates":[10.0410649,53.5661458]},"properties":{"kind":"substation","voltage":110000,"name":"Umspannwerk Eilbek"}},{"type":"Feature","geometry":{"type":"Point","coordinates":[9.9089299,53.4880407]},"properties":{"kind":"substation","voltage":380000,"name":"Hamburg/Süd"}},{"type":"Feature","geometry":{"type":"Point","coordinates":[10.056356,53.6745142]},"properties":{"kind":"substation","voltage":110000,"name":null}},{"type":"Feature","geometry":{"type":"Point","coordinates":[9.950822,53.6074626]},"properties":{"kind":"substation","voltage":110000,"name":"Freiluftschaltanlage Lokstedt"}},{"type":"Feature","geometry":{"type":"Point","coordinates":[9.9144986,53.5163258]},"properties":{"kind":"substation","voltage":110000,"name":"Altenwerder"}},{"type":"Feature","geometry":{"type":"Point","coordinates":[9.9620902,53.5156822]},"properties":{"kind":"substation","voltage":110000,"name":"Neuhof"}},{"type":"Feature","geometry":{"type":"Point","coordinates":[9.9705729,53.5277261]},"properties":{"kind":"substation","voltage":110000,"name":"Umspannwerk Kuhwerder"}},{"type":"Feature","geometry":{"type":"Point","coordinates":[9.9655302,53.4839495]},"properties":{"kind":"substation","voltage":110000,"name":null}},{"type":"Feature","geometry":{"type":"Point","coordinates":[9.9691237,53.5363994]},"properties":{"kind":"substation","voltage":110000,"name":null}},{"type":"Feature","geometry":{"type":"Point","coordinates":[10.101576,53.573983]},"properties":{"kind":"substation","voltage":110000,"name":"Umspannwerk Jenfeld"}},{"type":"Feature","geometry":{"type":"Point","coordinates":[10.2101978,53.4818621]},"properties":{"kind":"substation","voltage":110000,"name":"Abspannwerk Bergedorf"}},{"type":"Feature","geometry":{"type":"Point","coordinates":[9.9195945,53.5610797]},"properties":{"kind":"substation","voltage":110000,"name":"Bahrenfeld"}},{"type":"Feature","geometry":{"type":"Point","coordinates":[9.8706554,53.5819732]},"properties":{"kind":"substation","voltage":110000,"name":"Hamburg/West"}},{"type":"Feature","geometry":{"type":"Point","coordinates":[9.9749387,53.5607458]},"properties":{"kind":"substation","voltage":110000,"name":"Verteilungswerk Karoline"}},{"type":"Feature","geometry":{"type":"Point","coordinates":[10.0027232,53.4520615]},"properties":{"kind":"substation","voltage":110000,"name":"Neuland"}},{"type":"Feature","geometry":{"type":"Point","coordinates":[10.0011871,53.4489642]},"properties":{"kind":"substation","voltage":110000,"name":"Bahnstrom Umformerwerk Harburg"}},{"type":"Feature","geometry":{"type":"Point","coordinates":[10.0884075,53.5912951]},"properties":{"kind":"substation","voltage":110000,"name":"Abspannwerk Tilsiter Straße"}},{"type":"Feature","geometry":{"type":"Point","coordinates":[10.1261997,53.6138981]},"properties":{"kind":"substation","voltage":110000,"name":"Umspannwerk Berne"}},{"type":"Feature","geometry":{"type":"Point","coordinates":[9.9058443,53.5973503]},"properties":{"kind":"substation","voltage":110000,"name":"Umspannwerk Eidelstedt"}},{"type":"Feature","geometry":{"type":"Point","coordinates":[9.9783179,53.5814609]},"properties":{"kind":"substation","voltage":110000,"name":"Umspannwerk Hoheluft"}},{"type":"Feature","geometry":{"type":"Point","coordinates":[9.98075,53.464731]},"properties":{"kind":"substation","voltage":110000,"name":"Harburg"}},{"type":"Feature","geometry":{"type":"Point","coordinates":[10.0918927,53.6479363]},"properties":{"kind":"substation","voltage":110000,"name":null}},{"type":"Feature","geometry":{"type":"Point","coordinates":[10.0904889,53.6477108]},"properties":{"kind":"substation","voltage":110000,"name":null}},{"type":"Feature","geometry":{"type":"Point","coordinates":[10.1251115,53.5833511]},"properties":{"kind":"substation","voltage":110000,"name":"Umspannwerk Tonndorf"}},{"type":"Feature","geometry":{"type":"Point","coordinates":[9.9565472,53.5777142]},"properties":{"kind":"substation","voltage":110000,"name":"Umspannwerk Eimsbüttel"}},{"type":"Feature","geometry":{"type":"Point","coordinates":[9.9610103,53.5988583]},"properties":{"kind":"substation","voltage":110000,"name":"Umspannwerk Siemersplatz"}},{"type":"Feature","geometry":{"type":"Point","coordinates":[10.0183796,53.5545358]},"properties":{"kind":"substation","voltage":110000,"name":"Umspannwerk St. Georg"}},{"type":"Feature","geometry":{"type":"Point","coordinates":[9.768613,53.5812809]},"properties":{"kind":"substation","voltage":110000,"name":null}},{"type":"Feature","geometry":{"type":"Point","coordinates":[10.0081518,53.6064331]},"properties":{"kind":"substation","voltage":110000,"name":null}},{"type":"Feature","geometry":{"type":"Point","coordinates":[9.9888372,53.5911131]},"properties":{"kind":"substation","voltage":110000,"name":null}},{"type":"Feature","geometry":{"type":"Point","coordinates":[10.1074727,53.6906228]},"properties":{"kind":"substation","voltage":110000,"name":null}},{"type":"Feature","geometry":{"type":"Point","coordinates":[9.8981967,53.5102813]},"properties":{"kind":"substation","voltage":110000,"name":null}},{"type":"Feature","geometry":{"type":"Point","coordinates":[9.8565395,53.4832461]},"properties":{"kind":"substation","voltage":110000,"name":null}},{"type":"Feature","geometry":{"type":"Point","coordinates":[9.9006901,53.5244184]},"properties":{"kind":"substation","voltage":110000,"name":null}},{"type":"Feature","geometry":{"type":"Point","coordinates":[10.2329933,53.4270923]},"properties":{"kind":"substation","voltage":110000,"name":null}},{"type":"Feature","geometry":{"type":"Point","coordinates":[10.0241727,53.5820282]},"properties":{"kind":"substation","voltage":110000,"name":"Umspannwerk Barmbek"}},{"type":"Feature","geometry":{"type":"Point","coordinates":[9.9669905,53.5114556]},"properties":{"kind":"substation","voltage":110000,"name":null}},{"type":"Feature","geometry":{"type":"Point","coordinates":[9.8586606,53.4730075]},"properties":{"kind":"substation","voltage":110000,"name":"Umspannwerk Neugraben"}},{"type":"Feature","geometry":{"type":"Point","coordinates":[10.007115,53.5438209]},"properties":{"kind":"substation","voltage":110000,"name":"Umspannwerk HafenCity"}},{"type":"Feature","geometry":{"type":"Point","coordinates":[10.1127359,53.4885928]},"properties":{"kind":"substation","voltage":110000,"name":"Allermöhe"}},{"type":"Feature","geometry":{"type":"Point","coordinates":[9.9489256,53.4882466]},"properties":{"kind":"substation","voltage":110000,"name":null}},{"type":"Feature","geometry":{"type":"Point","coordinates":[10.0035888,53.5902522]},"properties":{"kind":"substation","voltage":110000,"name":"Umspannwerk Winterhude"}},{"type":"Feature","geometry":{"type":"Point","coordinates":[10.0163038,53.6363476]},"properties":{"kind":"substation","voltage":110000,"name":null}},{"type":"Feature","geometry":{"type":"Point","coordinates":[9.9366154,53.6271712]},"properties":{"kind":"substation","voltage":110000,"name":null}},{"type":"Feature","geometry":{"type":"Point","coordinates":[10.1558439,53.5546934]},"properties":{"kind":"substation","voltage":110000,"name":"Umspannwerk Hamburg/Ost"}},{"type":"Feature","geometry":{"type":"Point","coordinates":[10.1252845,53.5833834]},"properties":{"kind":"substation","voltage":110000,"name":null}},{"type":"Feature","geometry":{"type":"Point","coordinates":[9.9447166,53.4895294]},"properties":{"kind":"substation","voltage":110000,"name":null}},{"type":"Feature","geometry":{"type":"Point","coordinates":[9.9501606,53.4831668]},"properties":{"kind":"substation","voltage":110000,"name":null}},{"type":"Feature","geometry":{"type":"Point","coordinates":[9.9509442,53.4829053]},"properties":{"kind":"substation","voltage":110000,"name":null}},{"type":"Feature","geometry":{"type":"Point","coordinates":[10.0787809,53.531133]},"properties":{"kind":"substation","voltage":110000,"name":null}},{"type":"Feature","geometry":{"type":"Point","coordinates":[9.9994489,53.4510801]},"properties":{"kind":"substation","voltage":110000,"name":null}},{"type":"Feature","geometry":{"type":"Point","coordinates":[8.2348078,50.0816302]},"properties":{"kind":"substation","voltage":110000,"name":"SW-Umspannwerk Helenenstraße"}},{"type":"Feature","geometry":{"type":"Point","coordinates":[8.7352184,50.1591423]},"properties":{"kind":"substation","voltage":220000,"name":"Umspannwerk Frankfurt Nord"}},{"type":"Feature","geometry":{"type":"Point","coordinates":[8.6078233,50.1924097]},"properties":{"kind":"substation","voltage":110000,"name":"Umspannwerk Bommersheim"}},{"type":"Feature","geometry":{"type":"Point","coordinates":[8.8002261,49.840571]},"properties":{"kind":"substation","voltage":110000,"name":null}},{"type":"Feature","geometry":{"type":"Point","coordinates":[8.6038897,50.1457455]},"properties":{"kind":"substation","voltage":110000,"name":"Umspannwerk Frankfurt/West"}},{"type":"Feature","geometry":{"type":"Point","coordinates":[8.534175,50.1671312]},"properties":{"kind":"substation","voltage":110000,"name":"Umspannanlage Niederhöchstadt"}},{"type":"Feature","geometry":{"type":"Point","coordinates":[8.3965986,50.237866]},"properties":{"kind":"substation","voltage":110000,"name":"Umspannwerk Oberems"}},{"type":"Feature","geometry":{"type":"Point","coordinates":[8.7721937,49.9745089]},"properties":{"kind":"substation","voltage":380000,"name":"Umspannwerk Urberach"}},{"type":"Feature","geometry":{"type":"Point","coordinates":[8.6055968,50.2197544]},"properties":{"kind":"substation","voltage":110000,"name":null}},{"type":"Feature","geometry":{"type":"Point","coordinates":[8.4354807,50.0590139]},"properties":{"kind":"substation","voltage":110000,"name":"Umspannwerk Marxheim"}},{"type":"Feature","geometry":{"type":"Point","coordinates":[8.5370357,50.0781035]},"properties":{"kind":"substation","voltage":220000,"name":"Farbwerke Höchst Süd (FWH-S)"}},{"type":"Feature","geometry":{"type":"Point","coordinates":[8.5907644,49.9707964]},"properties":{"kind":"substation","voltage":110000,"name":"Umspannanlage Mörfelden"}},{"type":"Feature","geometry":{"type":"Point","coordinates":[8.7556528,50.2214718]},"properties":{"kind":"substation","voltage":110000,"name":"Dortelweil"}},{"type":"Feature","geometry":{"type":"Point","coordinates":[8.8730924,50.1309105]},"properties":{"kind":"substation","voltage":220000,"name":"Dörnigheim 220 kV"}},{"type":"Feature","geometry":{"type":"Point","coordinates":[8.5253536,50.3193385]},"properties":{"kind":"substation","voltage":110000,"name":"Umspannwerk Westerfeld"}},{"type":"Feature","geometry":{"type":"Point","coordinates":[8.930428,50.1525124]},"properties":{"kind":"substation","voltage":110000,"name":"Hanau Nord"}},{"type":"Feature","geometry":{"type":"Point","coordinates":[8.4206832,50.0211849]},"properties":{"kind":"substation","voltage":110000,"name":null}},{"type":"Feature","geometry":{"type":"Point","coordinates":[8.2578618,50.0471651]},"properties":{"kind":"substation","voltage":110000,"name":null}},{"type":"Feature","geometry":{"type":"Point","coordinates":[8.4797608,50.5907223]},"properties":{"kind":"substation","voltage":110000,"name":"Aßlar 110kV"}},{"type":"Feature","geometry":{"type":"Point","coordinates":[8.2851562,50.7599558]},"properties":{"kind":"substation","voltage":110000,"name":"Dillenburg 110kV"}},{"type":"Feature","geometry":{"type":"Point","coordinates":[8.3892131,49.982337]},"properties":{"kind":"substation","voltage":380000,"name":"Umspannstation Bischofsheim"}},{"type":"Feature","geometry":{"type":"Point","coordinates":[8.4037237,49.9644754]},"properties":{"kind":"substation","voltage":110000,"name":"Umspannwerk Hof Schönau"}},{"type":"Feature","geometry":{"type":"Point","coordinates":[8.3807433,49.9927325]},"properties":{"kind":"substation","voltage":110000,"name":null}},{"type":"Feature","geometry":{"type":"Point","coordinates":[8.2964379,50.0325052]},"properties":{"kind":"substation","voltage":110000,"name":null}},{"type":"Feature","geometry":{"type":"Point","coordinates":[8.8437489,49.9652199]},"properties":{"kind":"substation","voltage":110000,"name":"Umspannanlage Ober-Roden"}},{"type":"Feature","geometry":{"type":"Point","coordinates":[8.7999636,50.0023978]},"properties":{"kind":"substation","voltage":110000,"name":"Umspannwerk Dietzenbach"}},{"type":"Feature","geometry":{"type":"Point","coordinates":[8.5971164,50.1416075]},"properties":{"kind":"substation","voltage":110000,"name":"Bahnstrom Unterwerk Frankfurt-Rödelheim"}},{"type":"Feature","geometry":{"type":"Point","coordinates":[9.0903677,50.2845396]},"properties":{"kind":"substation","voltage":110000,"name":"Büdingen"}},{"type":"Feature","geometry":{"type":"Point","coordinates":[8.5757959,50.1357164]},"properties":{"kind":"substation","voltage":110000,"name":"Westerbach"}},{"type":"Feature","geometry":{"type":"Point","coordinates":[8.2113626,50.056937]},"properties":{"kind":"substation","voltage":110000,"name":null}},{"type":"Feature","geometry":{"type":"Point","coordinates":[8.574919,49.910837]},"properties":{"kind":"substation","voltage":110000,"name":"Unterwerk Weiterstadt"}},{"type":"Feature","geometry":{"type":"Point","coordinates":[8.7654838,50.2797377]},"properties":{"kind":"substation","voltage":110000,"name":"Nieder Wöllstadt"}},{"type":"Feature","geometry":{"type":"Point","coordinates":[8.5579761,50.1035972]},"properties":{"kind":"substation","voltage":110000,"name":"Unterwerk Frankfurt-Höchst"}},{"type":"Feature","geometry":{"type":"Point","coordinates":[8.1363896,50.1440377]},"properties":{"kind":"substation","voltage":110000,"name":"Umspannwerk Bleidenstadt"}},{"type":"Feature","geometry":{"type":"Point","coordinates":[8.6917139,50.2278154]},"properties":{"kind":"substation","voltage":110000,"name":"Obererlenbach"}},{"type":"Feature","geometry":{"type":"Point","coordinates":[8.1228678,50.0288179]},"properties":{"kind":"substation","voltage":110000,"name":null}},{"type":"Feature","geometry":{"type":"Point","coordinates":[8.636164,49.8477769]},"properties":{"kind":"substation","voltage":110000,"name":"Umspannanlage Süd"}},{"type":"Feature","geometry":{"type":"Point","coordinates":[8.6237477,49.8739227]},"properties":{"kind":"substation","voltage":110000,"name":null}},{"type":"Feature","geometry":{"type":"Point","coordinates":[8.8681069,51.2847538]},"properties":{"kind":"substation","voltage":110000,"name":"Umspannwerk Korbach"}},{"type":"Feature","geometry":{"type":"Point","coordinates":[9.0254845,50.8374572]},"properties":{"kind":"substation","voltage":110000,"name":"Umspannwerk Allendorf/Nord"}},{"type":"Feature","geometry":{"type":"Point","coordinates":[8.9984776,50.8159603]},"properties":{"kind":"substation","voltage":110000,"name":"Umspannwerk Allendorf/Süd"}},{"type":"Feature","geometry":{"type":"Point","coordinates":[8.9388549,50.8194027]},"properties":{"kind":"substation","voltage":110000,"name":"Kirchhahn"}},{"type":"Feature","geometry":{"type":"Point","coordinates":[8.8491178,49.9112409]},"properties":{"kind":"substation","voltage":110000,"name":null}},{"type":"Feature","geometry":{"type":"Point","coordinates":[8.698145,50.6986696]},"properties":{"kind":"substation","voltage":110000,"name":"Unterwerk Fronhausen"}},{"type":"Feature","geometry":{"type":"Point","coordinates":[9.2886243,50.2456509]},"properties":{"kind":"substation","voltage":110000,"name":"Unterwerk Wächtersbach"}},{"type":"Feature","geometry":{"type":"Point","coordinates":[8.662031,50.5255978]},"properties":{"kind":"substation","voltage":110000,"name":"Leihgestern"}},{"type":"Feature","geometry":{"type":"Point","coordinates":[9.6911748,50.5445746]},"properties":{"kind":"substation","voltage":110000,"name":"Unterwerk Fulda"}},{"type":"Feature","geometry":{"type":"Point","coordinates":[9.530204,51.1809247]},"properties":{"kind":"substation","voltage":110000,"name":"Unterwerk Körle"}},{"type":"Feature","geometry":{"type":"Point","coordinates":[8.3224681,50.4575334]},"properties":{"kind":"substation","voltage":110000,"name":"110/20kV UW Essershausen"}},{"type":"Feature","geometry":{"type":"Point","coordinates":[8.497715,49.7841172]},"properties":{"kind":"substation","voltage":110000,"name":"Umspannwerk Biebesheim"}},{"type":"Feature","geometry":{"type":"Point","coordinates":[8.8500563,49.7082008]},"properties":{"kind":"substation","voltage":110000,"name":null}},{"type":"Feature","geometry":{"type":"Point","coordinates":[8.6793158,49.9738514]},"properties":{"kind":"substation","voltage":110000,"name":null}},{"type":"Feature","geometry":{"type":"Point","coordinates":[9.0080725,49.8111526]},"properties":{"kind":"substation","voltage":110000,"name":"e-netz Südhessen"}},{"type":"Feature","geometry":{"type":"Point","coordinates":[9.9411193,50.8516508]},"properties":{"kind":"substation","voltage":110000,"name":"Philippsthal/Industrie"}},{"type":"Feature","geometry":{"type":"Point","coordinates":[8.846485,49.5869537]},"properties":{"kind":"substation","voltage":110000,"name":"Umspannanlage Wald-Michelbach"}},{"type":"Feature","geometry":{"type":"Point","coordinates":[8.6268614,49.6439088]},"properties":{"kind":"substation","voltage":110000,"name":"Umspannwerk Heppenheim"}},{"type":"Feature","geometry":{"type":"Point","coordinates":[8.6040369,49.6712613]},"properties":{"kind":"substation","voltage":110000,"name":null}},{"type":"Feature","geometry":{"type":"Point","coordinates":[8.5984624,49.760711]},"properties":{"kind":"substation","voltage":110000,"name":null}},{"type":"Feature","geometry":{"type":"Point","coordinates":[8.711495,49.5738013]},"properties":{"kind":"substation","voltage":110000,"name":"Umspannwerk Birkenau"}},{"type":"Feature","geometry":{"type":"Point","coordinates":[8.6827033,50.4372069]},"properties":{"kind":"substation","voltage":110000,"name":"Butzbach"}},{"type":"Feature","geometry":{"type":"Point","coordinates":[8.6087669,49.7029515]},"properties":{"kind":"substation","voltage":110000,"name":null}},{"type":"Feature","geometry":{"type":"Point","coordinates":[8.4151753,50.0048328]},"properties":{"kind":"substation","voltage":110000,"name":"Unterwerk Flörsheim"}},{"type":"Feature","geometry":{"type":"Point","coordinates":[9.789828,50.9756012]},"properties":{"kind":"substation","voltage":110000,"name":"Unterwerk Bebra"}},{"type":"Feature","geometry":{"type":"Point","coordinates":[8.6804152,50.5659074]},"properties":{"kind":"substation","voltage":110000,"name":"Gießen/Süd"}},{"type":"Feature","geometry":{"type":"Point","coordinates":[8.2664727,50.0310657]},"properties":{"kind":"substation","voltage":110000,"name":"Unterwerk Wiesbaden Ost"}},{"type":"Feature","geometry":{"type":"Point","coordinates":[8.7504898,50.7923737]},"properties":{"kind":"substation","voltage":110000,"name":"Umspannwerk Marburg Süd"}},{"type":"Feature","geometry":{"type":"Point","coordinates":[9.4033352,51.1357237]},"properties":{"kind":"substation","voltage":110000,"name":"Felsberg"}},{"type":"Feature","geometry":{"type":"Point","coordinates":[8.558704,50.5306206]},"properties":{"kind":"substation","voltage":110000,"name":"Rechtenbach"}},{"type":"Feature","geometry":{"type":"Point","coordinates":[9.5402215,50.3534552]},"properties":{"kind":"substation","voltage":110000,"name":"Elm"}},{"type":"Feature","geometry":{"type":"Point","coordinates":[9.0602435,51.1833318]},"properties":{"kind":"substation","voltage":110000,"name":"Hemfurth"}},{"type":"Feature","geometry":{"type":"Point","coordinates":[9.050033,51.1660308]},"properties":{"kind":"substation","voltage":110000,"name":"Waldeck"}},{"type":"Feature","geometry":{"type":"Point","coordinates":[8.9934631,51.3435164]},"properties":{"kind":"substation","voltage":110000,"name":"Umspannwerk Twistetal"}},{"type":"Feature","geometry":{"type":"Point","coordinates":[9.1153158,50.1712859]},"properties":{"kind":"substation","voltage":110000,"name":"Niedermittlau"}},{"type":"Feature","geometry":{"type":"Point","coordinates":[9.0004644,51.3705853]},"properties":{"kind":"substation","voltage":110000,"name":"Umspannwerk Arolsen"}},{"type":"Feature","geometry":{"type":"Point","coordinates":[8.6491509,49.8896267]},"properties":{"kind":"substation","voltage":110000,"name":"Umspannanlage Darmstadt-Nord"}},{"type":"Feature","geometry":{"type":"Point","coordinates":[8.9537419,50.0858254]},"properties":{"kind":"substation","voltage":220000,"name":"Kraftwerkseinspeisung Staudinger"}},{"type":"Feature","geometry":{"type":"Point","coordinates":[9.6136022,50.3174627]},"properties":{"kind":"substation","voltage":110000,"name":"Sterbfritz"}},{"type":"Feature","geometry":{"type":"Point","coordinates":[8.9784987,51.5053825]},"properties":{"kind":"substation","voltage":110000,"name":"Wrexen"}},{"type":"Feature","geometry":{"type":"Point","coordinates":[8.9263477,50.119597]},"properties":{"kind":"substation","voltage":110000,"name":"Hanau/Ost"}},{"type":"Feature","geometry":{"type":"Point","coordinates":[8.671706,50.1291567]},"properties":{"kind":"substation","voltage":110000,"name":"Umspannwerk Lübecker Straße"}},{"type":"Feature","geometry":{"type":"Point","coordinates":[8.3193927,50.1566694]},"properties":{"kind":"substation","voltage":110000,"name":"Unterwerk Niedernhausen"}},{"type":"Feature","geometry":{"type":"Point","coordinates":[9.1443731,50.5107483]},"properties":{"kind":"substation","voltage":110000,"name":"Schotten"}},{"type":"Feature","geometry":{"type":"Point","coordinates":[8.0658971,50.4061906]},"properties":{"kind":"substation","voltage":380000,"name":"Station Limburg"}},{"type":"Feature","geometry":{"type":"Point","coordinates":[8.5829411,50.756217]},"properties":{"kind":"substation","voltage":110000,"name":"Gladenbach"}},{"type":"Feature","geometry":{"type":"Point","coordinates":[8.6323835,51.2826024]},"properties":{"kind":"substation","voltage":110000,"name":null}},{"type":"Feature","geometry":{"type":"Point","coordinates":[8.8095439,51.0653696]},"properties":{"kind":"substation","voltage":110000,"name":"Frankenberg"}},{"type":"Feature","geometry":{"type":"Point","coordinates":[9.8672375,51.3337561]},"properties":{"kind":"substation","voltage":110000,"name":"Witzenhausen"}},{"type":"Feature","geometry":{"type":"Point","coordinates":[9.2064988,50.579595]},"properties":{"kind":"substation","voltage":110000,"name":"Ulrichstein"}},{"type":"Feature","geometry":{"type":"Point","coordinates":[9.7921971,50.9634612]},"properties":{"kind":"substation","voltage":110000,"name":"Bebra"}},{"type":"Feature","geometry":{"type":"Point","coordinates":[8.6279469,50.0848225]},"properties":{"kind":"substation","voltage":110000,"name":"Umspannwerk Goldsteinstraße"}},{"type":"Feature","geometry":{"type":"Point","coordinates":[9.8841862,51.149612]},"properties":{"kind":"substation","voltage":110000,"name":"Waldkappel"}},{"type":"Feature","geometry":{"type":"Point","coordinates":[9.9103908,51.053247]},"properties":{"kind":"substation","voltage":110000,"name":"Sontra"}},{"type":"Feature","geometry":{"type":"Point","coordinates":[8.7950459,50.6678457]},"properties":{"kind":"substation","voltage":110000,"name":"Lumda"}},{"type":"Feature","geometry":{"type":"Point","coordinates":[8.4443385,49.6843255]},"properties":{"kind":"substation","voltage":110000,"name":"Unterwerk Biblis"}},{"type":"Feature","geometry":{"type":"Point","coordinates":[9.5384097,50.6021906]},"properties":{"kind":"substation","voltage":110000,"name":"Umspannwerk Großenlüder"}},{"type":"Feature","geometry":{"type":"Point","coordinates":[8.0675864,50.4056594]},"properties":{"kind":"substation","voltage":110000,"name":"Umrichterwerk Limburg"}},{"type":"Feature","geometry":{"type":"Point","coordinates":[8.8089385,50.3554949]},"properties":{"kind":"substation","voltage":110000,"name":"Dorheim"}},{"type":"Feature","geometry":{"type":"Point","coordinates":[8.9681463,50.9854566]},"properties":{"kind":"substation","voltage":110000,"name":"Gemünden"}},{"type":"Feature","geometry":{"type":"Point","coordinates":[8.5540051,50.8546719]},"properties":{"kind":"substation","voltage":110000,"name":"Friedensdorf"}},{"type":"Feature","geometry":{"type":"Point","coordinates":[8.8685365,50.2198359]},"properties":{"kind":"substation","voltage":110000,"name":"Windecken"}},{"type":"Feature","geometry":{"type":"Point","coordinates":[8.9031422,50.1926333]},"properties":{"kind":"substation","voltage":110000,"name":"Brucköbel"}},{"type":"Feature","geometry":{"type":"Point","coordinates":[9.0167587,50.7287504]},"properties":{"kind":"substation","voltage":110000,"name":"Ohmtal"}},{"type":"Feature","geometry":{"type":"Point","coordinates":[8.7556457,50.8734187]},"properties":{"kind":"substation","voltage":110000,"name":"Lahntal"}},{"type":"Feature","geometry":{"type":"Point","coordinates":[8.0998923,50.3794109]},"properties":{"kind":"substation","voltage":110000,"name":"Unterwerk Limburg"}},{"type":"Feature","geometry":{"type":"Point","coordinates":[8.7118256,50.110594]},"properties":{"kind":"substation","voltage":110000,"name":"Umspannwerk Osthafenplatz"}},{"type":"Feature","geometry":{"type":"Point","coordinates":[9.7293581,50.8632089]},"properties":{"kind":"substation","voltage":110000,"name":"Bad Hersfeld"}},{"type":"Feature","geometry":{"type":"Point","coordinates":[9.5889806,51.0624982]},"properties":{"kind":"substation","voltage":110000,"name":"Neumorschen"}},{"type":"Feature","geometry":{"type":"Point","coordinates":[9.5266513,51.1237979]},"properties":{"kind":"substation","voltage":110000,"name":"Melsungen"}},{"type":"Feature","geometry":{"type":"Point","coordinates":[7.9648139,49.9914488]},"properties":{"kind":"substation","voltage":110000,"name":null}},{"type":"Feature","geometry":{"type":"Point","coordinates":[8.7737942,50.3245372]},"properties":{"kind":"substation","voltage":110000,"name":"Unterwerk Friedberg"}},{"type":"Feature","geometry":{"type":"Point","coordinates":[8.514791,50.0874687]},"properties":{"kind":"substation","voltage":110000,"name":null}},{"type":"Feature","geometry":{"type":"Point","coordinates":[8.6526878,50.6026478]},"properties":{"kind":"substation","voltage":110000,"name":"Gießen/Nord"}},{"type":"Feature","geometry":{"type":"Point","coordinates":[8.9475001,49.971398]},"properties":{"kind":"substation","voltage":110000,"name":"Umspannwerk Babenhausen"}},{"type":"Feature","geometry":{"type":"Point","coordinates":[8.4514145,50.1497654]},"properties":{"kind":"substation","voltage":110000,"name":"Umspannwerk Kelkheim Hornau"}},{"type":"Feature","geometry":{"type":"Point","coordinates":[9.0934374,50.3757036]},"properties":{"kind":"substation","voltage":110000,"name":"Lissberg"}},{"type":"Feature","geometry":{"type":"Point","coordinates":[8.3523322,50.8123296]},"properties":{"kind":"substation","voltage":110000,"name":"Eibelshausen"}},{"type":"Feature","geometry":{"type":"Point","coordinates":[8.2001458,50.679024]},"properties":{"kind":"substation","voltage":110000,"name":"Breitscheid"}},{"type":"Feature","geometry":{"type":"Point","coordinates":[9.392193,51.5079537]},"properties":{"kind":"substation","voltage":110000,"name":"Hofgeismar"}},{"type":"Feature","geometry":{"type":"Point","coordinates":[8.8431226,49.4015437]},"properties":{"kind":"substation","voltage":110000,"name":"Umspannanlage Neckarsteinach"}},{"type":"Feature","geometry":{"type":"Point","coordinates":[8.9697267,50.5812966]},"properties":{"kind":"substation","voltage":110000,"name":"Grünberg"}},{"type":"Feature","geometry":{"type":"Point","coordinates":[9.3877842,50.6417784]},"properties":{"kind":"substation","voltage":110000,"name":"Umspannwerk Lauterbach"}},{"type":"Feature","geometry":{"type":"Point","coordinates":[9.3423577,50.4821294]},"properties":{"kind":"substation","voltage":110000,"name":"Crainfeld"}},{"type":"Feature","geometry":{"type":"Point","coordinates":[8.8077698,50.1550053]},"properties":{"kind":"substation","voltage":110000,"name":"Bischofsheim"}},{"type":"Feature","geometry":{"type":"Point","coordinates":[9.262303,50.7628877]},"properties":{"kind":"substation","voltage":110000,"name":"Alsfeld"}},{"type":"Feature","geometry":{"type":"Point","coordinates":[9.2947681,50.2361704]},"properties":{"kind":"substation","voltage":110000,"name":"Wächtersbach"}},{"type":"Feature","geometry":{"type":"Point","coordinates":[9.5719651,50.4190135]},"properties":{"kind":"substation","voltage":110000,"name":"Unterwerk Flieden"}},{"type":"Feature","geometry":{"type":"Point","coordinates":[9.2839146,51.0520789]},"properties":{"kind":"substation","voltage":110000,"name":"Bahnstrom Umformerwerk Borken"}},{"type":"Feature","geometry":{"type":"Point","coordinates":[9.409717,50.3000477]},"properties":{"kind":"substation","voltage":110000,"name":"Umspannwerk Bad Soden"}},{"type":"Feature","geometry":{"type":"Point","coordinates":[9.713584,50.5526527]},"properties":{"kind":"substation","voltage":110000,"name":"Petersberg"}},{"type":"Feature","geometry":{"type":"Point","coordinates":[9.7196522,50.4866421]},"properties":{"kind":"substation","voltage":110000,"name":"Welkers"}},{"type":"Feature","geometry":{"type":"Point","coordinates":[9.6561248,50.2788402]},"properties":{"kind":"substation","voltage":110000,"name":"Unterwerk Mottgers"}},{"type":"Feature","geometry":{"type":"Point","coordinates":[8.8317615,49.7953789]},"properties":{"kind":"substation","voltage":110000,"name":null}},{"type":"Feature","geometry":{"type":"Point","coordinates":[8.904191,49.449869]},"properties":{"kind":"substation","voltage":110000,"name":"Umspannanlage Hirschhorn"}},{"type":"Feature","geometry":{"type":"Point","coordinates":[8.0334977,50.3925416]},"properties":{"kind":"substation","voltage":110000,"name":"Umspannanlage Staffel"}},{"type":"Feature","geometry":{"type":"Point","coordinates":[8.2300791,50.3373378]},"properties":{"kind":"substation","voltage":110000,"name":null}},{"type":"Feature","geometry":{"type":"Point","coordinates":[8.5884243,49.815735]},"properties":{"kind":"substation","voltage":380000,"name":"Umspannanlage Pfungstadt"}},{"type":"Feature","geometry":{"type":"Point","coordinates":[8.4843819,50.5607028]},"properties":{"kind":"substation","voltage":110000,"name":"Wetzlar"}},{"type":"Feature","geometry":{"type":"Point","coordinates":[8.4908713,50.5673391]},"properties":{"kind":"substation","voltage":110000,"name":"Wetzlar/Industrie"}},{"type":"Feature","geometry":{"type":"Point","coordinates":[8.4256145,50.5373118]},"properties":{"kind":"substation","voltage":110000,"name":"Burgsolms"}},{"type":"Feature","geometry":{"type":"Point","coordinates":[8.1239429,50.4671803]},"properties":{"kind":"substation","voltage":110000,"name":"UW Obertiefenbach"}},{"type":"Feature","geometry":{"type":"Point","coordinates":[8.7339031,50.5930169]},"properties":{"kind":"substation","voltage":110000,"name":"Gießen/Ost"}},{"type":"Feature","geometry":{"type":"Point","coordinates":[8.4486477,50.8873157]},"properties":{"kind":"substation","voltage":110000,"name":"Breidenbach"}},{"type":"Feature","geometry":{"type":"Point","coordinates":[8.334754,50.732201]},"properties":{"kind":"substation","voltage":110000,"name":"Oberscheld"}},{"type":"Feature","geometry":{"type":"Point","coordinates":[8.2916936,50.0884024]},"properties":{"kind":"substation","voltage":110000,"name":null}},{"type":"Feature","geometry":{"type":"Point","coordinates":[9.5701883,50.8514256]},"properties":{"kind":"substation","voltage":110000,"name":"Aula"}},{"type":"Feature","geometry":{"type":"Point","coordinates":[8.6016977,49.9081965]},"properties":{"kind":"substation","voltage":110000,"name":"Umspannanlage Weiterstadt"}},{"type":"Feature","geometry":{"type":"Point","coordinates":[9.7740004,50.5288076]},"properties":{"kind":"substation","voltage":380000,"name":"Dipperz"}},{"type":"Feature","geometry":{"type":"Point","coordinates":[8.2572974,50.0586493]},"properties":{"kind":"substation","voltage":110000,"name":"Umspannwerk"}},{"type":"Feature","geometry":{"type":"Point","coordinates":[8.8293633,50.1183796]},"properties":{"kind":"substation","voltage":110000,"name":"UW Mühlheim"}},{"type":"Feature","geometry":{"type":"Point","coordinates":[8.8772857,50.0788423]},"properties":{"kind":"substation","voltage":110000,"name":null}},{"type":"Feature","geometry":{"type":"Point","coordinates":[8.7882804,50.1037549]},"properties":{"kind":"substation","voltage":110000,"name":"Unterwerk Offenbach am Main"}},{"type":"Feature","geometry":{"type":"Point","coordinates":[8.5427504,50.0958268]},"properties":{"kind":"substation","voltage":110000,"name":null}},{"type":"Feature","geometry":{"type":"Point","coordinates":[8.9207712,49.8736704]},"properties":{"kind":"substation","voltage":110000,"name":"Umspannwerk Groß-Umstadt"}},{"type":"Feature","geometry":{"type":"Point","coordinates":[8.4175698,49.6388139]},"properties":{"kind":"substation","voltage":110000,"name":"Umspannanlage Rosengarten"}},{"type":"Feature","geometry":{"type":"Point","coordinates":[8.6719003,49.9306978]},"properties":{"kind":"substation","voltage":110000,"name":"Umspannanlage Leonhardstanne"}},{"type":"Feature","geometry":{"type":"Point","coordinates":[8.9941479,49.6503881]},"properties":{"kind":"substation","voltage":110000,"name":"Umspannwerk Erbach"}},{"type":"Feature","geometry":{"type":"Point","coordinates":[9.1789626,50.1852286]},"properties":{"kind":"substation","voltage":110000,"name":"Umspannwerk Gelnhausen"}},{"type":"Feature","geometry":{"type":"Point","coordinates":[8.2476166,50.2359425]},"properties":{"kind":"substation","voltage":110000,"name":"Unterwerk Wörsdorf"}},{"type":"Feature","geometry":{"type":"Point","coordinates":[9.7549047,50.6947814]},"properties":{"kind":"substation","voltage":110000,"name":"Burghaun"}},{"type":"Feature","geometry":{"type":"Point","coordinates":[9.5372987,51.352131]},"properties":{"kind":"substation","voltage":110000,"name":"Unterwerk Ihringshausen"}},{"type":"Feature","geometry":{"type":"Point","coordinates":[8.4870458,49.8333863]},"properties":{"kind":"substation","voltage":110000,"name":"Umspannwerk Goddelau"}},{"type":"Feature","geometry":{"type":"Point","coordinates":[9.9039381,50.5054501]},"properties":{"kind":"substation","voltage":110000,"name":"Umspannwerk Sieblos"}},{"type":"Feature","geometry":{"type":"Point","coordinates":[8.9638263,50.1214213]},"properties":{"kind":"substation","voltage":110000,"name":"Wolfgang"}},{"type":"Feature","geometry":{"type":"Point","coordinates":[8.881942,50.4702609]},"properties":{"kind":"substation","voltage":110000,"name":"Hungen"}},{"type":"Feature","geometry":{"type":"Point","coordinates":[9.0018769,50.408241]},"properties":{"kind":"substation","voltage":110000,"name":"Nidda"}},{"type":"Feature","geometry":{"type":"Point","coordinates":[9.6743061,50.5444337]},"properties":{"kind":"substation","voltage":110000,"name":"Fulda/Süd"}},{"type":"Feature","geometry":{"type":"Point","coordinates":[8.817063,50.3948903]},"properties":{"kind":"substation","voltage":110000,"name":null}},{"type":"Feature","geometry":{"type":"Point","coordinates":[8.6610393,51.0223524]},"properties":{"kind":"substation","voltage":110000,"name":"Battenfeld"}},{"type":"Feature","geometry":{"type":"Point","coordinates":[8.763596,50.3463051]},"properties":{"kind":"substation","voltage":110000,"name":"Friedberg"}},{"type":"Feature","geometry":{"type":"Point","coordinates":[9.4416235,51.2521595]},"properties":{"kind":"substation","voltage":110000,"name":"Schaltanlage Rengershausen"}},{"type":"Feature","geometry":{"type":"Point","coordinates":[8.8723599,50.1297393]},"properties":{"kind":"substation","voltage":110000,"name":"Dörnigheim 110 kV"}},{"type":"Feature","geometry":{"type":"Point","coordinates":[9.0476234,50.1643112]},"properties":{"kind":"substation","voltage":110000,"name":"Langenselbold"}},{"type":"Feature","geometry":{"type":"Point","coordinates":[8.5668671,49.5238051]},"properties":{"kind":"substation","voltage":110000,"name":"Netze BW Umspannwerk Viernheim"}},{"type":"Feature","geometry":{"type":"Point","coordinates":[8.9537873,49.5674138]},"properties":{"kind":"substation","voltage":110000,"name":"Beerfelden"}},{"type":"Feature","geometry":{"type":"Point","coordinates":[9.7467291,50.9856548]},"properties":{"kind":"substation","voltage":110000,"name":"Rotenburg"}},{"type":"Feature","geometry":{"type":"Point","coordinates":[8.2278207,50.74767]},"properties":{"kind":"substation","voltage":110000,"name":"Haiger"}},{"type":"Feature","geometry":{"type":"Point","coordinates":[8.3119097,50.6597518]},"properties":{"kind":"substation","voltage":110000,"name":"Merkenbach"}},{"type":"Feature","geometry":{"type":"Point","coordinates":[8.7464478,49.6073628]},"properties":{"kind":"substation","voltage":110000,"name":null}},{"type":"Feature","geometry":{"type":"Point","coordinates":[9.7214628,51.1923958]},"properties":{"kind":"substation","voltage":110000,"name":"Hessisch Lichtenau"}},{"type":"Feature","geometry":{"type":"Point","coordinates":[9.1638331,51.4141353]},"properties":{"kind":"substation","voltage":110000,"name":"Breuna"}},{"type":"Feature","geometry":{"type":"Point","coordinates":[9.1698133,51.3188734]},"properties":{"kind":"substation","voltage":110000,"name":"Wolfhagen"}},{"type":"Feature","geometry":{"type":"Point","coordinates":[9.4241566,51.2507298]},"properties":{"kind":"substation","voltage":110000,"name":"Baunatal"}},{"type":"Feature","geometry":{"type":"Point","coordinates":[9.7882061,50.762555]},"properties":{"kind":"substation","voltage":110000,"name":"Eiterfeld"}},{"type":"Feature","geometry":{"type":"Point","coordinates":[8.7429591,50.1113872]},"properties":{"kind":"substation","voltage":110000,"name":"110 KV Schaltanlage"}},{"type":"Feature","geometry":{"type":"Point","coordinates":[9.4193029,51.4430544]},"properties":{"kind":"substation","voltage":110000,"name":"Grebenstein"}},{"type":"Feature","geometry":{"type":"Point","coordinates":[9.5672409,51.3252229]},"properties":{"kind":"substation","voltage":110000,"name":"Umspannwerk Sandershausen"}},{"type":"Feature","geometry":{"type":"Point","coordinates":[9.5586472,51.3231713]},"properties":{"kind":"substation","voltage":110000,"name":"Niestetal"}},{"type":"Feature","geometry":{"type":"Point","coordinates":[9.0236988,49.7485676]},"properties":{"kind":"substation","voltage":110000,"name":"Umspannanlage Bad König"}},{"type":"Feature","geometry":{"type":"Point","coordinates":[9.4793534,51.3583394]},"properties":{"kind":"substation","voltage":110000,"name":"Vellmar"}},{"type":"Feature","geometry":{"type":"Point","coordinates":[9.5871718,50.8780658]},"properties":{"kind":"substation","voltage":110000,"name":"Unterwerk Kirchheim"}},{"type":"Feature","geometry":{"type":"Point","coordinates":[8.0680138,50.4060694]},"properties":{"kind":"substation","voltage":110000,"name":null}},{"type":"Feature","geometry":{"type":"Point","coordinates":[8.0678407,50.4058124]},"properties":{"kind":"substation","voltage":110000,"name":null}},{"type":"Feature","geometry":{"type":"Point","coordinates":[8.0680536,50.405827]},"properties":{"kind":"substation","voltage":110000,"name":null}},{"type":"Feature","geometry":{"type":"Point","coordinates":[8.0674492,50.405785]},"properties":{"kind":"substation","voltage":110000,"name":null}},{"type":"Feature","geometry":{"type":"Point","coordinates":[8.0671878,50.4060408]},"properties":{"kind":"substation","voltage":110000,"name":null}},{"type":"Feature","geometry":{"type":"Point","coordinates":[8.067803,50.4060571]},"properties":{"kind":"substation","voltage":110000,"name":null}},{"type":"Feature","geometry":{"type":"Point","coordinates":[8.0674072,50.4060406]},"properties":{"kind":"substation","voltage":110000,"name":null}},{"type":"Feature","geometry":{"type":"Point","coordinates":[8.0672276,50.4057726]},"properties":{"kind":"substation","voltage":110000,"name":null}},{"type":"Feature","geometry":{"type":"Point","coordinates":[9.2043617,50.910392]},"properties":{"kind":"substation","voltage":110000,"name":"Treysa"}},{"type":"Feature","geometry":{"type":"Point","coordinates":[9.3841466,50.8018944]},"properties":{"kind":"substation","voltage":110000,"name":"Ottrau"}},{"type":"Feature","geometry":{"type":"Point","coordinates":[8.5602391,49.9920831]},"properties":{"kind":"substation","voltage":110000,"name":null}},{"type":"Feature","geometry":{"type":"Point","coordinates":[8.8104259,50.0593348]},"properties":{"kind":"substation","voltage":110000,"name":null}},{"type":"Feature","geometry":{"type":"Point","coordinates":[9.3837007,51.0120972]},"properties":{"kind":"substation","voltage":110000,"name":"Umspannwerk Homberg (Efze)"}},{"type":"Feature","geometry":{"type":"Point","coordinates":[9.4855928,51.277146]},"properties":{"kind":"substation","voltage":110000,"name":"Umspannwerk Kraftwerk Kassel"}},{"type":"Feature","geometry":{"type":"Point","coordinates":[8.7741737,50.322147]},"properties":{"kind":"substation","voltage":110000,"name":"Umspannwerk Fauerbach"}},{"type":"Feature","geometry":{"type":"Point","coordinates":[8.6740395,50.5645424]},"properties":{"kind":"substation","voltage":110000,"name":null}},{"type":"Feature","geometry":{"type":"Point","coordinates":[8.9168076,50.1031]},"properties":{"kind":"substation","voltage":110000,"name":"Hanau/Süd"}},{"type":"Feature","geometry":{"type":"Point","coordinates":[8.6571951,50.6055928]},"properties":{"kind":"substation","voltage":110000,"name":"Umspannwerk Gießen Nord"}},{"type":"Feature","geometry":{"type":"Point","coordinates":[9.0560362,50.2898619]},"properties":{"kind":"substation","voltage":110000,"name":"Orleshausen"}},{"type":"Feature","geometry":{"type":"Point","coordinates":[9.6830537,50.5533839]},"properties":{"kind":"substation","voltage":110000,"name":"Fulda/Mitte"}},{"type":"Feature","geometry":{"type":"Point","coordinates":[8.5038478,50.0739929]},"properties":{"kind":"substation","voltage":110000,"name":"Umspannwerk Hattersheim"}},{"type":"Feature","geometry":{"type":"Point","coordinates":[8.3205543,50.1619918]},"properties":{"kind":"substation","voltage":110000,"name":"Umspannwerk Niedernhausen"}},{"type":"Feature","geometry":{"type":"Point","coordinates":[8.3199806,50.1614429]},"properties":{"kind":"substation","voltage":110000,"name":null}},{"type":"Feature","geometry":{"type":"Point","coordinates":[8.4882492,49.5996316]},"properties":{"kind":"substation","voltage":110000,"name":null}},{"type":"Feature","geometry":{"type":"Point","coordinates":[8.5897653,50.0262]},"properties":{"kind":"substation","voltage":110000,"name":"651 Umspannwerk Flughafen Südost"}},{"type":"Feature","geometry":{"type":"Point","coordinates":[8.5453309,50.0967421]},"properties":{"kind":"substation","voltage":110000,"name":null}},{"type":"Feature","geometry":{"type":"Point","coordinates":[8.6496801,50.098002]},"properties":{"kind":"substation","voltage":110000,"name":"Umspannwerk Gutleutstraße"}},{"type":"Feature","geometry":{"type":"Point","coordinates":[8.6751488,50.1162383]},"properties":{"kind":"substation","voltage":110000,"name":"Umspannwerk Hochstraße"}},{"type":"Feature","geometry":{"type":"Point","coordinates":[8.3687353,50.0217164]},"properties":{"kind":"substation","voltage":110000,"name":"Umspannanlage Hochheim"}},{"type":"Feature","geometry":{"type":"Point","coordinates":[8.6577477,49.8721967]},"properties":{"kind":"substation","voltage":110000,"name":"Umspannanlage Darmstadt Mitte"}},{"type":"Feature","geometry":{"type":"Point","coordinates":[9.1609432,50.5989028]},"properties":{"kind":"substation","voltage":110000,"name":"Mücke"}},{"type":"Feature","geometry":{"type":"Point","coordinates":[8.7083208,50.0332779]},"properties":{"kind":"substation","voltage":110000,"name":null}},{"type":"Feature","geometry":{"type":"Point","coordinates":[9.5952805,50.4606779]},"properties":{"kind":"substation","voltage":110000,"name":"Neuhof"}},{"type":"Feature","geometry":{"type":"Point","coordinates":[9.3593363,50.4803775]},"properties":{"kind":"substation","voltage":110000,"name":"Crainfeld/Wind"}},{"type":"Feature","geometry":{"type":"Point","coordinates":[8.965158,50.2760906]},"properties":{"kind":"substation","voltage":110000,"name":"Altenstadt"}},{"type":"Feature","geometry":{"type":"Point","coordinates":[9.3541429,50.749603]},"properties":{"kind":"substation","voltage":110000,"name":"Eiga (Alsfeld)"}},{"type":"Feature","geometry":{"type":"Point","coordinates":[9.6471341,51.2523779]},"properties":{"kind":"substation","voltage":110000,"name":"Wind-UW Stiftswald"}},{"type":"Feature","geometry":{"type":"Point","coordinates":[8.3257286,50.0250602]},"properties":{"kind":"substation","voltage":110000,"name":"Umspannwerk Kostheim"}},{"type":"Feature","geometry":{"type":"Point","coordinates":[8.5976898,50.0939098]},"properties":{"kind":"substation","voltage":110000,"name":null}},{"type":"Feature","geometry":{"type":"Point","coordinates":[8.3320869,50.0054713]},"properties":{"kind":"substation","voltage":110000,"name":null}},{"type":"Feature","geometry":{"type":"Point","coordinates":[8.4377337,49.9980901]},"properties":{"kind":"substation","voltage":110000,"name":"Umspannwerk Waldweg"}},{"type":"Feature","geometry":{"type":"Point","coordinates":[9.9993399,51.2024241]},"properties":{"kind":"substation","voltage":110000,"name":"Eschwege"}},{"type":"Feature","geometry":{"type":"Point","coordinates":[9.5852749,51.3313783]},"properties":{"kind":"substation","voltage":380000,"name":"Sandershausen/Ost"}},{"type":"Feature","geometry":{"type":"Point","coordinates":[8.4870954,50.572902]},"properties":{"kind":"substation","voltage":110000,"name":"Dillfeld"}},{"type":"Feature","geometry":{"type":"Point","coordinates":[9.5123308,51.1292629]},"properties":{"kind":"substation","voltage":110000,"name":"Melsungen/Wind"}},{"type":"Feature","geometry":{"type":"Point","coordinates":[8.4770101,49.8983565]},"properties":{"kind":"substation","voltage":110000,"name":null}},{"type":"Feature","geometry":{"type":"Point","coordinates":[8.2445194,50.034869]},"properties":{"kind":"substation","voltage":110000,"name":null}},{"type":"Feature","geometry":{"type":"Point","coordinates":[8.7420545,50.1962257]},"properties":{"kind":"substation","voltage":110000,"name":"Vilbeln"}},{"type":"Feature","geometry":{"type":"Point","coordinates":[9.9241653,51.3755191]},"properties":{"kind":"substation","voltage":110000,"name":"Unterwerk Eichenberg"}},{"type":"Feature","geometry":{"type":"Point","coordinates":[8.9867297,50.6498993]},"properties":{"kind":"substation","voltage":110000,"name":"Atzenhain"}},{"type":"Feature","geometry":{"type":"Point","coordinates":[8.4943218,50.1314999]},"properties":{"kind":"substation","voltage":110000,"name":"Umspannwerk Bad Soden"}},{"type":"Feature","geometry":{"type":"Point","coordinates":[8.6577809,50.1099221]},"properties":{"kind":"substation","voltage":110000,"name":"Umspannwerk Hohenstaufenstraße"}},{"type":"Feature","geometry":{"type":"Point","coordinates":[8.7021621,50.1454773]},"properties":{"kind":"substation","voltage":110000,"name":"Umspannwerk Marbachweg"}},{"type":"Feature","geometry":{"type":"Point","coordinates":[8.7400138,50.120175]},"properties":{"kind":"substation","voltage":110000,"name":null}},{"type":"Feature","geometry":{"type":"Point","coordinates":[8.6518399,50.1219585]},"properties":{"kind":"substation","voltage":110000,"name":"Umspannwerk Gräfstraße"}},{"type":"Feature","geometry":{"type":"Point","coordinates":[8.6986359,50.1229462]},"properties":{"kind":"substation","voltage":110000,"name":"Umspannwerk Heideplatz"}},{"type":"Feature","geometry":{"type":"Point","coordinates":[8.6915895,50.0985118]},"properties":{"kind":"substation","voltage":110000,"name":"Umspannwerk Darmstädter Landstraße"}},{"type":"Feature","geometry":{"type":"Point","coordinates":[8.5949291,50.0990625]},"properties":{"kind":"substation","voltage":110000,"name":"Umspannwerk Froschhäuser Straße"}},{"type":"Feature","geometry":{"type":"Point","coordinates":[8.6604841,50.1939082]},"properties":{"kind":"substation","voltage":110000,"name":"Frankfurt/Nordwest"}},{"type":"Feature","geometry":{"type":"Point","coordinates":[8.6268792,50.0952835]},"properties":{"kind":"substation","voltage":110000,"name":"Umspannwerk Kleyerstraße"}},{"type":"Feature","geometry":{"type":"Point","coordinates":[8.742445,50.1404075]},"properties":{"kind":"substation","voltage":110000,"name":"Umspannwerk Kruppstraße"}},{"type":"Feature","geometry":{"type":"Point","coordinates":[8.4434101,50.3642027]},"properties":{"kind":"substation","voltage":110000,"name":null}},{"type":"Feature","geometry":{"type":"Point","coordinates":[8.3861651,49.9821506]},"properties":{"kind":"substation","voltage":110000,"name":null}},{"type":"Feature","geometry":{"type":"Point","coordinates":[8.7398738,50.1348673]},"properties":{"kind":"substation","voltage":110000,"name":null}},{"type":"Feature","geometry":{"type":"Point","coordinates":[8.2669308,50.0352906]},"properties":{"kind":"substation","voltage":110000,"name":null}},{"type":"Feature","geometry":{"type":"Point","coordinates":[9.5149532,51.2591255]},"properties":{"kind":"substation","voltage":110000,"name":"Umspannwerk Bergshausen 110kV"}},{"type":"Feature","geometry":{"type":"Point","coordinates":[9.9375985,50.8506532]},"properties":{"kind":"substation","voltage":110000,"name":"Philippsthal-Wind"}},{"type":"Feature","geometry":{"type":"Point","coordinates":[9.0880692,50.8571473]},"properties":{"kind":"substation","voltage":110000,"name":"Neustadt (Hessen)"}},{"type":"Feature","geometry":{"type":"Point","coordinates":[8.7955983,50.6675342]},"properties":{"kind":"substation","voltage":110000,"name":"Lumda"}},{"type":"Feature","geometry":{"type":"Point","coordinates":[8.6928005,50.8428821]},"properties":{"kind":"substation","voltage":110000,"name":"Michelsbach"}},{"type":"Feature","geometry":{"type":"Point","coordinates":[9.3625841,50.5953103]},"properties":{"kind":"substation","voltage":110000,"name":"Frischborn"}},{"type":"Feature","geometry":{"type":"Point","coordinates":[8.5294955,50.0777746]},"properties":{"kind":"substation","voltage":380000,"name":"Schwanheim (vorh. Höchst Süd Neu)"}},{"type":"Feature","geometry":{"type":"Point","coordinates":[9.746405,50.9165501]},"properties":{"kind":"substation","voltage":110000,"name":"Umspannwerk Mecklar 110kV"}},{"type":"Feature","geometry":{"type":"Point","coordinates":[8.4962964,50.9290812]},"properties":{"kind":"substation","voltage":110000,"name":"Biedenkopf"}},{"type":"Feature","geometry":{"type":"Point","coordinates":[9.1491939,51.1193093]},"properties":{"kind":"substation","voltage":110000,"name":"Wildungen"}},{"type":"Feature","geometry":{"type":"Point","coordinates":[9.3546937,50.7494477]},"properties":{"kind":"substation","voltage":110000,"name":"Lingelbach"}},{"type":"Feature","geometry":{"type":"Point","coordinates":[9.3733642,50.7872933]},"properties":{"kind":"substation","voltage":110000,"name":"Berfa"}},{"type":"Feature","geometry":{"type":"Point","coordinates":[8.9573581,50.0868748]},"properties":{"kind":"substation","voltage":110000,"name":"Großkrotzenburg"}},{"type":"Feature","geometry":{"type":"Point","coordinates":[9.2592132,51.0582964]},"properties":{"kind":"substation","voltage":110000,"name":"Borken 110kV"}},{"type":"Feature","geometry":{"type":"Point","coordinates":[9.0041104,50.8212463]},"properties":{"kind":"substation","voltage":110000,"name":"Allendorf/Winter"}},{"type":"Feature","geometry":{"type":"Point","coordinates":[9.6569014,50.5776032]},"properties":{"kind":"substation","voltage":110000,"name":"Umspannwerk Fulda/Nord"}},{"type":"Feature","geometry":{"type":"Point","coordinates":[9.9405221,50.8516705]},"properties":{"kind":"substation","voltage":110000,"name":"Philippsthal"}},{"type":"Feature","geometry":{"type":"Point","coordinates":[9.9174497,50.8516964]},"properties":{"kind":"substation","voltage":110000,"name":"Motzfeld"}},{"type":"Feature","geometry":{"type":"Point","coordinates":[9.3839611,51.5699202]},"properties":{"kind":"substation","voltage":110000,"name":"Trendelburg"}},{"type":"Feature","geometry":{"type":"Point","coordinates":[8.9350497,49.6017157]},"properties":{"kind":"substation","voltage":110000,"name":null}},{"type":"Feature","geometry":{"type":"Point","coordinates":[9.2944173,50.2355049]},"properties":{"kind":"substation","voltage":110000,"name":"Wächtersbach II"}},{"type":"Feature","geometry":{"type":"Point","coordinates":[9.2956512,50.2359043]},"properties":{"kind":"substation","voltage":110000,"name":"Flörsbachtal"}},{"type":"Feature","geometry":{"type":"Point","coordinates":[8.7055448,50.9660349]},"properties":{"kind":"substation","voltage":110000,"name":null}},{"type":"Feature","geometry":{"type":"Point","coordinates":[8.6181358,50.0921303]},"properties":{"kind":"substation","voltage":110000,"name":"Umspannwerk Frankfurt Südwest"}},{"type":"Feature","geometry":{"type":"Point","coordinates":[8.8074991,50.2033737]},"properties":{"kind":"substation","voltage":110000,"name":"Umspannwerk Karben"}},{"type":"Feature","geometry":{"type":"Point","coordinates":[8.4720647,50.0967503]},"properties":{"kind":"substation","voltage":110000,"name":"Umspannwerk Kriftel"}},{"type":"Feature","geometry":{"type":"Point","coordinates":[8.656137,50.6056874]},"properties":{"kind":"substation","voltage":380000,"name":"Umspannwerk Gießen Nord"}},{"type":"Feature","geometry":{"type":"Point","coordinates":[8.9554128,51.394559]},"properties":{"kind":"substation","voltage":110000,"name":"UW Massenhausen"}},{"type":"Feature","geometry":{"type":"Point","coordinates":[8.7637133,50.8453836]},"properties":{"kind":"substation","voltage":110000,"name":null}},{"type":"Feature","geometry":{"type":"Point","coordinates":[8.7633396,50.8451967]},"properties":{"kind":"substation","voltage":110000,"name":null}},{"type":"Feature","geometry":{"type":"Point","coordinates":[13.755794,54.0500777]},"properties":{"kind":"substation","voltage":110000,"name":"Umspannwerk Wolgast"}},{"type":"Feature","geometry":{"type":"Point","coordinates":[10.7329183,53.3915916]},"properties":{"kind":"substation","voltage":110000,"name":"Bahnstrom-Unterwerk Boizenburg"}},{"type":"Feature","geometry":{"type":"Point","coordinates":[13.045948,53.4086519]},"properties":{"kind":"substation","voltage":110000,"name":"Umrichterwerk Adamsdorf"}},{"type":"Feature","geometry":{"type":"Point","coordinates":[13.0435249,53.4060698]},"properties":{"kind":"substation","voltage":110000,"name":"Umspannwerk Neustrelitz"}},{"type":"Feature","geometry":{"type":"Point","coordinates":[11.983805,53.8250132]},"properties":{"kind":"substation","voltage":110000,"name":"Umrichterwerk Bützow"}},{"type":"Feature","geometry":{"type":"Point","coordinates":[11.386684,53.594491]},"properties":{"kind":"substation","voltage":110000,"name":"Umformerwerk Schwerin"}},{"type":"Feature","geometry":{"type":"Point","coordinates":[13.0779783,54.2856034]},"properties":{"kind":"substation","voltage":110000,"name":"Umspannwerk Lüdershagen"}},{"type":"Feature","geometry":{"type":"Point","coordinates":[13.0901385,54.2863248]},"properties":{"kind":"substation","voltage":110000,"name":"Umformerwerk Stralsund"}},{"type":"Feature","geometry":{"type":"Point","coordinates":[13.4408243,54.4085607]},"properties":{"kind":"substation","voltage":110000,"name":"Bergen auf Rügen"}},{"type":"Feature","geometry":{"type":"Point","coordinates":[13.3011279,54.4751277]},"properties":{"kind":"substation","voltage":110000,"name":"Silenz"}},{"type":"Feature","geometry":{"type":"Point","coordinates":[13.6656507,54.1366546]},"properties":{"kind":"substation","voltage":110000,"name":null}},{"type":"Feature","geometry":{"type":"Point","coordinates":[13.6135306,54.0889423]},"properties":{"kind":"substation","voltage":110000,"name":"Gustebin"}},{"type":"Feature","geometry":{"type":"Point","coordinates":[13.3827267,54.0754376]},"properties":{"kind":"substation","voltage":110000,"name":"Greifswald"}},{"type":"Feature","geometry":{"type":"Point","coordinates":[13.094727,54.2919998]},"properties":{"kind":"substation","voltage":110000,"name":null}},{"type":"Feature","geometry":{"type":"Point","coordinates":[13.0396645,54.3143783]},"properties":{"kind":"substation","voltage":110000,"name":"Knieper"}},{"type":"Feature","geometry":{"type":"Point","coordinates":[13.0424467,54.1253425]},"properties":{"kind":"substation","voltage":110000,"name":"Umspannwerk Grimmen"}},{"type":"Feature","geometry":{"type":"Point","coordinates":[13.3419178,53.9103265]},"properties":{"kind":"substation","voltage":110000,"name":"Umspannwerk Jarmen"}},{"type":"Feature","geometry":{"type":"Point","coordinates":[13.0778154,54.030006]},"properties":{"kind":"substation","voltage":110000,"name":"Nielitz"}},{"type":"Feature","geometry":{"type":"Point","coordinates":[13.2903459,54.6011893]},"properties":{"kind":"substation","voltage":110000,"name":"Wiek"}},{"type":"Feature","geometry":{"type":"Point","coordinates":[12.2130735,54.1118338]},"properties":{"kind":"substation","voltage":110000,"name":"Bentwisch"}},{"type":"Feature","geometry":{"type":"Point","coordinates":[12.7817049,53.7358874]},"properties":{"kind":"substation","voltage":110000,"name":"Malchin"}},{"type":"Feature","geometry":{"type":"Point","coordinates":[12.0622962,54.1044955]},"properties":{"kind":"substation","voltage":110000,"name":"Umspannwerk Schutow"}},{"type":"Feature","geometry":{"type":"Point","coordinates":[12.4086156,54.2400707]},"properties":{"kind":"substation","voltage":110000,"name":"Ribnitz-Damgarten"}},{"type":"Feature","geometry":{"type":"Point","coordinates":[14.0341826,53.5084632]},"properties":{"kind":"substation","voltage":110000,"name":"Umspannwerk Pasewalk"}},{"type":"Feature","geometry":{"type":"Point","coordinates":[12.1790094,54.1002421]},"properties":{"kind":"substation","voltage":110000,"name":"Riekdahl"}},{"type":"Feature","geometry":{"type":"Point","coordinates":[13.6575348,54.3731768]},"properties":{"kind":"substation","voltage":110000,"name":"Sellin"}},{"type":"Feature","geometry":{"type":"Point","coordinates":[13.3475598,54.3269794]},"properties":{"kind":"substation","voltage":110000,"name":"Garz"}},{"type":"Feature","geometry":{"type":"Point","coordinates":[13.4222272,54.0724412]},"properties":{"kind":"substation","voltage":110000,"name":null}},{"type":"Feature","geometry":{"type":"Point","coordinates":[12.0819616,54.1253157]},"properties":{"kind":"substation","voltage":110000,"name":"Marienehe"}},{"type":"Feature","geometry":{"type":"Point","coordinates":[13.8146341,54.1115216]},"properties":{"kind":"substation","voltage":110000,"name":"Karlshagen"}},{"type":"Feature","geometry":{"type":"Point","coordinates":[13.7433884,54.0588485]},"properties":{"kind":"substation","voltage":110000,"name":"Wolgast Wind"}},{"type":"Feature","geometry":{"type":"Point","coordinates":[11.7836073,54.0758654]},"properties":{"kind":"substation","voltage":110000,"name":"Umspannwerk Kröpelin"}},{"type":"Feature","geometry":{"type":"Point","coordinates":[12.2664475,53.6679417]},"properties":{"kind":"substation","voltage":110000,"name":"Umspannwerk Krakow"}},{"type":"Feature","geometry":{"type":"Point","coordinates":[12.3983105,53.7541362]},"properties":{"kind":"substation","voltage":110000,"name":"Bahnstrom Umformerwerk Lalendorf"}},{"type":"Feature","geometry":{"type":"Point","coordinates":[12.3981843,53.753556]},"properties":{"kind":"substation","voltage":110000,"name":"Umspannwerk Lalendorf"}},{"type":"Feature","geometry":{"type":"Point","coordinates":[12.3093536,53.9307043]},"properties":{"kind":"substation","voltage":110000,"name":"Laage"}},{"type":"Feature","geometry":{"type":"Point","coordinates":[12.1161996,53.8331313]},"properties":{"kind":"substation","voltage":110000,"name":null}},{"type":"Feature","geometry":{"type":"Point","coordinates":[11.9536593,53.8751549]},"properties":{"kind":"substation","voltage":110000,"name":null}},{"type":"Feature","geometry":{"type":"Point","coordinates":[11.9600524,53.845948]},"properties":{"kind":"substation","voltage":110000,"name":"Umspannwerk Bützow"}},{"type":"Feature","geometry":{"type":"Point","coordinates":[12.6712088,53.5304354]},"properties":{"kind":"substation","voltage":110000,"name":"Waren (Müritz)"}},{"type":"Feature","geometry":{"type":"Point","coordinates":[13.9819291,53.4986234]},"properties":{"kind":"substation","voltage":110000,"name":"Umspannwerk Ruhleben"}},{"type":"Feature","geometry":{"type":"Point","coordinates":[14.212466,53.4496965]},"properties":{"kind":"substation","voltage":110000,"name":"Umspannwerk Löcknitz"}},{"type":"Feature","geometry":{"type":"Point","coordinates":[11.4510084,53.5921826]},"properties":{"kind":"substation","voltage":110000,"name":"Umspannwerk Großer Dreesch"}},{"type":"Feature","geometry":{"type":"Point","coordinates":[12.7424889,54.3303576]},"properties":{"kind":"substation","voltage":110000,"name":"Kenz"}},{"type":"Feature","geometry":{"type":"Point","coordinates":[12.3059831,54.1303128]},"properties":{"kind":"substation","voltage":110000,"name":"Poppendorf"}},{"type":"Feature","geometry":{"type":"Point","coordinates":[12.6105951,54.1739024]},"properties":{"kind":"substation","voltage":110000,"name":"Umspannwerk Plennin"}},{"type":"Feature","geometry":{"type":"Point","coordinates":[12.0694344,54.1600565]},"properties":{"kind":"substation","voltage":110000,"name":"Umspannwerk Warnemünde"}},{"type":"Feature","geometry":{"type":"Point","coordinates":[14.1268051,53.9609865]},"properties":{"kind":"substation","voltage":110000,"name":"Bansin"}},{"type":"Feature","geometry":{"type":"Point","coordinates":[11.6832884,54.0257932]},"properties":{"kind":"substation","voltage":110000,"name":"Umspannwerk Neubukow"}},{"type":"Feature","geometry":{"type":"Point","coordinates":[12.1882246,53.8113506]},"properties":{"kind":"substation","voltage":110000,"name":"Umspannwerk Güstrow Nord"}},{"type":"Feature","geometry":{"type":"Point","coordinates":[11.4097564,53.6414185]},"properties":{"kind":"substation","voltage":110000,"name":"Umspannwerk Ziegelsee"}},{"type":"Feature","geometry":{"type":"Point","coordinates":[14.0930746,53.6758813]},"properties":{"kind":"substation","voltage":110000,"name":"Eggesin"}},{"type":"Feature","geometry":{"type":"Point","coordinates":[14.0594769,53.7263085]},"properties":{"kind":"substation","voltage":110000,"name":"Ueckermünde"}},{"type":"Feature","geometry":{"type":"Point","coordinates":[13.5508035,54.5040589]},"properties":{"kind":"substation","voltage":110000,"name":"Mukran"}},{"type":"Feature","geometry":{"type":"Point","coordinates":[12.6820912,53.9377264]},"properties":{"kind":"substation","voltage":110000,"name":"Dölitz"}},{"type":"Feature","geometry":{"type":"Point","coordinates":[11.4012993,53.5750845]},"properties":{"kind":"substation","voltage":110000,"name":"Schwerin Süd"}},{"type":"Feature","geometry":{"type":"Point","coordinates":[11.5551306,53.8949885]},"properties":{"kind":"substation","voltage":110000,"name":"Benz"}},{"type":"Feature","geometry":{"type":"Point","coordinates":[11.4703014,53.9110732]},"properties":{"kind":"substation","voltage":110000,"name":"Haffeld"}},{"type":"Feature","geometry":{"type":"Point","coordinates":[10.9456824,53.8409819]},"properties":{"kind":"substation","voltage":110000,"name":"Schönberg"}},{"type":"Feature","geometry":{"type":"Point","coordinates":[11.8128601,53.4247275]},"properties":{"kind":"substation","voltage":110000,"name":"Umspannwerk Parchim"}},{"type":"Feature","geometry":{"type":"Point","coordinates":[11.6576987,53.5715666]},"properties":{"kind":"substation","voltage":110000,"name":"Umspannwerk Crivitz"}},{"type":"Feature","geometry":{"type":"Point","coordinates":[11.3691942,53.6455602]},"properties":{"kind":"substation","voltage":110000,"name":"Lankow"}},{"type":"Feature","geometry":{"type":"Point","coordinates":[13.2712119,53.5371167]},"properties":{"kind":"substation","voltage":110000,"name":"Fünfeichen"}},{"type":"Feature","geometry":{"type":"Point","coordinates":[13.2953809,53.5629779]},"properties":{"kind":"substation","voltage":110000,"name":"Warliner Straße"}},{"type":"Feature","geometry":{"type":"Point","coordinates":[13.2381796,53.6821396]},"properties":{"kind":"substation","voltage":110000,"name":"Altentreptow"}},{"type":"Feature","geometry":{"type":"Point","coordinates":[13.0049522,53.8583785]},"properties":{"kind":"substation","voltage":110000,"name":"Lindenhof"}},{"type":"Feature","geometry":{"type":"Point","coordinates":[12.5816559,53.3716712]},"properties":{"kind":"substation","voltage":110000,"name":"Röbel (Müritz)"}},{"type":"Feature","geometry":{"type":"Point","coordinates":[13.0664436,53.9102884]},"properties":{"kind":"substation","voltage":110000,"name":"Umspannwerk Demmin"}},{"type":"Feature","geometry":{"type":"Point","coordinates":[12.1098999,54.0695258]},"properties":{"kind":"substation","voltage":110000,"name":"Umspannwerk Biestow"}},{"type":"Feature","geometry":{"type":"Point","coordinates":[11.5940979,53.9203907]},"properties":{"kind":"substation","voltage":110000,"name":"Umspannwerk Kalsow"}},{"type":"Feature","geometry":{"type":"Point","coordinates":[11.7324365,53.7271129]},"properties":{"kind":"substation","voltage":110000,"name":"Umspannwerk Brüel"}},{"type":"Feature","geometry":{"type":"Point","coordinates":[12.0154607,53.7719023]},"properties":{"kind":"substation","voltage":110000,"name":null}},{"type":"Feature","geometry":{"type":"Point","coordinates":[12.0287257,53.4744756]},"properties":{"kind":"substation","voltage":110000,"name":"Umspannwerk Lübz"}},{"type":"Feature","geometry":{"type":"Point","coordinates":[11.327426,53.2243187]},"properties":{"kind":"substation","voltage":110000,"name":null}},{"type":"Feature","geometry":{"type":"Point","coordinates":[11.4905836,53.3122618]},"properties":{"kind":"substation","voltage":110000,"name":"Techentin"}},{"type":"Feature","geometry":{"type":"Point","coordinates":[11.0831653,53.5137911]},"properties":{"kind":"substation","voltage":110000,"name":null}},{"type":"Feature","geometry":{"type":"Point","coordinates":[11.4712609,53.9110642]},"properties":{"kind":"substation","voltage":110000,"name":"Haffeld Ost"}},{"type":"Feature","geometry":{"type":"Point","coordinates":[13.9969889,53.6384214]},"properties":{"kind":"substation","voltage":110000,"name":"Torgelow"}},{"type":"Feature","geometry":{"type":"Point","coordinates":[10.827269,53.5087872]},"properties":{"kind":"substation","voltage":110000,"name":"Umspannwerk Zarrentin"}},{"type":"Feature","geometry":{"type":"Point","coordinates":[10.7500523,53.3830412]},"properties":{"kind":"substation","voltage":110000,"name":"Umspannwerk Boizenburg"}},{"type":"Feature","geometry":{"type":"Point","coordinates":[11.207951,53.4229955]},"properties":{"kind":"substation","voltage":110000,"name":"Umspannwerk Hagenow"}},{"type":"Feature","geometry":{"type":"Point","coordinates":[13.5458663,53.6772646]},"properties":{"kind":"substation","voltage":110000,"name":"Friedland"}},{"type":"Feature","geometry":{"type":"Point","coordinates":[13.5466485,53.6787289]},"properties":{"kind":"substation","voltage":110000,"name":null}},{"type":"Feature","geometry":{"type":"Point","coordinates":[13.0678773,54.0614108]},"properties":{"kind":"substation","voltage":110000,"name":"Rakow"}},{"type":"Feature","geometry":{"type":"Point","coordinates":[13.5725152,53.4690574]},"properties":{"kind":"substation","voltage":110000,"name":"Woldegk"}},{"type":"Feature","geometry":{"type":"Point","coordinates":[12.7532224,54.3168155]},"properties":{"kind":"substation","voltage":110000,"name":"Saatel"}},{"type":"Feature","geometry":{"type":"Point","coordinates":[12.4804665,54.2085747]},"properties":{"kind":"substation","voltage":110000,"name":"Kuhlrade"}},{"type":"Feature","geometry":{"type":"Point","coordinates":[11.6347584,53.3889743]},"properties":{"kind":"substation","voltage":110000,"name":"Umspannwerk Neustadt-Glewe"}},{"type":"Feature","geometry":{"type":"Point","coordinates":[11.1295395,53.7117518]},"properties":{"kind":"substation","voltage":110000,"name":"Umspannwerk Gardebusch"}},{"type":"Feature","geometry":{"type":"Point","coordinates":[13.4626658,53.8895798]},"properties":{"kind":"substation","voltage":110000,"name":null}},{"type":"Feature","geometry":{"type":"Point","coordinates":[13.321596,54.0453524]},"properties":{"kind":"substation","voltage":110000,"name":"Umspannwerk Dersekow"}},{"type":"Feature","geometry":{"type":"Point","coordinates":[11.4546317,53.881586]},"properties":{"kind":"substation","voltage":110000,"name":"Wismar"}},{"type":"Feature","geometry":{"type":"Point","coordinates":[13.675939,53.7393897]},"properties":{"kind":"substation","voltage":110000,"name":"Schwerinsburg"}},{"type":"Feature","geometry":{"type":"Point","coordinates":[13.6880704,53.4890061]},"properties":{"kind":"substation","voltage":110000,"name":"Glantzhof"}},{"type":"Feature","geometry":{"type":"Point","coordinates":[13.8077754,53.4947478]},"properties":{"kind":"substation","voltage":110000,"name":"Louisfelde"}},{"type":"Feature","geometry":{"type":"Point","coordinates":[13.4348264,53.8896047]},"properties":{"kind":"substation","voltage":110000,"name":"Liepen"}},{"type":"Feature","geometry":{"type":"Point","coordinates":[13.666073,54.1394839]},"properties":{"kind":"substation","voltage":110000,"name":"Lubmin EWN"}},{"type":"Feature","geometry":{"type":"Point","coordinates":[13.346011,54.1112335]},"properties":{"kind":"substation","voltage":110000,"name":"Greifswald-Nord"}},{"type":"Feature","geometry":{"type":"Point","coordinates":[12.1432157,54.0651836]},"properties":{"kind":"substation","voltage":110000,"name":null}},{"type":"Feature","geometry":{"type":"Point","coordinates":[13.1833889,53.6422522]},"properties":{"kind":"substation","voltage":110000,"name":"Breesen"}},{"type":"Feature","geometry":{"type":"Point","coordinates":[12.8492798,54.1400095]},"properties":{"kind":"substation","voltage":110000,"name":"Pöglitz"}},{"type":"Feature","geometry":{"type":"Point","coordinates":[12.6864146,54.1707236]},"properties":{"kind":"substation","voltage":110000,"name":"Eixen"}},{"type":"Feature","geometry":{"type":"Point","coordinates":[12.74302,54.3305451]},"properties":{"kind":"substation","voltage":110000,"name":"Kenz Solarpark"}},{"type":"Feature","geometry":{"type":"Point","coordinates":[10.9690877,53.8495856]},"properties":{"kind":"substation","voltage":110000,"name":"Klein Bünsdorf"}},{"type":"Feature","geometry":{"type":"Point","coordinates":[11.0294595,53.7795486]},"properties":{"kind":"substation","voltage":110000,"name":"Umspannwerk Rehna"}},{"type":"Feature","geometry":{"type":"Point","coordinates":[11.3645805,53.8850067]},"properties":{"kind":"substation","voltage":110000,"name":"Gägelow"}},{"type":"Feature","geometry":{"type":"Point","coordinates":[12.147961,54.1208433]},"properties":{"kind":"substation","voltage":110000,"name":null}},{"type":"Feature","geometry":{"type":"Point","coordinates":[13.7455822,53.7801927]},"properties":{"kind":"substation","voltage":110000,"name":"Neu Kosenow"}},{"type":"Feature","geometry":{"type":"Point","coordinates":[12.1056333,53.8573813]},"properties":{"kind":"substation","voltage":110000,"name":"Groß Schwiesow"}},{"type":"Feature","geometry":{"type":"Point","coordinates":[13.0037185,53.8408366]},"properties":{"kind":"substation","voltage":110000,"name":null}},{"type":"Feature","geometry":{"type":"Point","coordinates":[11.910495,53.8845967]},"properties":{"kind":"substation","voltage":110000,"name":"Umspannwerk Bernitt"}},{"type":"Feature","geometry":{"type":"Point","coordinates":[12.8654179,53.9132559]},"properties":{"kind":"substation","voltage":110000,"name":"UW Dargun"}},{"type":"Feature","geometry":{"type":"Point","coordinates":[12.2066951,53.7935181]},"properties":{"kind":"substation","voltage":110000,"name":"Umspannstation Güstrow Umweltpark"}},{"type":"Feature","geometry":{"type":"Point","coordinates":[13.237903,53.6814761]},"properties":{"kind":"substation","voltage":110000,"name":"Altentreptow Mitte"}},{"type":"Feature","geometry":{"type":"Point","coordinates":[13.1907263,53.6488261]},"properties":{"kind":"substation","voltage":110000,"name":"Teetzleben"}},{"type":"Feature","geometry":{"type":"Point","coordinates":[13.2373845,53.6811599]},"properties":{"kind":"substation","voltage":110000,"name":"Altentreptow Wind"}},{"type":"Feature","geometry":{"type":"Point","coordinates":[13.237578,53.681311]},"properties":{"kind":"substation","voltage":110000,"name":"Altentreptow Thalberg"}},{"type":"Feature","geometry":{"type":"Point","coordinates":[13.2067511,53.5725549]},"properties":{"kind":"substation","voltage":110000,"name":"Zirzow"}},{"type":"Feature","geometry":{"type":"Point","coordinates":[13.2799815,53.5700759]},"properties":{"kind":"substation","voltage":110000,"name":"Umspannwerk Neubrandenburg"}},{"type":"Feature","geometry":{"type":"Point","coordinates":[13.3526784,53.4361617]},"properties":{"kind":"substation","voltage":110000,"name":"Gramelow"}},{"type":"Feature","geometry":{"type":"Point","coordinates":[13.5679693,53.468593]},"properties":{"kind":"substation","voltage":110000,"name":"Woldegk Nord"}},{"type":"Feature","geometry":{"type":"Point","coordinates":[14.1909213,53.4461772]},"properties":{"kind":"substation","voltage":110000,"name":"Wind-UW Löcknitz Süd"}},{"type":"Feature","geometry":{"type":"Point","coordinates":[12.4079648,54.2376794]},"properties":{"kind":"substation","voltage":110000,"name":"Ribnitz Süd"}},{"type":"Feature","geometry":{"type":"Point","coordinates":[13.1432379,53.9089372]},"properties":{"kind":"substation","voltage":110000,"name":"Umspannwerk Siedenbrünzow"}},{"type":"Feature","geometry":{"type":"Point","coordinates":[13.2253136,54.2075786]},"properties":{"kind":"substation","voltage":110000,"name":"Umspannwerk Falkenhagen"}},{"type":"Feature","geometry":{"type":"Point","coordinates":[13.0541585,54.0751785]},"properties":{"kind":"substation","voltage":110000,"name":"Boltenhagen"}},{"type":"Feature","geometry":{"type":"Point","coordinates":[12.1306214,54.1478929]},"properties":{"kind":"substation","voltage":110000,"name":"Umspannwerk Seehafen"}},{"type":"Feature","geometry":{"type":"Point","coordinates":[14.2391403,53.2743227]},"properties":{"kind":"substation","voltage":110000,"name":"UW Penkun"}},{"type":"Feature","geometry":{"type":"Point","coordinates":[11.1686936,53.8649521]},"properties":{"kind":"substation","voltage":110000,"name":"Grevesmühlen"}},{"type":"Feature","geometry":{"type":"Point","coordinates":[13.368214,53.9052442]},"properties":{"kind":"substation","voltage":110000,"name":"Umspannwerk Klein Toitin"}},{"type":"Feature","geometry":{"type":"Point","coordinates":[11.6744809,53.9994319]},"properties":{"kind":"substation","voltage":110000,"name":"Umspannwerk Panzow"}},{"type":"Feature","geometry":{"type":"Point","coordinates":[12.2258132,54.1006835]},"properties":{"kind":"substation","voltage":110000,"name":"Umspannwerk Brodersdorf"}},{"type":"Feature","geometry":{"type":"Point","coordinates":[13.1437176,53.9146684]},"properties":{"kind":"substation","voltage":110000,"name":"Wind-UW Kletzin"}},{"type":"Feature","geometry":{"type":"Point","coordinates":[12.2799208,53.7640124]},"properties":{"kind":"substation","voltage":110000,"name":"Umspannstation"}},{"type":"Feature","geometry":{"type":"Point","coordinates":[12.1028733,53.860323]},"properties":{"kind":"substation","voltage":110000,"name":null}},{"type":"Feature","geometry":{"type":"Point","coordinates":[11.923974,53.4121067]},"properties":{"kind":"substation","voltage":110000,"name":null}},{"type":"Feature","geometry":{"type":"Point","coordinates":[11.9250688,53.4111885]},"properties":{"kind":"substation","voltage":110000,"name":null}},{"type":"Feature","geometry":{"type":"Point","coordinates":[11.2764305,53.5520561]},"properties":{"kind":"substation","voltage":110000,"name":null}},{"type":"Feature","geometry":{"type":"Point","coordinates":[13.1750603,53.624777]},"properties":{"kind":"substation","voltage":110000,"name":"Umspannwerk Altentreptow Süd"}},{"type":"Feature","geometry":{"type":"Point","coordinates":[12.8489743,54.139292]},"properties":{"kind":"substation","voltage":110000,"name":"Pöglitz Wind"}},{"type":"Feature","geometry":{"type":"Point","coordinates":[12.8764011,53.7076408]},"properties":{"kind":"substation","voltage":110000,"name":"UW Stavenhagen"}},{"type":"Feature","geometry":{"type":"Point","coordinates":[12.1839107,53.8097688]},"properties":{"kind":"substation","voltage":110000,"name":"Umspannstation"}},{"type":"Feature","geometry":{"type":"Point","coordinates":[12.4402663,54.0316794]},"properties":{"kind":"substation","voltage":110000,"name":"Umspannwerk Tessin Nord"}},{"type":"Feature","geometry":{"type":"Point","coordinates":[13.2065767,53.8999233]},"properties":{"kind":"substation","voltage":110000,"name":"Solar-UW Marienfelde"}},{"type":"Feature","geometry":{"type":"Point","coordinates":[11.3707488,53.6015913]},"properties":{"kind":"substation","voltage":110000,"name":"Umspannwerk Görries"}},{"type":"Feature","geometry":{"type":"Point","coordinates":[11.3864244,53.5916434]},"properties":{"kind":"substation","voltage":110000,"name":"Umrichterwerk Schwerin"}},{"type":"Feature","geometry":{"type":"Point","coordinates":[13.2368276,53.6808965]},"properties":{"kind":"substation","voltage":110000,"name":"Altentreptow Bahndamm"}},{"type":"Feature","geometry":{"type":"Point","coordinates":[12.1852495,53.8167749]},"properties":{"kind":"substation","voltage":110000,"name":"Umspannwerk Güstrow"}},{"type":"Feature","geometry":{"type":"Point","coordinates":[11.9013751,53.4067077]},"properties":{"kind":"substation","voltage":110000,"name":"Umspannwerk Parchim Süd"}},{"type":"Feature","geometry":{"type":"Point","coordinates":[11.6985255,53.5707305]},"properties":{"kind":"substation","voltage":110000,"name":"Umspannwerk Wessin"}},{"type":"Feature","geometry":{"type":"Point","coordinates":[10.9386085,53.3649161]},"properties":{"kind":"substation","voltage":110000,"name":"Umspannwerk Brahlstorf"}},{"type":"Feature","geometry":{"type":"Point","coordinates":[11.1797201,53.8859245]},"properties":{"kind":"substation","voltage":110000,"name":"Umschaltwerk Santow"}},{"type":"Feature","geometry":{"type":"Point","coordinates":[14.0653928,53.4916865]},"properties":{"kind":"substation","voltage":110000,"name":"Wind-UW Zerrenthin"}},{"type":"Feature","geometry":{"type":"Point","coordinates":[14.0649049,53.4912651]},"properties":{"kind":"substation","voltage":110000,"name":"Wind-UW Zerrenthin-Polzow"}},{"type":"Feature","geometry":{"type":"Point","coordinates":[13.051355,54.145953]},"properties":{"kind":"substation","voltage":110000,"name":null}},{"type":"Feature","geometry":{"type":"Point","coordinates":[13.8925858,53.4980134]},"properties":{"kind":"substation","voltage":110000,"name":"Papendorf"}},{"type":"Feature","geometry":{"type":"Point","coordinates":[13.7554377,53.4925484]},"properties":{"kind":"substation","voltage":110000,"name":"UW Strasburg-Ludwigsthal"}},{"type":"Feature","geometry":{"type":"Point","coordinates":[11.6837991,54.0243074]},"properties":{"kind":"substation","voltage":110000,"name":null}},{"type":"Feature","geometry":{"type":"Point","coordinates":[12.8440872,54.204352]},"properties":{"kind":"substation","voltage":110000,"name":null}},{"type":"Feature","geometry":{"type":"Point","coordinates":[12.798123,54.1469681]},"properties":{"kind":"substation","voltage":110000,"name":null}},{"type":"Feature","geometry":{"type":"Point","coordinates":[12.5825737,53.3733514]},"properties":{"kind":"substation","voltage":110000,"name":"Röbel Wind"}},{"type":"Feature","geometry":{"type":"Point","coordinates":[11.1299568,53.7119527]},"properties":{"kind":"substation","voltage":110000,"name":null}},{"type":"Feature","geometry":{"type":"Point","coordinates":[12.0674006,53.384171]},"properties":{"kind":"substation","voltage":110000,"name":"Umspannwerk UW Kreien"}},{"type":"Feature","geometry":{"type":"Point","coordinates":[13.5576591,53.8690784]},"properties":{"kind":"substation","voltage":110000,"name":"Umspannwerk Stolpe"}},{"type":"Feature","geometry":{"type":"Point","coordinates":[12.0006446,53.4661718]},"properties":{"kind":"substation","voltage":110000,"name":"Werder Lübz"}},{"type":"Feature","geometry":{"type":"Point","coordinates":[13.3349589,53.906526]},"properties":{"kind":"substation","voltage":110000,"name":"Umspannwerk Kronsberg"}},{"type":"Feature","geometry":{"type":"Point","coordinates":[13.6630219,53.8519776]},"properties":{"kind":"substation","voltage":110000,"name":"Anklam"}},{"type":"Feature","geometry":{"type":"Point","coordinates":[11.9806,53.448648]},"properties":{"kind":"substation","voltage":110000,"name":null}},{"type":"Feature","geometry":{"type":"Point","coordinates":[13.0164667,53.8539069]},"properties":{"kind":"substation","voltage":110000,"name":null}},{"type":"Feature","geometry":{"type":"Point","coordinates":[13.0173289,53.8548034]},"properties":{"kind":"substation","voltage":110000,"name":null}},{"type":"Feature","geometry":{"type":"Point","coordinates":[13.5526788,53.684921]},"properties":{"kind":"substation","voltage":110000,"name":null}},{"type":"Feature","geometry":{"type":"Point","coordinates":[10.9341146,53.3658507]},"properties":{"kind":"substation","voltage":110000,"name":null}},{"type":"Feature","geometry":{"type":"Point","coordinates":[11.9823743,53.4488977]},"properties":{"kind":"substation","voltage":110000,"name":null}},{"type":"Feature","geometry":{"type":"Point","coordinates":[12.0001941,53.4656496]},"properties":{"kind":"substation","voltage":110000,"name":null}},{"type":"Feature","geometry":{"type":"Point","coordinates":[11.5459008,53.8844857]},"properties":{"kind":"substation","voltage":110000,"name":null}},{"type":"Feature","geometry":{"type":"Point","coordinates":[13.0617021,53.8619255]},"properties":{"kind":"substation","voltage":110000,"name":null}},{"type":"Feature","geometry":{"type":"Point","coordinates":[13.5576958,53.8690761]},"properties":{"kind":"substation","voltage":110000,"name":null}},{"type":"Feature","geometry":{"type":"Point","coordinates":[11.5494825,53.2467954]},"properties":{"kind":"substation","voltage":110000,"name":null}},{"type":"Feature","geometry":{"type":"Point","coordinates":[9.7139323,52.3522789]},"properties":{"kind":"substation","voltage":110000,"name":null}},{"type":"Feature","geometry":{"type":"Point","coordinates":[9.7815465,52.4032754]},"properties":{"kind":"substation","voltage":110000,"name":null}},{"type":"Feature","geometry":{"type":"Point","coordinates":[9.1553203,52.8314372]},"properties":{"kind":"substation","voltage":110000,"name":"Umspannwerk Mehringen"}},{"type":"Feature","geometry":{"type":"Point","coordinates":[10.5191137,52.2500595]},"properties":{"kind":"substation","voltage":110000,"name":null}},{"type":"Feature","geometry":{"type":"Point","coordinates":[9.6691168,53.4737769]},"properties":{"kind":"substation","voltage":110000,"name":"Heitmannshausen"}},{"type":"Feature","geometry":{"type":"Point","coordinates":[9.6346921,53.5389732]},"properties":{"kind":"substation","voltage":110000,"name":"Mittelnkirchen"}},{"type":"Feature","geometry":{"type":"Point","coordinates":[9.7986119,53.4520523]},"properties":{"kind":"substation","voltage":110000,"name":"Neu Wulmstorf"}},{"type":"Feature","geometry":{"type":"Point","coordinates":[9.9817363,53.3903231]},"properties":{"kind":"substation","voltage":110000,"name":"Umspannwerk Seevetal-Hittfeld"}},{"type":"Feature","geometry":{"type":"Point","coordinates":[9.7530916,52.3989499]},"properties":{"kind":"substation","voltage":110000,"name":"List"}},{"type":"Feature","geometry":{"type":"Point","coordinates":[9.8708991,52.3692693]},"properties":{"kind":"substation","voltage":110000,"name":"Anderten-Misburg"}},{"type":"Feature","geometry":{"type":"Point","coordinates":[9.5223735,52.3603645]},"properties":{"kind":"substation","voltage":220000,"name":"Hannover/West"}},{"type":"Feature","geometry":{"type":"Point","coordinates":[10.1084243,52.3223011]},"properties":{"kind":"substation","voltage":110000,"name":"Schwicheldt"}},{"type":"Feature","geometry":{"type":"Point","coordinates":[9.8908557,52.3654583]},"properties":{"kind":"substation","voltage":110000,"name":"Anderten"}},{"type":"Feature","geometry":{"type":"Point","coordinates":[7.847193,53.3883968]},"properties":{"kind":"substation","voltage":110000,"name":"Bentstreek"}},{"type":"Feature","geometry":{"type":"Point","coordinates":[8.0014935,53.5179427]},"properties":{"kind":"substation","voltage":110000,"name":"Roffhausen"}},{"type":"Feature","geometry":{"type":"Point","coordinates":[9.7699891,52.3582504]},"properties":{"kind":"substation","voltage":110000,"name":"Umspannwerk Bult"}},{"type":"Feature","geometry":{"type":"Point","coordinates":[9.8215882,52.4248242]},"properties":{"kind":"substation","voltage":220000,"name":"Umspannwerk Lahe"}},{"type":"Feature","geometry":{"type":"Point","coordinates":[9.9171667,52.2781579]},"properties":{"kind":"substation","voltage":380000,"name":"Umspannwerk Algermissen"}},{"type":"Feature","geometry":{"type":"Point","coordinates":[9.8133675,52.2913782]},"properties":{"kind":"substation","voltage":110000,"name":"Rethen"}},{"type":"Feature","geometry":{"type":"Point","coordinates":[8.0879917,53.5207434]},"properties":{"kind":"substation","voltage":110000,"name":"Banter Weg"}},{"type":"Feature","geometry":{"type":"Point","coordinates":[9.8351344,52.2670343]},"properties":{"kind":"substation","voltage":110000,"name":"Unterwerk Rethen"}},{"type":"Feature","geometry":{"type":"Point","coordinates":[10.7578583,52.4352447]},"properties":{"kind":"substation","voltage":110000,"name":"Umspannwerk Wolfsburg"}},{"type":"Feature","geometry":{"type":"Point","coordinates":[10.7330113,52.4132746]},"properties":{"kind":"substation","voltage":110000,"name":"Fallersleben"}},{"type":"Feature","geometry":{"type":"Point","coordinates":[10.6751938,52.4211444]},"properties":{"kind":"substation","voltage":110000,"name":"Unterwerk Fallersleben"}},{"type":"Feature","geometry":{"type":"Point","coordinates":[10.2710691,52.3166248]},"properties":{"kind":"substation","voltage":110000,"name":"Peine/Ost"}},{"type":"Feature","geometry":{"type":"Point","coordinates":[10.7825442,52.5001518]},"properties":{"kind":"substation","voltage":110000,"name":null}},{"type":"Feature","geometry":{"type":"Point","coordinates":[10.7879625,52.590792]},"properties":{"kind":"substation","voltage":110000,"name":"Ehra"}},{"type":"Feature","geometry":{"type":"Point","coordinates":[10.9408746,52.3660221]},"properties":{"kind":"substation","voltage":110000,"name":null}},{"type":"Feature","geometry":{"type":"Point","coordinates":[9.9821227,52.3189042]},"properties":{"kind":"substation","voltage":110000,"name":"Sehnde"}},{"type":"Feature","geometry":{"type":"Point","coordinates":[8.2229363,53.1226382]},"properties":{"kind":"substation","voltage":110000,"name":"Oldenburg Osternburg"}},{"type":"Feature","geometry":{"type":"Point","coordinates":[9.8389144,52.4391566]},"properties":{"kind":"substation","voltage":110000,"name":"Altwarmbüchen"}},{"type":"Feature","geometry":{"type":"Point","coordinates":[8.5653317,53.0317526]},"properties":{"kind":"substation","voltage":380000,"name":"Ganderkesee"}},{"type":"Feature","geometry":{"type":"Point","coordinates":[8.4740765,53.2813612]},"properties":{"kind":"substation","voltage":110000,"name":"Unterwerk Elsfleth"}},{"type":"Feature","geometry":{"type":"Point","coordinates":[8.6517224,53.0719674]},"properties":{"kind":"substation","voltage":110000,"name":"Delmenhorst Nord"}},{"type":"Feature","geometry":{"type":"Point","coordinates":[8.4826837,53.34414]},"properties":{"kind":"substation","voltage":110000,"name":"Boitwarden"}},{"type":"Feature","geometry":{"type":"Point","coordinates":[10.5698118,52.2957081]},"properties":{"kind":"substation","voltage":110000,"name":"Braunschweig Ost"}},{"type":"Feature","geometry":{"type":"Point","coordinates":[10.5259349,52.1672791]},"properties":{"kind":"substation","voltage":110000,"name":"Wolfenbüttel Nord"}},{"type":"Feature","geometry":{"type":"Point","coordinates":[10.5052606,52.24157]},"properties":{"kind":"substation","voltage":110000,"name":"Braunschweig Süd"}},{"type":"Feature","geometry":{"type":"Point","coordinates":[10.6645084,52.2915379]},"properties":{"kind":"substation","voltage":110000,"name":"Hordorf"}},{"type":"Feature","geometry":{"type":"Point","coordinates":[10.5310116,52.4661452]},"properties":{"kind":"substation","voltage":110000,"name":"Gifhorn"}},{"type":"Feature","geometry":{"type":"Point","coordinates":[10.5355237,52.4435879]},"properties":{"kind":"substation","voltage":110000,"name":null}},{"type":"Feature","geometry":{"type":"Point","coordinates":[10.4942632,52.3784979]},"properties":{"kind":"substation","voltage":110000,"name":"Rethen/BKB"}},{"type":"Feature","geometry":{"type":"Point","coordinates":[8.2173423,53.0988198]},"properties":{"kind":"substation","voltage":110000,"name":"Oldenburg Süd"}},{"type":"Feature","geometry":{"type":"Point","coordinates":[8.2483668,53.1381976]},"properties":{"kind":"substation","voltage":110000,"name":"Oldenburg Ost"}},{"type":"Feature","geometry":{"type":"Point","coordinates":[10.4969257,52.3235697]},"properties":{"kind":"substation","voltage":110000,"name":"Wenden"}},{"type":"Feature","geometry":{"type":"Point","coordinates":[10.8258979,52.4574506]},"properties":{"kind":"substation","voltage":110000,"name":"Vorsfelde"}},{"type":"Feature","geometry":{"type":"Point","coordinates":[10.5754626,51.5844751]},"properties":{"kind":"substation","voltage":110000,"name":"Neuhof"}},{"type":"Feature","geometry":{"type":"Point","coordinates":[8.6352656,53.0225845]},"properties":{"kind":"substation","voltage":110000,"name":"Delmenhorst-Süd"}},{"type":"Feature","geometry":{"type":"Point","coordinates":[9.8874737,52.4944881]},"properties":{"kind":"substation","voltage":110000,"name":"Burgwedel"}},{"type":"Feature","geometry":{"type":"Point","coordinates":[8.0856419,53.6058779]},"properties":{"kind":"substation","voltage":220000,"name":"Voslapp"}},{"type":"Feature","geometry":{"type":"Point","coordinates":[8.1264823,53.5517653]},"properties":{"kind":"substation","voltage":110000,"name":"Rüstersiel"}},{"type":"Feature","geometry":{"type":"Point","coordinates":[11.0051695,52.196148]},"properties":{"kind":"substation","voltage":110000,"name":"Helmstedt"}},{"type":"Feature","geometry":{"type":"Point","coordinates":[10.0945743,53.395275]},"properties":{"kind":"substation","voltage":110000,"name":"Stelle"}},{"type":"Feature","geometry":{"type":"Point","coordinates":[9.8115772,52.4301756]},"properties":{"kind":"substation","voltage":110000,"name":null}},{"type":"Feature","geometry":{"type":"Point","coordinates":[9.7924406,52.431844]},"properties":{"kind":"substation","voltage":110000,"name":null}},{"type":"Feature","geometry":{"type":"Point","coordinates":[9.7460711,52.4278528]},"properties":{"kind":"substation","voltage":110000,"name":null}},{"type":"Feature","geometry":{"type":"Point","coordinates":[10.4626531,52.2816014]},"properties":{"kind":"substation","voltage":110000,"name":"Braunschweig-West"}},{"type":"Feature","geometry":{"type":"Point","coordinates":[9.9038666,53.3765663]},"properties":{"kind":"substation","voltage":110000,"name":"Schaltwerk Nenndorf"}},{"type":"Feature","geometry":{"type":"Point","coordinates":[9.9066439,53.3761688]},"properties":{"kind":"substation","voltage":110000,"name":"Nenndorf"}},{"type":"Feature","geometry":{"type":"Point","coordinates":[9.4830218,52.4156045]},"properties":{"kind":"substation","voltage":110000,"name":"Unterwerk Wunstorf"}},{"type":"Feature","geometry":{"type":"Point","coordinates":[9.2409774,52.635439]},"properties":{"kind":"substation","voltage":110000,"name":"Nienburg/Ost"}},{"type":"Feature","geometry":{"type":"Point","coordinates":[10.0258272,52.4499818]},"properties":{"kind":"substation","voltage":110000,"name":"Burgdorf"}},{"type":"Feature","geometry":{"type":"Point","coordinates":[9.1994751,52.4681255]},"properties":{"kind":"substation","voltage":110000,"name":"Rehburg"}},{"type":"Feature","geometry":{"type":"Point","coordinates":[10.1103723,52.4734794]},"properties":{"kind":"substation","voltage":110000,"name":"Umspannwerk Hänigsen"}},{"type":"Feature","geometry":{"type":"Point","coordinates":[10.8063561,52.2568979]},"properties":{"kind":"substation","voltage":110000,"name":"Königslutter"}},{"type":"Feature","geometry":{"type":"Point","coordinates":[9.460879,52.4340577]},"properties":{"kind":"substation","voltage":110000,"name":"Blumenau"}},{"type":"Feature","geometry":{"type":"Point","coordinates":[9.5856151,52.4252205]},"properties":{"kind":"substation","voltage":110000,"name":"Garbsen"}},{"type":"Feature","geometry":{"type":"Point","coordinates":[9.4934112,52.5985191]},"properties":{"kind":"substation","voltage":110000,"name":"Büren"}},{"type":"Feature","geometry":{"type":"Point","coordinates":[9.4558069,52.4946598]},"properties":{"kind":"substation","voltage":110000,"name":"Neustadt am Rübenberge"}},{"type":"Feature","geometry":{"type":"Point","coordinates":[10.4513597,52.1849836]},"properties":{"kind":"substation","voltage":110000,"name":"VW Salzgitter"}},{"type":"Feature","geometry":{"type":"Point","coordinates":[10.5717393,52.1643436]},"properties":{"kind":"substation","voltage":110000,"name":"Wolfenbüttel Ost"}},{"type":"Feature","geometry":{"type":"Point","coordinates":[10.1302485,52.6463763]},"properties":{"kind":"substation","voltage":110000,"name":"Bostel"}},{"type":"Feature","geometry":{"type":"Point","coordinates":[9.9339803,52.6576265]},"properties":{"kind":"substation","voltage":110000,"name":"Oldau"}},{"type":"Feature","geometry":{"type":"Point","coordinates":[10.1289651,52.6750082]},"properties":{"kind":"substation","voltage":110000,"name":"Unterwerk Garßen"}},{"type":"Feature","geometry":{"type":"Point","coordinates":[9.8458921,52.3231836]},"properties":{"kind":"substation","voltage":110000,"name":"Wülferode"}},{"type":"Feature","geometry":{"type":"Point","coordinates":[10.3692374,52.167092]},"properties":{"kind":"substation","voltage":220000,"name":"Hallendorf"}},{"type":"Feature","geometry":{"type":"Point","coordinates":[9.2292745,52.7924044]},"properties":{"kind":"substation","voltage":110000,"name":"Unterwerk Eystrup"}},{"type":"Feature","geometry":{"type":"Point","coordinates":[9.9369239,51.6393167]},"properties":{"kind":"substation","voltage":110000,"name":"Unterwerk Nörten-Hardenberg"}},{"type":"Feature","geometry":{"type":"Point","coordinates":[10.5438399,52.9639782]},"properties":{"kind":"substation","voltage":110000,"name":"Unterwerk Uelzen"}},{"type":"Feature","geometry":{"type":"Point","coordinates":[10.3852111,52.9953935]},"properties":{"kind":"substation","voltage":110000,"name":"Stadorf"}},{"type":"Feature","geometry":{"type":"Point","coordinates":[9.9408085,52.0312535]},"properties":{"kind":"substation","voltage":110000,"name":"Unterwerk Almstedt"}},{"type":"Feature","geometry":{"type":"Point","coordinates":[9.178709,52.3242716]},"properties":{"kind":"substation","voltage":110000,"name":"Umspannwerk Enzer Straße"}},{"type":"Feature","geometry":{"type":"Point","coordinates":[8.7630671,53.193894]},"properties":{"kind":"substation","voltage":110000,"name":"Unterwerk Ritterhude"}},{"type":"Feature","geometry":{"type":"Point","coordinates":[8.5834896,53.2305786]},"properties":{"kind":"substation","voltage":110000,"name":"Schwanewede"}},{"type":"Feature","geometry":{"type":"Point","coordinates":[9.8624171,53.3223783]},"properties":{"kind":"substation","voltage":110000,"name":"Unterwerk Buchholz"}},{"type":"Feature","geometry":{"type":"Point","coordinates":[8.1836814,53.2594888]},"properties":{"kind":"substation","voltage":110000,"name":"Rastede"}},{"type":"Feature","geometry":{"type":"Point","coordinates":[10.4628129,53.3351196]},"properties":{"kind":"substation","voltage":110000,"name":"Umspannwerk Brietlingen"}},{"type":"Feature","geometry":{"type":"Point","coordinates":[10.4118194,53.2669533]},"properties":{"kind":"substation","voltage":110000,"name":"Bahnstrom Unterwerk Lüneburg"}},{"type":"Feature","geometry":{"type":"Point","coordinates":[8.1179024,52.2656568]},"properties":{"kind":"substation","voltage":110000,"name":"Unterwerk Osnabrück"}},{"type":"Feature","geometry":{"type":"Point","coordinates":[9.145256,52.2049861]},"properties":{"kind":"substation","voltage":110000,"name":"Westendorf"}},{"type":"Feature","geometry":{"type":"Point","coordinates":[9.9698594,51.8486417]},"properties":{"kind":"substation","voltage":110000,"name":"Unterwerk Kreiensen"}},{"type":"Feature","geometry":{"type":"Point","coordinates":[7.4647476,53.2135062]},"properties":{"kind":"substation","voltage":110000,"name":"Unterwerk Leer"}},{"type":"Feature","geometry":{"type":"Point","coordinates":[10.6401941,52.2692397]},"properties":{"kind":"substation","voltage":110000,"name":"Unterwerk Braunschweig"}},{"type":"Feature","geometry":{"type":"Point","coordinates":[9.3901239,52.0993688]},"properties":{"kind":"substation","voltage":110000,"name":"Afferde 110/30/6 kV"}},{"type":"Feature","geometry":{"type":"Point","coordinates":[7.3803201,53.0719432]},"properties":{"kind":"substation","voltage":110000,"name":"Umspannwerk Papenburg"}},{"type":"Feature","geometry":{"type":"Point","coordinates":[7.3282296,52.8670173]},"properties":{"kind":"substation","voltage":110000,"name":"Lathen"}},{"type":"Feature","geometry":{"type":"Point","coordinates":[7.3011576,52.7841252]},"properties":{"kind":"substation","voltage":110000,"name":"Unterwerk Haren"}},{"type":"Feature","geometry":{"type":"Point","coordinates":[9.5296436,53.6192237]},"properties":{"kind":"substation","voltage":110000,"name":"Stade"}},{"type":"Feature","geometry":{"type":"Point","coordinates":[8.1561425,53.1309249]},"properties":{"kind":"substation","voltage":110000,"name":"Oldenburg West"}},{"type":"Feature","geometry":{"type":"Point","coordinates":[8.1701851,53.1536639]},"properties":{"kind":"substation","voltage":110000,"name":"Wechloy"}},{"type":"Feature","geometry":{"type":"Point","coordinates":[8.7045868,53.1897256]},"properties":{"kind":"substation","voltage":110000,"name":"Osterhagen"}},{"type":"Feature","geometry":{"type":"Point","coordinates":[10.1680248,52.1576278]},"properties":{"kind":"substation","voltage":110000,"name":"Nettlingen"}},{"type":"Feature","geometry":{"type":"Point","coordinates":[8.1180898,52.1019309]},"properties":{"kind":"substation","voltage":110000,"name":null}},{"type":"Feature","geometry":{"type":"Point","coordinates":[9.8835005,52.240785]},"properties":{"kind":"substation","voltage":110000,"name":"Sarstedt"}},{"type":"Feature","geometry":{"type":"Point","coordinates":[9.7973087,52.0008345]},"properties":{"kind":"substation","voltage":220000,"name":"Godenau"}},{"type":"Feature","geometry":{"type":"Point","coordinates":[9.7101637,53.459142]},"properties":{"kind":"substation","voltage":110000,"name":"Eilendorf"}},{"type":"Feature","geometry":{"type":"Point","coordinates":[9.5964992,52.2831398]},"properties":{"kind":"substation","voltage":110000,"name":"Gehrden"}},{"type":"Feature","geometry":{"type":"Point","coordinates":[9.4917081,52.3170055]},"properties":{"kind":"substation","voltage":110000,"name":"Barsinghausen"}},{"type":"Feature","geometry":{"type":"Point","coordinates":[8.4924036,53.1887177]},"properties":{"kind":"substation","voltage":110000,"name":"Berne"}},{"type":"Feature","geometry":{"type":"Point","coordinates":[8.4760826,53.1072529]},"properties":{"kind":"substation","voltage":110000,"name":"Hude"}},{"type":"Feature","geometry":{"type":"Point","coordinates":[10.1539503,52.3824049]},"properties":{"kind":"substation","voltage":110000,"name":"Edemissen"}},{"type":"Feature","geometry":{"type":"Point","coordinates":[10.1546908,52.3821449]},"properties":{"kind":"substation","voltage":110000,"name":"Oelerse"}},{"type":"Feature","geometry":{"type":"Point","coordinates":[9.9356748,52.1138308]},"properties":{"kind":"substation","voltage":110000,"name":"Hildesheim Süd"}},{"type":"Feature","geometry":{"type":"Point","coordinates":[8.1257079,53.37454]},"properties":{"kind":"substation","voltage":110000,"name":"Varel"}},{"type":"Feature","geometry":{"type":"Point","coordinates":[9.1531653,52.8185072]},"properties":{"kind":"substation","voltage":110000,"name":"Hoya"}},{"type":"Feature","geometry":{"type":"Point","coordinates":[9.0050117,52.814528]},"properties":{"kind":"substation","voltage":110000,"name":"Homfeld"}},{"type":"Feature","geometry":{"type":"Point","coordinates":[9.6425596,52.8369804]},"properties":{"kind":"substation","voltage":110000,"name":"Düshorn"}},{"type":"Feature","geometry":{"type":"Point","coordinates":[8.7878234,52.6737485]},"properties":{"kind":"substation","voltage":110000,"name":"Sulingen"}},{"type":"Feature","geometry":{"type":"Point","coordinates":[9.0684989,53.566531]},"properties":{"kind":"substation","voltage":110000,"name":"Alfstedt"}},{"type":"Feature","geometry":{"type":"Point","coordinates":[7.9431533,53.3877827]},"properties":{"kind":"substation","voltage":110000,"name":"Neuenburg"}},{"type":"Feature","geometry":{"type":"Point","coordinates":[8.4746385,53.4287669]},"properties":{"kind":"substation","voltage":380000,"name":"Unterweser"}},{"type":"Feature","geometry":{"type":"Point","coordinates":[8.8803702,52.4834703]},"properties":{"kind":"substation","voltage":110000,"name":"Lohhof"}},{"type":"Feature","geometry":{"type":"Point","coordinates":[8.1636084,53.0787451]},"properties":{"kind":"substation","voltage":110000,"name":"Oberlethe"}},{"type":"Feature","geometry":{"type":"Point","coordinates":[10.2902447,52.8502534]},"properties":{"kind":"substation","voltage":110000,"name":"Unterlüß"}},{"type":"Feature","geometry":{"type":"Point","coordinates":[9.2683304,52.913809]},"properties":{"kind":"substation","voltage":110000,"name":"Eitze"}},{"type":"Feature","geometry":{"type":"Point","coordinates":[10.2227879,53.352207]},"properties":{"kind":"substation","voltage":110000,"name":"Winsen"}},{"type":"Feature","geometry":{"type":"Point","coordinates":[9.5862699,52.389291]},"properties":{"kind":"substation","voltage":110000,"name":"Seelze"}},{"type":"Feature","geometry":{"type":"Point","coordinates":[8.403419,52.6090435]},"properties":{"kind":"substation","voltage":380000,"name":"Station Sankt Hülfe"}},{"type":"Feature","geometry":{"type":"Point","coordinates":[9.4564157,53.6591207]},"properties":{"kind":"substation","voltage":110000,"name":"Bützfleth"}},{"type":"Feature","geometry":{"type":"Point","coordinates":[9.4915451,53.6581292]},"properties":{"kind":"substation","voltage":110000,"name":"Abbenfleth"}},{"type":"Feature","geometry":{"type":"Point","coordinates":[9.9180862,52.3800971]},"properties":{"kind":"substation","voltage":220000,"name":"Umspannwerk und Betriebszentrum Lehrte"}},{"type":"Feature","geometry":{"type":"Point","coordinates":[9.2675912,53.5884413]},"properties":{"kind":"substation","voltage":110000,"name":"Oldendorf"}},{"type":"Feature","geometry":{"type":"Point","coordinates":[9.02269,52.6282384]},"properties":{"kind":"substation","voltage":110000,"name":"Mainsche"}},{"type":"Feature","geometry":{"type":"Point","coordinates":[9.2268275,52.9288478]},"properties":{"kind":"substation","voltage":110000,"name":"Umspannwerk Maulhoop"}},{"type":"Feature","geometry":{"type":"Point","coordinates":[8.3079583,52.3457786]},"properties":{"kind":"substation","voltage":380000,"name":"Wehrendorf"}},{"type":"Feature","geometry":{"type":"Point","coordinates":[9.2123461,52.8532309]},"properties":{"kind":"substation","voltage":110000,"name":null}},{"type":"Feature","geometry":{"type":"Point","coordinates":[8.4717941,53.326439]},"properties":{"kind":"substation","voltage":110000,"name":"Brake"}},{"type":"Feature","geometry":{"type":"Point","coordinates":[7.9365802,53.2416731]},"properties":{"kind":"substation","voltage":110000,"name":"Westerstede"}},{"type":"Feature","geometry":{"type":"Point","coordinates":[10.5657075,52.240391]},"properties":{"kind":"substation","voltage":110000,"name":"Moritzburg"}},{"type":"Feature","geometry":{"type":"Point","coordinates":[9.5573561,52.2014312]},"properties":{"kind":"substation","voltage":110000,"name":"Springe"}},{"type":"Feature","geometry":{"type":"Point","coordinates":[7.2242888,53.349965]},"properties":{"kind":"substation","voltage":220000,"name":"Emden-Borssum"}},{"type":"Feature","geometry":{"type":"Point","coordinates":[7.3444572,52.3283635]},"properties":{"kind":"substation","voltage":110000,"name":"Unterwerk Salzbergen"}},{"type":"Feature","geometry":{"type":"Point","coordinates":[9.0273227,53.0173267]},"properties":{"kind":"substation","voltage":110000,"name":"Umspannwerk Achim"}},{"type":"Feature","geometry":{"type":"Point","coordinates":[9.4154259,53.1220923]},"properties":{"kind":"substation","voltage":110000,"name":"Rotenburg (Wümme)"}},{"type":"Feature","geometry":{"type":"Point","coordinates":[7.996672,53.1745743]},"properties":{"kind":"substation","voltage":110000,"name":"Zwischenahn"}},{"type":"Feature","geometry":{"type":"Point","coordinates":[9.7169657,52.3073922]},"properties":{"kind":"substation","voltage":110000,"name":"Arnum"}},{"type":"Feature","geometry":{"type":"Point","coordinates":[7.9269825,53.6637882]},"properties":{"kind":"substation","voltage":110000,"name":"Hohenkirchen"}},{"type":"Feature","geometry":{"type":"Point","coordinates":[7.7151381,53.5981816]},"properties":{"kind":"substation","voltage":110000,"name":"Burhafe"}},{"type":"Feature","geometry":{"type":"Point","coordinates":[7.8757389,53.556011]},"properties":{"kind":"substation","voltage":110000,"name":"Jever"}},{"type":"Feature","geometry":{"type":"Point","coordinates":[7.1724537,53.3516784]},"properties":{"kind":"substation","voltage":110000,"name":"Emden West"}},{"type":"Feature","geometry":{"type":"Point","coordinates":[9.6997839,52.352166]},"properties":{"kind":"substation","voltage":110000,"name":"Tönniesberg"}},{"type":"Feature","geometry":{"type":"Point","coordinates":[9.8634633,52.3769519]},"properties":{"kind":"substation","voltage":110000,"name":"Misburg"}},{"type":"Feature","geometry":{"type":"Point","coordinates":[9.7215009,52.4487251]},"properties":{"kind":"substation","voltage":110000,"name":"Godshorn"}},{"type":"Feature","geometry":{"type":"Point","coordinates":[9.6592667,52.3361113]},"properties":{"kind":"substation","voltage":110000,"name":"Empelde"}},{"type":"Feature","geometry":{"type":"Point","coordinates":[9.6850766,52.4194399]},"properties":{"kind":"substation","voltage":110000,"name":null}},{"type":"Feature","geometry":{"type":"Point","coordinates":[9.6503243,52.4211964]},"properties":{"kind":"substation","voltage":110000,"name":"Stöcken"}},{"type":"Feature","geometry":{"type":"Point","coordinates":[7.6177912,53.6656557]},"properties":{"kind":"substation","voltage":110000,"name":"Umspannwerk Esens"}},{"type":"Feature","geometry":{"type":"Point","coordinates":[9.928555,51.5380525]},"properties":{"kind":"substation","voltage":110000,"name":"Umspannwerk Godehardstraße"}},{"type":"Feature","geometry":{"type":"Point","coordinates":[9.6894231,52.3626474]},"properties":{"kind":"substation","voltage":110000,"name":"Badenstedt"}},{"type":"Feature","geometry":{"type":"Point","coordinates":[10.4084212,53.270743]},"properties":{"kind":"substation","voltage":110000,"name":"Umspannwerk Lüneburg Nord"}},{"type":"Feature","geometry":{"type":"Point","coordinates":[7.533744,53.6546563]},"properties":{"kind":"substation","voltage":110000,"name":"Damsum"}},{"type":"Feature","geometry":{"type":"Point","coordinates":[7.4572309,53.6623026]},"properties":{"kind":"substation","voltage":110000,"name":"Westeraccum"}},{"type":"Feature","geometry":{"type":"Point","coordinates":[7.1628703,53.6173752]},"properties":{"kind":"substation","voltage":110000,"name":"Norddeich"}},{"type":"Feature","geometry":{"type":"Point","coordinates":[7.0622839,53.4607362]},"properties":{"kind":"substation","voltage":110000,"name":"Manslagt"}},{"type":"Feature","geometry":{"type":"Point","coordinates":[7.2346939,53.5980297]},"properties":{"kind":"substation","voltage":110000,"name":"Lütetsburg"}},{"type":"Feature","geometry":{"type":"Point","coordinates":[7.2965418,53.5329776]},"properties":{"kind":"substation","voltage":110000,"name":"Marienhafe"}},{"type":"Feature","geometry":{"type":"Point","coordinates":[7.1612399,53.4824843]},"properties":{"kind":"substation","voltage":110000,"name":"Eilsum"}},{"type":"Feature","geometry":{"type":"Point","coordinates":[7.4653918,53.469921]},"properties":{"kind":"substation","voltage":110000,"name":"Umspannwerk Aurich"}},{"type":"Feature","geometry":{"type":"Point","coordinates":[7.3851211,53.3597827]},"properties":{"kind":"substation","voltage":110000,"name":"Ihlow"}},{"type":"Feature","geometry":{"type":"Point","coordinates":[9.7062382,52.431969]},"properties":{"kind":"substation","voltage":110000,"name":null}},{"type":"Feature","geometry":{"type":"Point","coordinates":[9.649194,52.4262679]},"properties":{"kind":"substation","voltage":110000,"name":null}},{"type":"Feature","geometry":{"type":"Point","coordinates":[9.797001,52.3935164]},"properties":{"kind":"substation","voltage":110000,"name":"Umspannwerk Roderbruch (Alt)"}},{"type":"Feature","geometry":{"type":"Point","coordinates":[9.7278337,52.3871866]},"properties":{"kind":"substation","voltage":110000,"name":"Sandstraße"}},{"type":"Feature","geometry":{"type":"Point","coordinates":[9.5819281,52.9921399]},"properties":{"kind":"substation","voltage":110000,"name":"Visselhövede"}},{"type":"Feature","geometry":{"type":"Point","coordinates":[9.8421067,53.0037118]},"properties":{"kind":"substation","voltage":110000,"name":"Umspannwerk Soltau"}},{"type":"Feature","geometry":{"type":"Point","coordinates":[9.7805431,52.3303204]},"properties":{"kind":"substation","voltage":110000,"name":"Wülfel"}},{"type":"Feature","geometry":{"type":"Point","coordinates":[7.3597698,53.1729905]},"properties":{"kind":"substation","voltage":110000,"name":"Weener"}},{"type":"Feature","geometry":{"type":"Point","coordinates":[7.464431,53.2225792]},"properties":{"kind":"substation","voltage":110000,"name":"Leer/Mitte"}},{"type":"Feature","geometry":{"type":"Point","coordinates":[7.3834133,53.0985197]},"properties":{"kind":"substation","voltage":110000,"name":"Völlen"}},{"type":"Feature","geometry":{"type":"Point","coordinates":[9.4356056,52.189761]},"properties":{"kind":"substation","voltage":110000,"name":"Bad Münder"}},{"type":"Feature","geometry":{"type":"Point","coordinates":[8.5907168,53.7554524]},"properties":{"kind":"substation","voltage":110000,"name":"Spieka"}},{"type":"Feature","geometry":{"type":"Point","coordinates":[7.7960745,53.2105079]},"properties":{"kind":"substation","voltage":110000,"name":"Apen"}},{"type":"Feature","geometry":{"type":"Point","coordinates":[8.498694,53.5087799]},"properties":{"kind":"substation","voltage":110000,"name":"Umspannwerk Weserzink"}},{"type":"Feature","geometry":{"type":"Point","coordinates":[8.104537,52.2649991]},"properties":{"kind":"substation","voltage":380000,"name":"Lüstringen"}},{"type":"Feature","geometry":{"type":"Point","coordinates":[9.4199931,53.4179266]},"properties":{"kind":"substation","voltage":110000,"name":"Oersdorf"}},{"type":"Feature","geometry":{"type":"Point","coordinates":[9.4296642,53.4623221]},"properties":{"kind":"substation","voltage":110000,"name":"Bargstedt"}},{"type":"Feature","geometry":{"type":"Point","coordinates":[9.815679,51.9845603]},"properties":{"kind":"substation","voltage":110000,"name":"Alfeld"}},{"type":"Feature","geometry":{"type":"Point","coordinates":[8.2999395,53.5477354]},"properties":{"kind":"substation","voltage":110000,"name":"Umspannwerk Roddens"}},{"type":"Feature","geometry":{"type":"Point","coordinates":[8.5450247,53.5285795]},"properties":{"kind":"substation","voltage":110000,"name":"Blexen"}},{"type":"Feature","geometry":{"type":"Point","coordinates":[9.6382937,53.0664933]},"properties":{"kind":"substation","voltage":110000,"name":"Söhlingen"}},{"type":"Feature","geometry":{"type":"Point","coordinates":[9.6527815,52.9153234]},"properties":{"kind":"substation","voltage":110000,"name":"Bomlitz"}},{"type":"Feature","geometry":{"type":"Point","coordinates":[7.5083575,53.2437837]},"properties":{"kind":"substation","voltage":110000,"name":"Loga"}},{"type":"Feature","geometry":{"type":"Point","coordinates":[9.7822512,52.3734726]},"properties":{"kind":"substation","voltage":110000,"name":null}},{"type":"Feature","geometry":{"type":"Point","coordinates":[10.9501424,52.92536]},"properties":{"kind":"substation","voltage":110000,"name":"Clenze"}},{"type":"Feature","geometry":{"type":"Point","coordinates":[10.6461117,52.8970295]},"properties":{"kind":"substation","voltage":110000,"name":"Wieren"}},{"type":"Feature","geometry":{"type":"Point","coordinates":[10.6613132,52.8974604]},"properties":{"kind":"substation","voltage":110000,"name":"Emern"}},{"type":"Feature","geometry":{"type":"Point","coordinates":[7.6029916,53.1146727]},"properties":{"kind":"substation","voltage":110000,"name":"Langholt"}},{"type":"Feature","geometry":{"type":"Point","coordinates":[9.1189629,53.0025762]},"properties":{"kind":"substation","voltage":110000,"name":"Umspannwerk Etelsen"}},{"type":"Feature","geometry":{"type":"Point","coordinates":[9.1444964,53.1226348]},"properties":{"kind":"substation","voltage":110000,"name":"Ottersberg"}},{"type":"Feature","geometry":{"type":"Point","coordinates":[10.7320358,53.1815994]},"properties":{"kind":"substation","voltage":110000,"name":"Dahlenburg"}},{"type":"Feature","geometry":{"type":"Point","coordinates":[9.2096598,52.6640728]},"properties":{"kind":"substation","voltage":110000,"name":"Nienburg/Nord"}},{"type":"Feature","geometry":{"type":"Point","coordinates":[10.1704114,51.8525354]},"properties":{"kind":"substation","voltage":110000,"name":"Münchehof"}},{"type":"Feature","geometry":{"type":"Point","coordinates":[10.2328371,51.7263052]},"properties":{"kind":"substation","voltage":110000,"name":"Osterode"}},{"type":"Feature","geometry":{"type":"Point","coordinates":[7.3171154,53.1282326]},"properties":{"kind":"substation","voltage":110000,"name":"Stapelmoor"}},{"type":"Feature","geometry":{"type":"Point","coordinates":[10.325031,51.6164936]},"properties":{"kind":"substation","voltage":110000,"name":"Umspannwerk Pöhlde"}},{"type":"Feature","geometry":{"type":"Point","coordinates":[10.331437,51.6508159]},"properties":{"kind":"substation","voltage":110000,"name":null}},{"type":"Feature","geometry":{"type":"Point","coordinates":[10.1589786,51.6402238]},"properties":{"kind":"substation","voltage":110000,"name":"Bilshausen"}},{"type":"Feature","geometry":{"type":"Point","coordinates":[9.4367171,51.8045499]},"properties":{"kind":"substation","voltage":110000,"name":"Holzminden Süd"}},{"type":"Feature","geometry":{"type":"Point","coordinates":[8.4579512,53.2232304]},"properties":{"kind":"substation","voltage":110000,"name":"Elsfleth"}},{"type":"Feature","geometry":{"type":"Point","coordinates":[9.85066,51.6492294]},"properties":{"kind":"substation","voltage":110000,"name":"Hardegsen"}},{"type":"Feature","geometry":{"type":"Point","coordinates":[10.2497169,52.3128286]},"properties":{"kind":"substation","voltage":110000,"name":"Umspannwerk 5"}},{"type":"Feature","geometry":{"type":"Point","coordinates":[11.1631031,52.9805268]},"properties":{"kind":"substation","voltage":110000,"name":"Lüchow"}},{"type":"Feature","geometry":{"type":"Point","coordinates":[10.2152696,52.3261122]},"properties":{"kind":"substation","voltage":110000,"name":"Peine/West"}},{"type":"Feature","geometry":{"type":"Point","coordinates":[10.7919547,52.4402123]},"properties":{"kind":"substation","voltage":110000,"name":null}},{"type":"Feature","geometry":{"type":"Point","coordinates":[10.2369621,51.5099147]},"properties":{"kind":"substation","voltage":110000,"name":"Duderstadt"}},{"type":"Feature","geometry":{"type":"Point","coordinates":[7.9868768,53.1119542]},"properties":{"kind":"substation","voltage":110000,"name":"Edewecht"}},{"type":"Feature","geometry":{"type":"Point","coordinates":[10.5013007,51.6462198]},"properties":{"kind":"substation","voltage":110000,"name":"Bad Lauterberg"}},{"type":"Feature","geometry":{"type":"Point","coordinates":[7.2200277,53.3583282]},"properties":{"kind":"substation","voltage":110000,"name":"Unterwerk Emden"}},{"type":"Feature","geometry":{"type":"Point","coordinates":[7.3483453,52.87177]},"properties":{"kind":"substation","voltage":110000,"name":"Transrapid-Versuchsanlage-Emsland Süd"}},{"type":"Feature","geometry":{"type":"Point","coordinates":[7.1959057,52.8701089]},"properties":{"kind":"substation","voltage":110000,"name":"Niederlangen"}},{"type":"Feature","geometry":{"type":"Point","coordinates":[7.2949226,52.7346332]},"properties":{"kind":"substation","voltage":110000,"name":null}},{"type":"Feature","geometry":{"type":"Point","coordinates":[6.9310835,52.6001014]},"properties":{"kind":"substation","voltage":110000,"name":"Großringe"}},{"type":"Feature","geometry":{"type":"Point","coordinates":[6.8673659,52.5904627]},"properties":{"kind":"substation","voltage":110000,"name":"Kalle"}},{"type":"Feature","geometry":{"type":"Point","coordinates":[6.9799686,52.5386005]},"properties":{"kind":"substation","voltage":110000,"name":null}},{"type":"Feature","geometry":{"type":"Point","coordinates":[7.065728,52.4768643]},"properties":{"kind":"substation","voltage":110000,"name":"Station Bookholt"}},{"type":"Feature","geometry":{"type":"Point","coordinates":[7.3652986,52.980464]},"properties":{"kind":"substation","voltage":110000,"name":"Dörpen"}},{"type":"Feature","geometry":{"type":"Point","coordinates":[7.378899,52.9644195]},"properties":{"kind":"substation","voltage":110000,"name":"Transrapid-Versuchsanlage-Emsland Nord"}},{"type":"Feature","geometry":{"type":"Point","coordinates":[7.5477683,52.826714]},"properties":{"kind":"substation","voltage":110000,"name":"Sögel"}},{"type":"Feature","geometry":{"type":"Point","coordinates":[7.4934144,52.6810136]},"properties":{"kind":"substation","voltage":110000,"name":"Haselünne"}},{"type":"Feature","geometry":{"type":"Point","coordinates":[7.9440023,52.7325468]},"properties":{"kind":"substation","voltage":110000,"name":"Essen"}},{"type":"Feature","geometry":{"type":"Point","coordinates":[8.082911,52.8579775]},"properties":{"kind":"substation","voltage":110000,"name":"Cloppenburg"}},{"type":"Feature","geometry":{"type":"Point","coordinates":[7.7083393,53.0976549]},"properties":{"kind":"substation","voltage":110000,"name":"Ramsloh"}},{"type":"Feature","geometry":{"type":"Point","coordinates":[8.164234,53.2956022]},"properties":{"kind":"substation","voltage":110000,"name":"Unterwerk Rastede"}},{"type":"Feature","geometry":{"type":"Point","coordinates":[9.2721385,53.3097799]},"properties":{"kind":"substation","voltage":110000,"name":"Zeven"}},{"type":"Feature","geometry":{"type":"Point","coordinates":[9.131975,53.6960664]},"properties":{"kind":"substation","voltage":110000,"name":"Umspannwerk Hemmoor"}},{"type":"Feature","geometry":{"type":"Point","coordinates":[7.2304525,52.3170841]},"properties":{"kind":"substation","voltage":110000,"name":"Schüttorf"}},{"type":"Feature","geometry":{"type":"Point","coordinates":[10.5013953,51.9291353]},"properties":{"kind":"substation","voltage":110000,"name":"Harlingerode"}},{"type":"Feature","geometry":{"type":"Point","coordinates":[10.34782,51.8199749]},"properties":{"kind":"substation","voltage":110000,"name":"Zellerfeld"}},{"type":"Feature","geometry":{"type":"Point","coordinates":[10.3380995,52.1689287]},"properties":{"kind":"substation","voltage":110000,"name":"Lebenstedt-Nord"}},{"type":"Feature","geometry":{"type":"Point","coordinates":[8.2096864,53.1455021]},"properties":{"kind":"substation","voltage":110000,"name":"Oldenburg Mitte"}},{"type":"Feature","geometry":{"type":"Point","coordinates":[7.3096029,52.3928735]},"properties":{"kind":"substation","voltage":110000,"name":null}},{"type":"Feature","geometry":{"type":"Point","coordinates":[7.8278067,52.8565204]},"properties":{"kind":"substation","voltage":110000,"name":"Lindern"}},{"type":"Feature","geometry":{"type":"Point","coordinates":[8.0084546,52.8302819]},"properties":{"kind":"substation","voltage":110000,"name":"Cloppenburg West"}},{"type":"Feature","geometry":{"type":"Point","coordinates":[8.2238191,52.9539222]},"properties":{"kind":"substation","voltage":110000,"name":"Sage"}},{"type":"Feature","geometry":{"type":"Point","coordinates":[8.077269,53.5613673]},"properties":{"kind":"substation","voltage":110000,"name":"Coldewei"}},{"type":"Feature","geometry":{"type":"Point","coordinates":[8.1434674,53.5566231]},"properties":{"kind":"substation","voltage":110000,"name":"Ölhaven"}},{"type":"Feature","geometry":{"type":"Point","coordinates":[7.2977116,53.6372674]},"properties":{"kind":"substation","voltage":110000,"name":"Hagermarsch"}},{"type":"Feature","geometry":{"type":"Point","coordinates":[7.8015556,53.6855535]},"properties":{"kind":"substation","voltage":110000,"name":"Carolinensiel"}},{"type":"Feature","geometry":{"type":"Point","coordinates":[7.7322179,53.4134671]},"properties":{"kind":"substation","voltage":110000,"name":"Wiesmoor"}},{"type":"Feature","geometry":{"type":"Point","coordinates":[7.7638156,52.7404384]},"properties":{"kind":"substation","voltage":110000,"name":"Umspannwerk Löningen"}},{"type":"Feature","geometry":{"type":"Point","coordinates":[7.6036755,52.9697837]},"properties":{"kind":"substation","voltage":110000,"name":"Lorup"}},{"type":"Feature","geometry":{"type":"Point","coordinates":[7.603829,52.9700744]},"properties":{"kind":"substation","voltage":110000,"name":"Esterwegen"}},{"type":"Feature","geometry":{"type":"Point","coordinates":[8.0272314,52.9642676]},"properties":{"kind":"substation","voltage":110000,"name":"Garrel"}},{"type":"Feature","geometry":{"type":"Point","coordinates":[7.8762511,53.0168755]},"properties":{"kind":"substation","voltage":110000,"name":"Friesoythe"}},{"type":"Feature","geometry":{"type":"Point","coordinates":[9.9245748,51.5260154]},"properties":{"kind":"substation","voltage":110000,"name":"Umspannwerk Leinestraße"}},{"type":"Feature","geometry":{"type":"Point","coordinates":[9.8545919,51.8102091]},"properties":{"kind":"substation","voltage":110000,"name":"Einbeck"}},{"type":"Feature","geometry":{"type":"Point","coordinates":[7.3079469,52.4756309]},"properties":{"kind":"substation","voltage":380000,"name":"Hanekenfähr"}},{"type":"Feature","geometry":{"type":"Point","coordinates":[7.431591,53.2271066]},"properties":{"kind":"substation","voltage":110000,"name":"Leer/West"}},{"type":"Feature","geometry":{"type":"Point","coordinates":[7.4240313,53.2595661]},"properties":{"kind":"substation","voltage":110000,"name":"Leer/Nord"}},{"type":"Feature","geometry":{"type":"Point","coordinates":[8.2198629,53.1796315]},"properties":{"kind":"substation","voltage":110000,"name":"Oldenburg Nord"}},{"type":"Feature","geometry":{"type":"Point","coordinates":[7.4505013,53.2991597]},"properties":{"kind":"substation","voltage":110000,"name":"Neermoor"}},{"type":"Feature","geometry":{"type":"Point","coordinates":[9.3463251,52.3216525]},"properties":{"kind":"substation","voltage":110000,"name":"Umspannwerk Rodenberg"}},{"type":"Feature","geometry":{"type":"Point","coordinates":[9.2675772,52.4067824]},"properties":{"kind":"substation","voltage":110000,"name":"Umspannwerk Sachsenhagen"}},{"type":"Feature","geometry":{"type":"Point","coordinates":[7.2980734,53.6367735]},"properties":{"kind":"substation","voltage":110000,"name":"Hage-Nord"}},{"type":"Feature","geometry":{"type":"Point","coordinates":[8.3324883,52.2103996]},"properties":{"kind":"substation","voltage":110000,"name":"Melle"}},{"type":"Feature","geometry":{"type":"Point","coordinates":[8.1953746,52.0924349]},"properties":{"kind":"substation","voltage":110000,"name":null}},{"type":"Feature","geometry":{"type":"Point","coordinates":[9.8401974,53.3259357]},"properties":{"kind":"substation","voltage":110000,"name":"Buchholz"}},{"type":"Feature","geometry":{"type":"Point","coordinates":[7.2641365,53.5615674]},"properties":{"kind":"substation","voltage":110000,"name":"Halbemond"}},{"type":"Feature","geometry":{"type":"Point","coordinates":[10.0784777,52.0362937]},"properties":{"kind":"substation","voltage":110000,"name":"Nette"}},{"type":"Feature","geometry":{"type":"Point","coordinates":[7.1581375,53.3435924]},"properties":{"kind":"substation","voltage":110000,"name":"VW/Süd"}},{"type":"Feature","geometry":{"type":"Point","coordinates":[7.345769,52.5864942]},"properties":{"kind":"substation","voltage":110000,"name":null}},{"type":"Feature","geometry":{"type":"Point","coordinates":[8.8256034,53.6133148]},"properties":{"kind":"substation","voltage":110000,"name":"Bederkesa"}},{"type":"Feature","geometry":{"type":"Point","coordinates":[10.3775621,52.1819221]},"properties":{"kind":"substation","voltage":110000,"name":"Bleckenstedt"}},{"type":"Feature","geometry":{"type":"Point","coordinates":[11.0665029,53.0937154]},"properties":{"kind":"substation","voltage":110000,"name":"Dannenberg"}},{"type":"Feature","geometry":{"type":"Point","coordinates":[9.2831998,53.8164673]},"properties":{"kind":"substation","voltage":110000,"name":"Freiburg/Elbe"}},{"type":"Feature","geometry":{"type":"Point","coordinates":[8.0350602,52.2606884]},"properties":{"kind":"substation","voltage":110000,"name":"Hörne"}},{"type":"Feature","geometry":{"type":"Point","coordinates":[8.7829803,53.2241021]},"properties":{"kind":"substation","voltage":110000,"name":"Scharmbeck"}},{"type":"Feature","geometry":{"type":"Point","coordinates":[7.2160798,52.5428256]},"properties":{"kind":"substation","voltage":110000,"name":null}},{"type":"Feature","geometry":{"type":"Point","coordinates":[9.133807,53.4745503]},"properties":{"kind":"substation","voltage":110000,"name":"Bremervörde"}},{"type":"Feature","geometry":{"type":"Point","coordinates":[9.624075,51.9272493]},"properties":{"kind":"substation","voltage":110000,"name":"Eschershausen"}},{"type":"Feature","geometry":{"type":"Point","coordinates":[9.5694551,51.9976734]},"properties":{"kind":"substation","voltage":110000,"name":"Halle"}},{"type":"Feature","geometry":{"type":"Point","coordinates":[9.5615388,52.1205078]},"properties":{"kind":"substation","voltage":110000,"name":"Umspannwerk Coppenbrügge"}},{"type":"Feature","geometry":{"type":"Point","coordinates":[8.1203308,52.3150393]},"properties":{"kind":"substation","voltage":110000,"name":"Station Powe"}},{"type":"Feature","geometry":{"type":"Point","coordinates":[7.9960211,52.1059244]},"properties":{"kind":"substation","voltage":110000,"name":null}},{"type":"Feature","geometry":{"type":"Point","coordinates":[10.4203567,52.1652193]},"properties":{"kind":"substation","voltage":220000,"name":"Umspannwerk Walzwerk (UWWW)"}},{"type":"Feature","geometry":{"type":"Point","coordinates":[10.9715343,52.1291019]},"properties":{"kind":"substation","voltage":110000,"name":"Schöningen"}},{"type":"Feature","geometry":{"type":"Point","coordinates":[8.0434968,52.1466109]},"properties":{"kind":"substation","voltage":110000,"name":"Iburg"}},{"type":"Feature","geometry":{"type":"Point","coordinates":[7.2416612,52.6561882]},"properties":{"kind":"substation","voltage":110000,"name":"Rühle"}},{"type":"Feature","geometry":{"type":"Point","coordinates":[7.3194906,52.5055404]},"properties":{"kind":"substation","voltage":110000,"name":"Lingen"}},{"type":"Feature","geometry":{"type":"Point","coordinates":[7.1573713,53.3521669]},"properties":{"kind":"substation","voltage":110000,"name":"VW/West"}},{"type":"Feature","geometry":{"type":"Point","coordinates":[7.1551982,53.3500544]},"properties":{"kind":"substation","voltage":110000,"name":"VW/Mitte"}},{"type":"Feature","geometry":{"type":"Point","coordinates":[8.4608263,53.4890965]},"properties":{"kind":"substation","voltage":110000,"name":"Nordenham"}},{"type":"Feature","geometry":{"type":"Point","coordinates":[10.2034665,52.2435731]},"properties":{"kind":"substation","voltage":110000,"name":"Gadenstedt"}},{"type":"Feature","geometry":{"type":"Point","coordinates":[10.3530055,52.0416855]},"properties":{"kind":"substation","voltage":110000,"name":"Gitter"}},{"type":"Feature","geometry":{"type":"Point","coordinates":[10.3487909,51.9440341]},"properties":{"kind":"substation","voltage":110000,"name":"Langelsheim"}},{"type":"Feature","geometry":{"type":"Point","coordinates":[9.9337377,51.8656339]},"properties":{"kind":"substation","voltage":110000,"name":"Greene"}},{"type":"Feature","geometry":{"type":"Point","coordinates":[10.2124732,51.7572555]},"properties":{"kind":"substation","voltage":110000,"name":"Katzenstein"}},{"type":"Feature","geometry":{"type":"Point","coordinates":[8.6914323,53.7090261]},"properties":{"kind":"substation","voltage":110000,"name":"Krempel"}},{"type":"Feature","geometry":{"type":"Point","coordinates":[8.7121698,53.0295583]},"properties":{"kind":"substation","voltage":110000,"name":"Stuhr"}},{"type":"Feature","geometry":{"type":"Point","coordinates":[8.2720561,52.7552028]},"properties":{"kind":"substation","voltage":110000,"name":"Vechta Nord"}},{"type":"Feature","geometry":{"type":"Point","coordinates":[8.3557491,52.8091218]},"properties":{"kind":"substation","voltage":110000,"name":"Visbek"}},{"type":"Feature","geometry":{"type":"Point","coordinates":[8.4176704,52.8873269]},"properties":{"kind":"substation","voltage":110000,"name":"Wildeshausen"}},{"type":"Feature","geometry":{"type":"Point","coordinates":[8.2767267,52.7006644]},"properties":{"kind":"substation","voltage":110000,"name":"Vechta Süd"}},{"type":"Feature","geometry":{"type":"Point","coordinates":[8.2017484,52.6578418]},"properties":{"kind":"substation","voltage":110000,"name":"Lohne"}},{"type":"Feature","geometry":{"type":"Point","coordinates":[8.1307466,52.5769531]},"properties":{"kind":"substation","voltage":110000,"name":"Holdorf"}},{"type":"Feature","geometry":{"type":"Point","coordinates":[8.0482635,52.6878818]},"properties":{"kind":"substation","voltage":110000,"name":"Wulfenau"}},{"type":"Feature","geometry":{"type":"Point","coordinates":[8.0614084,52.8451122]},"properties":{"kind":"substation","voltage":110000,"name":"Cloppenburg/Mitte"}},{"type":"Feature","geometry":{"type":"Point","coordinates":[8.1291846,52.675891]},"properties":{"kind":"substation","voltage":110000,"name":"Dinklage"}},{"type":"Feature","geometry":{"type":"Point","coordinates":[8.8057018,53.4298653]},"properties":{"kind":"substation","voltage":110000,"name":"Beverstedt"}},{"type":"Feature","geometry":{"type":"Point","coordinates":[8.2396405,52.9284382]},"properties":{"kind":"substation","voltage":110000,"name":"Großenkneten"}},{"type":"Feature","geometry":{"type":"Point","coordinates":[9.3517535,53.1078809]},"properties":{"kind":"substation","voltage":110000,"name":"Unterwerk Rotenburg (Wümme)"}},{"type":"Feature","geometry":{"type":"Point","coordinates":[8.9505498,53.1654647]},"properties":{"kind":"substation","voltage":110000,"name":"Lilienthal"}},{"type":"Feature","geometry":{"type":"Point","coordinates":[9.0054937,53.3746049]},"properties":{"kind":"substation","voltage":110000,"name":"Gnarrenburg"}},{"type":"Feature","geometry":{"type":"Point","coordinates":[8.6634649,53.8790332]},"properties":{"kind":"substation","voltage":110000,"name":"Stickenbütteler Weg"}},{"type":"Feature","geometry":{"type":"Point","coordinates":[8.7100403,53.8479386]},"properties":{"kind":"substation","voltage":110000,"name":"Industriestraße"}},{"type":"Feature","geometry":{"type":"Point","coordinates":[9.517713,53.2763167]},"properties":{"kind":"substation","voltage":110000,"name":"Sittensen"}},{"type":"Feature","geometry":{"type":"Point","coordinates":[8.891096,53.7998125]},"properties":{"kind":"substation","voltage":110000,"name":"Otterndorf"}},{"type":"Feature","geometry":{"type":"Point","coordinates":[9.2495966,53.1137316]},"properties":{"kind":"substation","voltage":110000,"name":"Sottrum"}},{"type":"Feature","geometry":{"type":"Point","coordinates":[8.0641263,52.2826263]},"properties":{"kind":"substation","voltage":110000,"name":"Station Baumstraße"}},{"type":"Feature","geometry":{"type":"Point","coordinates":[8.0107646,52.3033916]},"properties":{"kind":"substation","voltage":110000,"name":"Station Eversburg"}},{"type":"Feature","geometry":{"type":"Point","coordinates":[7.6914055,52.5132081]},"properties":{"kind":"substation","voltage":110000,"name":"Station Fürstenau"}},{"type":"Feature","geometry":{"type":"Point","coordinates":[7.5402499,52.4800293]},"properties":{"kind":"substation","voltage":110000,"name":"Station Freren"}},{"type":"Feature","geometry":{"type":"Point","coordinates":[7.3705356,52.3398422]},"properties":{"kind":"substation","voltage":110000,"name":"Holsten-Bexten"}},{"type":"Feature","geometry":{"type":"Point","coordinates":[10.5402745,52.0162034]},"properties":{"kind":"substation","voltage":110000,"name":"Schladen"}},{"type":"Feature","geometry":{"type":"Point","coordinates":[9.4914192,53.459064]},"properties":{"kind":"substation","voltage":110000,"name":"Harsefeld"}},{"type":"Feature","geometry":{"type":"Point","coordinates":[9.7734164,52.56718]},"properties":{"kind":"substation","voltage":110000,"name":"Meitze"}},{"type":"Feature","geometry":{"type":"Point","coordinates":[10.0733784,52.9948426]},"properties":{"kind":"substation","voltage":110000,"name":"Munster"}},{"type":"Feature","geometry":{"type":"Point","coordinates":[10.3074827,52.1387738]},"properties":{"kind":"substation","voltage":110000,"name":"Lebenstedt Süd"}},{"type":"Feature","geometry":{"type":"Point","coordinates":[10.4476764,52.0717879]},"properties":{"kind":"substation","voltage":110000,"name":"Ohlendorf"}},{"type":"Feature","geometry":{"type":"Point","coordinates":[9.4454844,52.1404883]},"properties":{"kind":"substation","voltage":110000,"name":"Unterwerk Hameln"}},{"type":"Feature","geometry":{"type":"Point","coordinates":[9.3121608,52.0610988]},"properties":{"kind":"substation","voltage":110000,"name":"UW Groß Berkel"}},{"type":"Feature","geometry":{"type":"Point","coordinates":[9.7420449,52.3670474]},"properties":{"kind":"substation","voltage":110000,"name":"Bleichenstraße"}},{"type":"Feature","geometry":{"type":"Point","coordinates":[9.9623495,52.1643047]},"properties":{"kind":"substation","voltage":110000,"name":"Hildesheim Nord"}},{"type":"Feature","geometry":{"type":"Point","coordinates":[10.4656932,53.24084]},"properties":{"kind":"substation","voltage":110000,"name":"Lüneburg Hafen"}},{"type":"Feature","geometry":{"type":"Point","coordinates":[10.5572537,53.0012241]},"properties":{"kind":"substation","voltage":110000,"name":"Uelzen Hafen"}},{"type":"Feature","geometry":{"type":"Point","coordinates":[10.1089611,53.1987596]},"properties":{"kind":"substation","voltage":110000,"name":"Lübberstedt"}},{"type":"Feature","geometry":{"type":"Point","coordinates":[8.5749092,52.5535514]},"properties":{"kind":"substation","voltage":110000,"name":null}},{"type":"Feature","geometry":{"type":"Point","coordinates":[7.0723924,52.4183242]},"properties":{"kind":"substation","voltage":110000,"name":"Nordhorn"}},{"type":"Feature","geometry":{"type":"Point","coordinates":[7.1276348,52.3028159]},"properties":{"kind":"substation","voltage":110000,"name":"Bentheim"}},{"type":"Feature","geometry":{"type":"Point","coordinates":[9.9727568,53.316719]},"properties":{"kind":"substation","voltage":110000,"name":"Jesteburg"}},{"type":"Feature","geometry":{"type":"Point","coordinates":[10.3238478,52.1094547]},"properties":{"kind":"substation","voltage":110000,"name":"Haverlahwiese"}},{"type":"Feature","geometry":{"type":"Point","coordinates":[9.9457088,51.9793737]},"properties":{"kind":"substation","voltage":110000,"name":"Irmenseul"}},{"type":"Feature","geometry":{"type":"Point","coordinates":[10.9917153,52.2334318]},"properties":{"kind":"substation","voltage":110000,"name":null}},{"type":"Feature","geometry":{"type":"Point","coordinates":[10.9797541,52.1694845]},"properties":{"kind":"substation","voltage":110000,"name":null}},{"type":"Feature","geometry":{"type":"Point","coordinates":[7.8671222,52.3853711]},"properties":{"kind":"substation","voltage":110000,"name":null}},{"type":"Feature","geometry":{"type":"Point","coordinates":[10.2467064,52.6271221]},"properties":{"kind":"substation","voltage":110000,"name":"Lachendorf"}},{"type":"Feature","geometry":{"type":"Point","coordinates":[10.5587331,51.892155]},"properties":{"kind":"substation","voltage":110000,"name":"Bad Harzburg"}},{"type":"Feature","geometry":{"type":"Point","coordinates":[9.7314858,53.2685056]},"properties":{"kind":"substation","voltage":110000,"name":"Tostedt"}},{"type":"Feature","geometry":{"type":"Point","coordinates":[9.4223244,53.5956266]},"properties":{"kind":"substation","voltage":110000,"name":"Haddorf"}},{"type":"Feature","geometry":{"type":"Point","coordinates":[8.1478604,53.5635353]},"properties":{"kind":"substation","voltage":220000,"name":"Umspannwerk Kraftwerk Wilhelmshaven"}},{"type":"Feature","geometry":{"type":"Point","coordinates":[8.2335187,53.1437257]},"properties":{"kind":"substation","voltage":110000,"name":null}},{"type":"Feature","geometry":{"type":"Point","coordinates":[7.3060198,52.4803245]},"properties":{"kind":"substation","voltage":220000,"name":null}},{"type":"Feature","geometry":{"type":"Point","coordinates":[7.9585744,52.6295827]},"properties":{"kind":"substation","voltage":110000,"name":"Badbergen"}},{"type":"Feature","geometry":{"type":"Point","coordinates":[7.945308,52.5026734]},"properties":{"kind":"substation","voltage":110000,"name":"Alfhausen"}},{"type":"Feature","geometry":{"type":"Point","coordinates":[7.9958303,52.3585702]},"properties":{"kind":"substation","voltage":110000,"name":null}},{"type":"Feature","geometry":{"type":"Point","coordinates":[7.9804511,52.4144615]},"properties":{"kind":"substation","voltage":110000,"name":"Station Bramsche"}},{"type":"Feature","geometry":{"type":"Point","coordinates":[8.2104868,52.5258305]},"properties":{"kind":"substation","voltage":110000,"name":"Damme"}},{"type":"Feature","geometry":{"type":"Point","coordinates":[8.0480118,52.2106187]},"properties":{"kind":"substation","voltage":110000,"name":null}},{"type":"Feature","geometry":{"type":"Point","coordinates":[8.0815133,52.2233252]},"properties":{"kind":"substation","voltage":110000,"name":"Harderberg"}},{"type":"Feature","geometry":{"type":"Point","coordinates":[10.5354972,53.0350862]},"properties":{"kind":"substation","voltage":110000,"name":"Emmendorf"}},{"type":"Feature","geometry":{"type":"Point","coordinates":[8.2461816,52.5027277]},"properties":{"kind":"substation","voltage":110000,"name":null}},{"type":"Feature","geometry":{"type":"Point","coordinates":[7.7893211,53.4021935]},"properties":{"kind":"substation","voltage":110000,"name":"Wiesmoor/Süd"}},{"type":"Feature","geometry":{"type":"Point","coordinates":[7.5999425,53.3822345]},"properties":{"kind":"substation","voltage":110000,"name":"Spetzerfehn"}},{"type":"Feature","geometry":{"type":"Point","coordinates":[7.1172354,53.4564733]},"properties":{"kind":"substation","voltage":110000,"name":"Jennelt"}},{"type":"Feature","geometry":{"type":"Point","coordinates":[7.0797421,53.3449592]},"properties":{"kind":"substation","voltage":110000,"name":"Wybelsum/Ost"}},{"type":"Feature","geometry":{"type":"Point","coordinates":[7.9048626,53.449238]},"properties":{"kind":"substation","voltage":110000,"name":"Umspannwerk Etzel"}},{"type":"Feature","geometry":{"type":"Point","coordinates":[7.0793755,53.3448349]},"properties":{"kind":"substation","voltage":110000,"name":"Wybelsum"}},{"type":"Feature","geometry":{"type":"Point","coordinates":[9.5295857,52.7604635]},"properties":{"kind":"substation","voltage":110000,"name":"Ahlden"}},{"type":"Feature","geometry":{"type":"Point","coordinates":[8.4954652,52.702492]},"properties":{"kind":"substation","voltage":110000,"name":null}},{"type":"Feature","geometry":{"type":"Point","coordinates":[7.3895285,53.250199]},"properties":{"kind":"substation","voltage":110000,"name":"Jemgum"}},{"type":"Feature","geometry":{"type":"Point","coordinates":[8.1391926,53.5983347]},"properties":{"kind":"substation","voltage":110000,"name":"JadeWeserPort"}},{"type":"Feature","geometry":{"type":"Point","coordinates":[10.0587833,51.7990618]},"properties":{"kind":"substation","voltage":110000,"name":"Dögerode"}},{"type":"Feature","geometry":{"type":"Point","coordinates":[9.9802258,51.6954868]},"properties":{"kind":"substation","voltage":110000,"name":"Northeim"}},{"type":"Feature","geometry":{"type":"Point","coordinates":[8.7158899,52.8513155]},"properties":{"kind":"substation","voltage":110000,"name":"Bassum"}},{"type":"Feature","geometry":{"type":"Point","coordinates":[8.6360909,53.0530688]},"properties":{"kind":"substation","voltage":110000,"name":"Umspannwerk Delmenhorst Mitte"}},{"type":"Feature","geometry":{"type":"Point","coordinates":[10.413044,51.9283313]},"properties":{"kind":"substation","voltage":110000,"name":"Goslar"}},{"type":"Feature","geometry":{"type":"Point","coordinates":[7.7177452,53.6514397]},"properties":{"kind":"substation","voltage":110000,"name":"Werdum"}},{"type":"Feature","geometry":{"type":"Point","coordinates":[7.4755467,53.650385]},"properties":{"kind":"substation","voltage":110000,"name":"Schwittersum"}},{"type":"Feature","geometry":{"type":"Point","coordinates":[7.3115315,53.1259493]},"properties":{"kind":"substation","voltage":380000,"name":"Diele"}},{"type":"Feature","geometry":{"type":"Point","coordinates":[8.0364071,53.4211054]},"properties":{"kind":"substation","voltage":110000,"name":"Bockhorn"}},{"type":"Feature","geometry":{"type":"Point","coordinates":[8.7016681,53.8626343]},"properties":{"kind":"substation","voltage":110000,"name":"Cuxhaven Ostseite"}},{"type":"Feature","geometry":{"type":"Point","coordinates":[10.0283928,51.8831666]},"properties":{"kind":"substation","voltage":110000,"name":"Bad Gandersheim"}},{"type":"Feature","geometry":{"type":"Point","coordinates":[9.77367,53.1264046]},"properties":{"kind":"substation","voltage":110000,"name":"Schneverdingen"}},{"type":"Feature","geometry":{"type":"Point","coordinates":[9.6888537,53.0681989]},"properties":{"kind":"substation","voltage":110000,"name":"Tewel"}},{"type":"Feature","geometry":{"type":"Point","coordinates":[7.7156261,52.7574331]},"properties":{"kind":"substation","voltage":110000,"name":"Bürgerwindpark Löningen/West"}},{"type":"Feature","geometry":{"type":"Point","coordinates":[8.5111275,52.7073391]},"properties":{"kind":"substation","voltage":110000,"name":"Unterwerk Barnstorf"}},{"type":"Feature","geometry":{"type":"Point","coordinates":[8.7818774,52.9166732]},"properties":{"kind":"substation","voltage":110000,"name":"Syke"}},{"type":"Feature","geometry":{"type":"Point","coordinates":[10.5664435,52.6775739]},"properties":{"kind":"substation","voltage":110000,"name":null}},{"type":"Feature","geometry":{"type":"Point","coordinates":[10.7295673,52.7180982]},"properties":{"kind":"substation","voltage":110000,"name":"Wittingen"}},{"type":"Feature","geometry":{"type":"Point","coordinates":[10.585896,52.704954]},"properties":{"kind":"substation","voltage":110000,"name":null}},{"type":"Feature","geometry":{"type":"Point","coordinates":[10.5360048,52.5067059]},"properties":{"kind":"substation","voltage":110000,"name":"Gamsen"}},{"type":"Feature","geometry":{"type":"Point","coordinates":[8.7114354,53.8259461]},"properties":{"kind":"substation","voltage":110000,"name":"Altenbruch"}},{"type":"Feature","geometry":{"type":"Point","coordinates":[10.996342,52.1529598]},"properties":{"kind":"substation","voltage":110000,"name":"Schaltzentrale EAB"}},{"type":"Feature","geometry":{"type":"Point","coordinates":[11.0407685,52.1499953]},"properties":{"kind":"substation","voltage":110000,"name":"Phoenix"}},{"type":"Feature","geometry":{"type":"Point","coordinates":[8.7544286,52.7569006]},"properties":{"kind":"substation","voltage":110000,"name":"Blockwinkel"}},{"type":"Feature","geometry":{"type":"Point","coordinates":[8.7514182,52.7400707]},"properties":{"kind":"substation","voltage":110000,"name":"Scholen"}},{"type":"Feature","geometry":{"type":"Point","coordinates":[8.7305015,52.7906519]},"properties":{"kind":"substation","voltage":110000,"name":"Wedehorn"}},{"type":"Feature","geometry":{"type":"Point","coordinates":[8.8869934,52.5681426]},"properties":{"kind":"substation","voltage":110000,"name":"Kuppendorf"}},{"type":"Feature","geometry":{"type":"Point","coordinates":[8.8560076,52.60101]},"properties":{"kind":"substation","voltage":110000,"name":"Kirchdorf"}},{"type":"Feature","geometry":{"type":"Point","coordinates":[8.9477734,52.7036257]},"properties":{"kind":"substation","voltage":110000,"name":"Siedenburg"}},{"type":"Feature","geometry":{"type":"Point","coordinates":[9.6382217,51.424891]},"properties":{"kind":"substation","voltage":110000,"name":null}},{"type":"Feature","geometry":{"type":"Point","coordinates":[7.2783331,52.7534095]},"properties":{"kind":"substation","voltage":380000,"name":"Meppen"}},{"type":"Feature","geometry":{"type":"Point","coordinates":[10.1277696,52.0189335]},"properties":{"kind":"substation","voltage":110000,"name":"Bockenem"}},{"type":"Feature","geometry":{"type":"Point","coordinates":[10.5671409,52.6781697]},"properties":{"kind":"substation","voltage":110000,"name":null}},{"type":"Feature","geometry":{"type":"Point","coordinates":[10.2448359,53.1671404]},"properties":{"kind":"substation","voltage":110000,"name":"Umspannwerk Wetzen"}},{"type":"Feature","geometry":{"type":"Point","coordinates":[10.4232672,52.2368701]},"properties":{"kind":"substation","voltage":110000,"name":"Gleidingen"}},{"type":"Feature","geometry":{"type":"Point","coordinates":[10.5204077,52.2937274]},"properties":{"kind":"substation","voltage":110000,"name":null}},{"type":"Feature","geometry":{"type":"Point","coordinates":[9.0749587,52.1701869]},"properties":{"kind":"substation","voltage":110000,"name":"Umspannwerk Rinteln-Süd"}},{"type":"Feature","geometry":{"type":"Point","coordinates":[10.9202736,52.1206711]},"properties":{"kind":"substation","voltage":110000,"name":"Twieflingen"}},{"type":"Feature","geometry":{"type":"Point","coordinates":[9.7989863,52.1636402]},"properties":{"kind":"substation","voltage":110000,"name":"Nordstemmen"}},{"type":"Feature","geometry":{"type":"Point","coordinates":[10.5070968,52.260593]},"properties":{"kind":"substation","voltage":110000,"name":"Braunschweig Broitzemer Straße"}},{"type":"Feature","geometry":{"type":"Point","coordinates":[10.5284264,52.2670904]},"properties":{"kind":"substation","voltage":110000,"name":"Braunschweig Stadtmitte"}},{"type":"Feature","geometry":{"type":"Point","coordinates":[10.5409815,52.257453]},"properties":{"kind":"substation","voltage":110000,"name":"Braunschweig Leonhardplatz"}},{"type":"Feature","geometry":{"type":"Point","coordinates":[9.9571566,51.5624713]},"properties":{"kind":"substation","voltage":110000,"name":"Weende"}},{"type":"Feature","geometry":{"type":"Point","coordinates":[10.1370503,53.3185327]},"properties":{"kind":"substation","voltage":110000,"name":"Pattensen"}},{"type":"Feature","geometry":{"type":"Point","coordinates":[10.1805605,52.4423872]},"properties":{"kind":"substation","voltage":110000,"name":"Katensen"}},{"type":"Feature","geometry":{"type":"Point","coordinates":[8.3004688,52.3845512]},"properties":{"kind":"substation","voltage":110000,"name":"Bohmte"}},{"type":"Feature","geometry":{"type":"Point","coordinates":[10.7765794,52.0800988]},"properties":{"kind":"substation","voltage":110000,"name":"Winningstedt"}},{"type":"Feature","geometry":{"type":"Point","coordinates":[11.16445,52.9836752]},"properties":{"kind":"substation","voltage":110000,"name":"Lüchow Nord"}},{"type":"Feature","geometry":{"type":"Point","coordinates":[7.1670679,53.3509012]},"properties":{"kind":"substation","voltage":110000,"name":"VW/Ost"}},{"type":"Feature","geometry":{"type":"Point","coordinates":[8.8941194,52.564215]},"properties":{"kind":"substation","voltage":110000,"name":"Ohlensehlen"}},{"type":"Feature","geometry":{"type":"Point","coordinates":[9.4824761,51.8538411]},"properties":{"kind":"substation","voltage":110000,"name":"Bevern"}},{"type":"Feature","geometry":{"type":"Point","coordinates":[9.6827435,52.2230964]},"properties":{"kind":"substation","voltage":110000,"name":"Gestorf"}},{"type":"Feature","geometry":{"type":"Point","coordinates":[10.0875259,52.3156625]},"properties":{"kind":"substation","voltage":220000,"name":"Umspannwerk Mehrum"}},{"type":"Feature","geometry":{"type":"Point","coordinates":[10.0891823,52.3132873]},"properties":{"kind":"substation","voltage":110000,"name":"Umspannwerk Mehrum"}},{"type":"Feature","geometry":{"type":"Point","coordinates":[9.6956287,52.6878377]},"properties":{"kind":"substation","voltage":110000,"name":"Marklendorf"}},{"type":"Feature","geometry":{"type":"Point","coordinates":[10.7698658,52.1528859]},"properties":{"kind":"substation","voltage":110000,"name":"Schöppenstedt"}},{"type":"Feature","geometry":{"type":"Point","coordinates":[9.9196672,53.0082556]},"properties":{"kind":"substation","voltage":110000,"name":"Dittmern"}},{"type":"Feature","geometry":{"type":"Point","coordinates":[10.6444733,52.0672082]},"properties":{"kind":"substation","voltage":110000,"name":"Westerberg"}},{"type":"Feature","geometry":{"type":"Point","coordinates":[8.1558862,52.8097714]},"properties":{"kind":"substation","voltage":110000,"name":"Emstek"}},{"type":"Feature","geometry":{"type":"Point","coordinates":[9.1837998,53.3686453]},"properties":{"kind":"substation","voltage":110000,"name":"Umspannwerk Selsingen"}},{"type":"Feature","geometry":{"type":"Point","coordinates":[9.4291833,52.8397316]},"properties":{"kind":"substation","voltage":110000,"name":null}},{"type":"Feature","geometry":{"type":"Point","coordinates":[8.062345,52.4968662]},"properties":{"kind":"substation","voltage":110000,"name":null}},{"type":"Feature","geometry":{"type":"Point","coordinates":[7.3184429,52.562535]},"properties":{"kind":"substation","voltage":110000,"name":null}},{"type":"Feature","geometry":{"type":"Point","coordinates":[10.5078848,52.3046124]},"properties":{"kind":"substation","voltage":110000,"name":null}},{"type":"Feature","geometry":{"type":"Point","coordinates":[9.8861507,52.3551493]},"properties":{"kind":"substation","voltage":110000,"name":"Höver"}},{"type":"Feature","geometry":{"type":"Point","coordinates":[8.1494885,53.5636688]},"properties":{"kind":"substation","voltage":110000,"name":"Wilhelmshaven Gasturbine"}},{"type":"Feature","geometry":{"type":"Point","coordinates":[10.7893713,53.1688505]},"properties":{"kind":"substation","voltage":110000,"name":"Dahlenburg Süd"}},{"type":"Feature","geometry":{"type":"Point","coordinates":[10.5690392,53.0735245]},"properties":{"kind":"substation","voltage":110000,"name":"Bad Bevensen"}},{"type":"Feature","geometry":{"type":"Point","coordinates":[8.4880758,52.9304296]},"properties":{"kind":"substation","voltage":110000,"name":"Simmerhauser Straße"}},{"type":"Feature","geometry":{"type":"Point","coordinates":[8.826442,53.0026849]},"properties":{"kind":"substation","voltage":110000,"name":"Weyhe"}},{"type":"Feature","geometry":{"type":"Point","coordinates":[9.7326387,52.4141341]},"properties":{"kind":"substation","voltage":110000,"name":"Wasserturm"}},{"type":"Feature","geometry":{"type":"Point","coordinates":[9.9050024,51.5340471]},"properties":{"kind":"substation","voltage":110000,"name":"Grone"}},{"type":"Feature","geometry":{"type":"Point","coordinates":[10.0931988,52.5874937]},"properties":{"kind":"substation","voltage":110000,"name":"UW Burg"}},{"type":"Feature","geometry":{"type":"Point","coordinates":[9.9184857,52.1716174]},"properties":{"kind":"substation","voltage":110000,"name":"Steuerwald"}},{"type":"Feature","geometry":{"type":"Point","coordinates":[9.7923073,52.0897807]},"properties":{"kind":"substation","voltage":110000,"name":"Gronau"}},{"type":"Feature","geometry":{"type":"Point","coordinates":[9.0913321,52.8387966]},"properties":{"kind":"substation","voltage":110000,"name":"Hoyerhagen"}},{"type":"Feature","geometry":{"type":"Point","coordinates":[9.0228467,52.62868]},"properties":{"kind":"substation","voltage":110000,"name":"Pennigsehl"}},{"type":"Feature","geometry":{"type":"Point","coordinates":[9.8537129,52.4116571]},"properties":{"kind":"substation","voltage":110000,"name":"Buchholz"}},{"type":"Feature","geometry":{"type":"Point","coordinates":[7.4774848,53.577248]},"properties":{"kind":"substation","voltage":110000,"name":"Holtriem Nord"}},{"type":"Feature","geometry":{"type":"Point","coordinates":[7.4772863,53.5770907]},"properties":{"kind":"substation","voltage":110000,"name":"Holtriem"}},{"type":"Feature","geometry":{"type":"Point","coordinates":[7.3191558,52.3244611]},"properties":{"kind":"substation","voltage":110000,"name":"Keienvenn"}},{"type":"Feature","geometry":{"type":"Point","coordinates":[10.04175,53.4156509]},"properties":{"kind":"substation","voltage":110000,"name":null}},{"type":"Feature","geometry":{"type":"Point","coordinates":[8.4833193,52.6828292]},"properties":{"kind":"substation","voltage":110000,"name":null}},{"type":"Feature","geometry":{"type":"Point","coordinates":[8.4041065,52.3057453]},"properties":{"kind":"substation","voltage":110000,"name":null}},{"type":"Feature","geometry":{"type":"Point","coordinates":[9.8770736,51.4330495]},"properties":{"kind":"substation","voltage":110000,"name":"Deiderode"}},{"type":"Feature","geometry":{"type":"Point","coordinates":[7.0260063,53.356753]},"properties":{"kind":"substation","voltage":110000,"name":null}},{"type":"Feature","geometry":{"type":"Point","coordinates":[7.2599577,53.6319411]},"properties":{"kind":"substation","voltage":110000,"name":null}},{"type":"Feature","geometry":{"type":"Point","coordinates":[8.0654454,52.2838938]},"properties":{"kind":"substation","voltage":110000,"name":"Trafostation KME"}},{"type":"Feature","geometry":{"type":"Point","coordinates":[7.7738714,53.657665]},"properties":{"kind":"substation","voltage":110000,"name":"Altfunnixsiel"}},{"type":"Feature","geometry":{"type":"Point","coordinates":[7.4754506,53.6499965]},"properties":{"kind":"substation","voltage":110000,"name":"Schwittersum Süd"}},{"type":"Feature","geometry":{"type":"Point","coordinates":[7.1087964,52.6313592]},"properties":{"kind":"substation","voltage":110000,"name":null}},{"type":"Feature","geometry":{"type":"Point","coordinates":[7.4199705,52.3299519]},"properties":{"kind":"substation","voltage":110000,"name":"Station Holsterfeld"}},{"type":"Feature","geometry":{"type":"Point","coordinates":[7.046708,52.4894396]},"properties":{"kind":"substation","voltage":110000,"name":null}},{"type":"Feature","geometry":{"type":"Point","coordinates":[7.1673371,53.3508489]},"properties":{"kind":"substation","voltage":110000,"name":null}},{"type":"Feature","geometry":{"type":"Point","coordinates":[9.3605824,52.0977882]},"properties":{"kind":"substation","voltage":110000,"name":"Hafenstraße"}},{"type":"Feature","geometry":{"type":"Point","coordinates":[8.5831089,53.323144]},"properties":{"kind":"substation","voltage":110000,"name":"Uthlede"}},{"type":"Feature","geometry":{"type":"Point","coordinates":[7.2073492,53.3414006]},"properties":{"kind":"substation","voltage":220000,"name":null}},{"type":"Feature","geometry":{"type":"Point","coordinates":[7.8924882,53.0056852]},"properties":{"kind":"substation","voltage":110000,"name":"Friesoyte/Ost"}},{"type":"Feature","geometry":{"type":"Point","coordinates":[7.1475346,53.4311075]},"properties":{"kind":"substation","voltage":110000,"name":null}},{"type":"Feature","geometry":{"type":"Point","coordinates":[7.7685594,53.6111224]},"properties":{"kind":"substation","voltage":110000,"name":null}},{"type":"Feature","geometry":{"type":"Point","coordinates":[7.5800737,52.9149153]},"properties":{"kind":"substation","voltage":110000,"name":"Börger"}},{"type":"Feature","geometry":{"type":"Point","coordinates":[7.5833047,52.9267327]},"properties":{"kind":"substation","voltage":110000,"name":"Börger Nord"}},{"type":"Feature","geometry":{"type":"Point","coordinates":[9.1526616,52.962597]},"properties":{"kind":"substation","voltage":110000,"name":"Langwedel Wasserkraftwerk"}},{"type":"Feature","geometry":{"type":"Point","coordinates":[9.7296287,53.0517239]},"properties":{"kind":"substation","voltage":110000,"name":"Gilmerdingen"}},{"type":"Feature","geometry":{"type":"Point","coordinates":[10.5518045,52.971341]},"properties":{"kind":"substation","voltage":110000,"name":"Uelzen"}},{"type":"Feature","geometry":{"type":"Point","coordinates":[9.4906529,53.6589944]},"properties":{"kind":"substation","voltage":110000,"name":"Abbenfleth-Giesserei"}},{"type":"Feature","geometry":{"type":"Point","coordinates":[8.7371009,53.8186392]},"properties":{"kind":"substation","voltage":110000,"name":"Altenbruch Süd"}},{"type":"Feature","geometry":{"type":"Point","coordinates":[9.0948655,52.7734793]},"properties":{"kind":"substation","voltage":110000,"name":"Buecken"}},{"type":"Feature","geometry":{"type":"Point","coordinates":[10.1259323,52.2658302]},"properties":{"kind":"substation","voltage":110000,"name":"Solschen"}},{"type":"Feature","geometry":{"type":"Point","coordinates":[9.5036419,53.409745]},"properties":{"kind":"substation","voltage":110000,"name":"Ahrensmoor"}},{"type":"Feature","geometry":{"type":"Point","coordinates":[8.7829623,53.6211767]},"properties":{"kind":"substation","voltage":110000,"name":"Kührstedt"}},{"type":"Feature","geometry":{"type":"Point","coordinates":[8.7002254,53.6552151]},"properties":{"kind":"substation","voltage":110000,"name":"Neuenwalde"}},{"type":"Feature","geometry":{"type":"Point","coordinates":[8.6974973,53.4427875]},"properties":{"kind":"substation","voltage":110000,"name":"Lunestedt"}},{"type":"Feature","geometry":{"type":"Point","coordinates":[8.5919699,53.3047045]},"properties":{"kind":"substation","voltage":110000,"name":"Uthlede Süd"}},{"type":"Feature","geometry":{"type":"Point","coordinates":[8.9588425,53.5391332]},"properties":{"kind":"substation","voltage":110000,"name":"Köhlen"}},{"type":"Feature","geometry":{"type":"Point","coordinates":[9.4896747,53.6131801]},"properties":{"kind":"substation","voltage":110000,"name":"Hörne"}},{"type":"Feature","geometry":{"type":"Point","coordinates":[7.3841341,53.3594677]},"properties":{"kind":"substation","voltage":110000,"name":"Simonswolde"}},{"type":"Feature","geometry":{"type":"Point","coordinates":[7.5695108,53.3799191]},"properties":{"kind":"substation","voltage":110000,"name":"Bagband"}},{"type":"Feature","geometry":{"type":"Point","coordinates":[8.5211162,52.9635567]},"properties":{"kind":"substation","voltage":110000,"name":"Dötlingen"}},{"type":"Feature","geometry":{"type":"Point","coordinates":[7.5337352,53.6551323]},"properties":{"kind":"substation","voltage":110000,"name":"Damsum Nord"}},{"type":"Feature","geometry":{"type":"Point","coordinates":[7.5327089,52.8036249]},"properties":{"kind":"substation","voltage":110000,"name":"Eisten"}},{"type":"Feature","geometry":{"type":"Point","coordinates":[7.6437301,52.8361625]},"properties":{"kind":"substation","voltage":110000,"name":"Harrenstätte"}},{"type":"Feature","geometry":{"type":"Point","coordinates":[7.3175051,53.1283792]},"properties":{"kind":"substation","voltage":110000,"name":"Stapelmoor Süd"}},{"type":"Feature","geometry":{"type":"Point","coordinates":[7.7096521,53.0978977]},"properties":{"kind":"substation","voltage":110000,"name":"Saterland"}},{"type":"Feature","geometry":{"type":"Point","coordinates":[8.0273202,53.6167421]},"properties":{"kind":"substation","voltage":110000,"name":"Hooksiel"}},{"type":"Feature","geometry":{"type":"Point","coordinates":[7.4996851,53.5745922]},"properties":{"kind":"substation","voltage":110000,"name":"Neuschoo"}},{"type":"Feature","geometry":{"type":"Point","coordinates":[7.4039412,53.5801472]},"properties":{"kind":"substation","voltage":110000,"name":"Arle"}},{"type":"Feature","geometry":{"type":"Point","coordinates":[9.9542226,52.3814916]},"properties":{"kind":"substation","voltage":110000,"name":"Bahnstrom Umformwerk Lehrte"}},{"type":"Feature","geometry":{"type":"Point","coordinates":[9.9508497,52.3812297]},"properties":{"kind":"substation","voltage":110000,"name":"Umspannwerk Lehrte West"}},{"type":"Feature","geometry":{"type":"Point","coordinates":[8.7503847,52.7386063]},"properties":{"kind":"substation","voltage":110000,"name":"Anstedt"}},{"type":"Feature","geometry":{"type":"Point","coordinates":[9.6379361,51.6538247]},"properties":{"kind":"substation","voltage":110000,"name":"Uslar"}},{"type":"Feature","geometry":{"type":"Point","coordinates":[9.4362274,51.8037869]},"properties":{"kind":"substation","voltage":110000,"name":"Lüchtringen"}},{"type":"Feature","geometry":{"type":"Point","coordinates":[10.977699,52.170372]},"properties":{"kind":"substation","voltage":110000,"name":"Buschhausen"}},{"type":"Feature","geometry":{"type":"Point","coordinates":[7.9862291,52.4469542]},"properties":{"kind":"substation","voltage":110000,"name":null}},{"type":"Feature","geometry":{"type":"Point","coordinates":[10.4377521,51.8144134]},"properties":{"kind":"substation","voltage":110000,"name":"Stadtwerke Altenau"}},{"type":"Feature","geometry":{"type":"Point","coordinates":[9.8954762,52.3608203]},"properties":{"kind":"substation","voltage":220000,"name":"Umspannwerk Ahlten"}},{"type":"Feature","geometry":{"type":"Point","coordinates":[7.2765491,52.3193184]},"properties":{"kind":"substation","voltage":110000,"name":"Öchtel"}},{"type":"Feature","geometry":{"type":"Point","coordinates":[7.1945604,52.8698368]},"properties":{"kind":"substation","voltage":380000,"name":"Niederlangen"}},{"type":"Feature","geometry":{"type":"Point","coordinates":[7.195999,52.8696399]},"properties":{"kind":"substation","voltage":110000,"name":"Niederlangen"}},{"type":"Feature","geometry":{"type":"Point","coordinates":[9.8835029,51.5156305]},"properties":{"kind":"substation","voltage":110000,"name":"Göttingen Rosdorf"}},{"type":"Feature","geometry":{"type":"Point","coordinates":[8.044637,53.3314117]},"properties":{"kind":"substation","voltage":110000,"name":null}},{"type":"Feature","geometry":{"type":"Point","coordinates":[8.4965968,52.9361949]},"properties":{"kind":"substation","voltage":110000,"name":"Prinzhöfte"}},{"type":"Feature","geometry":{"type":"Point","coordinates":[7.6862765,52.5048362]},"properties":{"kind":"substation","voltage":110000,"name":null}},{"type":"Feature","geometry":{"type":"Point","coordinates":[7.5364841,52.4772315]},"properties":{"kind":"substation","voltage":110000,"name":null}},{"type":"Feature","geometry":{"type":"Point","coordinates":[8.1327925,52.4868914]},"properties":{"kind":"substation","voltage":110000,"name":null}},{"type":"Feature","geometry":{"type":"Point","coordinates":[7.6015539,52.8361786]},"properties":{"kind":"substation","voltage":110000,"name":null}},{"type":"Feature","geometry":{"type":"Point","coordinates":[9.4692192,53.4986335]},"properties":{"kind":"substation","voltage":110000,"name":null}},{"type":"Feature","geometry":{"type":"Point","coordinates":[8.7412384,52.7730526]},"properties":{"kind":"substation","voltage":110000,"name":null}},{"type":"Feature","geometry":{"type":"Point","coordinates":[9.8035182,52.3503663]},"properties":{"kind":"substation","voltage":110000,"name":null}},{"type":"Feature","geometry":{"type":"Point","coordinates":[9.708897,52.4203287]},"properties":{"kind":"substation","voltage":110000,"name":null}},{"type":"Feature","geometry":{"type":"Point","coordinates":[10.7607436,52.3681632]},"properties":{"kind":"substation","voltage":110000,"name":"Umspannwerk Hattorf"}},{"type":"Feature","geometry":{"type":"Point","coordinates":[10.3786283,53.2202727]},"properties":{"kind":"substation","voltage":110000,"name":"Umspannwerk Lüneburg"}},{"type":"Feature","geometry":{"type":"Point","coordinates":[9.3890437,52.0256947]},"properties":{"kind":"substation","voltage":110000,"name":"Grohnde"}},{"type":"Feature","geometry":{"type":"Point","coordinates":[8.8956327,52.5640159]},"properties":{"kind":"substation","voltage":380000,"name":"Ohlensehlen"}},{"type":"Feature","geometry":{"type":"Point","coordinates":[9.1453765,52.8536268]},"properties":{"kind":"substation","voltage":110000,"name":"Wechold"}},{"type":"Feature","geometry":{"type":"Point","coordinates":[9.2520468,52.8023618]},"properties":{"kind":"substation","voltage":110000,"name":null}},{"type":"Feature","geometry":{"type":"Point","coordinates":[10.4562717,52.1849882]},"properties":{"kind":"substation","voltage":110000,"name":null}},{"type":"Feature","geometry":{"type":"Point","coordinates":[7.6904522,52.5124618]},"properties":{"kind":"substation","voltage":110000,"name":null}},{"type":"Feature","geometry":{"type":"Point","coordinates":[9.4632981,53.493756]},"properties":{"kind":"substation","voltage":110000,"name":null}},{"type":"Feature","geometry":{"type":"Point","coordinates":[8.4731407,52.6712099]},"properties":{"kind":"substation","voltage":110000,"name":null}},{"type":"Feature","geometry":{"type":"Point","coordinates":[7.363981,52.9015515]},"properties":{"kind":"substation","voltage":110000,"name":null}},{"type":"Feature","geometry":{"type":"Point","coordinates":[8.4046645,53.2381988]},"properties":{"kind":"substation","voltage":110000,"name":"Bardenfleth"}},{"type":"Feature","geometry":{"type":"Point","coordinates":[9.0676848,53.5642264]},"properties":{"kind":"substation","voltage":380000,"name":null}},{"type":"Feature","geometry":{"type":"Point","coordinates":[10.4979857,52.1694872]},"properties":{"kind":"substation","voltage":110000,"name":null}},{"type":"Feature","geometry":{"type":"Point","coordinates":[9.4742691,53.1373193]},"properties":{"kind":"substation","voltage":110000,"name":null}},{"type":"Feature","geometry":{"type":"Point","coordinates":[7.2481134,53.6306712]},"properties":{"kind":"substation","voltage":110000,"name":null}},{"type":"Feature","geometry":{"type":"Point","coordinates":[8.0526738,53.3348989]},"properties":{"kind":"substation","voltage":110000,"name":"Conneforde 110 kV"}},{"type":"Feature","geometry":{"type":"Point","coordinates":[7.6837064,52.8385691]},"properties":{"kind":"substation","voltage":110000,"name":null}},{"type":"Feature","geometry":{"type":"Point","coordinates":[9.2104251,52.6878869]},"properties":{"kind":"substation","voltage":110000,"name":null}},{"type":"Feature","geometry":{"type":"Point","coordinates":[10.3892654,52.9951973]},"properties":{"kind":"substation","voltage":110000,"name":null}},{"type":"Feature","geometry":{"type":"Point","coordinates":[10.5148107,52.2771706]},"properties":{"kind":"substation","voltage":110000,"name":"Umspannwerk Hasenwinkel"}},{"type":"Feature","geometry":{"type":"Point","coordinates":[9.7966106,52.3940188]},"properties":{"kind":"substation","voltage":110000,"name":"Umspannwerk Roderbruch (Neu)"}},{"type":"Feature","geometry":{"type":"Point","coordinates":[8.4049819,53.3412708]},"properties":{"kind":"substation","voltage":110000,"name":"Ovelgönne"}},{"type":"Feature","geometry":{"type":"Point","coordinates":[9.5193396,53.1333406]},"properties":{"kind":"substation","voltage":110000,"name":null}},{"type":"Feature","geometry":{"type":"Point","coordinates":[7.8435312,52.4584523]},"properties":{"kind":"substation","voltage":110000,"name":"Merzen"}},{"type":"Feature","geometry":{"type":"Point","coordinates":[7.3029194,52.4800495]},"properties":{"kind":"substation","voltage":110000,"name":null}},{"type":"Feature","geometry":{"type":"Point","coordinates":[7.1782853,52.760324]},"properties":{"kind":"substation","voltage":110000,"name":null}},{"type":"Feature","geometry":{"type":"Point","coordinates":[7.3130624,53.1251039]},"properties":{"kind":"substation","voltage":110000,"name":"Diele"}},{"type":"Feature","geometry":{"type":"Point","coordinates":[10.6627789,53.1891106]},"properties":{"kind":"substation","voltage":110000,"name":null}},{"type":"Feature","geometry":{"type":"Point","coordinates":[9.2511758,52.7997649]},"properties":{"kind":"substation","voltage":110000,"name":null}},{"type":"Feature","geometry":{"type":"Point","coordinates":[7.2451539,52.7066799]},"properties":{"kind":"substation","voltage":110000,"name":null}},{"type":"Feature","geometry":{"type":"Point","coordinates":[8.3803255,52.473645]},"properties":{"kind":"substation","voltage":110000,"name":"Station Lemförde"}},{"type":"Feature","geometry":{"type":"Point","coordinates":[9.0377561,53.0573184]},"properties":{"kind":"substation","voltage":110000,"name":"Oyten"}},{"type":"Feature","geometry":{"type":"Point","coordinates":[8.5028231,52.6095368]},"properties":{"kind":"substation","voltage":380000,"name":"Station Rehden"}},{"type":"Feature","geometry":{"type":"Point","coordinates":[9.2746819,53.7986639]},"properties":{"kind":"substation","voltage":110000,"name":null}},{"type":"Feature","geometry":{"type":"Point","coordinates":[8.0146951,52.8003325]},"properties":{"kind":"substation","voltage":110000,"name":"Umspannwerk Cappeln/West (Neubau)"}},{"type":"Feature","geometry":{"type":"Point","coordinates":[8.0786027,52.9450816]},"properties":{"kind":"substation","voltage":110000,"name":"Garrel Ost"}},{"type":"Feature","geometry":{"type":"Point","coordinates":[9.9870513,51.9540465]},"properties":{"kind":"substation","voltage":110000,"name":"Umspannwerk Lamspringe"}},{"type":"Feature","geometry":{"type":"Point","coordinates":[10.2357147,52.2938969]},"properties":{"kind":"substation","voltage":110000,"name":"Umspannwerk Klein Ilsede"}},{"type":"Feature","geometry":{"type":"Point","coordinates":[9.503409,53.5438801]},"properties":{"kind":"substation","voltage":110000,"name":"Umspannwerk Dollern"}},{"type":"Feature","geometry":{"type":"Point","coordinates":[8.6078769,53.1530595]},"properties":{"kind":"substation","voltage":110000,"name":"Lemwerder"}},{"type":"Feature","geometry":{"type":"Point","coordinates":[7.3878119,52.3357369]},"properties":{"kind":"substation","voltage":110000,"name":null}},{"type":"Feature","geometry":{"type":"Point","coordinates":[6.4023424,51.2449049]},"properties":{"kind":"substation","voltage":110000,"name":"Station Viersen"}},{"type":"Feature","geometry":{"type":"Point","coordinates":[8.516596,51.3967269]},"properties":{"kind":"substation","voltage":110000,"name":"UW Olsberg-Antfeld"}},{"type":"Feature","geometry":{"type":"Point","coordinates":[8.6839475,51.4356373]},"properties":{"kind":"substation","voltage":110000,"name":"Radlinghausen U1103"}},{"type":"Feature","geometry":{"type":"Point","coordinates":[6.0933647,50.8780826]},"properties":{"kind":"substation","voltage":110000,"name":null}},{"type":"Feature","geometry":{"type":"Point","coordinates":[7.6166868,51.9855059]},"properties":{"kind":"substation","voltage":110000,"name":"Nord"}},{"type":"Feature","geometry":{"type":"Point","coordinates":[6.8514864,50.9841555]},"properties":{"kind":"substation","voltage":220000,"name":"Umspannwerk Bocklemünd"}},{"type":"Feature","geometry":{"type":"Point","coordinates":[6.9351663,51.0331295]},"properties":{"kind":"substation","voltage":110000,"name":"Umspannwerk Fühlingen"}},{"type":"Feature","geometry":{"type":"Point","coordinates":[6.9659141,51.0699009]},"properties":{"kind":"substation","voltage":380000,"name":"Station Opladen"}},{"type":"Feature","geometry":{"type":"Point","coordinates":[6.9759321,51.0376156]},"properties":{"kind":"substation","voltage":220000,"name":"Station Dhünnaue"}},{"type":"Feature","geometry":{"type":"Point","coordinates":[6.8425842,50.8635039]},"properties":{"kind":"substation","voltage":380000,"name":"Station Knapsack"}},{"type":"Feature","geometry":{"type":"Point","coordinates":[6.9726655,50.7956748]},"properties":{"kind":"substation","voltage":380000,"name":"Station Sechtem"}},{"type":"Feature","geometry":{"type":"Point","coordinates":[7.193868,50.7977934]},"properties":{"kind":"substation","voltage":110000,"name":"Station Siegburg"}},{"type":"Feature","geometry":{"type":"Point","coordinates":[7.0304609,50.7515793]},"properties":{"kind":"substation","voltage":110000,"name":"Station Alfter"}},{"type":"Feature","geometry":{"type":"Point","coordinates":[7.0652465,50.7525316]},"properties":{"kind":"substation","voltage":110000,"name":"Bonn-Nord (Westnetz GmbH)"}},{"type":"Feature","geometry":{"type":"Point","coordinates":[7.0315276,50.820588]},"properties":{"kind":"substation","voltage":110000,"name":"Station Ranzel"}},{"type":"Feature","geometry":{"type":"Point","coordinates":[7.0111123,50.8137244]},"properties":{"kind":"substation","voltage":110000,"name":"Station Wesseling"}},{"type":"Feature","geometry":{"type":"Point","coordinates":[7.0964097,50.8264773]},"properties":{"kind":"substation","voltage":110000,"name":"Station Stockem"}},{"type":"Feature","geometry":{"type":"Point","coordinates":[7.0375747,51.5985386]},"properties":{"kind":"substation","voltage":220000,"name":"Station Bergmannsglück"}},{"type":"Feature","geometry":{"type":"Point","coordinates":[6.9576769,51.0201896]},"properties":{"kind":"substation","voltage":110000,"name":"UW Merkenich"}},{"type":"Feature","geometry":{"type":"Point","coordinates":[7.4164981,51.4567225]},"properties":{"kind":"substation","voltage":110000,"name":"Station Kruckel"}},{"type":"Feature","geometry":{"type":"Point","coordinates":[7.0847011,51.4851276]},"properties":{"kind":"substation","voltage":110000,"name":"Station Rotthausen"}},{"type":"Feature","geometry":{"type":"Point","coordinates":[7.2252807,51.5996814]},"properties":{"kind":"substation","voltage":110000,"name":"Station Hillerheide"}},{"type":"Feature","geometry":{"type":"Point","coordinates":[7.1222585,51.5255638]},"properties":{"kind":"substation","voltage":110000,"name":"Station Hüllen"}},{"type":"Feature","geometry":{"type":"Point","coordinates":[6.8987957,50.9468797]},"properties":{"kind":"substation","voltage":110000,"name":"UW Maarweg"}},{"type":"Feature","geometry":{"type":"Point","coordinates":[7.3534562,51.6535004]},"properties":{"kind":"substation","voltage":110000,"name":"Station Datteln"}},{"type":"Feature","geometry":{"type":"Point","coordinates":[6.2213286,51.6947261]},"properties":{"kind":"substation","voltage":110000,"name":"Station Pfalzdorf"}},{"type":"Feature","geometry":{"type":"Point","coordinates":[6.8040538,50.966176]},"properties":{"kind":"substation","voltage":380000,"name":"Umspannanlage Brauweiler"}},{"type":"Feature","geometry":{"type":"Point","coordinates":[6.8467106,51.2054109]},"properties":{"kind":"substation","voltage":110000,"name":"Station Eller"}},{"type":"Feature","geometry":{"type":"Point","coordinates":[8.982003,52.3036268]},"properties":{"kind":"substation","voltage":110000,"name":"Päpinghausen"}},{"type":"Feature","geometry":{"type":"Point","coordinates":[8.7373408,52.2210288]},"properties":{"kind":"substation","voltage":110000,"name":null}},{"type":"Feature","geometry":{"type":"Point","coordinates":[7.0410687,51.5672437]},"properties":{"kind":"substation","voltage":110000,"name":"Umspannanlage Hugo"}},{"type":"Feature","geometry":{"type":"Point","coordinates":[6.8286197,51.1625262]},"properties":{"kind":"substation","voltage":110000,"name":"Station Reisholz"}},{"type":"Feature","geometry":{"type":"Point","coordinates":[7.1115203,51.4914842]},"properties":{"kind":"substation","voltage":110000,"name":"Umspannanlage Rheinelbe"}},{"type":"Feature","geometry":{"type":"Point","coordinates":[6.1309837,51.7668782]},"properties":{"kind":"substation","voltage":110000,"name":"Station Hau"}},{"type":"Feature","geometry":{"type":"Point","coordinates":[6.1505821,50.8790817]},"properties":{"kind":"substation","voltage":110000,"name":null}},{"type":"Feature","geometry":{"type":"Point","coordinates":[6.6168841,51.4754166]},"properties":{"kind":"substation","voltage":380000,"name":"Station Utfort"}},{"type":"Feature","geometry":{"type":"Point","coordinates":[6.653004,51.5164631]},"properties":{"kind":"substation","voltage":110000,"name":null}},{"type":"Feature","geometry":{"type":"Point","coordinates":[6.3959845,51.1211297]},"properties":{"kind":"substation","voltage":110000,"name":"Unterwerk Wickrath"}},{"type":"Feature","geometry":{"type":"Point","coordinates":[6.1894029,50.880081]},"properties":{"kind":"substation","voltage":110000,"name":null}},{"type":"Feature","geometry":{"type":"Point","coordinates":[8.5229558,52.0583388]},"properties":{"kind":"substation","voltage":110000,"name":"Bielefeld Nord"}},{"type":"Feature","geometry":{"type":"Point","coordinates":[6.7038458,51.2036534]},"properties":{"kind":"substation","voltage":110000,"name":"Station Neuss Memeler Straße"}},{"type":"Feature","geometry":{"type":"Point","coordinates":[8.6563726,52.1307532]},"properties":{"kind":"substation","voltage":110000,"name":"Umspannwerk Herford/Füllenbruch"}},{"type":"Feature","geometry":{"type":"Point","coordinates":[8.7068769,52.1253204]},"properties":{"kind":"substation","voltage":110000,"name":"Herford/Ost"}},{"type":"Feature","geometry":{"type":"Point","coordinates":[6.3759049,51.1743271]},"properties":{"kind":"substation","voltage":110000,"name":null}},{"type":"Feature","geometry":{"type":"Point","coordinates":[6.457716,51.2122043]},"properties":{"kind":"substation","voltage":110000,"name":"Umspannwerk"}},{"type":"Feature","geometry":{"type":"Point","coordinates":[6.4446788,51.1373218]},"properties":{"kind":"substation","voltage":110000,"name":null}},{"type":"Feature","geometry":{"type":"Point","coordinates":[8.6607869,52.0005169]},"properties":{"kind":"substation","voltage":110000,"name":"Bechterdissen"}},{"type":"Feature","geometry":{"type":"Point","coordinates":[6.5700195,51.0490833]},"properties":{"kind":"substation","voltage":110000,"name":"Umspannanlage Frimmersdorf I"}},{"type":"Feature","geometry":{"type":"Point","coordinates":[6.5683278,51.04732]},"properties":{"kind":"substation","voltage":110000,"name":"Station Frimmersdorf"}},{"type":"Feature","geometry":{"type":"Point","coordinates":[6.1670661,50.8022538]},"properties":{"kind":"substation","voltage":380000,"name":"Umspannanlage Verlautenheide"}},{"type":"Feature","geometry":{"type":"Point","coordinates":[6.6091232,51.0955312]},"properties":{"kind":"substation","voltage":110000,"name":"Station Wevelinghoven"}},{"type":"Feature","geometry":{"type":"Point","coordinates":[6.1660145,50.806157]},"properties":{"kind":"substation","voltage":110000,"name":"Station Altenrath"}},{"type":"Feature","geometry":{"type":"Point","coordinates":[6.9067198,51.5653421]},"properties":{"kind":"substation","voltage":380000,"name":"Station Nordlicht"}},{"type":"Feature","geometry":{"type":"Point","coordinates":[8.6374152,52.1032837]},"properties":{"kind":"substation","voltage":110000,"name":"Umspannwerk Diebrock"}},{"type":"Feature","geometry":{"type":"Point","coordinates":[6.1560351,51.6951949]},"properties":{"kind":"substation","voltage":110000,"name":"Station Goch"}},{"type":"Feature","geometry":{"type":"Point","coordinates":[6.8133335,51.224609]},"properties":{"kind":"substation","voltage":110000,"name":null}},{"type":"Feature","geometry":{"type":"Point","coordinates":[7.5222484,51.5322168]},"properties":{"kind":"substation","voltage":220000,"name":"Station Wambel"}},{"type":"Feature","geometry":{"type":"Point","coordinates":[7.4449555,51.6184678]},"properties":{"kind":"substation","voltage":220000,"name":"Station Elmenhorst"}},{"type":"Feature","geometry":{"type":"Point","coordinates":[6.5773278,51.5564394]},"properties":{"kind":"substation","voltage":220000,"name":"Station Ossenberg"}},{"type":"Feature","geometry":{"type":"Point","coordinates":[6.6143159,51.6187314]},"properties":{"kind":"substation","voltage":220000,"name":"Spellen"}},{"type":"Feature","geometry":{"type":"Point","coordinates":[6.6811269,51.6466761]},"properties":{"kind":"substation","voltage":380000,"name":"Station Niederrhein"}},{"type":"Feature","geometry":{"type":"Point","coordinates":[6.629034,51.6258048]},"properties":{"kind":"substation","voltage":110000,"name":"Station Emmelsum"}},{"type":"Feature","geometry":{"type":"Point","coordinates":[6.935431,51.6013487]},"properties":{"kind":"substation","voltage":110000,"name":"Station Kirchhellen"}},{"type":"Feature","geometry":{"type":"Point","coordinates":[6.7080278,51.2457867]},"properties":{"kind":"substation","voltage":110000,"name":null}},{"type":"Feature","geometry":{"type":"Point","coordinates":[6.7079495,51.3613681]},"properties":{"kind":"substation","voltage":110000,"name":"110kV Umspannwerk Ehingen"}},{"type":"Feature","geometry":{"type":"Point","coordinates":[6.1114835,50.7976467]},"properties":{"kind":"substation","voltage":110000,"name":null}},{"type":"Feature","geometry":{"type":"Point","coordinates":[6.1120947,50.796315]},"properties":{"kind":"substation","voltage":110000,"name":null}},{"type":"Feature","geometry":{"type":"Point","coordinates":[6.1308226,50.7769454]},"properties":{"kind":"substation","voltage":110000,"name":"Umspannwerk Rothe Erde"}},{"type":"Feature","geometry":{"type":"Point","coordinates":[6.6210428,51.4351692]},"properties":{"kind":"substation","voltage":110000,"name":"Station Moers"}},{"type":"Feature","geometry":{"type":"Point","coordinates":[6.6602092,51.2955525]},"properties":{"kind":"substation","voltage":110000,"name":"Station Lank"}},{"type":"Feature","geometry":{"type":"Point","coordinates":[9.2219128,51.932412]},"properties":{"kind":"substation","voltage":110000,"name":"Harzberg"}},{"type":"Feature","geometry":{"type":"Point","coordinates":[6.2185444,51.2060587]},"properties":{"kind":"substation","voltage":110000,"name":"Station Niederkrüchten"}},{"type":"Feature","geometry":{"type":"Point","coordinates":[6.282501,51.1536129]},"properties":{"kind":"substation","voltage":110000,"name":"Wegberg"}},{"type":"Feature","geometry":{"type":"Point","coordinates":[6.625973,51.2606037]},"properties":{"kind":"substation","voltage":220000,"name":"Station Osterath"}},{"type":"Feature","geometry":{"type":"Point","coordinates":[6.3300401,51.2430084]},"properties":{"kind":"substation","voltage":380000,"name":"Station Dülken"}},{"type":"Feature","geometry":{"type":"Point","coordinates":[6.6362122,51.4707124]},"properties":{"kind":"substation","voltage":110000,"name":"Station Schacht V"}},{"type":"Feature","geometry":{"type":"Point","coordinates":[7.4548419,51.5424305]},"properties":{"kind":"substation","voltage":110000,"name":"Station Eving"}},{"type":"Feature","geometry":{"type":"Point","coordinates":[7.435811,51.5182854]},"properties":{"kind":"substation","voltage":110000,"name":"Union"}},{"type":"Feature","geometry":{"type":"Point","coordinates":[7.5000905,51.5351653]},"properties":{"kind":"substation","voltage":220000,"name":"Station Ratsbusch"}},{"type":"Feature","geometry":{"type":"Point","coordinates":[8.7201517,51.7152685]},"properties":{"kind":"substation","voltage":110000,"name":"Paderborn-West"}},{"type":"Feature","geometry":{"type":"Point","coordinates":[6.8729196,51.4458014]},"properties":{"kind":"substation","voltage":110000,"name":"Styrum"}},{"type":"Feature","geometry":{"type":"Point","coordinates":[6.8637174,51.4405316]},"properties":{"kind":"substation","voltage":110000,"name":"Station Friedrich-Wilhelms-Hütte"}},{"type":"Feature","geometry":{"type":"Point","coordinates":[6.859813,51.4041725]},"properties":{"kind":"substation","voltage":110000,"name":"Station Saarn"}},{"type":"Feature","geometry":{"type":"Point","coordinates":[7.1341141,51.5327915]},"properties":{"kind":"substation","voltage":110000,"name":null}},{"type":"Feature","geometry":{"type":"Point","coordinates":[7.1405411,51.5572169]},"properties":{"kind":"substation","voltage":110000,"name":"Station Wanne"}},{"type":"Feature","geometry":{"type":"Point","coordinates":[7.0754048,51.5190718]},"properties":{"kind":"substation","voltage":110000,"name":"Station Gelsenkirchen"}},{"type":"Feature","geometry":{"type":"Point","coordinates":[7.0920462,51.5256407]},"properties":{"kind":"substation","voltage":110000,"name":"Schalke"}},{"type":"Feature","geometry":{"type":"Point","coordinates":[6.8681042,51.3745227]},"properties":{"kind":"substation","voltage":380000,"name":"Station Selbeck"}},{"type":"Feature","geometry":{"type":"Point","coordinates":[7.106315,51.6006624]},"properties":{"kind":"substation","voltage":110000,"name":"Station Herten"}},{"type":"Feature","geometry":{"type":"Point","coordinates":[7.0369848,51.5407148]},"properties":{"kind":"substation","voltage":220000,"name":"Station Gelsenberg"}},{"type":"Feature","geometry":{"type":"Point","coordinates":[6.9228344,51.3318152]},"properties":{"kind":"substation","voltage":110000,"name":"Station Hösel"}},{"type":"Feature","geometry":{"type":"Point","coordinates":[6.8500629,51.4271864]},"properties":{"kind":"substation","voltage":110000,"name":"Station Speldorf"}},{"type":"Feature","geometry":{"type":"Point","coordinates":[6.931938,51.5650438]},"properties":{"kind":"substation","voltage":110000,"name":"Station Ellinghorst"}},{"type":"Feature","geometry":{"type":"Point","coordinates":[6.9524541,51.6322112]},"properties":{"kind":"substation","voltage":110000,"name":"Schaltwerk Kirchhellen"}},{"type":"Feature","geometry":{"type":"Point","coordinates":[8.8861561,52.2860239]},"properties":{"kind":"substation","voltage":110000,"name":"Minden/West"}},{"type":"Feature","geometry":{"type":"Point","coordinates":[6.9333285,50.8832699]},"properties":{"kind":"substation","voltage":110000,"name":"Umspannwerk Höningen"}},{"type":"Feature","geometry":{"type":"Point","coordinates":[6.9164068,50.8433156]},"properties":{"kind":"substation","voltage":110000,"name":"Station Eisenwerk"}},{"type":"Feature","geometry":{"type":"Point","coordinates":[6.1266525,50.8331864]},"properties":{"kind":"substation","voltage":110000,"name":"RWENet Station Würselen, enwor Unterwerk Neustraße"}},{"type":"Feature","geometry":{"type":"Point","coordinates":[6.8365332,51.2215011]},"properties":{"kind":"substation","voltage":110000,"name":"Unterwerk Gerresheim"}},{"type":"Feature","geometry":{"type":"Point","coordinates":[6.300847,50.8288285]},"properties":{"kind":"substation","voltage":380000,"name":"Umspannanlage Zukunft"}},{"type":"Feature","geometry":{"type":"Point","coordinates":[6.947497,51.4987795]},"properties":{"kind":"substation","voltage":110000,"name":"Station Borbeck"}},{"type":"Feature","geometry":{"type":"Point","coordinates":[6.9227739,51.4736879]},"properties":{"kind":"substation","voltage":110000,"name":"Station Frintrop"}},{"type":"Feature","geometry":{"type":"Point","coordinates":[7.5457473,51.9703775]},"properties":{"kind":"substation","voltage":380000,"name":"Station Roxel"}},{"type":"Feature","geometry":{"type":"Point","coordinates":[6.9563021,50.6287456]},"properties":{"kind":"substation","voltage":110000,"name":"Station Rheinbach"}},{"type":"Feature","geometry":{"type":"Point","coordinates":[6.8573816,51.6792828]},"properties":{"kind":"substation","voltage":110000,"name":"Station Schermbeck"}},{"type":"Feature","geometry":{"type":"Point","coordinates":[8.702021,51.7364492]},"properties":{"kind":"substation","voltage":380000,"name":"Umspannwerk Elsen"}},{"type":"Feature","geometry":{"type":"Point","coordinates":[8.8351625,51.7881715]},"properties":{"kind":"substation","voltage":110000,"name":"Umspannwerk Bad Lippspringe"}},{"type":"Feature","geometry":{"type":"Point","coordinates":[8.7630628,51.7518678]},"properties":{"kind":"substation","voltage":110000,"name":"Umspannwerk Talle"}},{"type":"Feature","geometry":{"type":"Point","coordinates":[6.2162944,50.9127283]},"properties":{"kind":"substation","voltage":380000,"name":"Siersdorf"}},{"type":"Feature","geometry":{"type":"Point","coordinates":[6.9479131,51.4444457]},"properties":{"kind":"substation","voltage":380000,"name":"Station Rosenblumendelle"}},{"type":"Feature","geometry":{"type":"Point","coordinates":[8.3633055,51.9269316]},"properties":{"kind":"substation","voltage":110000,"name":"Station Gütersloh"}},{"type":"Feature","geometry":{"type":"Point","coordinates":[8.5186871,52.1056198]},"properties":{"kind":"substation","voltage":110000,"name":"Umspannwerk Jöllenbeck"}},{"type":"Feature","geometry":{"type":"Point","coordinates":[6.4401835,50.8132843]},"properties":{"kind":"substation","voltage":110000,"name":null}},{"type":"Feature","geometry":{"type":"Point","coordinates":[8.6290192,51.9936934]},"properties":{"kind":"substation","voltage":110000,"name":"Umspannwerk Bielefeld Ost"}},{"type":"Feature","geometry":{"type":"Point","coordinates":[8.4280915,51.8200715]},"properties":{"kind":"substation","voltage":110000,"name":"Station Rietberg"}},{"type":"Feature","geometry":{"type":"Point","coordinates":[8.6408195,51.8971016]},"properties":{"kind":"substation","voltage":110000,"name":"Umspannwerk Stukenbrock West"}},{"type":"Feature","geometry":{"type":"Point","coordinates":[7.0079076,50.6882006]},"properties":{"kind":"substation","voltage":110000,"name":"Station Witterschlick"}},{"type":"Feature","geometry":{"type":"Point","coordinates":[7.0455385,50.6314145]},"properties":{"kind":"substation","voltage":110000,"name":"Station Merl"}},{"type":"Feature","geometry":{"type":"Point","coordinates":[6.3731928,50.8212315]},"properties":{"kind":"substation","voltage":110000,"name":null}},{"type":"Feature","geometry":{"type":"Point","coordinates":[7.3573397,51.4471212]},"properties":{"kind":"substation","voltage":110000,"name":"Umspannanlage Annen"}},{"type":"Feature","geometry":{"type":"Point","coordinates":[7.1368631,50.6428153]},"properties":{"kind":"substation","voltage":380000,"name":"Station Ließem"}},{"type":"Feature","geometry":{"type":"Point","coordinates":[7.184797,50.6647174]},"properties":{"kind":"substation","voltage":110000,"name":"Station Mehlem"}},{"type":"Feature","geometry":{"type":"Point","coordinates":[6.469463,50.8081002]},"properties":{"kind":"substation","voltage":110000,"name":null}},{"type":"Feature","geometry":{"type":"Point","coordinates":[6.5959814,50.9524564]},"properties":{"kind":"substation","voltage":380000,"name":"Station Paffendorf"}},{"type":"Feature","geometry":{"type":"Point","coordinates":[7.2034131,50.8346679]},"properties":{"kind":"substation","voltage":110000,"name":null}},{"type":"Feature","geometry":{"type":"Point","coordinates":[8.5465612,51.949392]},"properties":{"kind":"substation","voltage":110000,"name":"Umspannwerk Senne I"}},{"type":"Feature","geometry":{"type":"Point","coordinates":[8.591801,51.9599926]},"properties":{"kind":"substation","voltage":110000,"name":"Umspannwerk Sennestadt"}},{"type":"Feature","geometry":{"type":"Point","coordinates":[7.2541725,51.1888023]},"properties":{"kind":"substation","voltage":110000,"name":"Station Lennep"}},{"type":"Feature","geometry":{"type":"Point","coordinates":[6.9592529,51.1649445]},"properties":{"kind":"substation","voltage":110000,"name":"Station Kalstert"}},{"type":"Feature","geometry":{"type":"Point","coordinates":[7.6002164,52.0848469]},"properties":{"kind":"substation","voltage":110000,"name":"Station Greven"}},{"type":"Feature","geometry":{"type":"Point","coordinates":[8.5278731,52.0237538]},"properties":{"kind":"substation","voltage":110000,"name":"UW Zwinger"}},{"type":"Feature","geometry":{"type":"Point","coordinates":[6.9791061,51.3246077]},"properties":{"kind":"substation","voltage":110000,"name":"Station Heligenhaus"}},{"type":"Feature","geometry":{"type":"Point","coordinates":[7.02375,51.4563476]},"properties":{"kind":"substation","voltage":110000,"name":"Station Herkules"}},{"type":"Feature","geometry":{"type":"Point","coordinates":[8.8672692,52.2670063]},"properties":{"kind":"substation","voltage":110000,"name":"Minden/Süd"}},{"type":"Feature","geometry":{"type":"Point","coordinates":[8.816697,52.1354264]},"properties":{"kind":"substation","voltage":110000,"name":"Valdorf"}},{"type":"Feature","geometry":{"type":"Point","coordinates":[8.6035217,52.0442134]},"properties":{"kind":"substation","voltage":110000,"name":null}},{"type":"Feature","geometry":{"type":"Point","coordinates":[7.0224273,50.9759944]},"properties":{"kind":"substation","voltage":110000,"name":"Springborn"}},{"type":"Feature","geometry":{"type":"Point","coordinates":[8.6134716,52.0040789]},"properties":{"kind":"substation","voltage":110000,"name":null}},{"type":"Feature","geometry":{"type":"Point","coordinates":[6.7097253,51.0909439]},"properties":{"kind":"substation","voltage":220000,"name":"Station Gohrpunkt"}},{"type":"Feature","geometry":{"type":"Point","coordinates":[6.7925508,51.412829]},"properties":{"kind":"substation","voltage":110000,"name":"Unterwerk Duisburg"}},{"type":"Feature","geometry":{"type":"Point","coordinates":[8.1312656,50.8847196]},"properties":{"kind":"substation","voltage":110000,"name":"Deuz Waldstrasse"}},{"type":"Feature","geometry":{"type":"Point","coordinates":[8.9306174,51.9419484]},"properties":{"kind":"substation","voltage":110000,"name":"Vahlhausen"}},{"type":"Feature","geometry":{"type":"Point","coordinates":[7.6273321,51.5522293]},"properties":{"kind":"substation","voltage":110000,"name":null}},{"type":"Feature","geometry":{"type":"Point","coordinates":[9.0237243,52.2420652]},"properties":{"kind":"substation","voltage":110000,"name":"Wulpke"}},{"type":"Feature","geometry":{"type":"Point","coordinates":[7.0226407,51.3468324]},"properties":{"kind":"substation","voltage":110000,"name":"UW4"}},{"type":"Feature","geometry":{"type":"Point","coordinates":[6.3762838,51.6023662]},"properties":{"kind":"substation","voltage":110000,"name":"Station Sonsbeck"}},{"type":"Feature","geometry":{"type":"Point","coordinates":[6.828525,50.9142978]},"properties":{"kind":"substation","voltage":110000,"name":"Station Frechen"}},{"type":"Feature","geometry":{"type":"Point","coordinates":[6.6859608,51.2187413]},"properties":{"kind":"substation","voltage":110000,"name":null}},{"type":"Feature","geometry":{"type":"Point","coordinates":[6.7298833,51.2201354]},"properties":{"kind":"substation","voltage":110000,"name":"Umrichterwerk Düsseldorf"}},{"type":"Feature","geometry":{"type":"Point","coordinates":[7.052535,51.2870214]},"properties":{"kind":"substation","voltage":110000,"name":"Station Wülfrath"}},{"type":"Feature","geometry":{"type":"Point","coordinates":[9.0230215,52.3662852]},"properties":{"kind":"substation","voltage":110000,"name":"Umspannwerk Bierde"}},{"type":"Feature","geometry":{"type":"Point","coordinates":[8.9091856,52.3247852]},"properties":{"kind":"substation","voltage":110000,"name":"Umspannwerk Kutenhasuen"}},{"type":"Feature","geometry":{"type":"Point","coordinates":[7.5873093,51.3641365]},"properties":{"kind":"substation","voltage":110000,"name":"Station Letmathe"}},{"type":"Feature","geometry":{"type":"Point","coordinates":[8.6111756,52.3294054]},"properties":{"kind":"substation","voltage":110000,"name":null}},{"type":"Feature","geometry":{"type":"Point","coordinates":[7.0628455,50.7537053]},"properties":{"kind":"substation","voltage":110000,"name":"Bonn-Nord (Bonn-Netz GmbH)"}},{"type":"Feature","geometry":{"type":"Point","coordinates":[7.0760039,50.735219]},"properties":{"kind":"substation","voltage":110000,"name":"Station Endenich"}},{"type":"Feature","geometry":{"type":"Point","coordinates":[7.1462645,50.7363988]},"properties":{"kind":"substation","voltage":110000,"name":"Station Beuel"}},{"type":"Feature","geometry":{"type":"Point","coordinates":[6.9164597,50.7995266]},"properties":{"kind":"substation","voltage":110000,"name":"Station Schwadorf"}},{"type":"Feature","geometry":{"type":"Point","coordinates":[6.8997571,50.8440014]},"properties":{"kind":"substation","voltage":110000,"name":"Station Vochem"}},{"type":"Feature","geometry":{"type":"Point","coordinates":[7.0450595,50.7056614]},"properties":{"kind":"substation","voltage":110000,"name":"Station Duisdorf"}},{"type":"Feature","geometry":{"type":"Point","coordinates":[8.0905066,50.910852]},"properties":{"kind":"substation","voltage":110000,"name":null}},{"type":"Feature","geometry":{"type":"Point","coordinates":[7.0188257,50.9727381]},"properties":{"kind":"substation","voltage":110000,"name":"Unterwerk Köln-Mülheim"}},{"type":"Feature","geometry":{"type":"Point","coordinates":[6.118763,50.9282203]},"properties":{"kind":"substation","voltage":110000,"name":null}},{"type":"Feature","geometry":{"type":"Point","coordinates":[8.6565749,52.1958217]},"properties":{"kind":"substation","voltage":110000,"name":"Umspannwerk"}},{"type":"Feature","geometry":{"type":"Point","coordinates":[7.5161141,51.4848463]},"properties":{"kind":"substation","voltage":110000,"name":"Umspannwerk Hörde"}},{"type":"Feature","geometry":{"type":"Point","coordinates":[8.7100943,52.1949922]},"properties":{"kind":"substation","voltage":110000,"name":"Unterwerk Löhne"}},{"type":"Feature","geometry":{"type":"Point","coordinates":[8.5910823,52.1697778]},"properties":{"kind":"substation","voltage":110000,"name":"Umspannwerk Bustedt"}},{"type":"Feature","geometry":{"type":"Point","coordinates":[6.7787801,51.0848601]},"properties":{"kind":"substation","voltage":110000,"name":"Umspannwerk Delhoven"}},{"type":"Feature","geometry":{"type":"Point","coordinates":[7.2536619,51.6012495]},"properties":{"kind":"substation","voltage":110000,"name":null}},{"type":"Feature","geometry":{"type":"Point","coordinates":[7.1797323,51.5477346]},"properties":{"kind":"substation","voltage":380000,"name":"Herne"}},{"type":"Feature","geometry":{"type":"Point","coordinates":[8.4145888,52.0129024]},"properties":{"kind":"substation","voltage":110000,"name":null}},{"type":"Feature","geometry":{"type":"Point","coordinates":[8.4492681,51.985916]},"properties":{"kind":"substation","voltage":110000,"name":"Ummeln"}},{"type":"Feature","geometry":{"type":"Point","coordinates":[7.0496711,50.9036532]},"properties":{"kind":"substation","voltage":110000,"name":"Umformerwerk Köln"}},{"type":"Feature","geometry":{"type":"Point","coordinates":[7.0455643,50.9043464]},"properties":{"kind":"substation","voltage":110000,"name":"Umspannwerk Gremberghoven"}},{"type":"Feature","geometry":{"type":"Point","coordinates":[7.0473413,50.9055599]},"properties":{"kind":"substation","voltage":220000,"name":"Station Gremberghoven"}},{"type":"Feature","geometry":{"type":"Point","coordinates":[7.0244978,51.2913127]},"properties":{"kind":"substation","voltage":110000,"name":"Station Prangenhaus"}},{"type":"Feature","geometry":{"type":"Point","coordinates":[7.1790328,51.6616059]},"properties":{"kind":"substation","voltage":110000,"name":"Unterwerk Marl"}},{"type":"Feature","geometry":{"type":"Point","coordinates":[7.1619275,51.6746363]},"properties":{"kind":"substation","voltage":110000,"name":"Station Sinsen"}},{"type":"Feature","geometry":{"type":"Point","coordinates":[7.2085931,51.6263383]},"properties":{"kind":"substation","voltage":110000,"name":"Station Blumenthal"}},{"type":"Feature","geometry":{"type":"Point","coordinates":[7.1950507,51.9590168]},"properties":{"kind":"substation","voltage":110000,"name":"Station Coesfeld"}},{"type":"Feature","geometry":{"type":"Point","coordinates":[7.3083814,51.8355068]},"properties":{"kind":"substation","voltage":110000,"name":"Station Dülmen"}},{"type":"Feature","geometry":{"type":"Point","coordinates":[7.4266365,51.7706363]},"properties":{"kind":"substation","voltage":110000,"name":"Station Lüdinghausen"}},{"type":"Feature","geometry":{"type":"Point","coordinates":[7.4894659,51.6932569]},"properties":{"kind":"substation","voltage":110000,"name":"Station Selm"}},{"type":"Feature","geometry":{"type":"Point","coordinates":[7.048677,51.7169422]},"properties":{"kind":"substation","voltage":110000,"name":"Wulfen"}},{"type":"Feature","geometry":{"type":"Point","coordinates":[7.0503471,51.8213667]},"properties":{"kind":"substation","voltage":110000,"name":"Station Groß-Reken"}},{"type":"Feature","geometry":{"type":"Point","coordinates":[7.0346526,52.2042328]},"properties":{"kind":"substation","voltage":110000,"name":"Station Gronau"}},{"type":"Feature","geometry":{"type":"Point","coordinates":[6.9988855,51.6781307]},"properties":{"kind":"substation","voltage":110000,"name":"Hervest-Dorsten"}},{"type":"Feature","geometry":{"type":"Point","coordinates":[6.9572676,51.7501949]},"properties":{"kind":"substation","voltage":110000,"name":"Station Lembeck"}},{"type":"Feature","geometry":{"type":"Point","coordinates":[6.9161046,51.9876691]},"properties":{"kind":"substation","voltage":110000,"name":"Station Stadtlohn"}},{"type":"Feature","geometry":{"type":"Point","coordinates":[6.8797669,51.8393976]},"properties":{"kind":"substation","voltage":110000,"name":"Station Borken"}},{"type":"Feature","geometry":{"type":"Point","coordinates":[7.7258299,52.2770273]},"properties":{"kind":"substation","voltage":380000,"name":"Station Ibbenbüren"}},{"type":"Feature","geometry":{"type":"Point","coordinates":[7.1726933,50.8061934]},"properties":{"kind":"substation","voltage":110000,"name":"Station Mannstaedt"}},{"type":"Feature","geometry":{"type":"Point","coordinates":[7.0939234,50.8557119]},"properties":{"kind":"substation","voltage":110000,"name":"Umspannwerk Wahn"}},{"type":"Feature","geometry":{"type":"Point","coordinates":[6.9448626,50.8479098]},"properties":{"kind":"substation","voltage":110000,"name":null}},{"type":"Feature","geometry":{"type":"Point","coordinates":[9.0912229,51.9312458]},"properties":{"kind":"substation","voltage":110000,"name":"Blomberg"}},{"type":"Feature","geometry":{"type":"Point","coordinates":[7.1960742,50.77207]},"properties":{"kind":"substation","voltage":110000,"name":"Station Sankt Augustin"}},{"type":"Feature","geometry":{"type":"Point","coordinates":[6.8392387,51.4855879]},"properties":{"kind":"substation","voltage":110000,"name":"Station Lirich"}},{"type":"Feature","geometry":{"type":"Point","coordinates":[7.4618243,51.4089146]},"properties":{"kind":"substation","voltage":110000,"name":"Unterwerk Hagen"}},{"type":"Feature","geometry":{"type":"Point","coordinates":[8.5794413,52.2104612]},"properties":{"kind":"substation","voltage":110000,"name":"Ennigloh"}},{"type":"Feature","geometry":{"type":"Point","coordinates":[6.2655228,50.8114541]},"properties":{"kind":"substation","voltage":110000,"name":null}},{"type":"Feature","geometry":{"type":"Point","coordinates":[6.3284581,51.0811475]},"properties":{"kind":"substation","voltage":110000,"name":null}},{"type":"Feature","geometry":{"type":"Point","coordinates":[7.0041115,50.8096454]},"properties":{"kind":"substation","voltage":110000,"name":"Station Urfeld"}},{"type":"Feature","geometry":{"type":"Point","coordinates":[7.6068581,51.3598896]},"properties":{"kind":"substation","voltage":110000,"name":"Station Genna"}},{"type":"Feature","geometry":{"type":"Point","coordinates":[6.7725072,51.1471157]},"properties":{"kind":"substation","voltage":220000,"name":"Station Norf"}},{"type":"Feature","geometry":{"type":"Point","coordinates":[7.0257299,50.8223564]},"properties":{"kind":"substation","voltage":110000,"name":null}},{"type":"Feature","geometry":{"type":"Point","coordinates":[8.8362004,52.2125997]},"properties":{"kind":"substation","voltage":110000,"name":"Rehme"}},{"type":"Feature","geometry":{"type":"Point","coordinates":[6.9110143,50.8830786]},"properties":{"kind":"substation","voltage":110000,"name":null}},{"type":"Feature","geometry":{"type":"Point","coordinates":[6.9633219,50.8337789]},"properties":{"kind":"substation","voltage":220000,"name":"Station Bollenacker"}},{"type":"Feature","geometry":{"type":"Point","coordinates":[6.9755852,50.8564394]},"properties":{"kind":"substation","voltage":110000,"name":"Umspannwerk Shell"}},{"type":"Feature","geometry":{"type":"Point","coordinates":[6.9729975,50.8651484]},"properties":{"kind":"substation","voltage":110000,"name":"Umspannwerk Hahnwald"}},{"type":"Feature","geometry":{"type":"Point","coordinates":[6.8764984,51.4348433]},"properties":{"kind":"substation","voltage":110000,"name":"Station Mülheim"}},{"type":"Feature","geometry":{"type":"Point","coordinates":[6.7750654,51.6465983]},"properties":{"kind":"substation","voltage":110000,"name":"Station Hünxe"}},{"type":"Feature","geometry":{"type":"Point","coordinates":[7.0762728,50.7349987]},"properties":{"kind":"substation","voltage":110000,"name":"Umspannanlage Endenich 110kV"}},{"type":"Feature","geometry":{"type":"Point","coordinates":[7.3539521,51.5654977]},"properties":{"kind":"substation","voltage":110000,"name":"Oestrich"}},{"type":"Feature","geometry":{"type":"Point","coordinates":[8.7088651,51.9681624]},"properties":{"kind":"substation","voltage":110000,"name":"Umspannwerk Helpup"}},{"type":"Feature","geometry":{"type":"Point","coordinates":[6.5317124,50.3900326]},"properties":{"kind":"substation","voltage":380000,"name":"Station Dahlem"}},{"type":"Feature","geometry":{"type":"Point","coordinates":[7.1300758,50.9795488]},"properties":{"kind":"substation","voltage":110000,"name":"Station Gronauerwald"}},{"type":"Feature","geometry":{"type":"Point","coordinates":[7.1198653,50.7141817]},"properties":{"kind":"substation","voltage":110000,"name":"Station Kessenich"}},{"type":"Feature","geometry":{"type":"Point","coordinates":[6.7086631,51.0631662]},"properties":{"kind":"substation","voltage":110000,"name":"Station Anstel"}},{"type":"Feature","geometry":{"type":"Point","coordinates":[7.1903067,50.905783]},"properties":{"kind":"substation","voltage":110000,"name":null}},{"type":"Feature","geometry":{"type":"Point","coordinates":[6.6648311,50.9884155]},"properties":{"kind":"substation","voltage":110000,"name":"KW Niederaußem"}},{"type":"Feature","geometry":{"type":"Point","coordinates":[7.1454009,50.8190502]},"properties":{"kind":"substation","voltage":110000,"name":"Station Spich"}},{"type":"Feature","geometry":{"type":"Point","coordinates":[9.0931205,51.8555603]},"properties":{"kind":"substation","voltage":110000,"name":"Umspannwerk Steinheim"}},{"type":"Feature","geometry":{"type":"Point","coordinates":[7.1576686,51.2718014]},"properties":{"kind":"substation","voltage":110000,"name":"Clausen"}},{"type":"Feature","geometry":{"type":"Point","coordinates":[6.4081025,51.4384618]},"properties":{"kind":"substation","voltage":110000,"name":"Station Aldekerk"}},{"type":"Feature","geometry":{"type":"Point","coordinates":[7.0870686,51.4435753]},"properties":{"kind":"substation","voltage":110000,"name":"Station Ruhrau"}},{"type":"Feature","geometry":{"type":"Point","coordinates":[6.3009687,51.7302761]},"properties":{"kind":"substation","voltage":110000,"name":"Station Monreberg"}},{"type":"Feature","geometry":{"type":"Point","coordinates":[7.1236317,51.1710645]},"properties":{"kind":"substation","voltage":110000,"name":"Station Halfeshof"}},{"type":"Feature","geometry":{"type":"Point","coordinates":[7.5416799,50.9708603]},"properties":{"kind":"substation","voltage":110000,"name":"Station Bomig"}},{"type":"Feature","geometry":{"type":"Point","coordinates":[8.4442871,51.6639106]},"properties":{"kind":"substation","voltage":110000,"name":"Unterwerk Ehringhausen"}},{"type":"Feature","geometry":{"type":"Point","coordinates":[8.3251924,51.8484136]},"properties":{"kind":"substation","voltage":110000,"name":null}},{"type":"Feature","geometry":{"type":"Point","coordinates":[7.1446137,50.8190511]},"properties":{"kind":"substation","voltage":110000,"name":null}},{"type":"Feature","geometry":{"type":"Point","coordinates":[7.1450204,50.8192703]},"properties":{"kind":"substation","voltage":110000,"name":null}},{"type":"Feature","geometry":{"type":"Point","coordinates":[6.4406669,51.6615881]},"properties":{"kind":"substation","voltage":110000,"name":"Station Xanten"}},{"type":"Feature","geometry":{"type":"Point","coordinates":[6.6926686,50.9749505]},"properties":{"kind":"substation","voltage":110000,"name":"Station Oberaußem"}},{"type":"Feature","geometry":{"type":"Point","coordinates":[6.5549183,50.9951099]},"properties":{"kind":"substation","voltage":110000,"name":"Station Bedburg"}},{"type":"Feature","geometry":{"type":"Point","coordinates":[7.0587992,51.4544246]},"properties":{"kind":"substation","voltage":110000,"name":"Station Katharina"}},{"type":"Feature","geometry":{"type":"Point","coordinates":[6.4541151,50.6299651]},"properties":{"kind":"substation","voltage":110000,"name":null}},{"type":"Feature","geometry":{"type":"Point","coordinates":[7.6347552,51.9238199]},"properties":{"kind":"substation","voltage":110000,"name":"Unterwerk Münster"}},{"type":"Feature","geometry":{"type":"Point","coordinates":[6.5737999,51.0920987]},"properties":{"kind":"substation","voltage":110000,"name":"Station Elsen"}},{"type":"Feature","geometry":{"type":"Point","coordinates":[7.2012888,51.1331712]},"properties":{"kind":"substation","voltage":110000,"name":"Station Wermelskirchen"}},{"type":"Feature","geometry":{"type":"Point","coordinates":[8.1241847,51.8253782]},"properties":{"kind":"substation","voltage":110000,"name":"Unterwerk Oelde"}},{"type":"Feature","geometry":{"type":"Point","coordinates":[7.04437,51.4854139]},"properties":{"kind":"substation","voltage":110000,"name":"Station Zollverein"}},{"type":"Feature","geometry":{"type":"Point","coordinates":[7.172557,51.1927518]},"properties":{"kind":"substation","voltage":110000,"name":"Hammesberg"}},{"type":"Feature","geometry":{"type":"Point","coordinates":[7.1859011,51.1760951]},"properties":{"kind":"substation","voltage":110000,"name":"UW Remscheid"}},{"type":"Feature","geometry":{"type":"Point","coordinates":[7.3156116,51.4455251]},"properties":{"kind":"substation","voltage":110000,"name":"Station Witten"}},{"type":"Feature","geometry":{"type":"Point","coordinates":[6.7322394,51.4594269]},"properties":{"kind":"substation","voltage":220000,"name":"Station Ruhrort"}},{"type":"Feature","geometry":{"type":"Point","coordinates":[6.7224443,51.4798978]},"properties":{"kind":"substation","voltage":220000,"name":"Station Beeck"}},{"type":"Feature","geometry":{"type":"Point","coordinates":[6.7412421,51.5130748]},"properties":{"kind":"substation","voltage":220000,"name":"Schwelgern"}},{"type":"Feature","geometry":{"type":"Point","coordinates":[6.2696764,50.830099]},"properties":{"kind":"substation","voltage":110000,"name":null}},{"type":"Feature","geometry":{"type":"Point","coordinates":[6.9885663,51.4646237]},"properties":{"kind":"substation","voltage":110000,"name":"Station Krupp Bunker"}},{"type":"Feature","geometry":{"type":"Point","coordinates":[8.1916921,51.6573902]},"properties":{"kind":"substation","voltage":110000,"name":"Schoneberg"}},{"type":"Feature","geometry":{"type":"Point","coordinates":[7.2054097,51.1660775]},"properties":{"kind":"substation","voltage":110000,"name":"Mannesmann"}},{"type":"Feature","geometry":{"type":"Point","coordinates":[8.7415215,51.7000196]},"properties":{"kind":"substation","voltage":110000,"name":"Umspannwerk Paderborn Süd"}},{"type":"Feature","geometry":{"type":"Point","coordinates":[7.0981058,51.3767026]},"properties":{"kind":"substation","voltage":110000,"name":"Station Kupferdreh"}},{"type":"Feature","geometry":{"type":"Point","coordinates":[7.2148978,50.9442492]},"properties":{"kind":"substation","voltage":110000,"name":"Untereschbach"}},{"type":"Feature","geometry":{"type":"Point","coordinates":[6.7315256,51.3746232]},"properties":{"kind":"substation","voltage":110000,"name":null}},{"type":"Feature","geometry":{"type":"Point","coordinates":[6.7885529,51.5054652]},"properties":{"kind":"substation","voltage":110000,"name":"Station Hamborn"}},{"type":"Feature","geometry":{"type":"Point","coordinates":[6.7049775,51.446013]},"properties":{"kind":"substation","voltage":110000,"name":null}},{"type":"Feature","geometry":{"type":"Point","coordinates":[8.5741255,51.759424]},"properties":{"kind":"substation","voltage":110000,"name":"Delbrück"}},{"type":"Feature","geometry":{"type":"Point","coordinates":[8.6002999,51.6644565]},"properties":{"kind":"substation","voltage":110000,"name":"Salzkotten"}},{"type":"Feature","geometry":{"type":"Point","coordinates":[8.7749692,51.708487]},"properties":{"kind":"substation","voltage":110000,"name":"Umspannwerk Paderborn-Südost"}},{"type":"Feature","geometry":{"type":"Point","coordinates":[7.2082404,50.7896322]},"properties":{"kind":"substation","voltage":110000,"name":"Unterwerk Siegburg"}},{"type":"Feature","geometry":{"type":"Point","coordinates":[8.3375094,51.6049689]},"properties":{"kind":"substation","voltage":110000,"name":"Station Erwitte"}},{"type":"Feature","geometry":{"type":"Point","coordinates":[8.5808065,51.9116637]},"properties":{"kind":"substation","voltage":110000,"name":"Station Schloß Holte"}},{"type":"Feature","geometry":{"type":"Point","coordinates":[8.7252024,51.7428234]},"properties":{"kind":"substation","voltage":110000,"name":"Umspannwerk Benteler"}},{"type":"Feature","geometry":{"type":"Point","coordinates":[6.5671899,51.5912357]},"properties":{"kind":"substation","voltage":110000,"name":"Station Wallach"}},{"type":"Feature","geometry":{"type":"Point","coordinates":[8.2113337,51.8879941]},"properties":{"kind":"substation","voltage":110000,"name":"Herzebrock-Clarholz"}},{"type":"Feature","geometry":{"type":"Point","coordinates":[8.5151049,51.6229615]},"properties":{"kind":"substation","voltage":110000,"name":null}},{"type":"Feature","geometry":{"type":"Point","coordinates":[8.4235663,51.911489]},"properties":{"kind":"substation","voltage":110000,"name":"Avenwedde"}},{"type":"Feature","geometry":{"type":"Point","coordinates":[8.2183319,51.9562595]},"properties":{"kind":"substation","voltage":110000,"name":null}},{"type":"Feature","geometry":{"type":"Point","coordinates":[8.5382457,51.8709242]},"properties":{"kind":"substation","voltage":110000,"name":"Bornholte"}},{"type":"Feature","geometry":{"type":"Point","coordinates":[8.3189685,52.0660241]},"properties":{"kind":"substation","voltage":380000,"name":"Station Hesseln"}},{"type":"Feature","geometry":{"type":"Point","coordinates":[6.3131507,50.8475642]},"properties":{"kind":"substation","voltage":110000,"name":null}},{"type":"Feature","geometry":{"type":"Point","coordinates":[6.2057268,51.0648015]},"properties":{"kind":"substation","voltage":110000,"name":null}},{"type":"Feature","geometry":{"type":"Point","coordinates":[8.8114954,51.5273154]},"properties":{"kind":"substation","voltage":110000,"name":"Umspannwerk Meerhof/Umspannwerk Grüner Weg"}},{"type":"Feature","geometry":{"type":"Point","coordinates":[6.0509128,50.986154]},"properties":{"kind":"substation","voltage":110000,"name":"Station Stahe Am Wasberg"}},{"type":"Feature","geometry":{"type":"Point","coordinates":[7.123422,50.8517197]},"properties":{"kind":"substation","voltage":110000,"name":null}},{"type":"Feature","geometry":{"type":"Point","coordinates":[7.0129017,50.6177344]},"properties":{"kind":"substation","voltage":380000,"name":"Meckenheim"}},{"type":"Feature","geometry":{"type":"Point","coordinates":[7.9814757,51.6735182]},"properties":{"kind":"substation","voltage":110000,"name":"Station Lippborg"}},{"type":"Feature","geometry":{"type":"Point","coordinates":[8.0696943,51.755366]},"properties":{"kind":"substation","voltage":110000,"name":"Beckum"}},{"type":"Feature","geometry":{"type":"Point","coordinates":[8.0114303,51.7998906]},"properties":{"kind":"substation","voltage":110000,"name":null}},{"type":"Feature","geometry":{"type":"Point","coordinates":[7.9173509,51.7567535]},"properties":{"kind":"substation","voltage":110000,"name":"Station Ahlen"}},{"type":"Feature","geometry":{"type":"Point","coordinates":[8.1461394,52.0544172]},"properties":{"kind":"substation","voltage":110000,"name":null}},{"type":"Feature","geometry":{"type":"Point","coordinates":[7.6293499,51.6274726]},"properties":{"kind":"substation","voltage":110000,"name":"Station Schering"}},{"type":"Feature","geometry":{"type":"Point","coordinates":[7.9720205,51.9529844]},"properties":{"kind":"substation","voltage":110000,"name":null}},{"type":"Feature","geometry":{"type":"Point","coordinates":[7.9938557,51.8230907]},"properties":{"kind":"substation","voltage":110000,"name":"Enniger"}},{"type":"Feature","geometry":{"type":"Point","coordinates":[8.9619316,51.8742511]},"properties":{"kind":"substation","voltage":110000,"name":"Umspannwerk Horn"}},{"type":"Feature","geometry":{"type":"Point","coordinates":[9.2567225,51.6281572]},"properties":{"kind":"substation","voltage":110000,"name":"Borgholz"}},{"type":"Feature","geometry":{"type":"Point","coordinates":[9.1496857,51.4974382]},"properties":{"kind":"substation","voltage":110000,"name":"Unterwerk Warburg"}},{"type":"Feature","geometry":{"type":"Point","coordinates":[9.098785,51.5120706]},"properties":{"kind":"substation","voltage":110000,"name":"Ossendorf"}},{"type":"Feature","geometry":{"type":"Point","coordinates":[8.8399441,51.5879635]},"properties":{"kind":"substation","voltage":110000,"name":null}},{"type":"Feature","geometry":{"type":"Point","coordinates":[8.8686861,51.4730292]},"properties":{"kind":"substation","voltage":110000,"name":"Station Marsberg"}},{"type":"Feature","geometry":{"type":"Point","coordinates":[8.7027953,51.5325267]},"properties":{"kind":"substation","voltage":110000,"name":null}},{"type":"Feature","geometry":{"type":"Point","coordinates":[8.5473253,51.5516972]},"properties":{"kind":"substation","voltage":110000,"name":"Station Büren"}},{"type":"Feature","geometry":{"type":"Point","coordinates":[9.227955,51.8124443]},"properties":{"kind":"substation","voltage":380000,"name":"Vörden"}},{"type":"Feature","geometry":{"type":"Point","coordinates":[9.0588597,51.743361]},"properties":{"kind":"substation","voltage":110000,"name":"Alhausen"}},{"type":"Feature","geometry":{"type":"Point","coordinates":[9.4367171,51.8045499]},"properties":{"kind":"substation","voltage":110000,"name":"Holzminden Süd"}},{"type":"Feature","geometry":{"type":"Point","coordinates":[9.3929207,51.7789394]},"properties":{"kind":"substation","voltage":110000,"name":"Höxter"}},{"type":"Feature","geometry":{"type":"Point","coordinates":[8.133195,51.8293612]},"properties":{"kind":"substation","voltage":110000,"name":"Oelde"}},{"type":"Feature","geometry":{"type":"Point","coordinates":[8.8563311,52.0346217]},"properties":{"kind":"substation","voltage":110000,"name":null}},{"type":"Feature","geometry":{"type":"Point","coordinates":[8.6413397,51.4643193]},"properties":{"kind":"substation","voltage":110000,"name":null}},{"type":"Feature","geometry":{"type":"Point","coordinates":[8.5792418,51.4077983]},"properties":{"kind":"substation","voltage":110000,"name":"Station Brilon"}},{"type":"Feature","geometry":{"type":"Point","coordinates":[8.2119755,51.1780491]},"properties":{"kind":"substation","voltage":110000,"name":"Station Arpe"}},{"type":"Feature","geometry":{"type":"Point","coordinates":[7.9767694,51.362885]},"properties":{"kind":"substation","voltage":110000,"name":null}},{"type":"Feature","geometry":{"type":"Point","coordinates":[8.0445249,51.4190626]},"properties":{"kind":"substation","voltage":110000,"name":"Niedereimer"}},{"type":"Feature","geometry":{"type":"Point","coordinates":[7.9996298,51.5582416]},"properties":{"kind":"substation","voltage":110000,"name":"Station Ostönnen"}},{"type":"Feature","geometry":{"type":"Point","coordinates":[8.1378484,51.5471388]},"properties":{"kind":"substation","voltage":110000,"name":"UA Haarstrang"}},{"type":"Feature","geometry":{"type":"Point","coordinates":[7.9655756,51.4544816]},"properties":{"kind":"substation","voltage":110000,"name":"Station Neheim"}},{"type":"Feature","geometry":{"type":"Point","coordinates":[7.7777667,51.4520529]},"properties":{"kind":"substation","voltage":110000,"name":"Station Menden"}},{"type":"Feature","geometry":{"type":"Point","coordinates":[7.7183845,51.5341926]},"properties":{"kind":"substation","voltage":110000,"name":"Station Unna"}},{"type":"Feature","geometry":{"type":"Point","coordinates":[7.2911542,51.559291]},"properties":{"kind":"substation","voltage":110000,"name":null}},{"type":"Feature","geometry":{"type":"Point","coordinates":[7.6005339,51.5320404]},"properties":{"kind":"substation","voltage":110000,"name":"Station Asseln"}},{"type":"Feature","geometry":{"type":"Point","coordinates":[7.6963535,51.5630968]},"properties":{"kind":"substation","voltage":110000,"name":null}},{"type":"Feature","geometry":{"type":"Point","coordinates":[7.025639,52.0880294]},"properties":{"kind":"substation","voltage":110000,"name":"Station Ahaus"}},{"type":"Feature","geometry":{"type":"Point","coordinates":[7.0100003,52.1773811]},"properties":{"kind":"substation","voltage":110000,"name":"Kottigerhook"}},{"type":"Feature","geometry":{"type":"Point","coordinates":[7.2438773,50.780083]},"properties":{"kind":"substation","voltage":110000,"name":"Station Stoßdorf"}},{"type":"Feature","geometry":{"type":"Point","coordinates":[7.6102728,51.6156419]},"properties":{"kind":"substation","voltage":110000,"name":"Station Weddinghofen"}},{"type":"Feature","geometry":{"type":"Point","coordinates":[8.3852354,52.0295529]},"properties":{"kind":"substation","voltage":110000,"name":null}},{"type":"Feature","geometry":{"type":"Point","coordinates":[6.8324998,51.2990739]},"properties":{"kind":"substation","voltage":110000,"name":"Station Ratingen"}},{"type":"Feature","geometry":{"type":"Point","coordinates":[6.8234524,51.495881]},"properties":{"kind":"substation","voltage":110000,"name":"Station Buschhausen"}},{"type":"Feature","geometry":{"type":"Point","coordinates":[6.812,51.5192661]},"properties":{"kind":"substation","voltage":110000,"name":null}},{"type":"Feature","geometry":{"type":"Point","coordinates":[8.5393281,52.0346581]},"properties":{"kind":"substation","voltage":110000,"name":"UW Kraftwerk"}},{"type":"Feature","geometry":{"type":"Point","coordinates":[7.3017397,50.7656889]},"properties":{"kind":"substation","voltage":110000,"name":"Station Geisbach"}},{"type":"Feature","geometry":{"type":"Point","coordinates":[7.5742851,50.9520432]},"properties":{"kind":"substation","voltage":110000,"name":"Wiehl"}},{"type":"Feature","geometry":{"type":"Point","coordinates":[6.6946654,51.4187265]},"properties":{"kind":"substation","voltage":110000,"name":"Station Schauenstraße"}},{"type":"Feature","geometry":{"type":"Point","coordinates":[6.6667483,51.4401685]},"properties":{"kind":"substation","voltage":110000,"name":"Station Asberg"}},{"type":"Feature","geometry":{"type":"Point","coordinates":[8.0176611,50.913155]},"properties":{"kind":"substation","voltage":110000,"name":null}},{"type":"Feature","geometry":{"type":"Point","coordinates":[7.0334977,51.43897]},"properties":{"kind":"substation","voltage":110000,"name":"Station Bergerhausen"}},{"type":"Feature","geometry":{"type":"Point","coordinates":[6.801725,51.124582]},"properties":{"kind":"substation","voltage":220000,"name":"Station Sankt Peter"}},{"type":"Feature","geometry":{"type":"Point","coordinates":[7.7250225,51.4093633]},"properties":{"kind":"substation","voltage":110000,"name":"Umspannwerk Bixterheide"}},{"type":"Feature","geometry":{"type":"Point","coordinates":[7.5634138,51.487638]},"properties":{"kind":"substation","voltage":110000,"name":null}},{"type":"Feature","geometry":{"type":"Point","coordinates":[7.4600181,51.465833]},"properties":{"kind":"substation","voltage":110000,"name":"Station Kirchhörde"}},{"type":"Feature","geometry":{"type":"Point","coordinates":[7.532471,51.5372834]},"properties":{"kind":"substation","voltage":110000,"name":"Unterwerk Scharnhorst"}},{"type":"Feature","geometry":{"type":"Point","coordinates":[7.4005943,51.5105946]},"properties":{"kind":"substation","voltage":110000,"name":"Unterwerk Dortmund"}},{"type":"Feature","geometry":{"type":"Point","coordinates":[7.3913163,51.4875923]},"properties":{"kind":"substation","voltage":110000,"name":"Station Technopark"}},{"type":"Feature","geometry":{"type":"Point","coordinates":[7.4021547,51.5096035]},"properties":{"kind":"substation","voltage":110000,"name":"Dorstfeld"}},{"type":"Feature","geometry":{"type":"Point","coordinates":[7.8137913,51.4233481]},"properties":{"kind":"substation","voltage":110000,"name":"Umspannwerk Horlecke"}},{"type":"Feature","geometry":{"type":"Point","coordinates":[7.6913004,51.4198546]},"properties":{"kind":"substation","voltage":110000,"name":"Station Kalthof"}},{"type":"Feature","geometry":{"type":"Point","coordinates":[6.5587768,51.4373457]},"properties":{"kind":"substation","voltage":110000,"name":"Station Neukirchen"}},{"type":"Feature","geometry":{"type":"Point","coordinates":[7.5294595,50.9807993]},"properties":{"kind":"substation","voltage":110000,"name":"Dieringhausen"}},{"type":"Feature","geometry":{"type":"Point","coordinates":[7.5295332,50.981322]},"properties":{"kind":"substation","voltage":110000,"name":"Dieringhausen"}},{"type":"Feature","geometry":{"type":"Point","coordinates":[7.4328782,51.5338221]},"properties":{"kind":"substation","voltage":110000,"name":"Hafen"}},{"type":"Feature","geometry":{"type":"Point","coordinates":[7.4455636,51.5436091]},"properties":{"kind":"substation","voltage":110000,"name":null}},{"type":"Feature","geometry":{"type":"Point","coordinates":[7.4249634,51.5938434]},"properties":{"kind":"substation","voltage":110000,"name":null}},{"type":"Feature","geometry":{"type":"Point","coordinates":[6.4608898,51.7149564]},"properties":{"kind":"substation","voltage":110000,"name":"Station Mehr"}},{"type":"Feature","geometry":{"type":"Point","coordinates":[7.7699549,51.3822042]},"properties":{"kind":"substation","voltage":110000,"name":"Hemer"}},{"type":"Feature","geometry":{"type":"Point","coordinates":[7.3833236,51.5513567]},"properties":{"kind":"substation","voltage":110000,"name":"Station Bodelschwingh"}},{"type":"Feature","geometry":{"type":"Point","coordinates":[7.4758469,51.5185759]},"properties":{"kind":"substation","voltage":110000,"name":null}},{"type":"Feature","geometry":{"type":"Point","coordinates":[6.9025922,51.014691]},"properties":{"kind":"substation","voltage":110000,"name":null}},{"type":"Feature","geometry":{"type":"Point","coordinates":[6.4691596,50.7620364]},"properties":{"kind":"substation","voltage":110000,"name":null}},{"type":"Feature","geometry":{"type":"Point","coordinates":[6.9960712,51.5141771]},"properties":{"kind":"substation","voltage":380000,"name":"Station Karnap"}},{"type":"Feature","geometry":{"type":"Point","coordinates":[7.0829397,51.475172]},"properties":{"kind":"substation","voltage":110000,"name":"Station Bonifacius"}},{"type":"Feature","geometry":{"type":"Point","coordinates":[7.0108678,51.467283]},"properties":{"kind":"substation","voltage":110000,"name":null}},{"type":"Feature","geometry":{"type":"Point","coordinates":[6.7812282,50.8376861]},"properties":{"kind":"substation","voltage":110000,"name":"Station Kierdorf"}},{"type":"Feature","geometry":{"type":"Point","coordinates":[6.9372128,51.1034315]},"properties":{"kind":"substation","voltage":110000,"name":"Unterwerk Langenfeld"}},{"type":"Feature","geometry":{"type":"Point","coordinates":[7.0725484,51.420181]},"properties":{"kind":"substation","voltage":110000,"name":"Station Heinrich"}},{"type":"Feature","geometry":{"type":"Point","coordinates":[7.1673988,51.4216507]},"properties":{"kind":"substation","voltage":110000,"name":"Umspannwerk Linden"}},{"type":"Feature","geometry":{"type":"Point","coordinates":[7.1373842,50.8146726]},"properties":{"kind":"substation","voltage":110000,"name":"Station Oberlar"}},{"type":"Feature","geometry":{"type":"Point","coordinates":[7.2791875,51.4721307]},"properties":{"kind":"substation","voltage":220000,"name":"Station Laer"}},{"type":"Feature","geometry":{"type":"Point","coordinates":[7.2637107,51.5660376]},"properties":{"kind":"substation","voltage":110000,"name":"Station Linde Gas"}},{"type":"Feature","geometry":{"type":"Point","coordinates":[8.0520512,50.8709099]},"properties":{"kind":"substation","voltage":110000,"name":null}},{"type":"Feature","geometry":{"type":"Point","coordinates":[7.3001733,51.4915879]},"properties":{"kind":"substation","voltage":110000,"name":"Station Robert Müser"}},{"type":"Feature","geometry":{"type":"Point","coordinates":[8.8301941,51.7280739]},"properties":{"kind":"substation","voltage":110000,"name":"Umspannwerk Benhausen"}},{"type":"Feature","geometry":{"type":"Point","coordinates":[7.1805051,51.4526227]},"properties":{"kind":"substation","voltage":110000,"name":"Umspannwerk Eppendorf"}},{"type":"Feature","geometry":{"type":"Point","coordinates":[7.1792583,51.4720283]},"properties":{"kind":"substation","voltage":220000,"name":"Station Bochum"}},{"type":"Feature","geometry":{"type":"Point","coordinates":[7.1800637,51.4749454]},"properties":{"kind":"substation","voltage":110000,"name":"Station Bochum"}},{"type":"Feature","geometry":{"type":"Point","coordinates":[6.4988167,51.3643359]},"properties":{"kind":"substation","voltage":110000,"name":"Umspannanlage Hüls"}},{"type":"Feature","geometry":{"type":"Point","coordinates":[8.955389,51.7671994]},"properties":{"kind":"substation","voltage":110000,"name":"Altenbeken"}},{"type":"Feature","geometry":{"type":"Point","coordinates":[7.4345935,52.2993703]},"properties":{"kind":"substation","voltage":110000,"name":"Altenrheine"}},{"type":"Feature","geometry":{"type":"Point","coordinates":[7.2971341,51.5909819]},"properties":{"kind":"substation","voltage":110000,"name":"Station Habinghorst"}},{"type":"Feature","geometry":{"type":"Point","coordinates":[6.9777353,51.4882688]},"properties":{"kind":"substation","voltage":110000,"name":"Station Sulterkamp"}},{"type":"Feature","geometry":{"type":"Point","coordinates":[6.9611386,51.514939]},"properties":{"kind":"substation","voltage":110000,"name":"Station Prosper II"}},{"type":"Feature","geometry":{"type":"Point","coordinates":[6.9833744,51.5347834]},"properties":{"kind":"substation","voltage":110000,"name":"Station Welheim"}},{"type":"Feature","geometry":{"type":"Point","coordinates":[6.8852141,51.4565018]},"properties":{"kind":"substation","voltage":110000,"name":"Station Dümpten"}},{"type":"Feature","geometry":{"type":"Point","coordinates":[8.5286818,52.0158347]},"properties":{"kind":"substation","voltage":110000,"name":"UW Sparrenberg"}},{"type":"Feature","geometry":{"type":"Point","coordinates":[7.9891758,51.4340636]},"properties":{"kind":"substation","voltage":110000,"name":null}},{"type":"Feature","geometry":{"type":"Point","coordinates":[6.9647256,51.4743835]},"properties":{"kind":"substation","voltage":110000,"name":"Station Jahnstraße"}},{"type":"Feature","geometry":{"type":"Point","coordinates":[6.8223668,51.3425517]},"properties":{"kind":"substation","voltage":110000,"name":"Station Lintorf"}},{"type":"Feature","geometry":{"type":"Point","coordinates":[7.3243748,51.4319799]},"properties":{"kind":"substation","voltage":110000,"name":"Schalthaus 1"}},{"type":"Feature","geometry":{"type":"Point","coordinates":[6.4071365,50.912115]},"properties":{"kind":"substation","voltage":110000,"name":"Station KFA"}},{"type":"Feature","geometry":{"type":"Point","coordinates":[6.2705127,50.6401884]},"properties":{"kind":"substation","voltage":110000,"name":null}},{"type":"Feature","geometry":{"type":"Point","coordinates":[7.2526281,51.4045852]},"properties":{"kind":"substation","voltage":110000,"name":"US Steinenhaus"}},{"type":"Feature","geometry":{"type":"Point","coordinates":[7.1709588,51.7325223]},"properties":{"kind":"substation","voltage":110000,"name":"Station Haltern"}},{"type":"Feature","geometry":{"type":"Point","coordinates":[6.3593135,50.9064233]},"properties":{"kind":"substation","voltage":110000,"name":"Station Jülich Kinofilm"}},{"type":"Feature","geometry":{"type":"Point","coordinates":[7.2959305,51.2976359]},"properties":{"kind":"substation","voltage":110000,"name":"Schwelm"}},{"type":"Feature","geometry":{"type":"Point","coordinates":[7.5430419,51.4532172]},"properties":{"kind":"substation","voltage":110000,"name":"Station Holzen Mast 30"}},{"type":"Feature","geometry":{"type":"Point","coordinates":[7.180789,52.1989029]},"properties":{"kind":"substation","voltage":110000,"name":"Ochtrup"}},{"type":"Feature","geometry":{"type":"Point","coordinates":[7.1034767,50.7384286]},"properties":{"kind":"substation","voltage":110000,"name":"Umspannanlage Sandkaule"}},{"type":"Feature","geometry":{"type":"Point","coordinates":[7.7067331,51.2784221]},"properties":{"kind":"substation","voltage":110000,"name":"Elverlingsen"}},{"type":"Feature","geometry":{"type":"Point","coordinates":[7.5975818,51.3474204]},"properties":{"kind":"substation","voltage":110000,"name":"Oege"}},{"type":"Feature","geometry":{"type":"Point","coordinates":[7.3935696,51.3708065]},"properties":{"kind":"substation","voltage":110000,"name":"Volmarstein"}},{"type":"Feature","geometry":{"type":"Point","coordinates":[7.0178771,51.3707109]},"properties":{"kind":"substation","voltage":110000,"name":"Station Heidhausen - Umspannwerk"}},{"type":"Feature","geometry":{"type":"Point","coordinates":[7.7443891,51.6848919]},"properties":{"kind":"substation","voltage":110000,"name":"Station Bockum-Hövel"}},{"type":"Feature","geometry":{"type":"Point","coordinates":[6.8871162,51.0881956]},"properties":{"kind":"substation","voltage":110000,"name":null}},{"type":"Feature","geometry":{"type":"Point","coordinates":[7.7736804,51.676913]},"properties":{"kind":"substation","voltage":110000,"name":"Hamm Hafen"}},{"type":"Feature","geometry":{"type":"Point","coordinates":[7.7613527,51.6747488]},"properties":{"kind":"substation","voltage":110000,"name":null}},{"type":"Feature","geometry":{"type":"Point","coordinates":[7.7590877,51.6527918]},"properties":{"kind":"substation","voltage":110000,"name":"Station Heinrich Robert"}},{"type":"Feature","geometry":{"type":"Point","coordinates":[7.8782105,51.3417329]},"properties":{"kind":"substation","voltage":110000,"name":null}},{"type":"Feature","geometry":{"type":"Point","coordinates":[7.3235467,50.6552248]},"properties":{"kind":"substation","voltage":110000,"name":"Unterwerk Orscheid"}},{"type":"Feature","geometry":{"type":"Point","coordinates":[7.0943957,51.2502794]},"properties":{"kind":"substation","voltage":110000,"name":"Station Möbeck"}},{"type":"Feature","geometry":{"type":"Point","coordinates":[6.826086,50.8634794]},"properties":{"kind":"substation","voltage":110000,"name":"Umspannanlage Berrenrath"}},{"type":"Feature","geometry":{"type":"Point","coordinates":[7.2931362,50.6910007]},"properties":{"kind":"substation","voltage":110000,"name":"Station Ittenbach"}},{"type":"Feature","geometry":{"type":"Point","coordinates":[6.8180112,50.6564378]},"properties":{"kind":"substation","voltage":110000,"name":"Umspannwerk Station Euskirchen"}},{"type":"Feature","geometry":{"type":"Point","coordinates":[6.8386335,50.6860132]},"properties":{"kind":"substation","voltage":110000,"name":"Umspannwerk Station IPAS"}},{"type":"Feature","geometry":{"type":"Point","coordinates":[6.8340161,50.7427661]},"properties":{"kind":"substation","voltage":110000,"name":"Station Vernich"}},{"type":"Feature","geometry":{"type":"Point","coordinates":[6.7801852,50.7966987]},"properties":{"kind":"substation","voltage":110000,"name":null}},{"type":"Feature","geometry":{"type":"Point","coordinates":[6.6413345,50.708922]},"properties":{"kind":"substation","voltage":110000,"name":null}},{"type":"Feature","geometry":{"type":"Point","coordinates":[6.7671915,50.6556418]},"properties":{"kind":"substation","voltage":110000,"name":"Umspannwerk Station Kommerner Straße"}},{"type":"Feature","geometry":{"type":"Point","coordinates":[6.6559397,50.6198101]},"properties":{"kind":"substation","voltage":110000,"name":null}},{"type":"Feature","geometry":{"type":"Point","coordinates":[6.2020183,50.7913732]},"properties":{"kind":"substation","voltage":110000,"name":"Unterwerk Stolberg"}},{"type":"Feature","geometry":{"type":"Point","coordinates":[6.6542702,50.8929364]},"properties":{"kind":"substation","voltage":110000,"name":"Unterwerk Sindorf"}},{"type":"Feature","geometry":{"type":"Point","coordinates":[6.9971498,51.2500702]},"properties":{"kind":"substation","voltage":110000,"name":"Station Mettmann"}},{"type":"Feature","geometry":{"type":"Point","coordinates":[6.4956647,50.488686]},"properties":{"kind":"substation","voltage":110000,"name":null}},{"type":"Feature","geometry":{"type":"Point","coordinates":[6.5929304,50.5734341]},"properties":{"kind":"substation","voltage":110000,"name":"Station Wallenthal"}},{"type":"Feature","geometry":{"type":"Point","coordinates":[6.5631408,50.5477857]},"properties":{"kind":"substation","voltage":110000,"name":"Station Kall"}},{"type":"Feature","geometry":{"type":"Point","coordinates":[6.6339129,50.8040757]},"properties":{"kind":"substation","voltage":110000,"name":null}},{"type":"Feature","geometry":{"type":"Point","coordinates":[6.5155597,50.7851203]},"properties":{"kind":"substation","voltage":110000,"name":null}},{"type":"Feature","geometry":{"type":"Point","coordinates":[7.0197215,51.0927334]},"properties":{"kind":"substation","voltage":110000,"name":"Station Balken"}},{"type":"Feature","geometry":{"type":"Point","coordinates":[7.5220388,50.77004]},"properties":{"kind":"substation","voltage":110000,"name":"Unterwerk Herchen"}},{"type":"Feature","geometry":{"type":"Point","coordinates":[7.5564147,51.0196717]},"properties":{"kind":"substation","voltage":110000,"name":"Gummersbach"}},{"type":"Feature","geometry":{"type":"Point","coordinates":[7.4694036,50.7683948]},"properties":{"kind":"substation","voltage":110000,"name":null}},{"type":"Feature","geometry":{"type":"Point","coordinates":[7.1877922,50.6862878]},"properties":{"kind":"substation","voltage":110000,"name":"Lemmerz-Werke"}},{"type":"Feature","geometry":{"type":"Point","coordinates":[7.1226882,50.8509494]},"properties":{"kind":"substation","voltage":110000,"name":null}},{"type":"Feature","geometry":{"type":"Point","coordinates":[6.7905591,51.0023884]},"properties":{"kind":"substation","voltage":110000,"name":"Station Pulheim"}},{"type":"Feature","geometry":{"type":"Point","coordinates":[6.1365844,51.0631776]},"properties":{"kind":"substation","voltage":110000,"name":null}},{"type":"Feature","geometry":{"type":"Point","coordinates":[6.2220723,51.0040536]},"properties":{"kind":"substation","voltage":110000,"name":null}},{"type":"Feature","geometry":{"type":"Point","coordinates":[6.1413442,51.0982464]},"properties":{"kind":"substation","voltage":110000,"name":null}},{"type":"Feature","geometry":{"type":"Point","coordinates":[7.2553336,51.0555703]},"properties":{"kind":"substation","voltage":110000,"name":null}},{"type":"Feature","geometry":{"type":"Point","coordinates":[7.118914,51.0813307]},"properties":{"kind":"substation","voltage":110000,"name":null}},{"type":"Feature","geometry":{"type":"Point","coordinates":[7.1827002,51.0596965]},"properties":{"kind":"substation","voltage":110000,"name":null}},{"type":"Feature","geometry":{"type":"Point","coordinates":[6.9205405,51.122121]},"properties":{"kind":"substation","voltage":110000,"name":"Station Wolfhagen"}},{"type":"Feature","geometry":{"type":"Point","coordinates":[6.6299569,51.2161509]},"properties":{"kind":"substation","voltage":110000,"name":"Station Holzbüttgen"}},{"type":"Feature","geometry":{"type":"Point","coordinates":[6.6798929,51.1841535]},"properties":{"kind":"substation","voltage":110000,"name":"Station Neuss Jülicherstraße"}},{"type":"Feature","geometry":{"type":"Point","coordinates":[6.7384611,51.1685855]},"properties":{"kind":"substation","voltage":110000,"name":"RWE Umspannanlage"}},{"type":"Feature","geometry":{"type":"Point","coordinates":[7.4446463,50.9869501]},"properties":{"kind":"substation","voltage":110000,"name":null}},{"type":"Feature","geometry":{"type":"Point","coordinates":[7.5868709,50.8037599]},"properties":{"kind":"substation","voltage":110000,"name":null}},{"type":"Feature","geometry":{"type":"Point","coordinates":[7.6093737,50.8696036]},"properties":{"kind":"substation","voltage":110000,"name":null}},{"type":"Feature","geometry":{"type":"Point","coordinates":[7.6459129,50.9278201]},"properties":{"kind":"substation","voltage":110000,"name":"Umspannwerk Brüchermühle"}},{"type":"Feature","geometry":{"type":"Point","coordinates":[7.3791585,50.8534794]},"properties":{"kind":"substation","voltage":110000,"name":null}},{"type":"Feature","geometry":{"type":"Point","coordinates":[7.0278627,51.4567536]},"properties":{"kind":"substation","voltage":110000,"name":"Unterwerk Essen"}},{"type":"Feature","geometry":{"type":"Point","coordinates":[7.9668719,51.1677318]},"properties":{"kind":"substation","voltage":110000,"name":"Unterwerk Finnentrop"}},{"type":"Feature","geometry":{"type":"Point","coordinates":[6.9301395,51.2072591]},"properties":{"kind":"substation","voltage":110000,"name":"Station Unterfeldhaus"}},{"type":"Feature","geometry":{"type":"Point","coordinates":[6.911161,51.2262946]},"properties":{"kind":"substation","voltage":110000,"name":"Station Erkrath"}},{"type":"Feature","geometry":{"type":"Point","coordinates":[6.455548,50.8424353]},"properties":{"kind":"substation","voltage":110000,"name":null}},{"type":"Feature","geometry":{"type":"Point","coordinates":[7.2213994,51.4523582]},"properties":{"kind":"substation","voltage":110000,"name":"Station Bochum"}},{"type":"Feature","geometry":{"type":"Point","coordinates":[7.0406677,51.3486599]},"properties":{"kind":"substation","voltage":110000,"name":"UW2"}},{"type":"Feature","geometry":{"type":"Point","coordinates":[7.060347,51.3396217]},"properties":{"kind":"substation","voltage":110000,"name":"UW1"}},{"type":"Feature","geometry":{"type":"Point","coordinates":[7.0538926,51.3495255]},"properties":{"kind":"substation","voltage":110000,"name":null}},{"type":"Feature","geometry":{"type":"Point","coordinates":[6.449333,51.1589573]},"properties":{"kind":"substation","voltage":110000,"name":null}},{"type":"Feature","geometry":{"type":"Point","coordinates":[6.5522276,51.5098351]},"properties":{"kind":"substation","voltage":110000,"name":"Station Kamp"}},{"type":"Feature","geometry":{"type":"Point","coordinates":[6.6616213,51.5985979]},"properties":{"kind":"substation","voltage":110000,"name":"Station Löhnen"}},{"type":"Feature","geometry":{"type":"Point","coordinates":[6.7048036,51.5593242]},"properties":{"kind":"substation","voltage":110000,"name":"Station Eppinghoven"}},{"type":"Feature","geometry":{"type":"Point","coordinates":[6.7236655,51.3556964]},"properties":{"kind":"substation","voltage":220000,"name":"Station Mündelheim"}},{"type":"Feature","geometry":{"type":"Point","coordinates":[6.588122,51.3278809]},"properties":{"kind":"substation","voltage":110000,"name":"Krefeld/Mitte"}},{"type":"Feature","geometry":{"type":"Point","coordinates":[8.3485943,51.4877067]},"properties":{"kind":"substation","voltage":110000,"name":"Belecke"}},{"type":"Feature","geometry":{"type":"Point","coordinates":[6.1481475,51.7928227]},"properties":{"kind":"substation","voltage":110000,"name":null}},{"type":"Feature","geometry":{"type":"Point","coordinates":[7.2520842,51.2218383]},"properties":{"kind":"substation","voltage":110000,"name":"Station Luckhausen"}},{"type":"Feature","geometry":{"type":"Point","coordinates":[7.7291544,50.8759616]},"properties":{"kind":"substation","voltage":110000,"name":"Umspannanlage Morsbach"}},{"type":"Feature","geometry":{"type":"Point","coordinates":[7.2331818,51.2319646]},"properties":{"kind":"substation","voltage":110000,"name":"Station Linde"}},{"type":"Feature","geometry":{"type":"Point","coordinates":[7.2281376,51.1873869]},"properties":{"kind":"substation","voltage":110000,"name":"Ueberfeld"}},{"type":"Feature","geometry":{"type":"Point","coordinates":[7.1475525,51.1619457]},"properties":{"kind":"substation","voltage":110000,"name":"Rheinshagen"}},{"type":"Feature","geometry":{"type":"Point","coordinates":[6.7638448,50.9060414]},"properties":{"kind":"substation","voltage":110000,"name":null}},{"type":"Feature","geometry":{"type":"Point","coordinates":[6.8335824,51.0836831]},"properties":{"kind":"substation","voltage":110000,"name":"Station Bayerwerk Dormagen"}},{"type":"Feature","geometry":{"type":"Point","coordinates":[6.2114285,51.8477526]},"properties":{"kind":"substation","voltage":110000,"name":"Station Hüthum"}},{"type":"Feature","geometry":{"type":"Point","coordinates":[6.0484883,51.7842806]},"properties":{"kind":"substation","voltage":110000,"name":null}},{"type":"Feature","geometry":{"type":"Point","coordinates":[6.3305245,51.5115119]},"properties":{"kind":"substation","voltage":110000,"name":"Station Geldern"}},{"type":"Feature","geometry":{"type":"Point","coordinates":[6.2589582,51.5820537]},"properties":{"kind":"substation","voltage":110000,"name":"Station Kevelaer"}},{"type":"Feature","geometry":{"type":"Point","coordinates":[6.4694596,51.5181538]},"properties":{"kind":"substation","voltage":110000,"name":null}},{"type":"Feature","geometry":{"type":"Point","coordinates":[6.270045,51.4357378]},"properties":{"kind":"substation","voltage":110000,"name":null}},{"type":"Feature","geometry":{"type":"Point","coordinates":[6.4362262,51.3705671]},"properties":{"kind":"substation","voltage":110000,"name":"Station Kempen"}},{"type":"Feature","geometry":{"type":"Point","coordinates":[6.3269348,51.3330473]},"properties":{"kind":"substation","voltage":110000,"name":"Station Schaphausen"}},{"type":"Feature","geometry":{"type":"Point","coordinates":[6.5742363,51.524639]},"properties":{"kind":"substation","voltage":110000,"name":"Station Graft"}},{"type":"Feature","geometry":{"type":"Point","coordinates":[6.1228226,50.9757921]},"properties":{"kind":"substation","voltage":110000,"name":null}},{"type":"Feature","geometry":{"type":"Point","coordinates":[6.3849287,51.2877989]},"properties":{"kind":"substation","voltage":110000,"name":"Station Süchteln"}},{"type":"Feature","geometry":{"type":"Point","coordinates":[6.2546086,51.3011078]},"properties":{"kind":"substation","voltage":110000,"name":"Station Breyell"}},{"type":"Feature","geometry":{"type":"Point","coordinates":[6.2010844,51.2690776]},"properties":{"kind":"substation","voltage":110000,"name":"Station Bracht"}},{"type":"Feature","geometry":{"type":"Point","coordinates":[6.8685088,51.2886404]},"properties":{"kind":"substation","voltage":110000,"name":"Station Schwarzbach"}},{"type":"Feature","geometry":{"type":"Point","coordinates":[6.657951,51.3421971]},"properties":{"kind":"substation","voltage":110000,"name":"Umspannanlage Hafen"}},{"type":"Feature","geometry":{"type":"Point","coordinates":[6.5425229,51.2995098]},"properties":{"kind":"substation","voltage":220000,"name":"Station Edelstahl Krefeld"}},{"type":"Feature","geometry":{"type":"Point","coordinates":[6.5489362,51.2541552]},"properties":{"kind":"substation","voltage":110000,"name":null}},{"type":"Feature","geometry":{"type":"Point","coordinates":[6.0961827,51.0541451]},"properties":{"kind":"substation","voltage":110000,"name":null}},{"type":"Feature","geometry":{"type":"Point","coordinates":[6.1922576,50.7454788]},"properties":{"kind":"substation","voltage":110000,"name":null}},{"type":"Feature","geometry":{"type":"Point","coordinates":[6.6156238,51.1344277]},"properties":{"kind":"substation","voltage":110000,"name":null}},{"type":"Feature","geometry":{"type":"Point","coordinates":[6.278752,50.9770053]},"properties":{"kind":"substation","voltage":110000,"name":null}},{"type":"Feature","geometry":{"type":"Point","coordinates":[6.5318025,51.0695641]},"properties":{"kind":"substation","voltage":110000,"name":null}},{"type":"Feature","geometry":{"type":"Point","coordinates":[6.7041491,50.9302861]},"properties":{"kind":"substation","voltage":110000,"name":"Station Ichendorf"}},{"type":"Feature","geometry":{"type":"Point","coordinates":[6.6807957,50.8962199]},"properties":{"kind":"substation","voltage":110000,"name":null}},{"type":"Feature","geometry":{"type":"Point","coordinates":[6.5275808,50.9387488]},"properties":{"kind":"substation","voltage":110000,"name":"Schaltanlage Tollhausen"}},{"type":"Feature","geometry":{"type":"Point","coordinates":[6.7137066,50.8975151]},"properties":{"kind":"substation","voltage":110000,"name":null}},{"type":"Feature","geometry":{"type":"Point","coordinates":[6.612359,51.0359421]},"properties":{"kind":"substation","voltage":380000,"name":null}},{"type":"Feature","geometry":{"type":"Point","coordinates":[7.2240654,51.4524847]},"properties":{"kind":"substation","voltage":110000,"name":"Umspannwerk Wohlfahrtstr."}},{"type":"Feature","geometry":{"type":"Point","coordinates":[6.1657601,50.7644818]},"properties":{"kind":"substation","voltage":110000,"name":null}},{"type":"Feature","geometry":{"type":"Point","coordinates":[8.2958354,51.1595618]},"properties":{"kind":"substation","voltage":110000,"name":"Station Schmallenberg"}},{"type":"Feature","geometry":{"type":"Point","coordinates":[8.3315324,51.036778]},"properties":{"kind":"substation","voltage":110000,"name":"Station Berghausen-Berleburg"}},{"type":"Feature","geometry":{"type":"Point","coordinates":[8.1496181,50.8346335]},"properties":{"kind":"substation","voltage":110000,"name":"Unterwerk Rudersdorf"}},{"type":"Feature","geometry":{"type":"Point","coordinates":[6.4205989,51.7664245]},"properties":{"kind":"substation","voltage":110000,"name":"Station Rees"}},{"type":"Feature","geometry":{"type":"Point","coordinates":[6.4222946,51.8134849]},"properties":{"kind":"substation","voltage":110000,"name":"Station Millingen"}},{"type":"Feature","geometry":{"type":"Point","coordinates":[7.6559142,51.6004437]},"properties":{"kind":"substation","voltage":110000,"name":"Station Kamen"}},{"type":"Feature","geometry":{"type":"Point","coordinates":[8.5303613,51.2043549]},"properties":{"kind":"substation","voltage":110000,"name":"Station Winterberg"}},{"type":"Feature","geometry":{"type":"Point","coordinates":[8.3985852,51.0611418]},"properties":{"kind":"substation","voltage":110000,"name":null}},{"type":"Feature","geometry":{"type":"Point","coordinates":[8.1046594,50.989188]},"properties":{"kind":"substation","voltage":110000,"name":"Hilchenbach Mühlenweg"}},{"type":"Feature","geometry":{"type":"Point","coordinates":[8.2622387,51.0000207]},"properties":{"kind":"substation","voltage":110000,"name":"Station Erndtebrück"}},{"type":"Feature","geometry":{"type":"Point","coordinates":[7.1982515,51.2739702]},"properties":{"kind":"substation","voltage":110000,"name":null}},{"type":"Feature","geometry":{"type":"Point","coordinates":[6.8489703,51.438508]},"properties":{"kind":"substation","voltage":110000,"name":"Siemens Energy"}},{"type":"Feature","geometry":{"type":"Point","coordinates":[6.7879556,51.5334666]},"properties":{"kind":"substation","voltage":110000,"name":"Station Wehofen"}},{"type":"Feature","geometry":{"type":"Point","coordinates":[6.9847012,51.5536108]},"properties":{"kind":"substation","voltage":110000,"name":null}},{"type":"Feature","geometry":{"type":"Point","coordinates":[6.8423774,51.5483542]},"properties":{"kind":"substation","voltage":110000,"name":"Station Flachsdick"}},{"type":"Feature","geometry":{"type":"Point","coordinates":[6.2256358,50.7893117]},"properties":{"kind":"substation","voltage":110000,"name":"Station Velau"}},{"type":"Feature","geometry":{"type":"Point","coordinates":[6.2446073,50.7469814]},"properties":{"kind":"substation","voltage":110000,"name":null}},{"type":"Feature","geometry":{"type":"Point","coordinates":[6.4990052,51.7486837]},"properties":{"kind":"substation","voltage":110000,"name":"Unterwerk Mehrhoog"}},{"type":"Feature","geometry":{"type":"Point","coordinates":[7.0090036,51.1740783]},"properties":{"kind":"substation","voltage":110000,"name":"Station Ohligs"}},{"type":"Feature","geometry":{"type":"Point","coordinates":[7.1707525,51.5025356]},"properties":{"kind":"substation","voltage":110000,"name":"Umspannanlage Berthastraße"}},{"type":"Feature","geometry":{"type":"Point","coordinates":[7.1156805,51.5786973]},"properties":{"kind":"substation","voltage":110000,"name":"Station Resse"}},{"type":"Feature","geometry":{"type":"Point","coordinates":[7.2046564,51.5406234]},"properties":{"kind":"substation","voltage":110000,"name":null}},{"type":"Feature","geometry":{"type":"Point","coordinates":[7.0129313,51.4637989]},"properties":{"kind":"substation","voltage":110000,"name":null}},{"type":"Feature","geometry":{"type":"Point","coordinates":[7.6126455,51.2374035]},"properties":{"kind":"substation","voltage":110000,"name":"Heerwiese"}},{"type":"Feature","geometry":{"type":"Point","coordinates":[8.2662299,51.3511448]},"properties":{"kind":"substation","voltage":110000,"name":"Station Meschede"}},{"type":"Feature","geometry":{"type":"Point","coordinates":[6.9750369,51.5991829]},"properties":{"kind":"substation","voltage":110000,"name":"Station Zweckel"}},{"type":"Feature","geometry":{"type":"Point","coordinates":[7.4408137,52.2624897]},"properties":{"kind":"substation","voltage":110000,"name":"Station Rheine"}},{"type":"Feature","geometry":{"type":"Point","coordinates":[6.7578904,51.5576849]},"properties":{"kind":"substation","voltage":110000,"name":null}},{"type":"Feature","geometry":{"type":"Point","coordinates":[6.7630524,51.5800743]},"properties":{"kind":"substation","voltage":110000,"name":null}},{"type":"Feature","geometry":{"type":"Point","coordinates":[6.6077445,51.6826351]},"properties":{"kind":"substation","voltage":110000,"name":"Station Feldmark"}},{"type":"Feature","geometry":{"type":"Point","coordinates":[6.6554886,50.9853072]},"properties":{"kind":"substation","voltage":110000,"name":null}},{"type":"Feature","geometry":{"type":"Point","coordinates":[6.6139605,51.8238796]},"properties":{"kind":"substation","voltage":110000,"name":"Station Bocholt"}},{"type":"Feature","geometry":{"type":"Point","coordinates":[6.6017906,51.7732407]},"properties":{"kind":"substation","voltage":110000,"name":"Station Dingden"}},{"type":"Feature","geometry":{"type":"Point","coordinates":[7.3750087,52.1230587]},"properties":{"kind":"substation","voltage":110000,"name":"Station Borghorst"}},{"type":"Feature","geometry":{"type":"Point","coordinates":[7.5912891,51.9283469]},"properties":{"kind":"substation","voltage":220000,"name":"Station Münster"}},{"type":"Feature","geometry":{"type":"Point","coordinates":[6.5427712,51.4806078]},"properties":{"kind":"substation","voltage":110000,"name":"Station Eyllerberg"}},{"type":"Feature","geometry":{"type":"Point","coordinates":[7.9486462,52.3287543]},"properties":{"kind":"substation","voltage":110000,"name":"Station Halen"}},{"type":"Feature","geometry":{"type":"Point","coordinates":[6.5737537,51.5512754]},"properties":{"kind":"substation","voltage":110000,"name":"Station Annaberg"}},{"type":"Feature","geometry":{"type":"Point","coordinates":[6.8328975,51.0869018]},"properties":{"kind":"substation","voltage":110000,"name":"Station Dormagen"}},{"type":"Feature","geometry":{"type":"Point","coordinates":[7.096313,51.3966454]},"properties":{"kind":"substation","voltage":110000,"name":"Station Kupferdreh"}},{"type":"Feature","geometry":{"type":"Point","coordinates":[7.6160281,52.3085294]},"properties":{"kind":"substation","voltage":110000,"name":null}},{"type":"Feature","geometry":{"type":"Point","coordinates":[6.2416295,50.7548529]},"properties":{"kind":"substation","voltage":110000,"name":null}},{"type":"Feature","geometry":{"type":"Point","coordinates":[6.1332332,50.77488]},"properties":{"kind":"substation","voltage":110000,"name":null}},{"type":"Feature","geometry":{"type":"Point","coordinates":[7.8071486,51.706494]},"properties":{"kind":"substation","voltage":110000,"name":"Station Heessen"}},{"type":"Feature","geometry":{"type":"Point","coordinates":[6.8232793,51.0883316]},"properties":{"kind":"substation","voltage":110000,"name":"Station Jussenhoven"}},{"type":"Feature","geometry":{"type":"Point","coordinates":[6.1686147,50.9117013]},"properties":{"kind":"substation","voltage":110000,"name":null}},{"type":"Feature","geometry":{"type":"Point","coordinates":[7.6697304,51.5418708]},"properties":{"kind":"substation","voltage":110000,"name":"UW Alter Hellweg"}},{"type":"Feature","geometry":{"type":"Point","coordinates":[8.4425885,51.4996421]},"properties":{"kind":"substation","voltage":110000,"name":"Station Rüthen"}},{"type":"Feature","geometry":{"type":"Point","coordinates":[6.9982672,51.1922704]},"properties":{"kind":"substation","voltage":110000,"name":"Station Haan"}},{"type":"Feature","geometry":{"type":"Point","coordinates":[7.2690793,51.652277]},"properties":{"kind":"substation","voltage":110000,"name":"Station Erkenschwick"}},{"type":"Feature","geometry":{"type":"Point","coordinates":[8.1750964,51.3627588]},"properties":{"kind":"substation","voltage":110000,"name":"Station Freienohl"}},{"type":"Feature","geometry":{"type":"Point","coordinates":[8.0344392,50.9136975]},"properties":{"kind":"substation","voltage":110000,"name":null}},{"type":"Feature","geometry":{"type":"Point","coordinates":[7.5104119,51.6016667]},"properties":{"kind":"substation","voltage":110000,"name":null}},{"type":"Feature","geometry":{"type":"Point","coordinates":[7.5310986,51.5954257]},"properties":{"kind":"substation","voltage":110000,"name":"Station Sedanstraße"}},{"type":"Feature","geometry":{"type":"Point","coordinates":[7.6484847,51.6606211]},"properties":{"kind":"substation","voltage":110000,"name":"Station Werne"}},{"type":"Feature","geometry":{"type":"Point","coordinates":[7.9393215,51.6757729]},"properties":{"kind":"substation","voltage":110000,"name":null}},{"type":"Feature","geometry":{"type":"Point","coordinates":[6.9267835,52.1311761]},"properties":{"kind":"substation","voltage":110000,"name":"Station Alstätte"}},{"type":"Feature","geometry":{"type":"Point","coordinates":[6.8386215,52.0299936]},"properties":{"kind":"substation","voltage":110000,"name":"Station Vreden"}},{"type":"Feature","geometry":{"type":"Point","coordinates":[6.7611035,50.5718399]},"properties":{"kind":"substation","voltage":110000,"name":null}},{"type":"Feature","geometry":{"type":"Point","coordinates":[7.5658956,51.9540607]},"properties":{"kind":"substation","voltage":110000,"name":"Gievenbeck"}},{"type":"Feature","geometry":{"type":"Point","coordinates":[6.4873795,50.6997956]},"properties":{"kind":"substation","voltage":110000,"name":null}},{"type":"Feature","geometry":{"type":"Point","coordinates":[7.9690307,51.1816345]},"properties":{"kind":"substation","voltage":110000,"name":"Station Finnentrop"}},{"type":"Feature","geometry":{"type":"Point","coordinates":[6.7152507,51.2129173]},"properties":{"kind":"substation","voltage":110000,"name":"Station Floßhafen"}},{"type":"Feature","geometry":{"type":"Point","coordinates":[8.3763633,51.9019961]},"properties":{"kind":"substation","voltage":110000,"name":null}},{"type":"Feature","geometry":{"type":"Point","coordinates":[6.2785626,51.8334488]},"properties":{"kind":"substation","voltage":110000,"name":"Löwenberg"}},{"type":"Feature","geometry":{"type":"Point","coordinates":[7.1881986,51.9266916]},"properties":{"kind":"substation","voltage":110000,"name":"Kalksbeck"}},{"type":"Feature","geometry":{"type":"Point","coordinates":[7.2763114,51.8770637]},"properties":{"kind":"substation","voltage":110000,"name":"Welte"}},{"type":"Feature","geometry":{"type":"Point","coordinates":[7.2574566,51.5435728]},"properties":{"kind":"substation","voltage":110000,"name":null}},{"type":"Feature","geometry":{"type":"Point","coordinates":[7.8393683,51.0334182]},"properties":{"kind":"substation","voltage":110000,"name":null}},{"type":"Feature","geometry":{"type":"Point","coordinates":[7.1699606,51.5031033]},"properties":{"kind":"substation","voltage":110000,"name":"Station Hannover"}},{"type":"Feature","geometry":{"type":"Point","coordinates":[8.1351433,51.555616]},"properties":{"kind":"substation","voltage":110000,"name":"Station Soest"}},{"type":"Feature","geometry":{"type":"Point","coordinates":[6.6218004,51.0788551]},"properties":{"kind":"substation","voltage":110000,"name":null}},{"type":"Feature","geometry":{"type":"Point","coordinates":[7.2514902,51.2861022]},"properties":{"kind":"substation","voltage":110000,"name":"Langerfeld"}},{"type":"Feature","geometry":{"type":"Point","coordinates":[7.3655027,51.3326867]},"properties":{"kind":"substation","voltage":110000,"name":null}},{"type":"Feature","geometry":{"type":"Point","coordinates":[7.3433198,51.3219904]},"properties":{"kind":"substation","voltage":110000,"name":"US Gevelsberg"}},{"type":"Feature","geometry":{"type":"Point","coordinates":[7.6362669,51.5063325]},"properties":{"kind":"substation","voltage":110000,"name":"Holzwickede"}},{"type":"Feature","geometry":{"type":"Point","coordinates":[6.4731885,51.2339002]},"properties":{"kind":"substation","voltage":110000,"name":"UA Donk"}},{"type":"Feature","geometry":{"type":"Point","coordinates":[7.8281845,51.1948324]},"properties":{"kind":"substation","voltage":110000,"name":"Holthausen"}},{"type":"Feature","geometry":{"type":"Point","coordinates":[8.5440751,51.9925929]},"properties":{"kind":"substation","voltage":110000,"name":"Umspannwerk Sparrenberg"}},{"type":"Feature","geometry":{"type":"Point","coordinates":[6.5065821,51.1984818]},"properties":{"kind":"substation","voltage":110000,"name":"Korschenbroich"}},{"type":"Feature","geometry":{"type":"Point","coordinates":[7.9756672,50.9703066]},"properties":{"kind":"substation","voltage":110000,"name":null}},{"type":"Feature","geometry":{"type":"Point","coordinates":[8.1335547,51.1188367]},"properties":{"kind":"substation","voltage":110000,"name":null}},{"type":"Feature","geometry":{"type":"Point","coordinates":[7.8472082,51.2343618]},"properties":{"kind":"substation","voltage":110000,"name":"Ohle"}},{"type":"Feature","geometry":{"type":"Point","coordinates":[7.7597364,51.2595215]},"properties":{"kind":"substation","voltage":110000,"name":"Werdohl"}},{"type":"Feature","geometry":{"type":"Point","coordinates":[6.7750021,51.4405173]},"properties":{"kind":"substation","voltage":110000,"name":"Umspannwerk"}},{"type":"Feature","geometry":{"type":"Point","coordinates":[6.4220003,51.1829388]},"properties":{"kind":"substation","voltage":110000,"name":"Station Speick"}},{"type":"Feature","geometry":{"type":"Point","coordinates":[8.0315518,50.8953629]},"properties":{"kind":"substation","voltage":110000,"name":null}},{"type":"Feature","geometry":{"type":"Point","coordinates":[8.5961452,52.3049084]},"properties":{"kind":"substation","voltage":110000,"name":null}},{"type":"Feature","geometry":{"type":"Point","coordinates":[8.6405573,52.3715041]},"properties":{"kind":"substation","voltage":110000,"name":null}},{"type":"Feature","geometry":{"type":"Point","coordinates":[8.62341,52.4260571]},"properties":{"kind":"substation","voltage":110000,"name":null}},{"type":"Feature","geometry":{"type":"Point","coordinates":[8.6220998,52.3854533]},"properties":{"kind":"substation","voltage":110000,"name":null}},{"type":"Feature","geometry":{"type":"Point","coordinates":[7.638303,51.9255551]},"properties":{"kind":"substation","voltage":110000,"name":"Geist"}},{"type":"Feature","geometry":{"type":"Point","coordinates":[7.8832578,52.179691]},"properties":{"kind":"substation","voltage":110000,"name":"Lengerich"}},{"type":"Feature","geometry":{"type":"Point","coordinates":[7.3776439,52.060511]},"properties":{"kind":"substation","voltage":110000,"name":null}},{"type":"Feature","geometry":{"type":"Point","coordinates":[7.1115263,52.1992382]},"properties":{"kind":"substation","voltage":110000,"name":"Station NWO"}},{"type":"Feature","geometry":{"type":"Point","coordinates":[7.1207562,51.2480417]},"properties":{"kind":"substation","voltage":110000,"name":"Station Kabelstraße"}},{"type":"Feature","geometry":{"type":"Point","coordinates":[7.104627,51.2554982]},"properties":{"kind":"substation","voltage":110000,"name":null}},{"type":"Feature","geometry":{"type":"Point","coordinates":[6.4794855,51.0399604]},"properties":{"kind":"substation","voltage":110000,"name":null}},{"type":"Feature","geometry":{"type":"Point","coordinates":[6.8841791,51.5455505]},"properties":{"kind":"substation","voltage":110000,"name":null}},{"type":"Feature","geometry":{"type":"Point","coordinates":[6.8813781,51.5270386]},"properties":{"kind":"substation","voltage":110000,"name":null}},{"type":"Feature","geometry":{"type":"Point","coordinates":[8.6406937,51.8291735]},"properties":{"kind":"substation","voltage":110000,"name":"Hövelhof"}},{"type":"Feature","geometry":{"type":"Point","coordinates":[7.764385,51.0328426]},"properties":{"kind":"substation","voltage":110000,"name":null}},{"type":"Feature","geometry":{"type":"Point","coordinates":[8.9907974,52.3752758]},"properties":{"kind":"substation","voltage":110000,"name":null}},{"type":"Feature","geometry":{"type":"Point","coordinates":[6.2657984,50.5777889]},"properties":{"kind":"substation","voltage":110000,"name":null}},{"type":"Feature","geometry":{"type":"Point","coordinates":[8.7912844,51.4266956]},"properties":{"kind":"substation","voltage":110000,"name":null}},{"type":"Feature","geometry":{"type":"Point","coordinates":[6.9441998,51.2784073]},"properties":{"kind":"substation","voltage":110000,"name":null}},{"type":"Feature","geometry":{"type":"Point","coordinates":[7.5312842,51.0898167]},"properties":{"kind":"substation","voltage":110000,"name":null}},{"type":"Feature","geometry":{"type":"Point","coordinates":[7.9563885,50.8880221]},"properties":{"kind":"substation","voltage":110000,"name":null}},{"type":"Feature","geometry":{"type":"Point","coordinates":[7.970752,50.7829965]},"properties":{"kind":"substation","voltage":110000,"name":null}},{"type":"Feature","geometry":{"type":"Point","coordinates":[8.0997617,50.7524013]},"properties":{"kind":"substation","voltage":110000,"name":null}},{"type":"Feature","geometry":{"type":"Point","coordinates":[7.090415,51.6643535]},"properties":{"kind":"substation","voltage":110000,"name":"Brassert"}},{"type":"Feature","geometry":{"type":"Point","coordinates":[8.0161495,50.9083382]},"properties":{"kind":"substation","voltage":110000,"name":null}},{"type":"Feature","geometry":{"type":"Point","coordinates":[7.9911473,50.9573231]},"properties":{"kind":"substation","voltage":110000,"name":"Station Kreuztal"}},{"type":"Feature","geometry":{"type":"Point","coordinates":[8.0304795,51.8498058]},"properties":{"kind":"substation","voltage":110000,"name":"Ennigerloh"}},{"type":"Feature","geometry":{"type":"Point","coordinates":[8.0107659,51.3171847]},"properties":{"kind":"substation","voltage":110000,"name":null}},{"type":"Feature","geometry":{"type":"Point","coordinates":[8.0233224,50.8856215]},"properties":{"kind":"substation","voltage":110000,"name":null}},{"type":"Feature","geometry":{"type":"Point","coordinates":[7.6253714,51.0069294]},"properties":{"kind":"substation","voltage":110000,"name":null}},{"type":"Feature","geometry":{"type":"Point","coordinates":[7.2556832,51.489999]},"properties":{"kind":"substation","voltage":110000,"name":"Station Elbestraße"}},{"type":"Feature","geometry":{"type":"Point","coordinates":[7.2158489,51.2209039]},"properties":{"kind":"substation","voltage":110000,"name":"Station Ronsdorf"}},{"type":"Feature","geometry":{"type":"Point","coordinates":[7.802877,51.6408263]},"properties":{"kind":"substation","voltage":110000,"name":"Berge"}},{"type":"Feature","geometry":{"type":"Point","coordinates":[7.7665325,51.6125171]},"properties":{"kind":"substation","voltage":110000,"name":"Bönen"}},{"type":"Feature","geometry":{"type":"Point","coordinates":[7.1939429,51.1729811]},"properties":{"kind":"substation","voltage":110000,"name":"BSI Remscheid"}},{"type":"Feature","geometry":{"type":"Point","coordinates":[7.5854761,51.6196535]},"properties":{"kind":"substation","voltage":110000,"name":null}},{"type":"Feature","geometry":{"type":"Point","coordinates":[7.2379937,52.1519143]},"properties":{"kind":"substation","voltage":110000,"name":"Station Metelen"}},{"type":"Feature","geometry":{"type":"Point","coordinates":[7.9864152,51.2249415]},"properties":{"kind":"substation","voltage":110000,"name":null}},{"type":"Feature","geometry":{"type":"Point","coordinates":[7.6681351,51.3111999]},"properties":{"kind":"substation","voltage":110000,"name":null}},{"type":"Feature","geometry":{"type":"Point","coordinates":[7.5354709,51.2419113]},"properties":{"kind":"substation","voltage":110000,"name":"Schalksmühle"}},{"type":"Feature","geometry":{"type":"Point","coordinates":[7.8898607,51.5614818]},"properties":{"kind":"substation","voltage":110000,"name":null}},{"type":"Feature","geometry":{"type":"Point","coordinates":[7.407381,51.1133249]},"properties":{"kind":"substation","voltage":110000,"name":"Wipperfürth"}},{"type":"Feature","geometry":{"type":"Point","coordinates":[7.8416033,51.3993405]},"properties":{"kind":"substation","voltage":110000,"name":"Hönnetal"}},{"type":"Feature","geometry":{"type":"Point","coordinates":[7.6234092,51.6372236]},"properties":{"kind":"substation","voltage":110000,"name":null}},{"type":"Feature","geometry":{"type":"Point","coordinates":[7.7710301,51.4688005]},"properties":{"kind":"substation","voltage":110000,"name":"Station Fröndenberg"}},{"type":"Feature","geometry":{"type":"Point","coordinates":[6.9723692,51.5741163]},"properties":{"kind":"substation","voltage":110000,"name":"Station Gladbeck"}},{"type":"Feature","geometry":{"type":"Point","coordinates":[6.9486485,51.548105]},"properties":{"kind":"substation","voltage":110000,"name":"Station Rheinbaben"}},{"type":"Feature","geometry":{"type":"Point","coordinates":[6.7496745,51.5620004]},"properties":{"kind":"substation","voltage":110000,"name":null}},{"type":"Feature","geometry":{"type":"Point","coordinates":[6.7414961,51.5739362]},"properties":{"kind":"substation","voltage":110000,"name":null}},{"type":"Feature","geometry":{"type":"Point","coordinates":[8.7375979,51.7000351]},"properties":{"kind":"substation","voltage":110000,"name":"Umspannwerk Paderborn Süd"}},{"type":"Feature","geometry":{"type":"Point","coordinates":[8.024042,50.876667]},"properties":{"kind":"substation","voltage":110000,"name":"Station Siegen"}},{"type":"Feature","geometry":{"type":"Point","coordinates":[7.8929558,51.1166496]},"properties":{"kind":"substation","voltage":110000,"name":"Attendorn"}},{"type":"Feature","geometry":{"type":"Point","coordinates":[7.6394431,51.3542319]},"properties":{"kind":"substation","voltage":110000,"name":null}},{"type":"Feature","geometry":{"type":"Point","coordinates":[8.0655315,51.0730218]},"properties":{"kind":"substation","voltage":110000,"name":null}},{"type":"Feature","geometry":{"type":"Point","coordinates":[8.8610955,51.7215837]},"properties":{"kind":"substation","voltage":110000,"name":"Umspannwerk Neuenbeken"}},{"type":"Feature","geometry":{"type":"Point","coordinates":[7.4076026,51.349326]},"properties":{"kind":"substation","voltage":110000,"name":"Haspe"}},{"type":"Feature","geometry":{"type":"Point","coordinates":[6.6871634,51.5979459]},"properties":{"kind":"substation","voltage":110000,"name":"Station Sternbusch"}},{"type":"Feature","geometry":{"type":"Point","coordinates":[9.1869802,51.4948593]},"properties":{"kind":"substation","voltage":110000,"name":"Daseburg"}},{"type":"Feature","geometry":{"type":"Point","coordinates":[8.6839972,51.4356451]},"properties":{"kind":"substation","voltage":110000,"name":null}},{"type":"Feature","geometry":{"type":"Point","coordinates":[6.7852366,51.192409]},"properties":{"kind":"substation","voltage":110000,"name":null}},{"type":"Feature","geometry":{"type":"Point","coordinates":[7.0472211,50.9043546]},"properties":{"kind":"substation","voltage":110000,"name":"Station Gremberghoven"}},{"type":"Feature","geometry":{"type":"Point","coordinates":[7.5685646,51.3510694]},"properties":{"kind":"substation","voltage":110000,"name":"Bürgerplatz"}},{"type":"Feature","geometry":{"type":"Point","coordinates":[7.9632461,50.9993505]},"properties":{"kind":"substation","voltage":110000,"name":null}},{"type":"Feature","geometry":{"type":"Point","coordinates":[7.8352286,51.0064565]},"properties":{"kind":"substation","voltage":110000,"name":null}},{"type":"Feature","geometry":{"type":"Point","coordinates":[6.6021766,51.7295716]},"properties":{"kind":"substation","voltage":110000,"name":"Station Hamminkeln"}},{"type":"Feature","geometry":{"type":"Point","coordinates":[7.6323993,52.3129687]},"properties":{"kind":"substation","voltage":110000,"name":"Station ECI"}},{"type":"Feature","geometry":{"type":"Point","coordinates":[7.0557092,51.4315148]},"properties":{"kind":"substation","voltage":110000,"name":"Rellinghausen"}},{"type":"Feature","geometry":{"type":"Point","coordinates":[7.6531892,51.0191597]},"properties":{"kind":"substation","voltage":110000,"name":"Bergneustadt"}},{"type":"Feature","geometry":{"type":"Point","coordinates":[7.0484757,51.3336248]},"properties":{"kind":"substation","voltage":110000,"name":"UW3"}},{"type":"Feature","geometry":{"type":"Point","coordinates":[7.1222234,51.3081218]},"properties":{"kind":"substation","voltage":110000,"name":null}},{"type":"Feature","geometry":{"type":"Point","coordinates":[7.1271582,51.3649605]},"properties":{"kind":"substation","voltage":110000,"name":null}},{"type":"Feature","geometry":{"type":"Point","coordinates":[8.0395633,51.1221557]},"properties":{"kind":"substation","voltage":110000,"name":"Maumke"}},{"type":"Feature","geometry":{"type":"Point","coordinates":[7.0762165,52.214723]},"properties":{"kind":"substation","voltage":110000,"name":"Uranit"}},{"type":"Feature","geometry":{"type":"Point","coordinates":[6.6723365,50.9914892]},"properties":{"kind":"substation","voltage":380000,"name":null}},{"type":"Feature","geometry":{"type":"Point","coordinates":[7.5661304,52.1551094]},"properties":{"kind":"substation","voltage":110000,"name":"Emsdetten Wilmersstraße"}},{"type":"Feature","geometry":{"type":"Point","coordinates":[7.5267834,52.1816997]},"properties":{"kind":"substation","voltage":110000,"name":"Station Emsdetten"}},{"type":"Feature","geometry":{"type":"Point","coordinates":[6.9620501,51.5178076]},"properties":{"kind":"substation","voltage":110000,"name":null}},{"type":"Feature","geometry":{"type":"Point","coordinates":[7.9140498,52.2570005]},"properties":{"kind":"substation","voltage":110000,"name":"Station Lotte"}},{"type":"Feature","geometry":{"type":"Point","coordinates":[9.1940883,51.7220219]},"properties":{"kind":"substation","voltage":110000,"name":"Umspannwerk Brakel"}},{"type":"Feature","geometry":{"type":"Point","coordinates":[7.6315366,51.110282]},"properties":{"kind":"substation","voltage":110000,"name":"Meinerzhagen"}},{"type":"Feature","geometry":{"type":"Point","coordinates":[7.6383843,51.2284567]},"properties":{"kind":"substation","voltage":110000,"name":"Lüdenscheid"}},{"type":"Feature","geometry":{"type":"Point","coordinates":[7.4444161,51.0402816]},"properties":{"kind":"substation","voltage":110000,"name":null}},{"type":"Feature","geometry":{"type":"Point","coordinates":[7.3511241,51.1378285]},"properties":{"kind":"substation","voltage":110000,"name":null}},{"type":"Feature","geometry":{"type":"Point","coordinates":[7.3804469,51.1997073]},"properties":{"kind":"substation","voltage":110000,"name":"Radevormwald"}},{"type":"Feature","geometry":{"type":"Point","coordinates":[7.0897512,52.0782062]},"properties":{"kind":"substation","voltage":110000,"name":"Station Schöppingen WP"}},{"type":"Feature","geometry":{"type":"Point","coordinates":[7.1384499,52.0274043]},"properties":{"kind":"substation","voltage":110000,"name":"Station Holtwick"}},{"type":"Feature","geometry":{"type":"Point","coordinates":[6.7923067,50.899123]},"properties":{"kind":"substation","voltage":110000,"name":"Grefrath"}},{"type":"Feature","geometry":{"type":"Point","coordinates":[8.1508893,51.5522218]},"properties":{"kind":"substation","voltage":110000,"name":null}},{"type":"Feature","geometry":{"type":"Point","coordinates":[8.3545906,51.3545143]},"properties":{"kind":"substation","voltage":110000,"name":"Station Bestwig"}},{"type":"Feature","geometry":{"type":"Point","coordinates":[6.4076586,50.8984067]},"properties":{"kind":"substation","voltage":110000,"name":"Station Daubenrath"}},{"type":"Feature","geometry":{"type":"Point","coordinates":[7.6094029,51.1409227]},"properties":{"kind":"substation","voltage":110000,"name":"Dörenberg"}},{"type":"Feature","geometry":{"type":"Point","coordinates":[8.4353839,52.3830448]},"properties":{"kind":"substation","voltage":110000,"name":null}},{"type":"Feature","geometry":{"type":"Point","coordinates":[8.0973904,50.822018]},"properties":{"kind":"substation","voltage":110000,"name":"Wilnsdorf Dortmunder Straße"}},{"type":"Feature","geometry":{"type":"Point","coordinates":[8.6498617,52.1956011]},"properties":{"kind":"substation","voltage":110000,"name":null}},{"type":"Feature","geometry":{"type":"Point","coordinates":[8.5294076,52.1396444]},"properties":{"kind":"substation","voltage":110000,"name":null}},{"type":"Feature","geometry":{"type":"Point","coordinates":[8.4952368,52.3229986]},"properties":{"kind":"substation","voltage":110000,"name":null}},{"type":"Feature","geometry":{"type":"Point","coordinates":[6.3765127,50.6539709]},"properties":{"kind":"substation","voltage":110000,"name":null}},{"type":"Feature","geometry":{"type":"Point","coordinates":[8.5008168,52.2162842]},"properties":{"kind":"substation","voltage":110000,"name":"Umspannwerk Ostkilver"}},{"type":"Feature","geometry":{"type":"Point","coordinates":[6.9580374,50.9163265]},"properties":{"kind":"substation","voltage":110000,"name":null}},{"type":"Feature","geometry":{"type":"Point","coordinates":[6.7888694,51.5045925]},"properties":{"kind":"substation","voltage":220000,"name":"Station Kopernikus"}},{"type":"Feature","geometry":{"type":"Point","coordinates":[7.3533146,51.3275387]},"properties":{"kind":"substation","voltage":110000,"name":null}},{"type":"Feature","geometry":{"type":"Point","coordinates":[6.8694252,50.8582623]},"properties":{"kind":"substation","voltage":110000,"name":null}},{"type":"Feature","geometry":{"type":"Point","coordinates":[7.0630596,52.1965344]},"properties":{"kind":"substation","voltage":110000,"name":null}},{"type":"Feature","geometry":{"type":"Point","coordinates":[7.4150381,52.0239029]},"properties":{"kind":"substation","voltage":110000,"name":"UW Kümper"}},{"type":"Feature","geometry":{"type":"Point","coordinates":[7.6336412,51.7876675]},"properties":{"kind":"substation","voltage":110000,"name":"Station Ascheberg"}},{"type":"Feature","geometry":{"type":"Point","coordinates":[6.6007281,51.6569064]},"properties":{"kind":"substation","voltage":110000,"name":"Station Fischertor"}},{"type":"Feature","geometry":{"type":"Point","coordinates":[8.3271368,51.6772088]},"properties":{"kind":"substation","voltage":110000,"name":null}},{"type":"Feature","geometry":{"type":"Point","coordinates":[7.5086047,51.4035597]},"properties":{"kind":"substation","voltage":110000,"name":null}},{"type":"Feature","geometry":{"type":"Point","coordinates":[7.5907195,51.9601192]},"properties":{"kind":"substation","voltage":110000,"name":"Klinikum"}},{"type":"Feature","geometry":{"type":"Point","coordinates":[7.740592,52.2854529]},"properties":{"kind":"substation","voltage":110000,"name":"RAG 110KV"}},{"type":"Feature","geometry":{"type":"Point","coordinates":[7.5569821,51.4441254]},"properties":{"kind":"substation","voltage":110000,"name":"Umspannwerk Schwerte Nord"}},{"type":"Feature","geometry":{"type":"Point","coordinates":[8.4978375,52.0395149]},"properties":{"kind":"substation","voltage":110000,"name":"Umspannwerk Universität"}},{"type":"Feature","geometry":{"type":"Point","coordinates":[7.5070823,51.1884552]},"properties":{"kind":"substation","voltage":110000,"name":"Halver"}},{"type":"Feature","geometry":{"type":"Point","coordinates":[7.1170129,51.711876]},"properties":{"kind":"substation","voltage":110000,"name":null}},{"type":"Feature","geometry":{"type":"Point","coordinates":[8.977219,51.8317802]},"properties":{"kind":"substation","voltage":110000,"name":"Sandebeck"}},{"type":"Feature","geometry":{"type":"Point","coordinates":[8.0543216,50.9714297]},"properties":{"kind":"substation","voltage":110000,"name":null}},{"type":"Feature","geometry":{"type":"Point","coordinates":[7.8895731,52.17658]},"properties":{"kind":"substation","voltage":110000,"name":null}},{"type":"Feature","geometry":{"type":"Point","coordinates":[7.6340952,51.8928404]},"properties":{"kind":"substation","voltage":110000,"name":"Hiltrup"}},{"type":"Feature","geometry":{"type":"Point","coordinates":[7.3356794,51.6283754]},"properties":{"kind":"substation","voltage":110000,"name":"Schaltwerk Datteln"}},{"type":"Feature","geometry":{"type":"Point","coordinates":[7.0924068,51.6961895]},"properties":{"kind":"substation","voltage":110000,"name":"Chemiepark Hüls"}},{"type":"Feature","geometry":{"type":"Point","coordinates":[7.2082866,51.5612893]},"properties":{"kind":"substation","voltage":110000,"name":"VEW Umspannwerk Recklinghausen, \"ZEITREISE STROM“"}},{"type":"Feature","geometry":{"type":"Point","coordinates":[7.6390144,51.9507343]},"properties":{"kind":"substation","voltage":110000,"name":"Mittelhafen"}},{"type":"Feature","geometry":{"type":"Point","coordinates":[7.5974039,51.1251696]},"properties":{"kind":"substation","voltage":110000,"name":"Kierspe"}},{"type":"Feature","geometry":{"type":"Point","coordinates":[8.3650798,51.6709558]},"properties":{"kind":"substation","voltage":110000,"name":"Station Lippstadt"}},{"type":"Feature","geometry":{"type":"Point","coordinates":[7.6984512,51.6406078]},"properties":{"kind":"substation","voltage":110000,"name":"Hamm Sandbochum"}},{"type":"Feature","geometry":{"type":"Point","coordinates":[8.0201328,50.7932694]},"properties":{"kind":"substation","voltage":110000,"name":null}},{"type":"Feature","geometry":{"type":"Point","coordinates":[9.0633206,52.0171838]},"properties":{"kind":"substation","voltage":110000,"name":null}},{"type":"Feature","geometry":{"type":"Point","coordinates":[6.0884985,50.8787741]},"properties":{"kind":"substation","voltage":110000,"name":null}},{"type":"Feature","geometry":{"type":"Point","coordinates":[7.2117061,51.6539069]},"properties":{"kind":"substation","voltage":110000,"name":"Station Oer"}},{"type":"Feature","geometry":{"type":"Point","coordinates":[7.9039395,51.2239617]},"properties":{"kind":"substation","voltage":110000,"name":"Siesel"}},{"type":"Feature","geometry":{"type":"Point","coordinates":[7.1811795,50.9658062]},"properties":{"kind":"substation","voltage":110000,"name":"Moitzfeld"}},{"type":"Feature","geometry":{"type":"Point","coordinates":[7.4771222,51.616269]},"properties":{"kind":"substation","voltage":110000,"name":"KW Lünen (UW)"}},{"type":"Feature","geometry":{"type":"Point","coordinates":[8.839272,51.5803199]},"properties":{"kind":"substation","voltage":110000,"name":"Umspannwerk Lichtenau"}},{"type":"Feature","geometry":{"type":"Point","coordinates":[8.8078075,51.54846]},"properties":{"kind":"substation","voltage":110000,"name":"Umspannwerk Helmern"}},{"type":"Feature","geometry":{"type":"Point","coordinates":[8.6911855,51.5332083]},"properties":{"kind":"substation","voltage":110000,"name":"UW Vierlinden"}},{"type":"Feature","geometry":{"type":"Point","coordinates":[6.7802828,50.7068048]},"properties":{"kind":"substation","voltage":110000,"name":"Umspannanlage Zülpich"}},{"type":"Feature","geometry":{"type":"Point","coordinates":[7.318997,51.7341905]},"properties":{"kind":"substation","voltage":110000,"name":"Umspannwerk Hullern"}},{"type":"Feature","geometry":{"type":"Point","coordinates":[7.1800969,51.4741483]},"properties":{"kind":"substation","voltage":110000,"name":"UW Essener Str."}},{"type":"Feature","geometry":{"type":"Point","coordinates":[6.4504394,51.2865934]},"properties":{"kind":"substation","voltage":110000,"name":"Station Anrath"}},{"type":"Feature","geometry":{"type":"Point","coordinates":[7.0970718,51.6810036]},"properties":{"kind":"substation","voltage":110000,"name":null}},{"type":"Feature","geometry":{"type":"Point","coordinates":[7.6959577,51.3824594]},"properties":{"kind":"substation","voltage":110000,"name":"Iserlohn"}},{"type":"Feature","geometry":{"type":"Point","coordinates":[6.9965377,51.5306091]},"properties":{"kind":"substation","voltage":110000,"name":null}},{"type":"Feature","geometry":{"type":"Point","coordinates":[8.7856767,51.6097461]},"properties":{"kind":"substation","voltage":110000,"name":"Atteln/Henglarn"}},{"type":"Feature","geometry":{"type":"Point","coordinates":[7.870652,50.8864487]},"properties":{"kind":"substation","voltage":110000,"name":null}},{"type":"Feature","geometry":{"type":"Point","coordinates":[6.6132798,51.8237252]},"properties":{"kind":"substation","voltage":110000,"name":null}},{"type":"Feature","geometry":{"type":"Point","coordinates":[6.9706435,50.9775695]},"properties":{"kind":"substation","voltage":110000,"name":"UW Nord"}},{"type":"Feature","geometry":{"type":"Point","coordinates":[7.3827399,52.179586]},"properties":{"kind":"substation","voltage":110000,"name":null}},{"type":"Feature","geometry":{"type":"Point","coordinates":[7.1751689,51.4823362]},"properties":{"kind":"substation","voltage":110000,"name":null}},{"type":"Feature","geometry":{"type":"Point","coordinates":[7.4551255,51.4124061]},"properties":{"kind":"substation","voltage":110000,"name":null}},{"type":"Feature","geometry":{"type":"Point","coordinates":[7.575072,51.6853333]},"properties":{"kind":"substation","voltage":110000,"name":null}},{"type":"Feature","geometry":{"type":"Point","coordinates":[7.0586422,51.0564804]},"properties":{"kind":"substation","voltage":110000,"name":null}},{"type":"Feature","geometry":{"type":"Point","coordinates":[6.4064881,51.507885]},"properties":{"kind":"substation","voltage":110000,"name":null}},{"type":"Feature","geometry":{"type":"Point","coordinates":[6.5186325,51.3238476]},"properties":{"kind":"substation","voltage":110000,"name":"Station St. Tönis"}},{"type":"Feature","geometry":{"type":"Point","coordinates":[7.0689863,52.1386617]},"properties":{"kind":"substation","voltage":110000,"name":null}},{"type":"Feature","geometry":{"type":"Point","coordinates":[9.1458164,51.7803823]},"properties":{"kind":"substation","voltage":110000,"name":"Holzhausen"}},{"type":"Feature","geometry":{"type":"Point","coordinates":[9.4362274,51.8037869]},"properties":{"kind":"substation","voltage":110000,"name":"Lüchtringen"}},{"type":"Feature","geometry":{"type":"Point","coordinates":[7.4586799,51.366459]},"properties":{"kind":"substation","voltage":110000,"name":"Hagen"}},{"type":"Feature","geometry":{"type":"Point","coordinates":[7.649458,51.1290172]},"properties":{"kind":"substation","voltage":110000,"name":"Wiebelsaat"}},{"type":"Feature","geometry":{"type":"Point","coordinates":[7.6685287,51.2122601]},"properties":{"kind":"substation","voltage":110000,"name":"Kalve"}},{"type":"Feature","geometry":{"type":"Point","coordinates":[7.5183972,51.3872154]},"properties":{"kind":"substation","voltage":110000,"name":"Tiegelstraße"}},{"type":"Feature","geometry":{"type":"Point","coordinates":[7.4108601,51.4024647]},"properties":{"kind":"substation","voltage":110000,"name":"Herdecke"}},{"type":"Feature","geometry":{"type":"Point","coordinates":[7.4162762,51.3450277]},"properties":{"kind":"substation","voltage":110000,"name":"Kölner Straße"}},{"type":"Feature","geometry":{"type":"Point","coordinates":[7.5659519,51.4335533]},"properties":{"kind":"substation","voltage":110000,"name":"Schwerte"}},{"type":"Feature","geometry":{"type":"Point","coordinates":[7.5192572,51.3568228]},"properties":{"kind":"substation","voltage":110000,"name":"Donnerkuhle"}},{"type":"Feature","geometry":{"type":"Point","coordinates":[6.9328142,51.7947307]},"properties":{"kind":"substation","voltage":110000,"name":null}},{"type":"Feature","geometry":{"type":"Point","coordinates":[8.0772119,51.4060856]},"properties":{"kind":"substation","voltage":110000,"name":null}},{"type":"Feature","geometry":{"type":"Point","coordinates":[6.8461207,51.5113243]},"properties":{"kind":"substation","voltage":110000,"name":null}},{"type":"Feature","geometry":{"type":"Point","coordinates":[7.6978558,51.4765023]},"properties":{"kind":"substation","voltage":110000,"name":"Station Dellwig"}},{"type":"Feature","geometry":{"type":"Point","coordinates":[6.486694,50.3727978]},"properties":{"kind":"substation","voltage":110000,"name":null}},{"type":"Feature","geometry":{"type":"Point","coordinates":[7.6356279,51.2282691]},"properties":{"kind":"substation","voltage":110000,"name":null}},{"type":"Feature","geometry":{"type":"Point","coordinates":[7.338185,51.6316706]},"properties":{"kind":"substation","voltage":380000,"name":"Bahnstromumrichter Datteln 4"}},{"type":"Feature","geometry":{"type":"Point","coordinates":[7.4991688,51.5454524]},"properties":{"kind":"substation","voltage":110000,"name":null}},{"type":"Feature","geometry":{"type":"Point","coordinates":[7.4989698,51.5447768]},"properties":{"kind":"substation","voltage":110000,"name":"Derne"}},{"type":"Feature","geometry":{"type":"Point","coordinates":[6.7307716,51.5211094]},"properties":{"kind":"substation","voltage":110000,"name":"Station Aldenrade"}},{"type":"Feature","geometry":{"type":"Point","coordinates":[8.7028911,51.5320544]},"properties":{"kind":"substation","voltage":110000,"name":null}},{"type":"Feature","geometry":{"type":"Point","coordinates":[6.7994733,51.5236323]},"properties":{"kind":"substation","voltage":110000,"name":null}},{"type":"Feature","geometry":{"type":"Point","coordinates":[7.679734,51.3905716]},"properties":{"kind":"substation","voltage":110000,"name":null}},{"type":"Feature","geometry":{"type":"Point","coordinates":[6.3858774,51.4556453]},"properties":{"kind":"substation","voltage":110000,"name":"Umspannwerk Kerken"}},{"type":"Feature","geometry":{"type":"Point","coordinates":[6.2681242,50.9878274]},"properties":{"kind":"substation","voltage":110000,"name":"Umspannwerk Körrenz"}},{"type":"Feature","geometry":{"type":"Point","coordinates":[6.3503444,50.8587292]},"properties":{"kind":"substation","voltage":110000,"name":null}},{"type":"Feature","geometry":{"type":"Point","coordinates":[7.1262652,51.4461115]},"properties":{"kind":"substation","voltage":110000,"name":null}},{"type":"Feature","geometry":{"type":"Point","coordinates":[6.9887986,51.0474705]},"properties":{"kind":"substation","voltage":110000,"name":"Station Küppersteg"}},{"type":"Feature","geometry":{"type":"Point","coordinates":[7.7072186,51.6750364]},"properties":{"kind":"substation","voltage":110000,"name":"Station Gersteinwerk"}},{"type":"Feature","geometry":{"type":"Point","coordinates":[6.5206164,50.4007329]},"properties":{"kind":"substation","voltage":110000,"name":null}},{"type":"Feature","geometry":{"type":"Point","coordinates":[8.9315412,52.1931891]},"properties":{"kind":"substation","voltage":110000,"name":"Veltheim"}},{"type":"Feature","geometry":{"type":"Point","coordinates":[7.8895896,52.2763258]},"properties":{"kind":"substation","voltage":110000,"name":"Station Westerkappeln"}},{"type":"Feature","geometry":{"type":"Point","coordinates":[7.0644432,50.7524392]},"properties":{"kind":"substation","voltage":110000,"name":"Bonn-Nord (Westnetz GmbH)"}},{"type":"Feature","geometry":{"type":"Point","coordinates":[8.5305978,51.4004802]},"properties":{"kind":"substation","voltage":110000,"name":"UW Wintertal"}},{"type":"Feature","geometry":{"type":"Point","coordinates":[8.5927945,51.4320558]},"properties":{"kind":"substation","voltage":110000,"name":"UW Wülfte"}},{"type":"Feature","geometry":{"type":"Point","coordinates":[7.011965,52.1774732]},"properties":{"kind":"substation","voltage":380000,"name":"Kottigerhook 380 kV"}},{"type":"Feature","geometry":{"type":"Point","coordinates":[7.3512812,52.2242066]},"properties":{"kind":"substation","voltage":110000,"name":null}},{"type":"Feature","geometry":{"type":"Point","coordinates":[6.8123575,51.5199248]},"properties":{"kind":"substation","voltage":110000,"name":"Station Handbach"}},{"type":"Feature","geometry":{"type":"Point","coordinates":[6.2778599,51.220315]},"properties":{"kind":"substation","voltage":110000,"name":null}},{"type":"Feature","geometry":{"type":"Point","coordinates":[8.399234,50.9231969]},"properties":{"kind":"substation","voltage":110000,"name":"Station Laasphe"}},{"type":"Feature","geometry":{"type":"Point","coordinates":[6.6747606,51.3248366]},"properties":{"kind":"substation","voltage":220000,"name":"Station Gellep"}},{"type":"Feature","geometry":{"type":"Point","coordinates":[8.8218234,51.5645004]},"properties":{"kind":"substation","voltage":110000,"name":"UW Mittelberg"}},{"type":"Feature","geometry":{"type":"Point","coordinates":[7.1451788,51.8768089]},"properties":{"kind":"substation","voltage":110000,"name":"Umspannwerk Coesfeld-Lette"}},{"type":"Feature","geometry":{"type":"Point","coordinates":[6.2240973,50.9767434]},"properties":{"kind":"substation","voltage":110000,"name":"UW Gereonsweiler"}},{"type":"Feature","geometry":{"type":"Point","coordinates":[7.2941917,51.2902325]},"properties":{"kind":"substation","voltage":110000,"name":"Mitte"}},{"type":"Feature","geometry":{"type":"Point","coordinates":[7.2231365,51.2716582]},"properties":{"kind":"substation","voltage":110000,"name":"Heckinghausen"}},{"type":"Feature","geometry":{"type":"Point","coordinates":[7.1493061,51.259876]},"properties":{"kind":"substation","voltage":110000,"name":null}},{"type":"Feature","geometry":{"type":"Point","coordinates":[6.9995933,51.5150427]},"properties":{"kind":"substation","voltage":110000,"name":"Station Arenberg"}},{"type":"Feature","geometry":{"type":"Point","coordinates":[7.3575831,51.4429623]},"properties":{"kind":"substation","voltage":110000,"name":null}},{"type":"Feature","geometry":{"type":"Point","coordinates":[7.2085321,51.5612845]},"properties":{"kind":"substation","voltage":110000,"name":null}},{"type":"Feature","geometry":{"type":"Point","coordinates":[8.7616024,52.0738497]},"properties":{"kind":"substation","voltage":110000,"name":"Umspannwerk Schötmar"}},{"type":"Feature","geometry":{"type":"Point","coordinates":[7.189715,51.9264931]},"properties":{"kind":"substation","voltage":110000,"name":null}},{"type":"Feature","geometry":{"type":"Point","coordinates":[7.1890652,51.9265099]},"properties":{"kind":"substation","voltage":110000,"name":null}},{"type":"Feature","geometry":{"type":"Point","coordinates":[7.7181776,51.6757305]},"properties":{"kind":"substation","voltage":110000,"name":null}},{"type":"Feature","geometry":{"type":"Point","coordinates":[7.009272,51.2965983]},"properties":{"kind":"substation","voltage":110000,"name":"Trafostation Rheinkalk Werk Flandersbach"}},{"type":"Feature","geometry":{"type":"Point","coordinates":[7.5368568,51.4379402]},"properties":{"kind":"substation","voltage":110000,"name":"Holzen"}},{"type":"Feature","geometry":{"type":"Point","coordinates":[8.328988,52.4252336]},"properties":{"kind":"substation","voltage":110000,"name":"Unterwerk Drohne"}},{"type":"Feature","geometry":{"type":"Point","coordinates":[6.3191631,51.5031119]},"properties":{"kind":"substation","voltage":110000,"name":"UA Baersdonk"}},{"type":"Feature","geometry":{"type":"Point","coordinates":[9.3851412,51.6408526]},"properties":{"kind":"substation","voltage":110000,"name":null}},{"type":"Feature","geometry":{"type":"Point","coordinates":[6.4551236,50.8702725]},"properties":{"kind":"substation","voltage":110000,"name":"Station Oberzier"}},{"type":"Feature","geometry":{"type":"Point","coordinates":[6.7895695,51.5045373]},"properties":{"kind":"substation","voltage":110000,"name":"Umspannwerk Kopernikus"}},{"type":"Feature","geometry":{"type":"Point","coordinates":[6.7927511,50.7495721]},"properties":{"kind":"substation","voltage":110000,"name":"Umspanwerk Erftstadt"}},{"type":"Feature","geometry":{"type":"Point","coordinates":[6.6122604,51.034608]},"properties":{"kind":"substation","voltage":110000,"name":null}},{"type":"Feature","geometry":{"type":"Point","coordinates":[7.8988308,51.231589]},"properties":{"kind":"substation","voltage":110000,"name":"Umspannwerk Leinschede"}},{"type":"Feature","geometry":{"type":"Point","coordinates":[8.1595121,51.173304]},"properties":{"kind":"substation","voltage":110000,"name":null}},{"type":"Feature","geometry":{"type":"Point","coordinates":[8.7423518,51.6687931]},"properties":{"kind":"substation","voltage":110000,"name":"Borchen"}},{"type":"Feature","geometry":{"type":"Point","coordinates":[7.0919666,51.5259582]},"properties":{"kind":"substation","voltage":110000,"name":null}},{"type":"Feature","geometry":{"type":"Point","coordinates":[7.5047312,51.401532]},"properties":{"kind":"substation","voltage":110000,"name":"Garenfeld"}},{"type":"Feature","geometry":{"type":"Point","coordinates":[7.9379952,51.0114648]},"properties":{"kind":"substation","voltage":110000,"name":"Umspannwerk Altenkleusheim"}},{"type":"Feature","geometry":{"type":"Point","coordinates":[7.9846319,50.8422232]},"properties":{"kind":"substation","voltage":110000,"name":"Station Eiserfeld"}},{"type":"Feature","geometry":{"type":"Point","coordinates":[7.1685115,51.3900152]},"properties":{"kind":"substation","voltage":110000,"name":"Station Hattingen"}},{"type":"Feature","geometry":{"type":"Point","coordinates":[7.0665444,51.6984602]},"properties":{"kind":"substation","voltage":110000,"name":"Umspannwerk Kusenhorst"}},{"type":"Feature","geometry":{"type":"Point","coordinates":[7.0564352,51.6955004]},"properties":{"kind":"substation","voltage":380000,"name":"Umspannwerk Kusenhorst"}},{"type":"Feature","geometry":{"type":"Point","coordinates":[7.2629231,51.5728303]},"properties":{"kind":"substation","voltage":110000,"name":"Station Pöppinghausen"}},{"type":"Feature","geometry":{"type":"Point","coordinates":[8.6253118,51.4282234]},"properties":{"kind":"substation","voltage":110000,"name":"Station Nehden"}},{"type":"Feature","geometry":{"type":"Point","coordinates":[6.7212065,51.3912751]},"properties":{"kind":"substation","voltage":110000,"name":"Station Rheinhausen"}},{"type":"Feature","geometry":{"type":"Point","coordinates":[6.6575267,51.3794751]},"properties":{"kind":"substation","voltage":110000,"name":"Uerdingen"}},{"type":"Feature","geometry":{"type":"Point","coordinates":[6.7165653,51.5273162]},"properties":{"kind":"substation","voltage":110000,"name":"Station Walsum"}},{"type":"Feature","geometry":{"type":"Point","coordinates":[8.8145826,51.9835433]},"properties":{"kind":"substation","voltage":110000,"name":"Lage"}},{"type":"Feature","geometry":{"type":"Point","coordinates":[8.9592097,52.278964]},"properties":{"kind":"substation","voltage":110000,"name":"Umspannwerk Meißen"}},{"type":"Feature","geometry":{"type":"Point","coordinates":[8.5704597,52.1048129]},"properties":{"kind":"substation","voltage":110000,"name":"Eickum"}},{"type":"Feature","geometry":{"type":"Point","coordinates":[8.8394344,51.4940223]},"properties":{"kind":"substation","voltage":110000,"name":"UW Himmelreich"}},{"type":"Feature","geometry":{"type":"Point","coordinates":[8.8261809,51.5330571]},"properties":{"kind":"substation","voltage":110000,"name":"Umspannwerk Meerhof Wind"}},{"type":"Feature","geometry":{"type":"Point","coordinates":[8.6945822,51.4330255]},"properties":{"kind":"substation","voltage":110000,"name":"UW Windfang"}},{"type":"Feature","geometry":{"type":"Point","coordinates":[9.136052,52.0263829]},"properties":{"kind":"substation","voltage":110000,"name":"Umspannwerk Saalberg"}},{"type":"Feature","geometry":{"type":"Point","coordinates":[7.0190431,51.7879561]},"properties":{"kind":"substation","voltage":110000,"name":"Umspannwerk Wessendorf"}},{"type":"Feature","geometry":{"type":"Point","coordinates":[6.579317,51.0520056]},"properties":{"kind":"substation","voltage":220000,"name":null}},{"type":"Feature","geometry":{"type":"Point","coordinates":[7.4878047,49.8076592]},"properties":{"kind":"substation","voltage":110000,"name":"Umspannwerk Hochstetten-Dhaun"}},{"type":"Feature","geometry":{"type":"Point","coordinates":[8.1107107,49.8468872]},"properties":{"kind":"substation","voltage":110000,"name":"Umspannwerk Wörrstadt"}},{"type":"Feature","geometry":{"type":"Point","coordinates":[8.3094726,49.9518027]},"properties":{"kind":"substation","voltage":110000,"name":"Umspannwerk Laubenheim"}},{"type":"Feature","geometry":{"type":"Point","coordinates":[8.187675,50.0314901]},"properties":{"kind":"substation","voltage":110000,"name":"Umspannwerk Budenheim"}},{"type":"Feature","geometry":{"type":"Point","coordinates":[6.6933701,49.7460513]},"properties":{"kind":"substation","voltage":110000,"name":"Station Tarforst"}},{"type":"Feature","geometry":{"type":"Point","coordinates":[8.1229064,49.2099049]},"properties":{"kind":"substation","voltage":110000,"name":"Landau"}},{"type":"Feature","geometry":{"type":"Point","coordinates":[8.2200258,49.9668091]},"properties":{"kind":"substation","voltage":110000,"name":"Umspannwerk Mainz-Bretzenheim"}},{"type":"Feature","geometry":{"type":"Point","coordinates":[8.2064094,49.9883943]},"properties":{"kind":"substation","voltage":110000,"name":"Umspannwerk Saarstraße"}},{"type":"Feature","geometry":{"type":"Point","coordinates":[7.5879632,49.8061528]},"properties":{"kind":"substation","voltage":110000,"name":null}},{"type":"Feature","geometry":{"type":"Point","coordinates":[7.3969692,50.6360466]},"properties":{"kind":"substation","voltage":110000,"name":null}},{"type":"Feature","geometry":{"type":"Point","coordinates":[7.4612372,50.4480077]},"properties":{"kind":"substation","voltage":110000,"name":"Stromübergabepunkt Rasselstein"}},{"type":"Feature","geometry":{"type":"Point","coordinates":[8.1754372,49.342936]},"properties":{"kind":"substation","voltage":110000,"name":null}},{"type":"Feature","geometry":{"type":"Point","coordinates":[7.4812796,50.4229981]},"properties":{"kind":"substation","voltage":110000,"name":"Station Neuwied"}},{"type":"Feature","geometry":{"type":"Point","coordinates":[8.406632,49.5116807]},"properties":{"kind":"substation","voltage":110000,"name":null}},{"type":"Feature","geometry":{"type":"Point","coordinates":[6.7818863,50.330444]},"properties":{"kind":"substation","voltage":110000,"name":"Station Nohn"}},{"type":"Feature","geometry":{"type":"Point","coordinates":[7.2452591,50.6268001]},"properties":{"kind":"substation","voltage":110000,"name":null}},{"type":"Feature","geometry":{"type":"Point","coordinates":[6.8137099,49.7247507]},"properties":{"kind":"substation","voltage":380000,"name":"Station Osburg"}},{"type":"Feature","geometry":{"type":"Point","coordinates":[8.4172909,49.4584313]},"properties":{"kind":"substation","voltage":110000,"name":"TWL Umspannwerk Mundenheim"}},{"type":"Feature","geometry":{"type":"Point","coordinates":[7.2431787,50.5684555]},"properties":{"kind":"substation","voltage":110000,"name":"Unterwerk Remagen"}},{"type":"Feature","geometry":{"type":"Point","coordinates":[7.2433876,50.5485712]},"properties":{"kind":"substation","voltage":110000,"name":null}},{"type":"Feature","geometry":{"type":"Point","coordinates":[7.684539,50.0213487]},"properties":{"kind":"substation","voltage":110000,"name":"Umspannanlage Rheinböllen"}},{"type":"Feature","geometry":{"type":"Point","coordinates":[7.1205538,50.5494851]},"properties":{"kind":"substation","voltage":110000,"name":"Station Neuenahr"}},{"type":"Feature","geometry":{"type":"Point","coordinates":[8.2658069,49.9682107]},"properties":{"kind":"substation","voltage":110000,"name":"Umspannwerk Hechtsheim"}},{"type":"Feature","geometry":{"type":"Point","coordinates":[7.3072743,49.9226594]},"properties":{"kind":"substation","voltage":110000,"name":"Sohren"}},{"type":"Feature","geometry":{"type":"Point","coordinates":[7.541436,49.9901946]},"properties":{"kind":"substation","voltage":110000,"name":null}},{"type":"Feature","geometry":{"type":"Point","coordinates":[8.2366175,50.0282212]},"properties":{"kind":"substation","voltage":110000,"name":null}},{"type":"Feature","geometry":{"type":"Point","coordinates":[6.9196007,49.9705141]},"properties":{"kind":"substation","voltage":220000,"name":"Station Wengerohr"}},{"type":"Feature","geometry":{"type":"Point","coordinates":[8.0295756,49.6672885]},"properties":{"kind":"substation","voltage":110000,"name":"Umspannwerk Bischheim"}},{"type":"Feature","geometry":{"type":"Point","coordinates":[7.5921119,50.1514744]},"properties":{"kind":"substation","voltage":110000,"name":"Station Dörth"}},{"type":"Feature","geometry":{"type":"Point","coordinates":[8.1527047,49.8410933]},"properties":{"kind":"substation","voltage":110000,"name":"Umspannwerk Schornsheim"}},{"type":"Feature","geometry":{"type":"Point","coordinates":[7.3163601,50.5145727]},"properties":{"kind":"substation","voltage":110000,"name":null}},{"type":"Feature","geometry":{"type":"Point","coordinates":[7.5738802,50.5541951]},"properties":{"kind":"substation","voltage":110000,"name":"Unterwerk Urbach"}},{"type":"Feature","geometry":{"type":"Point","coordinates":[7.8201988,50.4452504]},"properties":{"kind":"substation","voltage":110000,"name":"Unterwerk Montabaur"}},{"type":"Feature","geometry":{"type":"Point","coordinates":[7.2595187,50.4911833]},"properties":{"kind":"substation","voltage":110000,"name":null}},{"type":"Feature","geometry":{"type":"Point","coordinates":[7.4286582,50.4370713]},"properties":{"kind":"substation","voltage":110000,"name":null}},{"type":"Feature","geometry":{"type":"Point","coordinates":[6.2790484,50.1026614]},"properties":{"kind":"substation","voltage":110000,"name":"Station Arzfeld"}},{"type":"Feature","geometry":{"type":"Point","coordinates":[6.6577083,50.2154667]},"properties":{"kind":"substation","voltage":110000,"name":"Station Gerolstein"}},{"type":"Feature","geometry":{"type":"Point","coordinates":[6.5930125,50.3403716]},"properties":{"kind":"substation","voltage":110000,"name":"Station Jünkerath"}},{"type":"Feature","geometry":{"type":"Point","coordinates":[6.9165956,50.3723339]},"properties":{"kind":"substation","voltage":110000,"name":null}},{"type":"Feature","geometry":{"type":"Point","coordinates":[6.8278792,50.2039093]},"properties":{"kind":"substation","voltage":110000,"name":"Station Daun"}},{"type":"Feature","geometry":{"type":"Point","coordinates":[7.6822776,50.7594272]},"properties":{"kind":"substation","voltage":110000,"name":"Umspannanlage Hamm"}},{"type":"Feature","geometry":{"type":"Point","coordinates":[7.0567018,50.009591]},"properties":{"kind":"substation","voltage":110000,"name":"Unterwerk Bengel"}},{"type":"Feature","geometry":{"type":"Point","coordinates":[7.6549102,50.6858445]},"properties":{"kind":"substation","voltage":110000,"name":null}},{"type":"Feature","geometry":{"type":"Point","coordinates":[7.5393137,50.64483]},"properties":{"kind":"substation","voltage":110000,"name":null}},{"type":"Feature","geometry":{"type":"Point","coordinates":[7.8658791,50.4621947]},"properties":{"kind":"substation","voltage":110000,"name":"UW Goldhausen"}},{"type":"Feature","geometry":{"type":"Point","coordinates":[7.9772881,50.6244985]},"properties":{"kind":"substation","voltage":110000,"name":null}},{"type":"Feature","geometry":{"type":"Point","coordinates":[7.7373205,50.6315461]},"properties":{"kind":"substation","voltage":110000,"name":null}},{"type":"Feature","geometry":{"type":"Point","coordinates":[7.9546398,50.5518451]},"properties":{"kind":"substation","voltage":110000,"name":null}},{"type":"Feature","geometry":{"type":"Point","coordinates":[7.7629469,50.4705562]},"properties":{"kind":"substation","voltage":110000,"name":null}},{"type":"Feature","geometry":{"type":"Point","coordinates":[7.6421273,50.4377741]},"properties":{"kind":"substation","voltage":110000,"name":null}},{"type":"Feature","geometry":{"type":"Point","coordinates":[6.3225457,49.9668532]},"properties":{"kind":"substation","voltage":110000,"name":"Station Sinspelt"}},{"type":"Feature","geometry":{"type":"Point","coordinates":[6.6543621,49.9483183]},"properties":{"kind":"substation","voltage":110000,"name":"Station Beilingen"}},{"type":"Feature","geometry":{"type":"Point","coordinates":[6.5354667,49.964893]},"properties":{"kind":"substation","voltage":110000,"name":"Station Bitburg"}},{"type":"Feature","geometry":{"type":"Point","coordinates":[6.5384803,49.8552829]},"properties":{"kind":"substation","voltage":110000,"name":"Station Welschbillig"}},{"type":"Feature","geometry":{"type":"Point","coordinates":[6.6022618,50.031237]},"properties":{"kind":"substation","voltage":110000,"name":"Station Kyllburg"}},{"type":"Feature","geometry":{"type":"Point","coordinates":[6.9908584,50.5266965]},"properties":{"kind":"substation","voltage":110000,"name":null}},{"type":"Feature","geometry":{"type":"Point","coordinates":[7.5645114,50.3867282]},"properties":{"kind":"substation","voltage":110000,"name":"Unterwerk Koblenz"}},{"type":"Feature","geometry":{"type":"Point","coordinates":[6.5374839,49.5982643]},"properties":{"kind":"substation","voltage":110000,"name":"Station Saarburg"}},{"type":"Feature","geometry":{"type":"Point","coordinates":[6.792523,49.8530159]},"properties":{"kind":"substation","voltage":110000,"name":"Station Bekond"}},{"type":"Feature","geometry":{"type":"Point","coordinates":[6.6924577,49.7922586]},"properties":{"kind":"substation","voltage":110000,"name":"Moselstahlwerk"}},{"type":"Feature","geometry":{"type":"Point","coordinates":[6.8696425,50.084851]},"properties":{"kind":"substation","voltage":110000,"name":"Station Laufeld"}},{"type":"Feature","geometry":{"type":"Point","coordinates":[7.4033406,50.3897978]},"properties":{"kind":"substation","voltage":110000,"name":null}},{"type":"Feature","geometry":{"type":"Point","coordinates":[7.1209118,50.0388811]},"properties":{"kind":"substation","voltage":110000,"name":"Station Pünderich"}},{"type":"Feature","geometry":{"type":"Point","coordinates":[6.971887,50.2266937]},"properties":{"kind":"substation","voltage":110000,"name":null}},{"type":"Feature","geometry":{"type":"Point","coordinates":[7.1605696,50.2381879]},"properties":{"kind":"substation","voltage":110000,"name":null}},{"type":"Feature","geometry":{"type":"Point","coordinates":[7.2268823,50.3182633]},"properties":{"kind":"substation","voltage":110000,"name":null}},{"type":"Feature","geometry":{"type":"Point","coordinates":[7.0565988,49.9293505]},"properties":{"kind":"substation","voltage":110000,"name":"Station Bernkastel"}},{"type":"Feature","geometry":{"type":"Point","coordinates":[6.8434982,49.8110373]},"properties":{"kind":"substation","voltage":110000,"name":"Station Detzem"}},{"type":"Feature","geometry":{"type":"Point","coordinates":[6.7022457,49.7104908]},"properties":{"kind":"substation","voltage":110000,"name":"Station Gusterath"}},{"type":"Feature","geometry":{"type":"Point","coordinates":[7.7295715,50.7844106]},"properties":{"kind":"substation","voltage":110000,"name":"Umspannanlage Wissen"}},{"type":"Feature","geometry":{"type":"Point","coordinates":[8.2756666,49.0471244]},"properties":{"kind":"substation","voltage":110000,"name":null}},{"type":"Feature","geometry":{"type":"Point","coordinates":[8.0022641,49.0905058]},"properties":{"kind":"substation","voltage":110000,"name":"Umspannwerk Dörrenbach"}},{"type":"Feature","geometry":{"type":"Point","coordinates":[7.2807693,49.6226657]},"properties":{"kind":"substation","voltage":110000,"name":"Station Ruschberg"}},{"type":"Feature","geometry":{"type":"Point","coordinates":[7.159528,49.6352126]},"properties":{"kind":"substation","voltage":110000,"name":"Station Birkenfeld"}},{"type":"Feature","geometry":{"type":"Point","coordinates":[8.2942127,49.0697635]},"properties":{"kind":"substation","voltage":110000,"name":null}},{"type":"Feature","geometry":{"type":"Point","coordinates":[7.3148162,49.6986143]},"properties":{"kind":"substation","voltage":110000,"name":null}},{"type":"Feature","geometry":{"type":"Point","coordinates":[8.4097734,49.3218892]},"properties":{"kind":"substation","voltage":110000,"name":null}},{"type":"Feature","geometry":{"type":"Point","coordinates":[8.0475295,49.9858971]},"properties":{"kind":"substation","voltage":110000,"name":null}},{"type":"Feature","geometry":{"type":"Point","coordinates":[7.3637197,50.2409231]},"properties":{"kind":"substation","voltage":110000,"name":null}},{"type":"Feature","geometry":{"type":"Point","coordinates":[8.4510277,49.2986777]},"properties":{"kind":"substation","voltage":110000,"name":"Umspannwerk Speyer-Süd"}},{"type":"Feature","geometry":{"type":"Point","coordinates":[7.5451655,50.2627762]},"properties":{"kind":"substation","voltage":110000,"name":"Station Hünenfeld"}},{"type":"Feature","geometry":{"type":"Point","coordinates":[7.4394582,49.7680505]},"properties":{"kind":"substation","voltage":110000,"name":null}},{"type":"Feature","geometry":{"type":"Point","coordinates":[7.7244199,50.181089]},"properties":{"kind":"substation","voltage":110000,"name":"Auf der Brunke"}},{"type":"Feature","geometry":{"type":"Point","coordinates":[7.4420533,50.1178769]},"properties":{"kind":"substation","voltage":110000,"name":null}},{"type":"Feature","geometry":{"type":"Point","coordinates":[7.2820528,49.7219831]},"properties":{"kind":"substation","voltage":110000,"name":"Umspannwerk Algenrodt"}},{"type":"Feature","geometry":{"type":"Point","coordinates":[7.3392361,49.7654652]},"properties":{"kind":"substation","voltage":110000,"name":null}},{"type":"Feature","geometry":{"type":"Point","coordinates":[7.7047626,49.8095526]},"properties":{"kind":"substation","voltage":110000,"name":null}},{"type":"Feature","geometry":{"type":"Point","coordinates":[7.4293463,49.5425374]},"properties":{"kind":"substation","voltage":110000,"name":"Kusel"}},{"type":"Feature","geometry":{"type":"Point","coordinates":[7.6529306,49.7070174]},"properties":{"kind":"substation","voltage":110000,"name":null}},{"type":"Feature","geometry":{"type":"Point","coordinates":[7.8127793,49.7124428]},"properties":{"kind":"substation","voltage":110000,"name":null}},{"type":"Feature","geometry":{"type":"Point","coordinates":[6.81135,50.0239013]},"properties":{"kind":"substation","voltage":110000,"name":null}},{"type":"Feature","geometry":{"type":"Point","coordinates":[7.5967301,49.2126351]},"properties":{"kind":"substation","voltage":110000,"name":"Umspannwerk Pirmasens"}},{"type":"Feature","geometry":{"type":"Point","coordinates":[7.6093032,49.2649634]},"properties":{"kind":"substation","voltage":110000,"name":"Biebermühle"}},{"type":"Feature","geometry":{"type":"Point","coordinates":[7.8774243,49.1834829]},"properties":{"kind":"substation","voltage":110000,"name":"Schwanheim"}},{"type":"Feature","geometry":{"type":"Point","coordinates":[8.1929046,49.0869494]},"properties":{"kind":"substation","voltage":110000,"name":"Umspannwerk Kandel"}},{"type":"Feature","geometry":{"type":"Point","coordinates":[8.1301018,49.1877092]},"properties":{"kind":"substation","voltage":110000,"name":null}},{"type":"Feature","geometry":{"type":"Point","coordinates":[7.3776286,49.2587265]},"properties":{"kind":"substation","voltage":110000,"name":null}},{"type":"Feature","geometry":{"type":"Point","coordinates":[7.3335514,49.2513192]},"properties":{"kind":"substation","voltage":110000,"name":null}},{"type":"Feature","geometry":{"type":"Point","coordinates":[7.7076246,49.323909]},"properties":{"kind":"substation","voltage":110000,"name":"Geiselberg"}},{"type":"Feature","geometry":{"type":"Point","coordinates":[7.7390366,49.4401161]},"properties":{"kind":"substation","voltage":110000,"name":null}},{"type":"Feature","geometry":{"type":"Point","coordinates":[6.9509512,49.8783192]},"properties":{"kind":"substation","voltage":110000,"name":null}},{"type":"Feature","geometry":{"type":"Point","coordinates":[7.9017349,50.3493577]},"properties":{"kind":"substation","voltage":110000,"name":"Umspannwerk Holzappel"}},{"type":"Feature","geometry":{"type":"Point","coordinates":[7.9420716,49.90433]},"properties":{"kind":"substation","voltage":110000,"name":"Umspannanlage Gensingen"}},{"type":"Feature","geometry":{"type":"Point","coordinates":[7.6073791,50.3325734]},"properties":{"kind":"substation","voltage":110000,"name":"Umspannwerk Station Horchheim"}},{"type":"Feature","geometry":{"type":"Point","coordinates":[7.5615976,50.333727]},"properties":{"kind":"substation","voltage":110000,"name":"Station Karthause"}},{"type":"Feature","geometry":{"type":"Point","coordinates":[6.9517305,49.664619]},"properties":{"kind":"substation","voltage":110000,"name":"Station Hermeskeil"}},{"type":"Feature","geometry":{"type":"Point","coordinates":[7.3266389,49.3914961]},"properties":{"kind":"substation","voltage":110000,"name":"Umspannwerk Waldmohr"}},{"type":"Feature","geometry":{"type":"Point","coordinates":[7.1010811,50.4800708]},"properties":{"kind":"substation","voltage":110000,"name":null}},{"type":"Feature","geometry":{"type":"Point","coordinates":[6.6209447,49.7477293]},"properties":{"kind":"substation","voltage":110000,"name":null}},{"type":"Feature","geometry":{"type":"Point","coordinates":[7.702295,50.3310163]},"properties":{"kind":"substation","voltage":110000,"name":"Umspannanlage Bad Ems"}},{"type":"Feature","geometry":{"type":"Point","coordinates":[8.0283104,50.241547]},"properties":{"kind":"substation","voltage":110000,"name":null}},{"type":"Feature","geometry":{"type":"Point","coordinates":[8.0805377,50.3216771]},"properties":{"kind":"substation","voltage":110000,"name":null}},{"type":"Feature","geometry":{"type":"Point","coordinates":[7.3331466,50.1856663]},"properties":{"kind":"substation","voltage":110000,"name":null}},{"type":"Feature","geometry":{"type":"Point","coordinates":[7.2265536,50.1214813]},"properties":{"kind":"substation","voltage":110000,"name":null}},{"type":"Feature","geometry":{"type":"Point","coordinates":[7.8380807,49.9485405]},"properties":{"kind":"substation","voltage":110000,"name":"Station Waldalgesheim"}},{"type":"Feature","geometry":{"type":"Point","coordinates":[7.5195006,50.3570777]},"properties":{"kind":"substation","voltage":110000,"name":"Umspannwerk Station Rübenach"}},{"type":"Feature","geometry":{"type":"Point","coordinates":[7.948628,49.9571359]},"properties":{"kind":"substation","voltage":110000,"name":"Umspannwerk Bingen-Kempten"}},{"type":"Feature","geometry":{"type":"Point","coordinates":[7.9484449,49.9548227]},"properties":{"kind":"substation","voltage":110000,"name":"Unterwerk Bingen"}},{"type":"Feature","geometry":{"type":"Point","coordinates":[7.7044778,49.437771]},"properties":{"kind":"substation","voltage":110000,"name":"Unterwerk Kaiserslautern"}},{"type":"Feature","geometry":{"type":"Point","coordinates":[8.1132872,49.7630688]},"properties":{"kind":"substation","voltage":110000,"name":"Umspannwerk Albig"}},{"type":"Feature","geometry":{"type":"Point","coordinates":[8.202871,49.7000249]},"properties":{"kind":"substation","voltage":110000,"name":"Umspannwerk Gundersheim"}},{"type":"Feature","geometry":{"type":"Point","coordinates":[8.323699,49.8011687]},"properties":{"kind":"substation","voltage":110000,"name":"Umspannwerk Guntersblum"}},{"type":"Feature","geometry":{"type":"Point","coordinates":[7.9741156,49.8164871]},"properties":{"kind":"substation","voltage":110000,"name":"Umspannwerk Wöllstein"}},{"type":"Feature","geometry":{"type":"Point","coordinates":[8.3566198,49.6506561]},"properties":{"kind":"substation","voltage":110000,"name":"Umspannwerk Holzhof"}},{"type":"Feature","geometry":{"type":"Point","coordinates":[7.8953578,49.8575744]},"properties":{"kind":"substation","voltage":110000,"name":null}},{"type":"Feature","geometry":{"type":"Point","coordinates":[6.4750458,49.9225682]},"properties":{"kind":"substation","voltage":380000,"name":"Station Niederstedem"}},{"type":"Feature","geometry":{"type":"Point","coordinates":[6.7022905,49.828987]},"properties":{"kind":"substation","voltage":220000,"name":"Station Quint"}},{"type":"Feature","geometry":{"type":"Point","coordinates":[6.5398056,49.6416524]},"properties":{"kind":"substation","voltage":110000,"name":"Station Tobiashaus"}},{"type":"Feature","geometry":{"type":"Point","coordinates":[6.5912617,49.7080292]},"properties":{"kind":"substation","voltage":110000,"name":"Unterwerk Karthaus"}},{"type":"Feature","geometry":{"type":"Point","coordinates":[6.5751579,49.7036519]},"properties":{"kind":"substation","voltage":110000,"name":"Station Konz"}},{"type":"Feature","geometry":{"type":"Point","coordinates":[7.7922059,49.810381]},"properties":{"kind":"substation","voltage":110000,"name":"Umspannwerk Niederhausen"}},{"type":"Feature","geometry":{"type":"Point","coordinates":[8.0683118,49.5778331]},"properties":{"kind":"substation","voltage":110000,"name":"Umspannwerk Kerzenheim"}},{"type":"Feature","geometry":{"type":"Point","coordinates":[7.8816916,49.5466639]},"properties":{"kind":"substation","voltage":110000,"name":"Münchweiler an der Alsenz"}},{"type":"Feature","geometry":{"type":"Point","coordinates":[7.7290339,49.4826808]},"properties":{"kind":"substation","voltage":380000,"name":"Otterbach"}},{"type":"Feature","geometry":{"type":"Point","coordinates":[8.0847791,49.5533142]},"properties":{"kind":"substation","voltage":110000,"name":null}},{"type":"Feature","geometry":{"type":"Point","coordinates":[7.4901998,49.4043619]},"properties":{"kind":"substation","voltage":110000,"name":null}},{"type":"Feature","geometry":{"type":"Point","coordinates":[7.7823974,49.4516518]},"properties":{"kind":"substation","voltage":110000,"name":"Umspannwerk Rotenberg"}},{"type":"Feature","geometry":{"type":"Point","coordinates":[8.3638574,49.2463051]},"properties":{"kind":"substation","voltage":110000,"name":null}},{"type":"Feature","geometry":{"type":"Point","coordinates":[8.3523411,49.2174544]},"properties":{"kind":"substation","voltage":110000,"name":"Umspannwerk Germersheim"}},{"type":"Feature","geometry":{"type":"Point","coordinates":[7.8634118,50.7683758]},"properties":{"kind":"substation","voltage":380000,"name":"Station Dauersberg"}},{"type":"Feature","geometry":{"type":"Point","coordinates":[7.9622784,50.7303739]},"properties":{"kind":"substation","voltage":110000,"name":"Umspannanlage Daaden"}},{"type":"Feature","geometry":{"type":"Point","coordinates":[7.9289671,50.8178552]},"properties":{"kind":"substation","voltage":110000,"name":null}},{"type":"Feature","geometry":{"type":"Point","coordinates":[7.6404561,50.3851418]},"properties":{"kind":"substation","voltage":110000,"name":"Station Urbar"}},{"type":"Feature","geometry":{"type":"Point","coordinates":[8.2060353,49.9276303]},"properties":{"kind":"substation","voltage":110000,"name":"Umspannwerk Ober-Olm"}},{"type":"Feature","geometry":{"type":"Point","coordinates":[8.3172062,49.8514152]},"properties":{"kind":"substation","voltage":110000,"name":"Umspannwerk Dexheim"}},{"type":"Feature","geometry":{"type":"Point","coordinates":[8.3522609,49.4212262]},"properties":{"kind":"substation","voltage":220000,"name":"UA Mutterstadt"}},{"type":"Feature","geometry":{"type":"Point","coordinates":[8.3579204,49.4252485]},"properties":{"kind":"substation","voltage":110000,"name":"Umspannwerk Mutterstadt"}},{"type":"Feature","geometry":{"type":"Point","coordinates":[8.3471489,49.5503297]},"properties":{"kind":"substation","voltage":110000,"name":"UW Frankenthal"}},{"type":"Feature","geometry":{"type":"Point","coordinates":[8.3502086,49.5159673]},"properties":{"kind":"substation","voltage":110000,"name":"UW Studernheim"}},{"type":"Feature","geometry":{"type":"Point","coordinates":[8.3388146,49.263751]},"properties":{"kind":"substation","voltage":110000,"name":"Umspannwerk Schwegenheim"}},{"type":"Feature","geometry":{"type":"Point","coordinates":[8.1949098,49.5643571]},"properties":{"kind":"substation","voltage":110000,"name":null}},{"type":"Feature","geometry":{"type":"Point","coordinates":[8.0513709,49.3745634]},"properties":{"kind":"substation","voltage":110000,"name":"Umspannwerk Lambrecht"}},{"type":"Feature","geometry":{"type":"Point","coordinates":[7.6125473,50.5916291]},"properties":{"kind":"substation","voltage":110000,"name":"Umspannwerk Puderbach"}},{"type":"Feature","geometry":{"type":"Point","coordinates":[7.5239559,50.5671196]},"properties":{"kind":"substation","voltage":110000,"name":null}},{"type":"Feature","geometry":{"type":"Point","coordinates":[7.3087563,50.0464561]},"properties":{"kind":"substation","voltage":110000,"name":null}},{"type":"Feature","geometry":{"type":"Point","coordinates":[7.7013304,49.4385654]},"properties":{"kind":"substation","voltage":110000,"name":null}},{"type":"Feature","geometry":{"type":"Point","coordinates":[8.1442569,49.2872474]},"properties":{"kind":"substation","voltage":110000,"name":null}},{"type":"Feature","geometry":{"type":"Point","coordinates":[7.6735964,49.43426]},"properties":{"kind":"substation","voltage":110000,"name":"Einsiedlerhof"}},{"type":"Feature","geometry":{"type":"Point","coordinates":[7.8894614,50.7808553]},"properties":{"kind":"substation","voltage":110000,"name":"Station Betzdorf"}},{"type":"Feature","geometry":{"type":"Point","coordinates":[7.592713,50.3860296]},"properties":{"kind":"substation","voltage":380000,"name":"Station Koblenz"}},{"type":"Feature","geometry":{"type":"Point","coordinates":[8.2509557,49.3771273]},"properties":{"kind":"substation","voltage":110000,"name":"Umspannwerk Haßloch"}},{"type":"Feature","geometry":{"type":"Point","coordinates":[6.4147026,50.1991309]},"properties":{"kind":"substation","voltage":110000,"name":"Station Prüm"}},{"type":"Feature","geometry":{"type":"Point","coordinates":[8.2917447,49.525428]},"properties":{"kind":"substation","voltage":110000,"name":"Umspannanlage Lambsheim"}},{"type":"Feature","geometry":{"type":"Point","coordinates":[7.5919359,50.38756]},"properties":{"kind":"substation","voltage":110000,"name":null}},{"type":"Feature","geometry":{"type":"Point","coordinates":[7.8160115,49.9220861]},"properties":{"kind":"substation","voltage":380000,"name":"Umspannwerk Waldlaubersheim"}},{"type":"Feature","geometry":{"type":"Point","coordinates":[7.5682506,50.4343757]},"properties":{"kind":"substation","voltage":110000,"name":null}},{"type":"Feature","geometry":{"type":"Point","coordinates":[7.2674902,50.3350578]},"properties":{"kind":"substation","voltage":110000,"name":null}},{"type":"Feature","geometry":{"type":"Point","coordinates":[7.6321958,50.0604161]},"properties":{"kind":"substation","voltage":110000,"name":null}},{"type":"Feature","geometry":{"type":"Point","coordinates":[6.2884988,50.1297013]},"properties":{"kind":"substation","voltage":110000,"name":"Station Euscheid"}},{"type":"Feature","geometry":{"type":"Point","coordinates":[7.7953984,49.6228678]},"properties":{"kind":"substation","voltage":110000,"name":"Umspannwerk Rockenhausen"}},{"type":"Feature","geometry":{"type":"Point","coordinates":[7.4613181,49.4101913]},"properties":{"kind":"substation","voltage":110000,"name":null}},{"type":"Feature","geometry":{"type":"Point","coordinates":[7.40863,49.9570733]},"properties":{"kind":"substation","voltage":110000,"name":"Station Kirchberg 1+2"}},{"type":"Feature","geometry":{"type":"Point","coordinates":[7.5479966,49.9899124]},"properties":{"kind":"substation","voltage":110000,"name":null}},{"type":"Feature","geometry":{"type":"Point","coordinates":[7.1159695,49.8173668]},"properties":{"kind":"substation","voltage":110000,"name":"Morbach neu"}},{"type":"Feature","geometry":{"type":"Point","coordinates":[7.5972947,50.0973079]},"properties":{"kind":"substation","voltage":110000,"name":null}},{"type":"Feature","geometry":{"type":"Point","coordinates":[7.5113373,50.5512188]},"properties":{"kind":"substation","voltage":110000,"name":null}},{"type":"Feature","geometry":{"type":"Point","coordinates":[7.1143121,50.1500731]},"properties":{"kind":"substation","voltage":110000,"name":null}},{"type":"Feature","geometry":{"type":"Point","coordinates":[7.7401818,50.0094498]},"properties":{"kind":"substation","voltage":110000,"name":"Umspannwerk Oberheimbach"}},{"type":"Feature","geometry":{"type":"Point","coordinates":[6.4136015,50.3371243]},"properties":{"kind":"substation","voltage":110000,"name":"Kehr"}},{"type":"Feature","geometry":{"type":"Point","coordinates":[7.7561092,49.9966441]},"properties":{"kind":"substation","voltage":110000,"name":"Umspannwerk Kandrich"}},{"type":"Feature","geometry":{"type":"Point","coordinates":[8.0181695,49.8154642]},"properties":{"kind":"substation","voltage":110000,"name":null}},{"type":"Feature","geometry":{"type":"Point","coordinates":[8.214961,49.1972064]},"properties":{"kind":"substation","voltage":110000,"name":null}},{"type":"Feature","geometry":{"type":"Point","coordinates":[8.2743351,49.03037]},"properties":{"kind":"substation","voltage":110000,"name":"Umspannwerk Maximiliansau"}},{"type":"Feature","geometry":{"type":"Point","coordinates":[8.0445357,49.6504837]},"properties":{"kind":"substation","voltage":110000,"name":null}},{"type":"Feature","geometry":{"type":"Point","coordinates":[7.4604563,50.2729959]},"properties":{"kind":"substation","voltage":110000,"name":"Station Lehmen"}},{"type":"Feature","geometry":{"type":"Point","coordinates":[7.0088547,49.76456]},"properties":{"kind":"substation","voltage":110000,"name":"Station Thalfang"}},{"type":"Feature","geometry":{"type":"Point","coordinates":[7.3410126,50.0374542]},"properties":{"kind":"substation","voltage":110000,"name":null}},{"type":"Feature","geometry":{"type":"Point","coordinates":[6.6877249,49.7893806]},"properties":{"kind":"substation","voltage":110000,"name":"Station Ehrang"}},{"type":"Feature","geometry":{"type":"Point","coordinates":[7.6927012,50.0262129]},"properties":{"kind":"substation","voltage":380000,"name":"Bacharach"}},{"type":"Feature","geometry":{"type":"Point","coordinates":[7.4495644,50.402375]},"properties":{"kind":"substation","voltage":380000,"name":"Station Weißenthurm"}},{"type":"Feature","geometry":{"type":"Point","coordinates":[7.0956308,50.5824513]},"properties":{"kind":"substation","voltage":110000,"name":"Station Ringen"}},{"type":"Feature","geometry":{"type":"Point","coordinates":[6.7998679,49.6191186]},"properties":{"kind":"substation","voltage":110000,"name":"Umspannwerk Waldweiler"}},{"type":"Feature","geometry":{"type":"Point","coordinates":[7.5159072,49.9919922]},"properties":{"kind":"substation","voltage":110000,"name":null}},{"type":"Feature","geometry":{"type":"Point","coordinates":[7.0563769,49.8576755]},"properties":{"kind":"substation","voltage":110000,"name":null}},{"type":"Feature","geometry":{"type":"Point","coordinates":[7.5696883,49.4192462]},"properties":{"kind":"substation","voltage":110000,"name":null}},{"type":"Feature","geometry":{"type":"Point","coordinates":[7.6715536,49.6893077]},"properties":{"kind":"substation","voltage":110000,"name":null}},{"type":"Feature","geometry":{"type":"Point","coordinates":[6.6619061,49.765225]},"properties":{"kind":"substation","voltage":110000,"name":"UW Keltenweg"}},{"type":"Feature","geometry":{"type":"Point","coordinates":[7.6224739,49.3453359]},"properties":{"kind":"substation","voltage":110000,"name":null}},{"type":"Feature","geometry":{"type":"Point","coordinates":[8.3481429,49.6955168]},"properties":{"kind":"substation","voltage":110000,"name":"elektrizitätswerk Rheinhessen"}},{"type":"Feature","geometry":{"type":"Point","coordinates":[7.5945845,49.4661111]},"properties":{"kind":"substation","voltage":110000,"name":"UW Langacker"}},{"type":"Feature","geometry":{"type":"Point","coordinates":[6.4100969,50.3195719]},"properties":{"kind":"substation","voltage":110000,"name":null}},{"type":"Feature","geometry":{"type":"Point","coordinates":[7.6088506,49.6032846]},"properties":{"kind":"substation","voltage":110000,"name":null}},{"type":"Feature","geometry":{"type":"Point","coordinates":[7.8351109,49.8354382]},"properties":{"kind":"substation","voltage":110000,"name":null}},{"type":"Feature","geometry":{"type":"Point","coordinates":[6.4600073,50.2113602]},"properties":{"kind":"substation","voltage":380000,"name":"Umspannwerk Rommersheim"}},{"type":"Feature","geometry":{"type":"Point","coordinates":[6.4383129,50.3585563]},"properties":{"kind":"substation","voltage":110000,"name":null}},{"type":"Feature","geometry":{"type":"Point","coordinates":[7.743494,50.5209714]},"properties":{"kind":"substation","voltage":110000,"name":null}},{"type":"Feature","geometry":{"type":"Point","coordinates":[7.059361,49.8557339]},"properties":{"kind":"substation","voltage":110000,"name":null}},{"type":"Feature","geometry":{"type":"Point","coordinates":[6.8696496,49.742408]},"properties":{"kind":"substation","voltage":110000,"name":null}},{"type":"Feature","geometry":{"type":"Point","coordinates":[6.8970052,49.6426843]},"properties":{"kind":"substation","voltage":110000,"name":null}},{"type":"Feature","geometry":{"type":"Point","coordinates":[7.531994,49.4436958]},"properties":{"kind":"substation","voltage":110000,"name":"Umspannwerk Ramstein-Miesenbach"}},{"type":"Feature","geometry":{"type":"Point","coordinates":[8.228859,49.471455]},"properties":{"kind":"substation","voltage":110000,"name":null}},{"type":"Feature","geometry":{"type":"Point","coordinates":[6.3816837,49.9398614]},"properties":{"kind":"substation","voltage":110000,"name":null}},{"type":"Feature","geometry":{"type":"Point","coordinates":[6.3247886,49.9646432]},"properties":{"kind":"substation","voltage":110000,"name":null}},{"type":"Feature","geometry":{"type":"Point","coordinates":[6.6116466,50.0207994]},"properties":{"kind":"substation","voltage":110000,"name":null}},{"type":"Feature","geometry":{"type":"Point","coordinates":[6.8398183,49.2357069]},"properties":{"kind":"substation","voltage":110000,"name":"Umspannanlage Geislautern"}},{"type":"Feature","geometry":{"type":"Point","coordinates":[7.1169752,49.321782]},"properties":{"kind":"substation","voltage":110000,"name":"Umspannanlage Heinitz"}},{"type":"Feature","geometry":{"type":"Point","coordinates":[7.1317221,49.5549074]},"properties":{"kind":"substation","voltage":110000,"name":null}},{"type":"Feature","geometry":{"type":"Point","coordinates":[6.8904049,49.5275096]},"properties":{"kind":"substation","voltage":110000,"name":"Umspannwerk Wadern"}},{"type":"Feature","geometry":{"type":"Point","coordinates":[7.0436916,49.2143066]},"properties":{"kind":"substation","voltage":110000,"name":"UA Brebach"}},{"type":"Feature","geometry":{"type":"Point","coordinates":[6.9962061,49.3757454]},"properties":{"kind":"substation","voltage":380000,"name":"Umspannwerk Uchtelfangen"}},{"type":"Feature","geometry":{"type":"Point","coordinates":[7.2133482,49.1681591]},"properties":{"kind":"substation","voltage":110000,"name":null}},{"type":"Feature","geometry":{"type":"Point","coordinates":[6.9619823,49.2408323]},"properties":{"kind":"substation","voltage":110000,"name":null}},{"type":"Feature","geometry":{"type":"Point","coordinates":[6.8729334,49.4455059]},"properties":{"kind":"substation","voltage":110000,"name":"Umspannanlage Schmelz"}},{"type":"Feature","geometry":{"type":"Point","coordinates":[6.7728936,49.2912013]},"properties":{"kind":"substation","voltage":380000,"name":"Umspannanlage Ensdorf"}},{"type":"Feature","geometry":{"type":"Point","coordinates":[6.9775707,49.2439009]},"properties":{"kind":"substation","voltage":110000,"name":"Unterwerk Saarbrücken"}},{"type":"Feature","geometry":{"type":"Point","coordinates":[7.0370054,49.2313221]},"properties":{"kind":"substation","voltage":110000,"name":null}},{"type":"Feature","geometry":{"type":"Point","coordinates":[6.7660925,49.3601714]},"properties":{"kind":"substation","voltage":220000,"name":"Station Saarwellingen"}},{"type":"Feature","geometry":{"type":"Point","coordinates":[6.9471724,49.3227864]},"properties":{"kind":"substation","voltage":110000,"name":"UA Hilschbach"}},{"type":"Feature","geometry":{"type":"Point","coordinates":[6.8841428,49.2487451]},"properties":{"kind":"substation","voltage":110000,"name":null}},{"type":"Feature","geometry":{"type":"Point","coordinates":[7.2403989,49.3576545]},"properties":{"kind":"substation","voltage":380000,"name":"Schaltanlage St. Barbara"}},{"type":"Feature","geometry":{"type":"Point","coordinates":[7.1482637,49.2851284]},"properties":{"kind":"substation","voltage":110000,"name":"UA Rohrbach"}},{"type":"Feature","geometry":{"type":"Point","coordinates":[6.6300937,49.454562]},"properties":{"kind":"substation","voltage":110000,"name":"UA Merzig"}},{"type":"Feature","geometry":{"type":"Point","coordinates":[6.8002582,49.5021858]},"properties":{"kind":"substation","voltage":110000,"name":null}},{"type":"Feature","geometry":{"type":"Point","coordinates":[6.7264525,49.2724494]},"properties":{"kind":"substation","voltage":110000,"name":"Überherrn"}},{"type":"Feature","geometry":{"type":"Point","coordinates":[6.9764698,49.2437104]},"properties":{"kind":"substation","voltage":110000,"name":null}},{"type":"Feature","geometry":{"type":"Point","coordinates":[7.0493505,49.3447279]},"properties":{"kind":"substation","voltage":110000,"name":null}},{"type":"Feature","geometry":{"type":"Point","coordinates":[7.0312496,49.3309012]},"properties":{"kind":"substation","voltage":110000,"name":null}},{"type":"Feature","geometry":{"type":"Point","coordinates":[7.1661489,49.4611127]},"properties":{"kind":"substation","voltage":110000,"name":null}},{"type":"Feature","geometry":{"type":"Point","coordinates":[7.1461468,49.4601079]},"properties":{"kind":"substation","voltage":110000,"name":null}},{"type":"Feature","geometry":{"type":"Point","coordinates":[7.1939781,49.3333796]},"properties":{"kind":"substation","voltage":110000,"name":"KEW Energieversorgung"}},{"type":"Feature","geometry":{"type":"Point","coordinates":[6.9131255,49.294913]},"properties":{"kind":"substation","voltage":110000,"name":"UA Köllerbach"}},{"type":"Feature","geometry":{"type":"Point","coordinates":[6.7574141,49.310088]},"properties":{"kind":"substation","voltage":110000,"name":null}},{"type":"Feature","geometry":{"type":"Point","coordinates":[6.709791,49.3658183]},"properties":{"kind":"substation","voltage":110000,"name":null}},{"type":"Feature","geometry":{"type":"Point","coordinates":[7.1703068,49.355851]},"properties":{"kind":"substation","voltage":110000,"name":"Saarstahl"}},{"type":"Feature","geometry":{"type":"Point","coordinates":[7.1030078,49.2771938]},"properties":{"kind":"substation","voltage":110000,"name":"Umspannanlage: St. Ingbert"}},{"type":"Feature","geometry":{"type":"Point","coordinates":[6.7820832,49.275592]},"properties":{"kind":"substation","voltage":110000,"name":null}},{"type":"Feature","geometry":{"type":"Point","coordinates":[6.7967441,49.2577492]},"properties":{"kind":"substation","voltage":110000,"name":"Schaffhausen"}},{"type":"Feature","geometry":{"type":"Point","coordinates":[7.0732563,49.477706]},"properties":{"kind":"substation","voltage":110000,"name":"UA Alsweiler"}},{"type":"Feature","geometry":{"type":"Point","coordinates":[6.9013404,49.4093237]},"properties":{"kind":"substation","voltage":110000,"name":"UA Lebach"}},{"type":"Feature","geometry":{"type":"Point","coordinates":[7.0372559,49.1738787]},"properties":{"kind":"substation","voltage":110000,"name":null}},{"type":"Feature","geometry":{"type":"Point","coordinates":[6.8395821,49.2527604]},"properties":{"kind":"substation","voltage":110000,"name":null}},{"type":"Feature","geometry":{"type":"Point","coordinates":[7.3194091,49.3047681]},"properties":{"kind":"substation","voltage":220000,"name":"Homburg"}},{"type":"Feature","geometry":{"type":"Point","coordinates":[7.236365,49.3424674]},"properties":{"kind":"substation","voltage":110000,"name":null}},{"type":"Feature","geometry":{"type":"Point","coordinates":[7.2379703,49.5469645]},"properties":{"kind":"substation","voltage":110000,"name":"UA Freisen"}},{"type":"Feature","geometry":{"type":"Point","coordinates":[6.4190546,49.4915141]},"properties":{"kind":"substation","voltage":110000,"name":"UA Borg"}},{"type":"Feature","geometry":{"type":"Point","coordinates":[6.7555141,49.2820127]},"properties":{"kind":"substation","voltage":110000,"name":"UA Lisdorfer Berg"}},{"type":"Feature","geometry":{"type":"Point","coordinates":[6.7402106,49.3565069]},"properties":{"kind":"substation","voltage":110000,"name":null}},{"type":"Feature","geometry":{"type":"Point","coordinates":[7.3547944,49.3403373]},"properties":{"kind":"substation","voltage":110000,"name":"Umspannwerk Bruchhof"}},{"type":"Feature","geometry":{"type":"Point","coordinates":[6.8897783,49.5278517]},"properties":{"kind":"substation","voltage":110000,"name":null}},{"type":"Feature","geometry":{"type":"Point","coordinates":[6.839819,49.2747311]},"properties":{"kind":"substation","voltage":110000,"name":null}},{"type":"Feature","geometry":{"type":"Point","coordinates":[6.8399649,49.274876]},"properties":{"kind":"substation","voltage":110000,"name":null}},{"type":"Feature","geometry":{"type":"Point","coordinates":[6.975316,49.580556]},"properties":{"kind":"substation","voltage":110000,"name":null}},{"type":"Feature","geometry":{"type":"Point","coordinates":[7.0158477,49.2237146]},"properties":{"kind":"substation","voltage":110000,"name":null}},{"type":"Feature","geometry":{"type":"Point","coordinates":[6.6880198,49.36578]},"properties":{"kind":"substation","voltage":110000,"name":"UA Rehlingen"}},{"type":"Feature","geometry":{"type":"Point","coordinates":[6.8347547,49.263572]},"properties":{"kind":"substation","voltage":110000,"name":null}},{"type":"Feature","geometry":{"type":"Point","coordinates":[12.3528011,51.1403876]},"properties":{"kind":"substation","voltage":110000,"name":"Umspannwerk Windpark Breunsdorf 1"}},{"type":"Feature","geometry":{"type":"Point","coordinates":[13.6090257,51.093496]},"properties":{"kind":"substation","voltage":380000,"name":"UW Niederwartha"}},{"type":"Feature","geometry":{"type":"Point","coordinates":[12.263635,51.2443397]},"properties":{"kind":"substation","voltage":110000,"name":"Stahl- und Hartgusswerk Bösdorf"}},{"type":"Feature","geometry":{"type":"Point","coordinates":[12.4364649,51.3694114]},"properties":{"kind":"substation","voltage":110000,"name":"Umspannwerk Leipzig I"}},{"type":"Feature","geometry":{"type":"Point","coordinates":[12.4058027,51.4042035]},"properties":{"kind":"substation","voltage":110000,"name":"Umspannwerk Seehausen"}},{"type":"Feature","geometry":{"type":"Point","coordinates":[13.7299275,51.0237633]},"properties":{"kind":"substation","voltage":110000,"name":"Umspannwerk Dresden Räcknitz"}},{"type":"Feature","geometry":{"type":"Point","coordinates":[12.4696159,51.3718112]},"properties":{"kind":"substation","voltage":220000,"name":"Umspannwerk Taucha"}},{"type":"Feature","geometry":{"type":"Point","coordinates":[12.4458343,51.3403713]},"properties":{"kind":"substation","voltage":110000,"name":null}},{"type":"Feature","geometry":{"type":"Point","coordinates":[13.8401412,50.9909493]},"properties":{"kind":"substation","voltage":110000,"name":"Umspannwerk Dresden Süd"}},{"type":"Feature","geometry":{"type":"Point","coordinates":[12.4217806,51.3540193]},"properties":{"kind":"substation","voltage":110000,"name":"Umspannwerk Leipzig Ost"}},{"type":"Feature","geometry":{"type":"Point","coordinates":[12.3129668,51.3822058]},"properties":{"kind":"substation","voltage":110000,"name":"Bahnstrom Unterwerk Leipzig-Wahren"}},{"type":"Feature","geometry":{"type":"Point","coordinates":[12.3457258,51.3765278]},"properties":{"kind":"substation","voltage":110000,"name":"Umspannwerk Leipzig Nord"}},{"type":"Feature","geometry":{"type":"Point","coordinates":[13.7937778,51.1575391]},"properties":{"kind":"substation","voltage":110000,"name":"Umspannwerk Weixdorf"}},{"type":"Feature","geometry":{"type":"Point","coordinates":[13.8351384,50.9941337]},"properties":{"kind":"substation","voltage":110000,"name":"Zentrales Bahnstromumformerwerk Dresden-Niedersedlitz"}},{"type":"Feature","geometry":{"type":"Point","coordinates":[14.90792,51.2316651]},"properties":{"kind":"substation","voltage":110000,"name":"Umspannwerk"}},{"type":"Feature","geometry":{"type":"Point","coordinates":[12.4190539,51.3728217]},"properties":{"kind":"substation","voltage":110000,"name":null}},{"type":"Feature","geometry":{"type":"Point","coordinates":[14.5499307,51.0358907]},"properties":{"kind":"substation","voltage":110000,"name":"Umspannwerk Friedersdorf"}},{"type":"Feature","geometry":{"type":"Point","coordinates":[12.9883934,51.5770068]},"properties":{"kind":"substation","voltage":110000,"name":"Umspannwerk Torgau"}},{"type":"Feature","geometry":{"type":"Point","coordinates":[13.6498409,51.0403402]},"properties":{"kind":"substation","voltage":110000,"name":"Umspannwerk DD-Gorbitz"}},{"type":"Feature","geometry":{"type":"Point","coordinates":[12.403868,51.3236552]},"properties":{"kind":"substation","voltage":110000,"name":"Umspannwerk Leipzig B"}},{"type":"Feature","geometry":{"type":"Point","coordinates":[12.510943,51.1405205]},"properties":{"kind":"substation","voltage":110000,"name":null}},{"type":"Feature","geometry":{"type":"Point","coordinates":[12.6389577,50.6085916]},"properties":{"kind":"substation","voltage":110000,"name":"Umspannwerk Schneeberg Nord"}},{"type":"Feature","geometry":{"type":"Point","coordinates":[13.7133305,51.1284464]},"properties":{"kind":"substation","voltage":110000,"name":"Umspannwerk Dresden-Wilschdorf"}},{"type":"Feature","geometry":{"type":"Point","coordinates":[13.5813286,51.1166441]},"properties":{"kind":"substation","voltage":110000,"name":"Umspannwerk Coswig"}},{"type":"Feature","geometry":{"type":"Point","coordinates":[13.2139748,50.7071014]},"properties":{"kind":"substation","voltage":110000,"name":"Umspannwerk Pockau"}},{"type":"Feature","geometry":{"type":"Point","coordinates":[12.7893549,50.6271092]},"properties":{"kind":"substation","voltage":110000,"name":"Umspannwerk Zwönitz"}},{"type":"Feature","geometry":{"type":"Point","coordinates":[12.3024361,51.3455371]},"properties":{"kind":"substation","voltage":110000,"name":"Böhlitz-Ehrenberg"}},{"type":"Feature","geometry":{"type":"Point","coordinates":[13.6858675,51.086751]},"properties":{"kind":"substation","voltage":110000,"name":"Umspannwerk DD-Kaditz"}},{"type":"Feature","geometry":{"type":"Point","coordinates":[13.5457858,51.2354702]},"properties":{"kind":"substation","voltage":110000,"name":"Bahnstrom-Unterwerk Böhla"}},{"type":"Feature","geometry":{"type":"Point","coordinates":[13.2671005,51.3114142]},"properties":{"kind":"substation","voltage":110000,"name":"Bahnstrom Unterwerk Riesa"}},{"type":"Feature","geometry":{"type":"Point","coordinates":[12.6190404,51.4467321]},"properties":{"kind":"substation","voltage":110000,"name":"Unterwerk Eilenburg"}},{"type":"Feature","geometry":{"type":"Point","coordinates":[13.8165933,51.0334038]},"properties":{"kind":"substation","voltage":110000,"name":"Umspannwerk DD-Tolkewitz"}},{"type":"Feature","geometry":{"type":"Point","coordinates":[13.9440583,50.9809793]},"properties":{"kind":"substation","voltage":110000,"name":"Umspannwerk Pirna-Copitz Steinhügelweg"}},{"type":"Feature","geometry":{"type":"Point","coordinates":[13.6508947,51.1044786]},"properties":{"kind":"substation","voltage":110000,"name":"Umspannwerk Radebeul"}},{"type":"Feature","geometry":{"type":"Point","coordinates":[13.6602468,51.0765891]},"properties":{"kind":"substation","voltage":110000,"name":"Bahnstrom Unterwerk Stetzsch"}},{"type":"Feature","geometry":{"type":"Point","coordinates":[13.3127646,51.0651615]},"properties":{"kind":"substation","voltage":110000,"name":"UW Nossen"}},{"type":"Feature","geometry":{"type":"Point","coordinates":[13.33364,51.0670288]},"properties":{"kind":"substation","voltage":110000,"name":"UW Heynitz"}},{"type":"Feature","geometry":{"type":"Point","coordinates":[14.7741627,50.9047228]},"properties":{"kind":"substation","voltage":110000,"name":"Umspannwerk Zittau / Nord"}},{"type":"Feature","geometry":{"type":"Point","coordinates":[12.8994805,50.7992688]},"properties":{"kind":"substation","voltage":110000,"name":null}},{"type":"Feature","geometry":{"type":"Point","coordinates":[12.3167378,51.3236222]},"properties":{"kind":"substation","voltage":110000,"name":"Umspannwerk Leipzig West"}},{"type":"Feature","geometry":{"type":"Point","coordinates":[14.9506485,51.0607392]},"properties":{"kind":"substation","voltage":110000,"name":null}},{"type":"Feature","geometry":{"type":"Point","coordinates":[14.4331142,51.1032424]},"properties":{"kind":"substation","voltage":110000,"name":"Umspannwerk Rodewitz"}},{"type":"Feature","geometry":{"type":"Point","coordinates":[13.533412,51.2766438]},"properties":{"kind":"substation","voltage":110000,"name":"Umspannwerk Großenhain"}},{"type":"Feature","geometry":{"type":"Point","coordinates":[13.3191789,51.1921963]},"properties":{"kind":"substation","voltage":110000,"name":"Umspannwerk Lommatzsch"}},{"type":"Feature","geometry":{"type":"Point","coordinates":[13.2792541,51.3267104]},"properties":{"kind":"substation","voltage":110000,"name":"UW Riesa Nord"}},{"type":"Feature","geometry":{"type":"Point","coordinates":[12.4998082,51.3354986]},"properties":{"kind":"substation","voltage":110000,"name":"Engelsdorf"}},{"type":"Feature","geometry":{"type":"Point","coordinates":[14.3815476,51.4397428]},"properties":{"kind":"substation","voltage":110000,"name":"UW Burg"}},{"type":"Feature","geometry":{"type":"Point","coordinates":[14.2952269,51.2373991]},"properties":{"kind":"substation","voltage":110000,"name":"Umspannwerk Puschwitz-Guhra"}},{"type":"Feature","geometry":{"type":"Point","coordinates":[14.8414195,51.302807]},"properties":{"kind":"substation","voltage":110000,"name":"Umspannwerk Niesky"}},{"type":"Feature","geometry":{"type":"Point","coordinates":[14.6444765,51.4102155]},"properties":{"kind":"substation","voltage":110000,"name":"Umspannwerk Reichwalde"}},{"type":"Feature","geometry":{"type":"Point","coordinates":[12.2876877,51.3444199]},"properties":{"kind":"substation","voltage":110000,"name":"Endmastanlage Metallguß"}},{"type":"Feature","geometry":{"type":"Point","coordinates":[13.6717725,50.8714972]},"properties":{"kind":"substation","voltage":110000,"name":"UW Ulberndorf"}},{"type":"Feature","geometry":{"type":"Point","coordinates":[14.4000052,51.1801732]},"properties":{"kind":"substation","voltage":110000,"name":"Umspannwerk Bautzen"}},{"type":"Feature","geometry":{"type":"Point","coordinates":[12.3903376,51.3416788]},"properties":{"kind":"substation","voltage":110000,"name":"Umspannwerk Leipzig K"}},{"type":"Feature","geometry":{"type":"Point","coordinates":[12.3464179,51.3307295]},"properties":{"kind":"substation","voltage":110000,"name":"Umspannwerk Leipzig A"}},{"type":"Feature","geometry":{"type":"Point","coordinates":[12.7567677,51.381508]},"properties":{"kind":"substation","voltage":110000,"name":"Wurzen"}},{"type":"Feature","geometry":{"type":"Point","coordinates":[14.1187736,51.2621315]},"properties":{"kind":"substation","voltage":110000,"name":null}},{"type":"Feature","geometry":{"type":"Point","coordinates":[13.6407087,50.9980632]},"properties":{"kind":"substation","voltage":110000,"name":null}},{"type":"Feature","geometry":{"type":"Point","coordinates":[12.9198305,50.8384618]},"properties":{"kind":"substation","voltage":110000,"name":"Umspannwerk Chemnitz Zentrum"}},{"type":"Feature","geometry":{"type":"Point","coordinates":[12.3140021,51.2995115]},"properties":{"kind":"substation","voltage":110000,"name":null}},{"type":"Feature","geometry":{"type":"Point","coordinates":[12.381115,51.2778462]},"properties":{"kind":"substation","voltage":110000,"name":"Umspannwerk Markkleeberg"}},{"type":"Feature","geometry":{"type":"Point","coordinates":[12.9206889,50.8095965]},"properties":{"kind":"substation","voltage":110000,"name":null}},{"type":"Feature","geometry":{"type":"Point","coordinates":[13.5073549,51.1688915]},"properties":{"kind":"substation","voltage":110000,"name":"Umspannwerk Meißen"}},{"type":"Feature","geometry":{"type":"Point","coordinates":[14.4288298,51.1611953]},"properties":{"kind":"substation","voltage":110000,"name":"Umspannwerk Bautzen-Süd"}},{"type":"Feature","geometry":{"type":"Point","coordinates":[13.6522899,50.9981861]},"properties":{"kind":"substation","voltage":110000,"name":"Umspannwerk Freital"}},{"type":"Feature","geometry":{"type":"Point","coordinates":[14.2131959,51.0163605]},"properties":{"kind":"substation","voltage":110000,"name":null}},{"type":"Feature","geometry":{"type":"Point","coordinates":[12.2656168,50.548285]},"properties":{"kind":"substation","voltage":110000,"name":null}},{"type":"Feature","geometry":{"type":"Point","coordinates":[13.0835067,50.8514919]},"properties":{"kind":"substation","voltage":110000,"name":"Flöha/Ost"}},{"type":"Feature","geometry":{"type":"Point","coordinates":[12.8603493,50.8109424]},"properties":{"kind":"substation","voltage":110000,"name":"Umspannwerk Chemnitz West"}},{"type":"Feature","geometry":{"type":"Point","coordinates":[14.8756209,50.9390243]},"properties":{"kind":"substation","voltage":110000,"name":null}},{"type":"Feature","geometry":{"type":"Point","coordinates":[14.318213,51.2833686]},"properties":{"kind":"substation","voltage":110000,"name":"Umspannwerk Zescha"}},{"type":"Feature","geometry":{"type":"Point","coordinates":[14.6077112,51.2635583]},"properties":{"kind":"substation","voltage":110000,"name":null}},{"type":"Feature","geometry":{"type":"Point","coordinates":[13.9046743,51.1099931]},"properties":{"kind":"substation","voltage":110000,"name":null}},{"type":"Feature","geometry":{"type":"Point","coordinates":[14.6380791,51.4912112]},"properties":{"kind":"substation","voltage":110000,"name":"Umspannwerk Weißwasser"}},{"type":"Feature","geometry":{"type":"Point","coordinates":[14.9641453,51.1657733]},"properties":{"kind":"substation","voltage":110000,"name":"Umspannwerk Görlitz"}},{"type":"Feature","geometry":{"type":"Point","coordinates":[13.3294619,50.8762652]},"properties":{"kind":"substation","voltage":110000,"name":"Umspannwerk Brand-Erbisdorf"}},{"type":"Feature","geometry":{"type":"Point","coordinates":[13.8983179,50.9584588]},"properties":{"kind":"substation","voltage":110000,"name":"UW Heidenau"}},{"type":"Feature","geometry":{"type":"Point","coordinates":[14.0238949,50.9115912]},"properties":{"kind":"substation","voltage":110000,"name":"UW Leupoldishain"}},{"type":"Feature","geometry":{"type":"Point","coordinates":[13.4452692,51.0865156]},"properties":{"kind":"substation","voltage":110000,"name":"UW Seeligstadt"}},{"type":"Feature","geometry":{"type":"Point","coordinates":[13.7330359,51.2139557]},"properties":{"kind":"substation","voltage":110000,"name":"Umspannwerk Radeburg"}},{"type":"Feature","geometry":{"type":"Point","coordinates":[13.2795651,51.3129073]},"properties":{"kind":"substation","voltage":110000,"name":"UW Riesa-Mitte"}},{"type":"Feature","geometry":{"type":"Point","coordinates":[14.250469,50.9694035]},"properties":{"kind":"substation","voltage":110000,"name":"Umspannwerk Sebnitz"}},{"type":"Feature","geometry":{"type":"Point","coordinates":[13.8116577,51.0280182]},"properties":{"kind":"substation","voltage":110000,"name":null}},{"type":"Feature","geometry":{"type":"Point","coordinates":[12.786478,50.4842737]},"properties":{"kind":"substation","voltage":110000,"name":null}},{"type":"Feature","geometry":{"type":"Point","coordinates":[13.3181493,50.9157679]},"properties":{"kind":"substation","voltage":110000,"name":"Umspannwerk Freiberg West"}},{"type":"Feature","geometry":{"type":"Point","coordinates":[13.1613904,50.8650455]},"properties":{"kind":"substation","voltage":110000,"name":"Umspannwerk Oederan"}},{"type":"Feature","geometry":{"type":"Point","coordinates":[12.9051395,50.6870755]},"properties":{"kind":"substation","voltage":110000,"name":null}},{"type":"Feature","geometry":{"type":"Point","coordinates":[13.4527458,51.4047234]},"properties":{"kind":"substation","voltage":110000,"name":"UW Gröditz"}},{"type":"Feature","geometry":{"type":"Point","coordinates":[12.7459963,51.3631076]},"properties":{"kind":"substation","voltage":110000,"name":"Unterwerk Wurzen"}},{"type":"Feature","geometry":{"type":"Point","coordinates":[12.9382262,50.8620681]},"properties":{"kind":"substation","voltage":110000,"name":"Bahnstrom Unterwerk Chemnitz"}},{"type":"Feature","geometry":{"type":"Point","coordinates":[12.148956,50.4984853]},"properties":{"kind":"substation","voltage":110000,"name":"Umspannwerk Plauen A"}},{"type":"Feature","geometry":{"type":"Point","coordinates":[12.378067,51.1708043]},"properties":{"kind":"substation","voltage":110000,"name":"BGH Edelstahl Lippendorf GmbH"}},{"type":"Feature","geometry":{"type":"Point","coordinates":[13.3583835,50.8998695]},"properties":{"kind":"substation","voltage":110000,"name":"Wacker Freiberg"}},{"type":"Feature","geometry":{"type":"Point","coordinates":[13.3625909,50.9091927]},"properties":{"kind":"substation","voltage":110000,"name":"Freiberg Hütte"}},{"type":"Feature","geometry":{"type":"Point","coordinates":[14.2192312,51.1199666]},"properties":{"kind":"substation","voltage":110000,"name":"Umspannwerk Schmölln"}},{"type":"Feature","geometry":{"type":"Point","coordinates":[12.1268354,50.4882039]},"properties":{"kind":"substation","voltage":110000,"name":"Umspannwerk Plauen B"}},{"type":"Feature","geometry":{"type":"Point","coordinates":[14.8283633,50.928968]},"properties":{"kind":"substation","voltage":110000,"name":null}},{"type":"Feature","geometry":{"type":"Point","coordinates":[14.9695741,51.1266051]},"properties":{"kind":"substation","voltage":110000,"name":"Umspannwerk Weinhübel"}},{"type":"Feature","geometry":{"type":"Point","coordinates":[13.7195087,51.0521411]},"properties":{"kind":"substation","voltage":110000,"name":"Umspannwerk DD-Mitte"}},{"type":"Feature","geometry":{"type":"Point","coordinates":[13.1127211,51.4704225]},"properties":{"kind":"substation","voltage":110000,"name":"Umspannwerk Belgern"}},{"type":"Feature","geometry":{"type":"Point","coordinates":[12.1884608,51.3986423]},"properties":{"kind":"substation","voltage":110000,"name":null}},{"type":"Feature","geometry":{"type":"Point","coordinates":[12.5053232,50.7273446]},"properties":{"kind":"substation","voltage":110000,"name":"Zwickau Eckersbach"}},{"type":"Feature","geometry":{"type":"Point","coordinates":[12.1959378,50.4372885]},"properties":{"kind":"substation","voltage":110000,"name":"Umspannwerk Droßdorf"}},{"type":"Feature","geometry":{"type":"Point","coordinates":[12.9306961,50.5027754]},"properties":{"kind":"substation","voltage":110000,"name":null}},{"type":"Feature","geometry":{"type":"Point","coordinates":[13.7756082,51.0553271]},"properties":{"kind":"substation","voltage":110000,"name":"Umspannwerk DD-Johannstadt"}},{"type":"Feature","geometry":{"type":"Point","coordinates":[12.4009136,50.5144553]},"properties":{"kind":"substation","voltage":110000,"name":"Umspannwerk Auerbach/Vogtland"}},{"type":"Feature","geometry":{"type":"Point","coordinates":[12.3930807,51.3476748]},"properties":{"kind":"substation","voltage":110000,"name":null}},{"type":"Feature","geometry":{"type":"Point","coordinates":[12.336589,50.4808501]},"properties":{"kind":"substation","voltage":110000,"name":"Umspannwerk Falkenstein"}},{"type":"Feature","geometry":{"type":"Point","coordinates":[12.4781041,50.8495209]},"properties":{"kind":"substation","voltage":110000,"name":"Umspannwerk Meerane Ost"}},{"type":"Feature","geometry":{"type":"Point","coordinates":[12.4780552,50.7484706]},"properties":{"kind":"substation","voltage":110000,"name":"Umspannwerk Crossen"}},{"type":"Feature","geometry":{"type":"Point","coordinates":[12.4946198,50.7868021]},"properties":{"kind":"substation","voltage":110000,"name":"Umspannwerk Schlunzig"}},{"type":"Feature","geometry":{"type":"Point","coordinates":[12.4773242,50.7530472]},"properties":{"kind":"substation","voltage":220000,"name":"Umspannwerk Crossen"}},{"type":"Feature","geometry":{"type":"Point","coordinates":[12.5519252,50.6653328]},"properties":{"kind":"substation","voltage":110000,"name":"Umspannwerk Silberstraße"}},{"type":"Feature","geometry":{"type":"Point","coordinates":[12.7192694,50.6175269]},"properties":{"kind":"substation","voltage":110000,"name":"Umspannwerk Lößnitz"}},{"type":"Feature","geometry":{"type":"Point","coordinates":[12.4292453,51.4067634]},"properties":{"kind":"substation","voltage":110000,"name":"Umspannwerk Plaußig"}},{"type":"Feature","geometry":{"type":"Point","coordinates":[12.3735834,51.4490874]},"properties":{"kind":"substation","voltage":110000,"name":"Umspannwerk Rackwitz"}},{"type":"Feature","geometry":{"type":"Point","coordinates":[13.3257386,50.6642944]},"properties":{"kind":"substation","voltage":110000,"name":"Umspannwerk Olbernhau"}},{"type":"Feature","geometry":{"type":"Point","coordinates":[13.0718833,50.7431653]},"properties":{"kind":"substation","voltage":110000,"name":"Umspannwerk Zschopau Süd"}},{"type":"Feature","geometry":{"type":"Point","coordinates":[12.8751473,50.9162036]},"properties":{"kind":"substation","voltage":110000,"name":"Umspannwerk Köthensdorf (außer Betrieb)"}},{"type":"Feature","geometry":{"type":"Point","coordinates":[12.706645,51.3564966]},"properties":{"kind":"substation","voltage":110000,"name":"Umspannwerk Bennewitz"}},{"type":"Feature","geometry":{"type":"Point","coordinates":[12.6543644,51.4635079]},"properties":{"kind":"substation","voltage":110000,"name":"Umspannwerk Eilenburg Ost"}},{"type":"Feature","geometry":{"type":"Point","coordinates":[12.6078362,51.5901945]},"properties":{"kind":"substation","voltage":110000,"name":"Umspannwerk Düben"}},{"type":"Feature","geometry":{"type":"Point","coordinates":[12.8976958,51.4919423]},"properties":{"kind":"substation","voltage":110000,"name":"Umspannwerk Langenreichenbach"}},{"type":"Feature","geometry":{"type":"Point","coordinates":[12.9209094,50.8533993]},"properties":{"kind":"substation","voltage":110000,"name":null}},{"type":"Feature","geometry":{"type":"Point","coordinates":[12.9185077,50.8563567]},"properties":{"kind":"substation","voltage":110000,"name":"Chemnitz Mitte"}},{"type":"Feature","geometry":{"type":"Point","coordinates":[13.026761,50.9100861]},"properties":{"kind":"substation","voltage":110000,"name":"Umspannwerk Frankenberg"}},{"type":"Feature","geometry":{"type":"Point","coordinates":[13.151146,51.0466372]},"properties":{"kind":"substation","voltage":110000,"name":"Etzdorf"}},{"type":"Feature","geometry":{"type":"Point","coordinates":[13.0177782,51.0544858]},"properties":{"kind":"substation","voltage":110000,"name":"Waldheim"}},{"type":"Feature","geometry":{"type":"Point","coordinates":[13.0951705,51.122941]},"properties":{"kind":"substation","voltage":110000,"name":"Döbeln"}},{"type":"Feature","geometry":{"type":"Point","coordinates":[12.943129,51.1688318]},"properties":{"kind":"substation","voltage":110000,"name":"Umspannwerk Leisnig"}},{"type":"Feature","geometry":{"type":"Point","coordinates":[12.944351,51.1683463]},"properties":{"kind":"substation","voltage":110000,"name":null}},{"type":"Feature","geometry":{"type":"Point","coordinates":[12.7826015,51.1613813]},"properties":{"kind":"substation","voltage":110000,"name":"Sermuth"}},{"type":"Feature","geometry":{"type":"Point","coordinates":[14.5262178,51.4841837]},"properties":{"kind":"substation","voltage":110000,"name":null}},{"type":"Feature","geometry":{"type":"Point","coordinates":[14.4098858,51.3905717]},"properties":{"kind":"substation","voltage":110000,"name":null}},{"type":"Feature","geometry":{"type":"Point","coordinates":[13.4840315,50.7450516]},"properties":{"kind":"substation","voltage":110000,"name":null}},{"type":"Feature","geometry":{"type":"Point","coordinates":[12.6954467,50.967638]},"properties":{"kind":"substation","voltage":110000,"name":"Oberelsdorf"}},{"type":"Feature","geometry":{"type":"Point","coordinates":[12.6897184,51.0700245]},"properties":{"kind":"substation","voltage":110000,"name":"Umspannwerk Geithain"}},{"type":"Feature","geometry":{"type":"Point","coordinates":[12.7864347,51.0605418]},"properties":{"kind":"substation","voltage":110000,"name":"Umspannwerk Rochlitz"}},{"type":"Feature","geometry":{"type":"Point","coordinates":[12.8857449,50.8281379]},"properties":{"kind":"substation","voltage":110000,"name":"Umspannwerk Kappel"}},{"type":"Feature","geometry":{"type":"Point","coordinates":[12.8308213,50.8855272]},"properties":{"kind":"substation","voltage":110000,"name":"Umspannwerk Wittgensdorf Gießerei"}},{"type":"Feature","geometry":{"type":"Point","coordinates":[12.7586862,50.8608854]},"properties":{"kind":"substation","voltage":110000,"name":null}},{"type":"Feature","geometry":{"type":"Point","coordinates":[12.8088574,50.9078885]},"properties":{"kind":"substation","voltage":110000,"name":"Umspannwerk Burgstädt"}},{"type":"Feature","geometry":{"type":"Point","coordinates":[13.0040791,50.5833892]},"properties":{"kind":"substation","voltage":110000,"name":"Umspannwerk Annaberg-Buchholz"}},{"type":"Feature","geometry":{"type":"Point","coordinates":[12.6790413,50.5839252]},"properties":{"kind":"substation","voltage":110000,"name":"Umspannwerk Aue Süd"}},{"type":"Feature","geometry":{"type":"Point","coordinates":[12.5245369,50.5147009]},"properties":{"kind":"substation","voltage":110000,"name":"Schönheide"}},{"type":"Feature","geometry":{"type":"Point","coordinates":[12.7026096,51.2406491]},"properties":{"kind":"substation","voltage":110000,"name":null}},{"type":"Feature","geometry":{"type":"Point","coordinates":[12.4704025,50.7347929]},"properties":{"kind":"substation","voltage":110000,"name":"ZEV Umspanwerk Sachsenring"}},{"type":"Feature","geometry":{"type":"Point","coordinates":[12.3775448,50.7173167]},"properties":{"kind":"substation","voltage":110000,"name":"Umspannwerk Werdau Süd"}},{"type":"Feature","geometry":{"type":"Point","coordinates":[12.6925005,50.7448396]},"properties":{"kind":"substation","voltage":110000,"name":null}},{"type":"Feature","geometry":{"type":"Point","coordinates":[12.7453597,50.7919001]},"properties":{"kind":"substation","voltage":110000,"name":null}},{"type":"Feature","geometry":{"type":"Point","coordinates":[12.7555486,50.7144757]},"properties":{"kind":"substation","voltage":110000,"name":"Umspannwerk Niederwürschnitz"}},{"type":"Feature","geometry":{"type":"Point","coordinates":[14.668372,51.1059769]},"properties":{"kind":"substation","voltage":110000,"name":"Umspannwerk Löbau"}},{"type":"Feature","geometry":{"type":"Point","coordinates":[12.2848417,50.6196985]},"properties":{"kind":"substation","voltage":110000,"name":"Umspannwerk Reichenbach"}},{"type":"Feature","geometry":{"type":"Point","coordinates":[12.4807065,50.703725]},"properties":{"kind":"substation","voltage":110000,"name":"Umspannstation Zwickau Zentrum"}},{"type":"Feature","geometry":{"type":"Point","coordinates":[14.6818405,51.5255807]},"properties":{"kind":"substation","voltage":110000,"name":null}},{"type":"Feature","geometry":{"type":"Point","coordinates":[14.4686291,51.5036731]},"properties":{"kind":"substation","voltage":110000,"name":null}},{"type":"Feature","geometry":{"type":"Point","coordinates":[13.0972932,51.318416]},"properties":{"kind":"substation","voltage":110000,"name":null}},{"type":"Feature","geometry":{"type":"Point","coordinates":[12.7683648,50.5532762]},"properties":{"kind":"substation","voltage":110000,"name":"Umspannwerk Schwarzenberg"}},{"type":"Feature","geometry":{"type":"Point","coordinates":[12.3160254,50.3137237]},"properties":{"kind":"substation","voltage":110000,"name":"Umspannwerk Markneukirchen"}},{"type":"Feature","geometry":{"type":"Point","coordinates":[12.3910188,50.8038854]},"properties":{"kind":"substation","voltage":110000,"name":"Umspannwerk Crimmitschau/Süd"}},{"type":"Feature","geometry":{"type":"Point","coordinates":[14.5567102,51.4190087]},"properties":{"kind":"substation","voltage":110000,"name":null}},{"type":"Feature","geometry":{"type":"Point","coordinates":[14.6996266,51.1397803]},"properties":{"kind":"substation","voltage":110000,"name":"Umspannwerk Oppeln"}},{"type":"Feature","geometry":{"type":"Point","coordinates":[14.1143011,51.4541572]},"properties":{"kind":"substation","voltage":110000,"name":null}},{"type":"Feature","geometry":{"type":"Point","coordinates":[14.2645359,51.4466147]},"properties":{"kind":"substation","voltage":110000,"name":"Umspannwerk Hoyerswerda"}},{"type":"Feature","geometry":{"type":"Point","coordinates":[13.74077,51.0740675]},"properties":{"kind":"substation","voltage":110000,"name":"Umspannwerk Dresden/ Neustadt"}},{"type":"Feature","geometry":{"type":"Point","coordinates":[13.9759442,51.1486125]},"properties":{"kind":"substation","voltage":110000,"name":"Umspannwerk Sachsenmilch"}},{"type":"Feature","geometry":{"type":"Point","coordinates":[12.3660807,51.3424668]},"properties":{"kind":"substation","voltage":110000,"name":"Umspannwerk Leipzig F"}},{"type":"Feature","geometry":{"type":"Point","coordinates":[12.6862812,50.5807451]},"properties":{"kind":"substation","voltage":110000,"name":null}},{"type":"Feature","geometry":{"type":"Point","coordinates":[13.771249,51.1027422]},"properties":{"kind":"substation","voltage":110000,"name":"Umspannwerk Infineon Süd"}},{"type":"Feature","geometry":{"type":"Point","coordinates":[13.4035383,51.2923647]},"properties":{"kind":"substation","voltage":110000,"name":null}},{"type":"Feature","geometry":{"type":"Point","coordinates":[14.0345567,51.1449273]},"properties":{"kind":"substation","voltage":110000,"name":"Umspannwerk Großröhrsdorf"}},{"type":"Feature","geometry":{"type":"Point","coordinates":[14.2111771,51.162695]},"properties":{"kind":"substation","voltage":110000,"name":null}},{"type":"Feature","geometry":{"type":"Point","coordinates":[14.6491825,50.9703188]},"properties":{"kind":"substation","voltage":110000,"name":"Umspannwerk Neueibau"}},{"type":"Feature","geometry":{"type":"Point","coordinates":[14.8482359,51.0200661]},"properties":{"kind":"substation","voltage":110000,"name":"Umspannwerk Dittersbach"}},{"type":"Feature","geometry":{"type":"Point","coordinates":[14.0639453,51.3819536]},"properties":{"kind":"substation","voltage":110000,"name":null}},{"type":"Feature","geometry":{"type":"Point","coordinates":[12.2860603,51.4136817]},"properties":{"kind":"substation","voltage":110000,"name":"Umspannwerk Lützschena"}},{"type":"Feature","geometry":{"type":"Point","coordinates":[13.7091375,51.0429542]},"properties":{"kind":"substation","voltage":110000,"name":"Umspannwerk DD-Nossener Brücke"}},{"type":"Feature","geometry":{"type":"Point","coordinates":[12.9470772,50.8418396]},"properties":{"kind":"substation","voltage":110000,"name":null}},{"type":"Feature","geometry":{"type":"Point","coordinates":[13.7574911,50.7695094]},"properties":{"kind":"substation","voltage":110000,"name":null}},{"type":"Feature","geometry":{"type":"Point","coordinates":[14.3703692,51.4031883]},"properties":{"kind":"substation","voltage":110000,"name":"Umrichterwerk Lohsa/West"}},{"type":"Feature","geometry":{"type":"Point","coordinates":[12.3903463,51.3673023]},"properties":{"kind":"substation","voltage":110000,"name":"Umspannwerk Leipzig C"}},{"type":"Feature","geometry":{"type":"Point","coordinates":[12.2800977,51.306273]},"properties":{"kind":"substation","voltage":110000,"name":"Umspannwerk Lausen"}},{"type":"Feature","geometry":{"type":"Point","coordinates":[14.194921,51.1245735]},"properties":{"kind":"substation","voltage":110000,"name":"Umspannwerk Bischofswerda"}},{"type":"Feature","geometry":{"type":"Point","coordinates":[12.9201267,50.8385491]},"properties":{"kind":"substation","voltage":110000,"name":null}},{"type":"Feature","geometry":{"type":"Point","coordinates":[12.3567323,51.5198867]},"properties":{"kind":"substation","voltage":110000,"name":"Umspannwerk Delitzsch"}},{"type":"Feature","geometry":{"type":"Point","coordinates":[14.2652923,51.5241542]},"properties":{"kind":"substation","voltage":110000,"name":"Umspannwerk Gießerei Sabrodt"}},{"type":"Feature","geometry":{"type":"Point","coordinates":[12.5945333,51.4638997]},"properties":{"kind":"substation","voltage":110000,"name":"Schaltwerk Kospa"}},{"type":"Feature","geometry":{"type":"Point","coordinates":[12.3681413,51.3278456]},"properties":{"kind":"substation","voltage":110000,"name":"Umspannwerk Leipzig D"}},{"type":"Feature","geometry":{"type":"Point","coordinates":[12.289315,51.4010617]},"properties":{"kind":"substation","voltage":110000,"name":"Kabelendmastanlage Lützschena"}},{"type":"Feature","geometry":{"type":"Point","coordinates":[13.2572929,50.9301296]},"properties":{"kind":"substation","voltage":110000,"name":"Umspannwerk Freiberg Nord"}},{"type":"Feature","geometry":{"type":"Point","coordinates":[13.0520254,50.6253019]},"properties":{"kind":"substation","voltage":110000,"name":"Umspannwerk Falkenbach"}},{"type":"Feature","geometry":{"type":"Point","coordinates":[12.9210848,50.8578922]},"properties":{"kind":"substation","voltage":110000,"name":null}},{"type":"Feature","geometry":{"type":"Point","coordinates":[13.6691099,51.3008077]},"properties":{"kind":"substation","voltage":110000,"name":"UW Lampertswalde"}},{"type":"Feature","geometry":{"type":"Point","coordinates":[12.9807416,50.9794158]},"properties":{"kind":"substation","voltage":110000,"name":null}},{"type":"Feature","geometry":{"type":"Point","coordinates":[12.264159,51.3134913]},"properties":{"kind":"substation","voltage":110000,"name":null}},{"type":"Feature","geometry":{"type":"Point","coordinates":[12.2679456,51.3054028]},"properties":{"kind":"substation","voltage":110000,"name":null}},{"type":"Feature","geometry":{"type":"Point","coordinates":[12.2113749,51.398092]},"properties":{"kind":"substation","voltage":110000,"name":"Umspannwerk Schkeuditz"}},{"type":"Feature","geometry":{"type":"Point","coordinates":[12.3511954,51.1401127]},"properties":{"kind":"substation","voltage":110000,"name":"Umspannwerk Pödelwitz"}},{"type":"Feature","geometry":{"type":"Point","coordinates":[14.4981868,51.1803449]},"properties":{"kind":"substation","voltage":110000,"name":"Litten"}},{"type":"Feature","geometry":{"type":"Point","coordinates":[14.1730879,51.246174]},"properties":{"kind":"substation","voltage":110000,"name":null}},{"type":"Feature","geometry":{"type":"Point","coordinates":[13.7336088,51.1258512]},"properties":{"kind":"substation","voltage":110000,"name":"Umspannwerk Rähnitz"}},{"type":"Feature","geometry":{"type":"Point","coordinates":[12.2850096,51.5066559]},"properties":{"kind":"substation","voltage":110000,"name":"Umspannstation Quering"}},{"type":"Feature","geometry":{"type":"Point","coordinates":[12.2474683,51.1983139]},"properties":{"kind":"substation","voltage":110000,"name":"Umspannwerk Tellschütz"}},{"type":"Feature","geometry":{"type":"Point","coordinates":[14.4491778,51.5409391]},"properties":{"kind":"substation","voltage":110000,"name":"Umspannwerk Rohne"}},{"type":"Feature","geometry":{"type":"Point","coordinates":[14.4236193,51.5353299]},"properties":{"kind":"substation","voltage":110000,"name":null}},{"type":"Feature","geometry":{"type":"Point","coordinates":[13.6814971,51.0422176]},"properties":{"kind":"substation","voltage":110000,"name":null}},{"type":"Feature","geometry":{"type":"Point","coordinates":[13.9101364,51.2718768]},"properties":{"kind":"substation","voltage":110000,"name":null}},{"type":"Feature","geometry":{"type":"Point","coordinates":[14.3162622,51.4688046]},"properties":{"kind":"substation","voltage":110000,"name":null}},{"type":"Feature","geometry":{"type":"Point","coordinates":[14.3262491,51.4647144]},"properties":{"kind":"substation","voltage":110000,"name":null}},{"type":"Feature","geometry":{"type":"Point","coordinates":[12.3256854,51.1948116]},"properties":{"kind":"substation","voltage":110000,"name":"Schaltwerk Zwenkau"}},{"type":"Feature","geometry":{"type":"Point","coordinates":[14.4710942,51.5533281]},"properties":{"kind":"substation","voltage":110000,"name":"Graustein"}},{"type":"Feature","geometry":{"type":"Point","coordinates":[12.8096436,50.8581814]},"properties":{"kind":"substation","voltage":110000,"name":"Umspannwerk Röhrsdorf"}},{"type":"Feature","geometry":{"type":"Point","coordinates":[13.3803461,51.3563943]},"properties":{"kind":"substation","voltage":110000,"name":"Umspannwerk Streumen"}},{"type":"Feature","geometry":{"type":"Point","coordinates":[12.5183542,51.158448]},"properties":{"kind":"substation","voltage":110000,"name":"Umspannwerk Eula"}},{"type":"Feature","geometry":{"type":"Point","coordinates":[12.2427355,50.5669217]},"properties":{"kind":"substation","voltage":110000,"name":"Umspannwerk Herlasgrün"}},{"type":"Feature","geometry":{"type":"Point","coordinates":[12.2930725,51.1411163]},"properties":{"kind":"substation","voltage":110000,"name":"Umspannwerk Groitzsch"}},{"type":"Feature","geometry":{"type":"Point","coordinates":[12.4736389,50.7877917]},"properties":{"kind":"substation","voltage":110000,"name":"Umspannwerk Mosel/Zwickau"}},{"type":"Feature","geometry":{"type":"Point","coordinates":[13.0018393,50.8658643]},"properties":{"kind":"substation","voltage":110000,"name":"Umspannwerk Niederwiesa"}},{"type":"Feature","geometry":{"type":"Point","coordinates":[12.3709144,50.7201822]},"properties":{"kind":"substation","voltage":110000,"name":"Bahnstrom Unterwerk Werdau"}},{"type":"Feature","geometry":{"type":"Point","coordinates":[12.3816619,51.2948016]},"properties":{"kind":"substation","voltage":110000,"name":null}},{"type":"Feature","geometry":{"type":"Point","coordinates":[13.3535299,51.3452561]},"properties":{"kind":"substation","voltage":110000,"name":"Umspannwerk Zeithain-Ehrenhain"}},{"type":"Feature","geometry":{"type":"Point","coordinates":[12.5320424,50.8273602]},"properties":{"kind":"substation","voltage":110000,"name":null}},{"type":"Feature","geometry":{"type":"Point","coordinates":[12.4816624,50.7038796]},"properties":{"kind":"substation","voltage":110000,"name":null}},{"type":"Feature","geometry":{"type":"Point","coordinates":[12.4300878,51.4076354]},"properties":{"kind":"substation","voltage":110000,"name":null}},{"type":"Feature","geometry":{"type":"Point","coordinates":[12.4351168,51.407251]},"properties":{"kind":"substation","voltage":110000,"name":null}},{"type":"Feature","geometry":{"type":"Point","coordinates":[14.2737159,51.1750109]},"properties":{"kind":"substation","voltage":110000,"name":null}},{"type":"Feature","geometry":{"type":"Point","coordinates":[13.2138112,50.8861912]},"properties":{"kind":"substation","voltage":110000,"name":"UW Frankenstein"}},{"type":"Feature","geometry":{"type":"Point","coordinates":[12.2608667,51.2551004]},"properties":{"kind":"substation","voltage":110000,"name":"Lützen"}},{"type":"Feature","geometry":{"type":"Point","coordinates":[12.2329826,51.2924513]},"properties":{"kind":"substation","voltage":110000,"name":"Umspannwerk Kulkwitz"}},{"type":"Feature","geometry":{"type":"Point","coordinates":[10.7964287,51.846637]},"properties":{"kind":"substation","voltage":110000,"name":"Wernigerode"}},{"type":"Feature","geometry":{"type":"Point","coordinates":[12.1166676,51.5019734]},"properties":{"kind":"substation","voltage":110000,"name":"Umspannwerk Reußen"}},{"type":"Feature","geometry":{"type":"Point","coordinates":[12.2629207,51.741528]},"properties":{"kind":"substation","voltage":110000,"name":"Umspannwerk Marke"}},{"type":"Feature","geometry":{"type":"Point","coordinates":[11.5735285,52.1275761]},"properties":{"kind":"substation","voltage":110000,"name":"Magdeburg/Diesdorf"}},{"type":"Feature","geometry":{"type":"Point","coordinates":[11.5953742,52.0845047]},"properties":{"kind":"substation","voltage":110000,"name":null}},{"type":"Feature","geometry":{"type":"Point","coordinates":[11.5631403,52.1239864]},"properties":{"kind":"substation","voltage":110000,"name":"Magdeburg"}},{"type":"Feature","geometry":{"type":"Point","coordinates":[11.8304972,52.5848309]},"properties":{"kind":"substation","voltage":110000,"name":"Umspannwerk Stendal"}},{"type":"Feature","geometry":{"type":"Point","coordinates":[11.7907607,52.429423]},"properties":{"kind":"substation","voltage":110000,"name":"UW Tangerhütte (alt)"}},{"type":"Feature","geometry":{"type":"Point","coordinates":[11.2955418,52.5008345]},"properties":{"kind":"substation","voltage":110000,"name":"Unterwerk Solpke"}},{"type":"Feature","geometry":{"type":"Point","coordinates":[11.659745,52.1535165]},"properties":{"kind":"substation","voltage":110000,"name":"Unterwerk Magdeburg"}},{"type":"Feature","geometry":{"type":"Point","coordinates":[11.868059,52.5747478]},"properties":{"kind":"substation","voltage":110000,"name":"Unterwerk Heeren"}},{"type":"Feature","geometry":{"type":"Point","coordinates":[11.9784901,52.3355381]},"properties":{"kind":"substation","voltage":110000,"name":"Unterwerk Güsen"}},{"type":"Feature","geometry":{"type":"Point","coordinates":[12.1320772,52.4317549]},"properties":{"kind":"substation","voltage":110000,"name":"Umspannwerk Genthin"}},{"type":"Feature","geometry":{"type":"Point","coordinates":[12.0206819,51.2534322]},"properties":{"kind":"substation","voltage":110000,"name":"Bahnstrom Unterwerk Großkorbetha"}},{"type":"Feature","geometry":{"type":"Point","coordinates":[11.7110348,52.0210157]},"properties":{"kind":"substation","voltage":110000,"name":"Umspannwerk Schönebeck"}},{"type":"Feature","geometry":{"type":"Point","coordinates":[12.019118,51.4752043]},"properties":{"kind":"substation","voltage":110000,"name":"Umspannwerk Halle Ost"}},{"type":"Feature","geometry":{"type":"Point","coordinates":[11.0526019,51.461939]},"properties":{"kind":"substation","voltage":110000,"name":"Umspannwerk Roßla"}},{"type":"Feature","geometry":{"type":"Point","coordinates":[10.8130161,51.7672517]},"properties":{"kind":"substation","voltage":110000,"name":"Elbingerode"}},{"type":"Feature","geometry":{"type":"Point","coordinates":[11.6122557,52.2546763]},"properties":{"kind":"substation","voltage":110000,"name":"Wolmirstedt 110 Kv"}},{"type":"Feature","geometry":{"type":"Point","coordinates":[11.7428216,51.4649907]},"properties":{"kind":"substation","voltage":110000,"name":"Umspannwerk Wansleben"}},{"type":"Feature","geometry":{"type":"Point","coordinates":[11.6234083,52.1896376]},"properties":{"kind":"substation","voltage":110000,"name":"Barleben"}},{"type":"Feature","geometry":{"type":"Point","coordinates":[11.5949854,52.1510895]},"properties":{"kind":"substation","voltage":110000,"name":"Magdeburg/Nord-West"}},{"type":"Feature","geometry":{"type":"Point","coordinates":[11.4591921,52.1879695]},"properties":{"kind":"substation","voltage":110000,"name":"Umspannwerk Santersleben"}},{"type":"Feature","geometry":{"type":"Point","coordinates":[11.5624862,52.0549986]},"properties":{"kind":"substation","voltage":110000,"name":"Osterweddingen Wind"}},{"type":"Feature","geometry":{"type":"Point","coordinates":[11.5707782,52.0379059]},"properties":{"kind":"substation","voltage":110000,"name":"Osterweddingen"}},{"type":"Feature","geometry":{"type":"Point","coordinates":[11.6443857,51.909296]},"properties":{"kind":"substation","voltage":110000,"name":"Förderstedt 110 kV"}},{"type":"Feature","geometry":{"type":"Point","coordinates":[11.6206607,51.9604865]},"properties":{"kind":"substation","voltage":110000,"name":"Biere I & II"}},{"type":"Feature","geometry":{"type":"Point","coordinates":[11.7421339,52.7963893]},"properties":{"kind":"substation","voltage":110000,"name":"Umspannwerk Osterburg"}},{"type":"Feature","geometry":{"type":"Point","coordinates":[11.6697015,52.1867881]},"properties":{"kind":"substation","voltage":110000,"name":"Magdeburg/Rothensee"}},{"type":"Feature","geometry":{"type":"Point","coordinates":[11.0643012,51.8789746]},"properties":{"kind":"substation","voltage":110000,"name":"Umspannwerk Halberstadt Süd"}},{"type":"Feature","geometry":{"type":"Point","coordinates":[11.6313758,52.1643854]},"properties":{"kind":"substation","voltage":110000,"name":"Magdeburg/Nord"}},{"type":"Feature","geometry":{"type":"Point","coordinates":[12.1035154,51.559706]},"properties":{"kind":"substation","voltage":110000,"name":"Bahnstrom Unterwerk Niemberg"}},{"type":"Feature","geometry":{"type":"Point","coordinates":[11.981788,52.3723947]},"properties":{"kind":"substation","voltage":110000,"name":"Umspannwerk Parey"}},{"type":"Feature","geometry":{"type":"Point","coordinates":[11.7780151,52.1726501]},"properties":{"kind":"substation","voltage":110000,"name":"Körbelitz"}},{"type":"Feature","geometry":{"type":"Point","coordinates":[11.8226846,52.2777363]},"properties":{"kind":"substation","voltage":110000,"name":"Umspannwerk Burg"}},{"type":"Feature","geometry":{"type":"Point","coordinates":[12.0570657,52.4280026]},"properties":{"kind":"substation","voltage":110000,"name":"Umspannstation Nielebock"}},{"type":"Feature","geometry":{"type":"Point","coordinates":[11.3973247,52.512626]},"properties":{"kind":"substation","voltage":110000,"name":"Gardelegen"}},{"type":"Feature","geometry":{"type":"Point","coordinates":[11.0696486,51.7524417]},"properties":{"kind":"substation","voltage":110000,"name":"Thale"}},{"type":"Feature","geometry":{"type":"Point","coordinates":[11.1185116,52.1538419]},"properties":{"kind":"substation","voltage":110000,"name":"Badeleben"}},{"type":"Feature","geometry":{"type":"Point","coordinates":[12.3503178,51.6587099]},"properties":{"kind":"substation","voltage":110000,"name":"Bahnstrom Unterwerk Muldenstein"}},{"type":"Feature","geometry":{"type":"Point","coordinates":[11.6777165,51.6498544]},"properties":{"kind":"substation","voltage":110000,"name":"Umspannstation Windpark Ihlewitz"}},{"type":"Feature","geometry":{"type":"Point","coordinates":[11.6380972,51.6549935]},"properties":{"kind":"substation","voltage":110000,"name":"Umspannstation Windpark Gerbstedt"}},{"type":"Feature","geometry":{"type":"Point","coordinates":[11.5828187,51.7215693]},"properties":{"kind":"substation","voltage":110000,"name":"Umspannstation Drohndorf"}},{"type":"Feature","geometry":{"type":"Point","coordinates":[11.9465217,51.4012091]},"properties":{"kind":"substation","voltage":110000,"name":"Bahnstrom Schaltwerk Schkopau"}},{"type":"Feature","geometry":{"type":"Point","coordinates":[11.9879849,52.6904345]},"properties":{"kind":"substation","voltage":110000,"name":"Arneburg"}},{"type":"Feature","geometry":{"type":"Point","coordinates":[11.9751059,52.7097436]},"properties":{"kind":"substation","voltage":110000,"name":"Ellingen"}},{"type":"Feature","geometry":{"type":"Point","coordinates":[11.9937079,51.477178]},"properties":{"kind":"substation","voltage":110000,"name":"Endmastanlage HlO-HlSP-HlD"}},{"type":"Feature","geometry":{"type":"Point","coordinates":[11.8355579,51.4240836]},"properties":{"kind":"substation","voltage":110000,"name":"Umspannwerk Angersdorf"}},{"type":"Feature","geometry":{"type":"Point","coordinates":[11.9831832,51.4295607]},"properties":{"kind":"substation","voltage":110000,"name":"Umspannwerk Halle Süd"}},{"type":"Feature","geometry":{"type":"Point","coordinates":[10.703501,51.873244]},"properties":{"kind":"substation","voltage":110000,"name":"Ilsenburg"}},{"type":"Feature","geometry":{"type":"Point","coordinates":[11.7146506,52.652122]},"properties":{"kind":"substation","voltage":110000,"name":"Schinne/West"}},{"type":"Feature","geometry":{"type":"Point","coordinates":[12.973316,51.7911826]},"properties":{"kind":"substation","voltage":110000,"name":"Umspannwerk Jessen"}},{"type":"Feature","geometry":{"type":"Point","coordinates":[10.9453799,51.8088895]},"properties":{"kind":"substation","voltage":110000,"name":"Umspannwerk Blankenburg"}},{"type":"Feature","geometry":{"type":"Point","coordinates":[12.3030782,51.6277979]},"properties":{"kind":"substation","voltage":110000,"name":"Schaltwerk Bitterfeld Mitte"}},{"type":"Feature","geometry":{"type":"Point","coordinates":[11.3946229,52.2994819]},"properties":{"kind":"substation","voltage":110000,"name":null}},{"type":"Feature","geometry":{"type":"Point","coordinates":[11.6286189,52.1270736]},"properties":{"kind":"substation","voltage":110000,"name":"Magdeburg/Mitte"}},{"type":"Feature","geometry":{"type":"Point","coordinates":[11.2071165,52.4910189]},"properties":{"kind":"substation","voltage":110000,"name":"Umspannwerk Mieste"}},{"type":"Feature","geometry":{"type":"Point","coordinates":[11.3557908,51.7896073]},"properties":{"kind":"substation","voltage":110000,"name":"Umspannwerk Frose"}},{"type":"Feature","geometry":{"type":"Point","coordinates":[11.1596523,52.838003]},"properties":{"kind":"substation","voltage":110000,"name":"Umspannwerk Salzwedel"}},{"type":"Feature","geometry":{"type":"Point","coordinates":[11.6784043,52.2140317]},"properties":{"kind":"substation","voltage":110000,"name":"Schaltwerk Glindenberger Weg"}},{"type":"Feature","geometry":{"type":"Point","coordinates":[12.0509031,52.780316]},"properties":{"kind":"substation","voltage":110000,"name":"Sandau"}},{"type":"Feature","geometry":{"type":"Point","coordinates":[11.7526602,51.8028358]},"properties":{"kind":"substation","voltage":110000,"name":"Umspannwerk Bernburg Nord"}},{"type":"Feature","geometry":{"type":"Point","coordinates":[12.1941236,51.8147599]},"properties":{"kind":"substation","voltage":110000,"name":"Umspannwerk Dessau Alten"}},{"type":"Feature","geometry":{"type":"Point","coordinates":[11.731553,51.8279637]},"properties":{"kind":"substation","voltage":110000,"name":"Umspannwerk Strenzfeld"}},{"type":"Feature","geometry":{"type":"Point","coordinates":[11.3794016,51.9564411]},"properties":{"kind":"substation","voltage":110000,"name":"UW Westeregeln"}},{"type":"Feature","geometry":{"type":"Point","coordinates":[11.2680982,52.0211084]},"properties":{"kind":"substation","voltage":110000,"name":"Oschersleben"}},{"type":"Feature","geometry":{"type":"Point","coordinates":[11.9896821,51.7648227]},"properties":{"kind":"substation","voltage":110000,"name":"Umspannwerk Köthen Nord"}},{"type":"Feature","geometry":{"type":"Point","coordinates":[10.9004032,51.7663017]},"properties":{"kind":"substation","voltage":110000,"name":"Hüttenrode"}},{"type":"Feature","geometry":{"type":"Point","coordinates":[11.0258544,51.7543211]},"properties":{"kind":"substation","voltage":110000,"name":"Eisen- und Hüttenwerk"}},{"type":"Feature","geometry":{"type":"Point","coordinates":[11.4934967,51.6334741]},"properties":{"kind":"substation","voltage":110000,"name":"Umspannwerk Hettstedt Kuhgrund"}},{"type":"Feature","geometry":{"type":"Point","coordinates":[11.4824195,51.7498352]},"properties":{"kind":"substation","voltage":110000,"name":"Umspannwerk Aschersleben"}},{"type":"Feature","geometry":{"type":"Point","coordinates":[11.3162757,51.8126324]},"properties":{"kind":"substation","voltage":110000,"name":"Umspannwerk Nachterstedt"}},{"type":"Feature","geometry":{"type":"Point","coordinates":[11.6707207,52.3025932]},"properties":{"kind":"substation","voltage":110000,"name":"110 kV Schaltanlage"}},{"type":"Feature","geometry":{"type":"Point","coordinates":[11.0649554,52.3133697]},"properties":{"kind":"substation","voltage":110000,"name":"Weferlingen"}},{"type":"Feature","geometry":{"type":"Point","coordinates":[11.2199909,52.322323]},"properties":{"kind":"substation","voltage":110000,"name":"Flechtingen"}},{"type":"Feature","geometry":{"type":"Point","coordinates":[11.1649363,51.7860343]},"properties":{"kind":"substation","voltage":110000,"name":"Umspannwerk Quedlinburg Ost"}},{"type":"Feature","geometry":{"type":"Point","coordinates":[10.7359473,51.6693444]},"properties":{"kind":"substation","voltage":110000,"name":"Benneckenstein"}},{"type":"Feature","geometry":{"type":"Point","coordinates":[11.7695064,51.7251464]},"properties":{"kind":"substation","voltage":110000,"name":null}},{"type":"Feature","geometry":{"type":"Point","coordinates":[11.7431593,51.7482077]},"properties":{"kind":"substation","voltage":110000,"name":null}},{"type":"Feature","geometry":{"type":"Point","coordinates":[11.7556313,51.7757448]},"properties":{"kind":"substation","voltage":110000,"name":"Umspannwerk Bernburg Süd"}},{"type":"Feature","geometry":{"type":"Point","coordinates":[11.7792595,51.6659695]},"properties":{"kind":"substation","voltage":110000,"name":"Umspannwerk Könnern"}},{"type":"Feature","geometry":{"type":"Point","coordinates":[12.3806173,51.8025639]},"properties":{"kind":"substation","voltage":110000,"name":"Umspannwerk Oranienbaum"}},{"type":"Feature","geometry":{"type":"Point","coordinates":[12.6528103,51.881212]},"properties":{"kind":"substation","voltage":110000,"name":"Wittenberg Nord"}},{"type":"Feature","geometry":{"type":"Point","coordinates":[12.7667624,51.9151981]},"properties":{"kind":"substation","voltage":110000,"name":"Umspannwerk Zahna"}},{"type":"Feature","geometry":{"type":"Point","coordinates":[12.8342393,51.9413933]},"properties":{"kind":"substation","voltage":110000,"name":"Unterwerk Klebitz"}},{"type":"Feature","geometry":{"type":"Point","coordinates":[11.6113725,51.7049493]},"properties":{"kind":"substation","voltage":110000,"name":"Umspannstation Schackstedt"}},{"type":"Feature","geometry":{"type":"Point","coordinates":[11.8640769,51.9714069]},"properties":{"kind":"substation","voltage":110000,"name":"Barby"}},{"type":"Feature","geometry":{"type":"Point","coordinates":[11.9504316,52.1456179]},"properties":{"kind":"substation","voltage":110000,"name":"Möckern"}},{"type":"Feature","geometry":{"type":"Point","coordinates":[12.1862992,51.1313346]},"properties":{"kind":"substation","voltage":110000,"name":"Umspannwerk"}},{"type":"Feature","geometry":{"type":"Point","coordinates":[11.0995447,52.8283905]},"properties":{"kind":"substation","voltage":110000,"name":null}},{"type":"Feature","geometry":{"type":"Point","coordinates":[11.7130199,51.4610227]},"properties":{"kind":"substation","voltage":110000,"name":"Umspannwerk Amsdorf"}},{"type":"Feature","geometry":{"type":"Point","coordinates":[12.5878472,51.8858559]},"properties":{"kind":"substation","voltage":110000,"name":"Piesteritz/Nord"}},{"type":"Feature","geometry":{"type":"Point","coordinates":[11.7310935,51.2258473]},"properties":{"kind":"substation","voltage":110000,"name":"Umspannwerk Müncheroda"}},{"type":"Feature","geometry":{"type":"Point","coordinates":[11.7997898,51.924128]},"properties":{"kind":"substation","voltage":110000,"name":"Calbe"}},{"type":"Feature","geometry":{"type":"Point","coordinates":[11.5589253,51.8677721]},"properties":{"kind":"substation","voltage":110000,"name":"UW Staßfurt"}},{"type":"Feature","geometry":{"type":"Point","coordinates":[12.0897285,51.9464083]},"properties":{"kind":"substation","voltage":110000,"name":"Umspannwerk Zerbst"}},{"type":"Feature","geometry":{"type":"Point","coordinates":[12.2254949,51.8825896]},"properties":{"kind":"substation","voltage":110000,"name":"Umspannwerk Roßlau"}},{"type":"Feature","geometry":{"type":"Point","coordinates":[10.7489601,51.9300676]},"properties":{"kind":"substation","voltage":110000,"name":"Wasserleben West"}},{"type":"Feature","geometry":{"type":"Point","coordinates":[11.8707937,51.8250446]},"properties":{"kind":"substation","voltage":110000,"name":"Umspannstation Pobzig"}},{"type":"Feature","geometry":{"type":"Point","coordinates":[12.3122698,51.6287197]},"properties":{"kind":"substation","voltage":110000,"name":"Endmastanlage Bitterfeld"}},{"type":"Feature","geometry":{"type":"Point","coordinates":[12.273492,51.6696666]},"properties":{"kind":"substation","voltage":110000,"name":"Umspannwerk Wolfen"}},{"type":"Feature","geometry":{"type":"Point","coordinates":[12.4047235,51.7192054]},"properties":{"kind":"substation","voltage":110000,"name":"Umspannwerk Zschornewitz"}},{"type":"Feature","geometry":{"type":"Point","coordinates":[12.2972224,51.6552962]},"properties":{"kind":"substation","voltage":110000,"name":"Wolfen Ost"}},{"type":"Feature","geometry":{"type":"Point","coordinates":[11.9925548,51.3288811]},"properties":{"kind":"substation","voltage":110000,"name":null}},{"type":"Feature","geometry":{"type":"Point","coordinates":[12.0253005,51.312253]},"properties":{"kind":"substation","voltage":110000,"name":null}},{"type":"Feature","geometry":{"type":"Point","coordinates":[11.9474174,51.2917918]},"properties":{"kind":"substation","voltage":110000,"name":"Umspannwerk Großkayna"}},{"type":"Feature","geometry":{"type":"Point","coordinates":[11.5705882,51.167997]},"properties":{"kind":"substation","voltage":110000,"name":"Umspannwerk Wischroda"}},{"type":"Feature","geometry":{"type":"Point","coordinates":[12.2506845,51.6561449]},"properties":{"kind":"substation","voltage":110000,"name":null}},{"type":"Feature","geometry":{"type":"Point","coordinates":[12.2347169,51.580525]},"properties":{"kind":"substation","voltage":110000,"name":"Umspannwerk Roitzsch"}},{"type":"Feature","geometry":{"type":"Point","coordinates":[12.7296579,51.6945006]},"properties":{"kind":"substation","voltage":110000,"name":"Umspannwerk Schmiedeberg"}},{"type":"Feature","geometry":{"type":"Point","coordinates":[11.6903903,51.7803241]},"properties":{"kind":"substation","voltage":110000,"name":"Umspannwerk Aderstedt"}},{"type":"Feature","geometry":{"type":"Point","coordinates":[11.1527524,51.7374732]},"properties":{"kind":"substation","voltage":110000,"name":"Umspannwerk Rieder"}},{"type":"Feature","geometry":{"type":"Point","coordinates":[11.4372616,52.1425336]},"properties":{"kind":"substation","voltage":110000,"name":"Wellen"}},{"type":"Feature","geometry":{"type":"Point","coordinates":[11.3737892,51.783513]},"properties":{"kind":"substation","voltage":110000,"name":"Umspannstation"}},{"type":"Feature","geometry":{"type":"Point","coordinates":[12.0755416,51.1130977]},"properties":{"kind":"substation","voltage":110000,"name":null}},{"type":"Feature","geometry":{"type":"Point","coordinates":[11.572119,52.0552909]},"properties":{"kind":"substation","voltage":110000,"name":"Osterweddingen Industrie"}},{"type":"Feature","geometry":{"type":"Point","coordinates":[11.9872635,52.7183893]},"properties":{"kind":"substation","voltage":110000,"name":null}},{"type":"Feature","geometry":{"type":"Point","coordinates":[11.3812028,52.7226413]},"properties":{"kind":"substation","voltage":110000,"name":null}},{"type":"Feature","geometry":{"type":"Point","coordinates":[11.721492,52.7079527]},"properties":{"kind":"substation","voltage":110000,"name":"Rochau/West"}},{"type":"Feature","geometry":{"type":"Point","coordinates":[11.4903455,51.6408301]},"properties":{"kind":"substation","voltage":110000,"name":"Umspannwerk Hettstedt Nord"}},{"type":"Feature","geometry":{"type":"Point","coordinates":[11.3188585,52.1637999]},"properties":{"kind":"substation","voltage":110000,"name":"Druxberge"}},{"type":"Feature","geometry":{"type":"Point","coordinates":[11.9867596,51.4220969]},"properties":{"kind":"substation","voltage":110000,"name":"Endmastanlage Halle Süd"}},{"type":"Feature","geometry":{"type":"Point","coordinates":[12.0451344,51.4107722]},"properties":{"kind":"substation","voltage":110000,"name":"Umspannwerk Döllnitz"}},{"type":"Feature","geometry":{"type":"Point","coordinates":[11.886847,51.4346886]},"properties":{"kind":"substation","voltage":110000,"name":"Umspannstation Holleben"}},{"type":"Feature","geometry":{"type":"Point","coordinates":[11.9851655,51.301435]},"properties":{"kind":"substation","voltage":110000,"name":"Schaltwerk Leuna"}},{"type":"Feature","geometry":{"type":"Point","coordinates":[11.830262,51.1445684]},"properties":{"kind":"substation","voltage":110000,"name":"Umspannwerk Naumburg"}},{"type":"Feature","geometry":{"type":"Point","coordinates":[11.2960124,51.4475583]},"properties":{"kind":"substation","voltage":110000,"name":"Umspannwerk Oberröblingen"}},{"type":"Feature","geometry":{"type":"Point","coordinates":[11.6552576,51.2750815]},"properties":{"kind":"substation","voltage":110000,"name":null}},{"type":"Feature","geometry":{"type":"Point","coordinates":[11.6086119,51.2984935]},"properties":{"kind":"substation","voltage":110000,"name":"Umspannwerk Reinsdorf"}},{"type":"Feature","geometry":{"type":"Point","coordinates":[11.9625316,51.4017455]},"properties":{"kind":"substation","voltage":110000,"name":null}},{"type":"Feature","geometry":{"type":"Point","coordinates":[11.9327105,51.403841]},"properties":{"kind":"substation","voltage":110000,"name":null}},{"type":"Feature","geometry":{"type":"Point","coordinates":[12.0861371,51.4912243]},"properties":{"kind":"substation","voltage":110000,"name":"Umspannwerk Halle Reideburg"}},{"type":"Feature","geometry":{"type":"Point","coordinates":[11.7151622,51.5875788]},"properties":{"kind":"substation","voltage":110000,"name":null}},{"type":"Feature","geometry":{"type":"Point","coordinates":[11.156176,51.6428654]},"properties":{"kind":"substation","voltage":110000,"name":"Umspannwerk Harzgerode"}},{"type":"Feature","geometry":{"type":"Point","coordinates":[11.9437796,51.5250673]},"properties":{"kind":"substation","voltage":110000,"name":"Umspannwerk Halle Nord"}},{"type":"Feature","geometry":{"type":"Point","coordinates":[11.9578461,51.4454728]},"properties":{"kind":"substation","voltage":110000,"name":"Umspannwerk Halle Wörmlitz"}},{"type":"Feature","geometry":{"type":"Point","coordinates":[12.0673172,51.3108344]},"properties":{"kind":"substation","voltage":110000,"name":"Umspannwerk Lennewitz"}},{"type":"Feature","geometry":{"type":"Point","coordinates":[12.0833316,51.8323327]},"properties":{"kind":"substation","voltage":110000,"name":"Umspannwerk Susigke"}},{"type":"Feature","geometry":{"type":"Point","coordinates":[12.4490538,51.8931324]},"properties":{"kind":"substation","voltage":110000,"name":"Umspannwerk Coswig Nord"}},{"type":"Feature","geometry":{"type":"Point","coordinates":[12.5924787,51.8728902]},"properties":{"kind":"substation","voltage":110000,"name":"Wittenberg West"}},{"type":"Feature","geometry":{"type":"Point","coordinates":[11.8028424,51.2912405]},"properties":{"kind":"substation","voltage":110000,"name":"Umspannwerk Mücheln"}},{"type":"Feature","geometry":{"type":"Point","coordinates":[12.0198042,51.1824486]},"properties":{"kind":"substation","voltage":110000,"name":null}},{"type":"Feature","geometry":{"type":"Point","coordinates":[12.2027047,51.0789824]},"properties":{"kind":"substation","voltage":110000,"name":"Schaltwerk Göbitz"}},{"type":"Feature","geometry":{"type":"Point","coordinates":[12.919135,51.6724092]},"properties":{"kind":"substation","voltage":110000,"name":"Umspannwerk Prettin"}},{"type":"Feature","geometry":{"type":"Point","coordinates":[11.9809532,51.1360952]},"properties":{"kind":"substation","voltage":110000,"name":"Umspannstation Krauschwitz"}},{"type":"Feature","geometry":{"type":"Point","coordinates":[11.5424401,51.2056065]},"properties":{"kind":"substation","voltage":110000,"name":"Unterwerk Saubachtal"}},{"type":"Feature","geometry":{"type":"Point","coordinates":[10.9075285,51.7385848]},"properties":{"kind":"substation","voltage":110000,"name":"Trafostation Wendefurth"}},{"type":"Feature","geometry":{"type":"Point","coordinates":[11.6470596,51.911525]},"properties":{"kind":"substation","voltage":110000,"name":"Förderstedt Wind"}},{"type":"Feature","geometry":{"type":"Point","coordinates":[11.5588317,51.8913129]},"properties":{"kind":"substation","voltage":110000,"name":"UW Staßfurt Speicher"}},{"type":"Feature","geometry":{"type":"Point","coordinates":[11.4980761,51.5765726]},"properties":{"kind":"substation","voltage":110000,"name":"Umspannwerk Klostermansfeld S"}},{"type":"Feature","geometry":{"type":"Point","coordinates":[11.7808862,51.6660297]},"properties":{"kind":"substation","voltage":110000,"name":"Umspannstation"}},{"type":"Feature","geometry":{"type":"Point","coordinates":[11.9066564,51.4694163]},"properties":{"kind":"substation","voltage":110000,"name":"Umspannwerk Halle West"}},{"type":"Feature","geometry":{"type":"Point","coordinates":[11.379601,52.7164387]},"properties":{"kind":"substation","voltage":110000,"name":null}},{"type":"Feature","geometry":{"type":"Point","coordinates":[12.2338587,51.8132119]},"properties":{"kind":"substation","voltage":110000,"name":"Umspannwerk Dessau Süd"}},{"type":"Feature","geometry":{"type":"Point","coordinates":[12.2406346,51.6461412]},"properties":{"kind":"substation","voltage":110000,"name":"Umspannstation Wolfen/Thalheim"}},{"type":"Feature","geometry":{"type":"Point","coordinates":[12.1062123,51.0500629]},"properties":{"kind":"substation","voltage":110000,"name":"Umspannwerk Zeitz"}},{"type":"Feature","geometry":{"type":"Point","coordinates":[11.6515853,52.1403347]},"properties":{"kind":"substation","voltage":110000,"name":"Umspannwerk Magdeburg/Sandtorstraße"}},{"type":"Feature","geometry":{"type":"Point","coordinates":[12.0911125,51.9327587]},"properties":{"kind":"substation","voltage":110000,"name":null}},{"type":"Feature","geometry":{"type":"Point","coordinates":[11.9184627,51.6706063]},"properties":{"kind":"substation","voltage":110000,"name":null}},{"type":"Feature","geometry":{"type":"Point","coordinates":[11.9668709,52.5688252]},"properties":{"kind":"substation","voltage":110000,"name":"Tangermünde"}},{"type":"Feature","geometry":{"type":"Point","coordinates":[11.5450851,52.5308824]},"properties":{"kind":"substation","voltage":110000,"name":"Wind-UW Hottendorf"}},{"type":"Feature","geometry":{"type":"Point","coordinates":[11.7802785,52.1729749]},"properties":{"kind":"substation","voltage":110000,"name":"Körbelitz/West"}},{"type":"Feature","geometry":{"type":"Point","coordinates":[12.1321532,52.4306741]},"properties":{"kind":"substation","voltage":110000,"name":"Umspannstation Genthin Wind"}},{"type":"Feature","geometry":{"type":"Point","coordinates":[11.7378386,52.4161362]},"properties":{"kind":"substation","voltage":110000,"name":"UW Uchtdorf"}},{"type":"Feature","geometry":{"type":"Point","coordinates":[10.9316975,52.8027223]},"properties":{"kind":"substation","voltage":110000,"name":"UW Ellenberg"}},{"type":"Feature","geometry":{"type":"Point","coordinates":[11.8385491,52.5974364]},"properties":{"kind":"substation","voltage":110000,"name":null}},{"type":"Feature","geometry":{"type":"Point","coordinates":[11.0378876,52.5694204]},"properties":{"kind":"substation","voltage":110000,"name":"Umspannwerk Kunrau"}},{"type":"Feature","geometry":{"type":"Point","coordinates":[12.0572557,51.6508161]},"properties":{"kind":"substation","voltage":110000,"name":"Umspannwerk Cösitz"}},{"type":"Feature","geometry":{"type":"Point","coordinates":[10.7070285,51.8737628]},"properties":{"kind":"substation","voltage":110000,"name":"Ilseburg Gewerbegebiet"}},{"type":"Feature","geometry":{"type":"Point","coordinates":[11.2574426,52.1708438]},"properties":{"kind":"substation","voltage":110000,"name":"Hakenstedt"}},{"type":"Feature","geometry":{"type":"Point","coordinates":[11.2158836,52.2358336]},"properties":{"kind":"substation","voltage":110000,"name":"Erxleben"}},{"type":"Feature","geometry":{"type":"Point","coordinates":[11.2834759,51.9774726]},"properties":{"kind":"substation","voltage":110000,"name":"UW Alikendorf Wind"}},{"type":"Feature","geometry":{"type":"Point","coordinates":[11.0950879,51.8637315]},"properties":{"kind":"substation","voltage":110000,"name":"UW Harsleben"}},{"type":"Feature","geometry":{"type":"Point","coordinates":[12.2517414,52.451786]},"properties":{"kind":"substation","voltage":110000,"name":"Demsin"}},{"type":"Feature","geometry":{"type":"Point","coordinates":[11.6564211,51.9843358]},"properties":{"kind":"substation","voltage":110000,"name":"Biere T-Systems"}},{"type":"Feature","geometry":{"type":"Point","coordinates":[11.904495,51.3930924]},"properties":{"kind":"substation","voltage":110000,"name":"Bahnstrom Unterwerk Dörstewitz"}},{"type":"Feature","geometry":{"type":"Point","coordinates":[11.373641,51.3981386]},"properties":{"kind":"substation","voltage":110000,"name":"Umspannstation Allstedt"}},{"type":"Feature","geometry":{"type":"Point","coordinates":[11.6218065,52.095173]},"properties":{"kind":"substation","voltage":110000,"name":"Magdeburg/Süd-West"}},{"type":"Feature","geometry":{"type":"Point","coordinates":[12.118285,51.0590076]},"properties":{"kind":"substation","voltage":110000,"name":"Umspannwerk Zeitz Guss"}},{"type":"Feature","geometry":{"type":"Point","coordinates":[11.7043485,51.3909419]},"properties":{"kind":"substation","voltage":110000,"name":"Umspannstation Obhausen"}},{"type":"Feature","geometry":{"type":"Point","coordinates":[11.9789942,51.1417909]},"properties":{"kind":"substation","voltage":110000,"name":null}},{"type":"Feature","geometry":{"type":"Point","coordinates":[12.0142781,51.3145373]},"properties":{"kind":"substation","voltage":110000,"name":null}},{"type":"Feature","geometry":{"type":"Point","coordinates":[11.6445575,52.0998606]},"properties":{"kind":"substation","voltage":110000,"name":"Magdeburg/Süd"}},{"type":"Feature","geometry":{"type":"Point","coordinates":[11.4014107,51.4677136]},"properties":{"kind":"substation","voltage":110000,"name":"Umspannstation Beyernaumburg"}},{"type":"Feature","geometry":{"type":"Point","coordinates":[11.7147062,51.587715]},"properties":{"kind":"substation","voltage":110000,"name":null}},{"type":"Feature","geometry":{"type":"Point","coordinates":[11.716101,51.5881955]},"properties":{"kind":"substation","voltage":110000,"name":"Umspannstation"}},{"type":"Feature","geometry":{"type":"Point","coordinates":[11.2641284,52.7572628]},"properties":{"kind":"substation","voltage":110000,"name":null}},{"type":"Feature","geometry":{"type":"Point","coordinates":[11.4850199,51.7753435]},"properties":{"kind":"substation","voltage":110000,"name":"Umspannstation"}},{"type":"Feature","geometry":{"type":"Point","coordinates":[11.4848676,51.7744112]},"properties":{"kind":"substation","voltage":110000,"name":"Umspannwerk Aschersleben Nord"}},{"type":"Feature","geometry":{"type":"Point","coordinates":[11.7355516,52.7809797]},"properties":{"kind":"substation","voltage":110000,"name":null}},{"type":"Feature","geometry":{"type":"Point","coordinates":[11.7358231,52.7813901]},"properties":{"kind":"substation","voltage":110000,"name":null}},{"type":"Feature","geometry":{"type":"Point","coordinates":[12.2438884,51.7126657]},"properties":{"kind":"substation","voltage":110000,"name":"Umspannstation"}},{"type":"Feature","geometry":{"type":"Point","coordinates":[11.9235358,51.7093218]},"properties":{"kind":"substation","voltage":110000,"name":null}},{"type":"Feature","geometry":{"type":"Point","coordinates":[11.9224996,51.7091914]},"properties":{"kind":"substation","voltage":110000,"name":null}},{"type":"Feature","geometry":{"type":"Point","coordinates":[12.0852097,51.6591838]},"properties":{"kind":"substation","voltage":110000,"name":"Umspannstation Radegast"}},{"type":"Feature","geometry":{"type":"Point","coordinates":[12.2149699,51.6973562]},"properties":{"kind":"substation","voltage":110000,"name":"Umspannstation Salzfurtkapelle Ost"}},{"type":"Feature","geometry":{"type":"Point","coordinates":[11.0954042,51.8508755]},"properties":{"kind":"substation","voltage":110000,"name":"UW Harsleben Süd"}},{"type":"Feature","geometry":{"type":"Point","coordinates":[11.130513,52.1755501]},"properties":{"kind":"substation","voltage":110000,"name":"Sommersdorf"}},{"type":"Feature","geometry":{"type":"Point","coordinates":[11.967456,51.2215805]},"properties":{"kind":"substation","voltage":110000,"name":"Umspannwerk Weißenfels"}},{"type":"Feature","geometry":{"type":"Point","coordinates":[11.9663251,51.2205554]},"properties":{"kind":"substation","voltage":110000,"name":null}},{"type":"Feature","geometry":{"type":"Point","coordinates":[11.7079927,52.6743764]},"properties":{"kind":"substation","voltage":110000,"name":"Umspannwerk Schinne Nord"}},{"type":"Feature","geometry":{"type":"Point","coordinates":[11.9201866,51.4777553]},"properties":{"kind":"substation","voltage":110000,"name":"Umspannwerk Halle Zentrum"}},{"type":"Feature","geometry":{"type":"Point","coordinates":[12.2987868,51.6368988]},"properties":{"kind":"substation","voltage":110000,"name":"Umspannwerk"}},{"type":"Feature","geometry":{"type":"Point","coordinates":[11.9805303,51.4819227]},"properties":{"kind":"substation","voltage":110000,"name":"Umspannwerk Halle Stadtpark"}},{"type":"Feature","geometry":{"type":"Point","coordinates":[11.9908616,51.4597835]},"properties":{"kind":"substation","voltage":110000,"name":null}},{"type":"Feature","geometry":{"type":"Point","coordinates":[12.1338329,52.4310235]},"properties":{"kind":"substation","voltage":110000,"name":"Umspannstation Genthin Ost"}},{"type":"Feature","geometry":{"type":"Point","coordinates":[11.730048,52.569366]},"properties":{"kind":"substation","voltage":110000,"name":"Nahrstedt Nord"}},{"type":"Feature","geometry":{"type":"Point","coordinates":[11.7302018,52.5691331]},"properties":{"kind":"substation","voltage":110000,"name":"Nahrstedt Süd"}},{"type":"Feature","geometry":{"type":"Point","coordinates":[11.7191485,52.6133361]},"properties":{"kind":"substation","voltage":110000,"name":null}},{"type":"Feature","geometry":{"type":"Point","coordinates":[11.2807989,52.7448766]},"properties":{"kind":"substation","voltage":110000,"name":null}},{"type":"Feature","geometry":{"type":"Point","coordinates":[11.3263306,52.7376676]},"properties":{"kind":"substation","voltage":110000,"name":null}},{"type":"Feature","geometry":{"type":"Point","coordinates":[11.7001496,51.7952024]},"properties":{"kind":"substation","voltage":110000,"name":"Umspannwerk Bernburg West"}},{"type":"Feature","geometry":{"type":"Point","coordinates":[12.0889803,51.9318275]},"properties":{"kind":"substation","voltage":110000,"name":null}},{"type":"Feature","geometry":{"type":"Point","coordinates":[11.5089332,51.56703]},"properties":{"kind":"substation","voltage":110000,"name":"Umspannstation Helbra"}},{"type":"Feature","geometry":{"type":"Point","coordinates":[11.6703791,52.3023213]},"properties":{"kind":"substation","voltage":110000,"name":"110 kV Schaltanlage"}},{"type":"Feature","geometry":{"type":"Point","coordinates":[11.7205289,52.7080454]},"properties":{"kind":"substation","voltage":110000,"name":null}},{"type":"Feature","geometry":{"type":"Point","coordinates":[12.667685,51.785636]},"properties":{"kind":"substation","voltage":110000,"name":"Umspannstation Kemberg"}},{"type":"Feature","geometry":{"type":"Point","coordinates":[11.5723362,51.8646648]},"properties":{"kind":"substation","voltage":110000,"name":null}},{"type":"Feature","geometry":{"type":"Point","coordinates":[12.0929566,51.536931]},"properties":{"kind":"substation","voltage":110000,"name":"Umspannstation Niemberg"}},{"type":"Feature","geometry":{"type":"Point","coordinates":[11.6188201,51.5904339]},"properties":{"kind":"substation","voltage":110000,"name":"Umspannstation Polleben"}},{"type":"Feature","geometry":{"type":"Point","coordinates":[11.8349048,51.4203661]},"properties":{"kind":"substation","voltage":110000,"name":"Umspannstation Schotterey"}},{"type":"Feature","geometry":{"type":"Point","coordinates":[11.7671997,51.4044272]},"properties":{"kind":"substation","voltage":110000,"name":"Umspannstation Steuden"}},{"type":"Feature","geometry":{"type":"Point","coordinates":[11.7041206,51.3921292]},"properties":{"kind":"substation","voltage":110000,"name":"Umspannstation Esperstedt WP"}},{"type":"Feature","geometry":{"type":"Point","coordinates":[11.6601468,51.372873]},"properties":{"kind":"substation","voltage":110000,"name":"Umspannstation Nemsdorf"}},{"type":"Feature","geometry":{"type":"Point","coordinates":[11.893382,51.4030783]},"properties":{"kind":"substation","voltage":110000,"name":"Umspannwerk Lauchstädt"}},{"type":"Feature","geometry":{"type":"Point","coordinates":[12.324011,51.9301186]},"properties":{"kind":"substation","voltage":110000,"name":"Umspannstation Luko"}},{"type":"Feature","geometry":{"type":"Point","coordinates":[12.3182371,51.6241261]},"properties":{"kind":"substation","voltage":110000,"name":"Umspannwerk Bitterfeld Ost"}},{"type":"Feature","geometry":{"type":"Point","coordinates":[12.8733291,51.8306193]},"properties":{"kind":"substation","voltage":110000,"name":null}},{"type":"Feature","geometry":{"type":"Point","coordinates":[12.2404938,51.6408969]},"properties":{"kind":"substation","voltage":110000,"name":"Umspannwerk Sandersdorf"}},{"type":"Feature","geometry":{"type":"Point","coordinates":[11.5175175,51.585116]},"properties":{"kind":"substation","voltage":110000,"name":"Umspannwerk Klostermansfeld"}},{"type":"Feature","geometry":{"type":"Point","coordinates":[11.7206553,52.6505696]},"properties":{"kind":"substation","voltage":110000,"name":null}},{"type":"Feature","geometry":{"type":"Point","coordinates":[11.7163393,52.6738066]},"properties":{"kind":"substation","voltage":110000,"name":null}},{"type":"Feature","geometry":{"type":"Point","coordinates":[11.7212401,52.6132802]},"properties":{"kind":"substation","voltage":110000,"name":null}},{"type":"Feature","geometry":{"type":"Point","coordinates":[12.2353385,51.5792361]},"properties":{"kind":"substation","voltage":110000,"name":"Schaltstelle Roitzsch PVA"}},{"type":"Feature","geometry":{"type":"Point","coordinates":[12.2379369,51.5760741]},"properties":{"kind":"substation","voltage":110000,"name":"Umspannstation Roitzsch PVA"}},{"type":"Feature","geometry":{"type":"Point","coordinates":[11.7843928,52.4312085]},"properties":{"kind":"substation","voltage":110000,"name":"UW Tangerhütte"}},{"type":"Feature","geometry":{"type":"Point","coordinates":[11.5461163,51.744534]},"properties":{"kind":"substation","voltage":110000,"name":null}},{"type":"Feature","geometry":{"type":"Point","coordinates":[12.5153289,51.7474824]},"properties":{"kind":"substation","voltage":110000,"name":"Umspannwerk Radis"}},{"type":"Feature","geometry":{"type":"Point","coordinates":[12.7005703,51.7720137]},"properties":{"kind":"substation","voltage":110000,"name":"Umspannstationen Schnellin"}},{"type":"Feature","geometry":{"type":"Point","coordinates":[11.7290279,51.7712917]},"properties":{"kind":"substation","voltage":110000,"name":"Umspannwerk"}},{"type":"Feature","geometry":{"type":"Point","coordinates":[11.743656,51.749803]},"properties":{"kind":"substation","voltage":110000,"name":"Umspannwerk"}},{"type":"Feature","geometry":{"type":"Point","coordinates":[11.9905842,51.2530607]},"properties":{"kind":"substation","voltage":110000,"name":"Umspannstation"}},{"type":"Feature","geometry":{"type":"Point","coordinates":[11.9930742,51.1017248]},"properties":{"kind":"substation","voltage":110000,"name":"Umspannwerk Schelkau"}},{"type":"Feature","geometry":{"type":"Point","coordinates":[12.0201754,51.1629209]},"properties":{"kind":"substation","voltage":110000,"name":null}},{"type":"Feature","geometry":{"type":"Point","coordinates":[11.968559,51.3041336]},"properties":{"kind":"substation","voltage":110000,"name":"Umspannwerk Beuna"}},{"type":"Feature","geometry":{"type":"Point","coordinates":[12.197795,51.0742854]},"properties":{"kind":"substation","voltage":110000,"name":"Umspannwerk Tröglitz"}},{"type":"Feature","geometry":{"type":"Point","coordinates":[12.2482961,51.0910392]},"properties":{"kind":"substation","voltage":110000,"name":"Umspannstation Windpark Langendorf"}},{"type":"Feature","geometry":{"type":"Point","coordinates":[11.6891834,51.3849657]},"properties":{"kind":"substation","voltage":110000,"name":"Umspannstation Obhausen Süd"}},{"type":"Feature","geometry":{"type":"Point","coordinates":[11.7132007,51.4612381]},"properties":{"kind":"substation","voltage":110000,"name":"Umspannstation Amsdorf S"}},{"type":"Feature","geometry":{"type":"Point","coordinates":[11.7152555,51.4608428]},"properties":{"kind":"substation","voltage":110000,"name":null}},{"type":"Feature","geometry":{"type":"Point","coordinates":[11.363382,51.4319462]},"properties":{"kind":"substation","voltage":110000,"name":null}},{"type":"Feature","geometry":{"type":"Point","coordinates":[11.6376461,51.6549422]},"properties":{"kind":"substation","voltage":110000,"name":null}},{"type":"Feature","geometry":{"type":"Point","coordinates":[11.6365848,52.2669654]},"properties":{"kind":"substation","voltage":110000,"name":"Umspannwerk Wolmirstedt"}},{"type":"Feature","geometry":{"type":"Point","coordinates":[13.0566324,51.7995483]},"properties":{"kind":"substation","voltage":110000,"name":"Jessen Nord (Schweinitz) 110 kV"}},{"type":"Feature","geometry":{"type":"Point","coordinates":[11.3608314,52.6509719]},"properties":{"kind":"substation","voltage":110000,"name":"Wind-UW Wernstedt"}},{"type":"Feature","geometry":{"type":"Point","coordinates":[10.915789,52.6531198]},"properties":{"kind":"substation","voltage":110000,"name":"UW Nettgau"}},{"type":"Feature","geometry":{"type":"Point","coordinates":[11.7374906,52.4165698]},"properties":{"kind":"substation","voltage":110000,"name":"UW Uchtdorf Nord"}},{"type":"Feature","geometry":{"type":"Point","coordinates":[11.0534534,52.5672328]},"properties":{"kind":"substation","voltage":110000,"name":"UW Neuferchau Wind"}},{"type":"Feature","geometry":{"type":"Point","coordinates":[11.8772866,51.8281747]},"properties":{"kind":"substation","voltage":110000,"name":"Umspannstation Dornbock"}},{"type":"Feature","geometry":{"type":"Point","coordinates":[11.9960528,51.4589833]},"properties":{"kind":"substation","voltage":110000,"name":null}},{"type":"Feature","geometry":{"type":"Point","coordinates":[11.2803117,52.830279]},"properties":{"kind":"substation","voltage":110000,"name":"Unterwerk Pretzier"}},{"type":"Feature","geometry":{"type":"Point","coordinates":[11.7076847,51.5907857]},"properties":{"kind":"substation","voltage":110000,"name":"Umspannstation"}},{"type":"Feature","geometry":{"type":"Point","coordinates":[10.946162,51.8085687]},"properties":{"kind":"substation","voltage":110000,"name":"Umspannwerk Blankenburg"}},{"type":"Feature","geometry":{"type":"Point","coordinates":[11.9781444,51.143975]},"properties":{"kind":"substation","voltage":110000,"name":null}},{"type":"Feature","geometry":{"type":"Point","coordinates":[11.8640763,52.609837]},"properties":{"kind":"substation","voltage":110000,"name":null}},{"type":"Feature","geometry":{"type":"Point","coordinates":[11.902093,51.3991192]},"properties":{"kind":"substation","voltage":110000,"name":"Bahnstrom Umrichterwerk Delitz am Berge"}},{"type":"Feature","geometry":{"type":"Point","coordinates":[11.8346055,51.4208809]},"properties":{"kind":"substation","voltage":110000,"name":"Umspannstation Schotterey/Nord"}},{"type":"Feature","geometry":{"type":"Point","coordinates":[11.9744713,52.7335321]},"properties":{"kind":"substation","voltage":110000,"name":"Umspannwerk Krusemark"}},{"type":"Feature","geometry":{"type":"Point","coordinates":[11.974339,52.708891]},"properties":{"kind":"substation","voltage":110000,"name":"Ellingen West"}},{"type":"Feature","geometry":{"type":"Point","coordinates":[11.3265504,52.7375086]},"properties":{"kind":"substation","voltage":110000,"name":null}},{"type":"Feature","geometry":{"type":"Point","coordinates":[11.7268995,52.5696176]},"properties":{"kind":"substation","voltage":110000,"name":"4"}},{"type":"Feature","geometry":{"type":"Point","coordinates":[11.8220634,52.5262027]},"properties":{"kind":"substation","voltage":110000,"name":null}},{"type":"Feature","geometry":{"type":"Point","coordinates":[10.7037989,51.8733694]},"properties":{"kind":"substation","voltage":110000,"name":"Ilsenburg"}},{"type":"Feature","geometry":{"type":"Point","coordinates":[10.7493741,51.9302114]},"properties":{"kind":"substation","voltage":110000,"name":"Wasserleben"}},{"type":"Feature","geometry":{"type":"Point","coordinates":[11.5062606,51.580562]},"properties":{"kind":"substation","voltage":110000,"name":null}},{"type":"Feature","geometry":{"type":"Point","coordinates":[10.6809908,53.8545156]},"properties":{"kind":"substation","voltage":110000,"name":"Schaltanlage Lübeck Süd"}},{"type":"Feature","geometry":{"type":"Point","coordinates":[10.1280241,54.3180519]},"properties":{"kind":"substation","voltage":110000,"name":"Umspannwerk Kirchhofallee"}},{"type":"Feature","geometry":{"type":"Point","coordinates":[10.4178127,53.4247609]},"properties":{"kind":"substation","voltage":110000,"name":"Umspannwerk Grüner Jäger"}},{"type":"Feature","geometry":{"type":"Point","coordinates":[9.7278711,53.5708778]},"properties":{"kind":"substation","voltage":110000,"name":"Wedel"}},{"type":"Feature","geometry":{"type":"Point","coordinates":[9.8347348,53.6035725]},"properties":{"kind":"substation","voltage":110000,"name":"Schenefeld"}},{"type":"Feature","geometry":{"type":"Point","coordinates":[9.7128399,53.5940369]},"properties":{"kind":"substation","voltage":110000,"name":"Wedel/Nord"}},{"type":"Feature","geometry":{"type":"Point","coordinates":[9.9620958,54.6661357]},"properties":{"kind":"substation","voltage":110000,"name":"Ellenberg"}},{"type":"Feature","geometry":{"type":"Point","coordinates":[10.1564171,54.2755441]},"properties":{"kind":"substation","voltage":220000,"name":"Kiel-Süd"}},{"type":"Feature","geometry":{"type":"Point","coordinates":[10.0603909,54.3488196]},"properties":{"kind":"substation","voltage":220000,"name":"Kiel West"}},{"type":"Feature","geometry":{"type":"Point","coordinates":[10.1322763,54.3629561]},"properties":{"kind":"substation","voltage":110000,"name":"Umspannwerk Wik"}},{"type":"Feature","geometry":{"type":"Point","coordinates":[9.8664626,53.6295666]},"properties":{"kind":"substation","voltage":110000,"name":"Halstenbek"}},{"type":"Feature","geometry":{"type":"Point","coordinates":[9.6490952,53.6903015]},"properties":{"kind":"substation","voltage":110000,"name":"Uetersen-West"}},{"type":"Feature","geometry":{"type":"Point","coordinates":[9.6547375,53.7627429]},"properties":{"kind":"substation","voltage":110000,"name":"Unterwerk Elmshorn"}},{"type":"Feature","geometry":{"type":"Point","coordinates":[9.9373853,53.7440098]},"properties":{"kind":"substation","voltage":110000,"name":"Quickborn-Ost"}},{"type":"Feature","geometry":{"type":"Point","coordinates":[9.5796686,53.844528]},"properties":{"kind":"substation","voltage":110000,"name":"Steinburg"}},{"type":"Feature","geometry":{"type":"Point","coordinates":[9.5809659,53.8728676]},"properties":{"kind":"substation","voltage":110000,"name":null}},{"type":"Feature","geometry":{"type":"Point","coordinates":[9.5002785,53.9110721]},"properties":{"kind":"substation","voltage":110000,"name":"Itzehoe-Süd"}},{"type":"Feature","geometry":{"type":"Point","coordinates":[10.414504,53.4143175]},"properties":{"kind":"substation","voltage":110000,"name":"Schaltwerk"}},{"type":"Feature","geometry":{"type":"Point","coordinates":[9.2015449,53.8956326]},"properties":{"kind":"substation","voltage":380000,"name":"Umspannwerk Kernkraftwerk Brunsbüttel"}},{"type":"Feature","geometry":{"type":"Point","coordinates":[10.0215502,54.0867722]},"properties":{"kind":"substation","voltage":110000,"name":null}},{"type":"Feature","geometry":{"type":"Point","coordinates":[9.9760871,54.1181646]},"properties":{"kind":"substation","voltage":110000,"name":"Einfeld"}},{"type":"Feature","geometry":{"type":"Point","coordinates":[9.6395171,53.7566103]},"properties":{"kind":"substation","voltage":110000,"name":"Elmshorn-Mitte"}},{"type":"Feature","geometry":{"type":"Point","coordinates":[9.7703621,53.7703403]},"properties":{"kind":"substation","voltage":110000,"name":"Heede"}},{"type":"Feature","geometry":{"type":"Point","coordinates":[10.3629218,53.4555336]},"properties":{"kind":"substation","voltage":110000,"name":null}},{"type":"Feature","geometry":{"type":"Point","coordinates":[10.2678563,53.5259481]},"properties":{"kind":"substation","voltage":110000,"name":null}},{"type":"Feature","geometry":{"type":"Point","coordinates":[10.2337643,53.5279338]},"properties":{"kind":"substation","voltage":110000,"name":null}},{"type":"Feature","geometry":{"type":"Point","coordinates":[9.9470801,54.1090085]},"properties":{"kind":"substation","voltage":110000,"name":"Unterwerk Neumünster"}},{"type":"Feature","geometry":{"type":"Point","coordinates":[9.5268169,54.4165009]},"properties":{"kind":"substation","voltage":110000,"name":"Kropp"}},{"type":"Feature","geometry":{"type":"Point","coordinates":[9.7815562,53.6664445]},"properties":{"kind":"substation","voltage":110000,"name":"Pinneberg-Mitte"}},{"type":"Feature","geometry":{"type":"Point","coordinates":[9.7270772,54.2920425]},"properties":{"kind":"substation","voltage":110000,"name":"Audorf"}},{"type":"Feature","geometry":{"type":"Point","coordinates":[9.9861545,54.40125]},"properties":{"kind":"substation","voltage":110000,"name":"Gettorf"}},{"type":"Feature","geometry":{"type":"Point","coordinates":[10.3643244,54.2013681]},"properties":{"kind":"substation","voltage":110000,"name":"Trent"}},{"type":"Feature","geometry":{"type":"Point","coordinates":[10.3728273,54.3672848]},"properties":{"kind":"substation","voltage":110000,"name":"Höhndorf"}},{"type":"Feature","geometry":{"type":"Point","coordinates":[9.8333232,54.4979823]},"properties":{"kind":"substation","voltage":110000,"name":"Barkelsby"}},{"type":"Feature","geometry":{"type":"Point","coordinates":[9.725932,54.287781]},"properties":{"kind":"substation","voltage":380000,"name":"Audorf Süd"}},{"type":"Feature","geometry":{"type":"Point","coordinates":[9.4093848,54.5571179]},"properties":{"kind":"substation","voltage":110000,"name":"Unterwerk Jübek"}},{"type":"Feature","geometry":{"type":"Point","coordinates":[10.5888389,54.2878622]},"properties":{"kind":"substation","voltage":110000,"name":"Helmstorf"}},{"type":"Feature","geometry":{"type":"Point","coordinates":[10.2089842,54.1329286]},"properties":{"kind":"substation","voltage":110000,"name":"Stolpe"}},{"type":"Feature","geometry":{"type":"Point","coordinates":[10.299763,53.9275865]},"properties":{"kind":"substation","voltage":110000,"name":"Umspannwerk Bad Segeberg"}},{"type":"Feature","geometry":{"type":"Point","coordinates":[8.3636127,54.8905209]},"properties":{"kind":"substation","voltage":110000,"name":"UW Keitum"}},{"type":"Feature","geometry":{"type":"Point","coordinates":[9.6914046,54.3088262]},"properties":{"kind":"substation","voltage":110000,"name":"Rendsburg Mitte"}},{"type":"Feature","geometry":{"type":"Point","coordinates":[10.2582492,53.6837788]},"properties":{"kind":"substation","voltage":110000,"name":"Umspannwerk Ahrensburg Nord"}},{"type":"Feature","geometry":{"type":"Point","coordinates":[9.4296585,53.7784374]},"properties":{"kind":"substation","voltage":110000,"name":"Umspannwerk Glückstadt"}},{"type":"Feature","geometry":{"type":"Point","coordinates":[9.9773629,53.8158947]},"properties":{"kind":"substation","voltage":110000,"name":"Kaltenkirchen-Süd"}},{"type":"Feature","geometry":{"type":"Point","coordinates":[9.691339,53.7426497]},"properties":{"kind":"substation","voltage":110000,"name":"Elmshorn-Ost"}},{"type":"Feature","geometry":{"type":"Point","coordinates":[10.1453258,54.3001884]},"properties":{"kind":"substation","voltage":110000,"name":"Umspannwerk Konrad-Adenauer-Damm"}},{"type":"Feature","geometry":{"type":"Point","coordinates":[10.1799066,54.3421601]},"properties":{"kind":"substation","voltage":110000,"name":"Umspannwerk Hasselfelde"}},{"type":"Feature","geometry":{"type":"Point","coordinates":[9.9760643,54.1176095]},"properties":{"kind":"substation","voltage":110000,"name":null}},{"type":"Feature","geometry":{"type":"Point","coordinates":[10.0226935,54.0868069]},"properties":{"kind":"substation","voltage":110000,"name":"Brachenfeld"}},{"type":"Feature","geometry":{"type":"Point","coordinates":[9.9873359,54.1179033]},"properties":{"kind":"substation","voltage":110000,"name":"Umspannwerk Neumünster/Nord"}},{"type":"Feature","geometry":{"type":"Point","coordinates":[9.1938049,53.9097488]},"properties":{"kind":"substation","voltage":110000,"name":"Ostermoor-West"}},{"type":"Feature","geometry":{"type":"Point","coordinates":[9.8131204,54.4297828]},"properties":{"kind":"substation","voltage":110000,"name":"Goosefeld"}},{"type":"Feature","geometry":{"type":"Point","coordinates":[8.9959922,53.9600395]},"properties":{"kind":"substation","voltage":110000,"name":"Umspannwerk Marne-West"}},{"type":"Feature","geometry":{"type":"Point","coordinates":[9.2181923,54.0132706]},"properties":{"kind":"substation","voltage":110000,"name":"Umspannwerk Quickborn Dithmarschen"}},{"type":"Feature","geometry":{"type":"Point","coordinates":[9.661329,53.6166003]},"properties":{"kind":"substation","voltage":110000,"name":"Holm"}},{"type":"Feature","geometry":{"type":"Point","coordinates":[9.9722117,53.6874407]},"properties":{"kind":"substation","voltage":110000,"name":"Umspannwerk Norderstedt"}},{"type":"Feature","geometry":{"type":"Point","coordinates":[10.0187437,53.7112027]},"properties":{"kind":"substation","voltage":110000,"name":"Harksheide"}},{"type":"Feature","geometry":{"type":"Point","coordinates":[8.910504,54.1821674]},"properties":{"kind":"substation","voltage":110000,"name":"Reinsbüttel"}},{"type":"Feature","geometry":{"type":"Point","coordinates":[10.136138,54.3318594]},"properties":{"kind":"substation","voltage":110000,"name":"Umspannwerk Gerhardstraße"}},{"type":"Feature","geometry":{"type":"Point","coordinates":[10.1013145,54.3029]},"properties":{"kind":"substation","voltage":110000,"name":null}},{"type":"Feature","geometry":{"type":"Point","coordinates":[10.1472356,54.2854555]},"properties":{"kind":"substation","voltage":110000,"name":null}},{"type":"Feature","geometry":{"type":"Point","coordinates":[10.0545277,54.1791526]},"properties":{"kind":"substation","voltage":110000,"name":"Wattenbek"}},{"type":"Feature","geometry":{"type":"Point","coordinates":[9.181356,54.2557984]},"properties":{"kind":"substation","voltage":110000,"name":"Linden"}},{"type":"Feature","geometry":{"type":"Point","coordinates":[10.2098775,53.9430762]},"properties":{"kind":"substation","voltage":110000,"name":"Umspannwerk Wahlstedt"}},{"type":"Feature","geometry":{"type":"Point","coordinates":[9.0137353,54.2750563]},"properties":{"kind":"substation","voltage":110000,"name":"Hemme/West"}},{"type":"Feature","geometry":{"type":"Point","coordinates":[9.1076353,54.1867914]},"properties":{"kind":"substation","voltage":110000,"name":"Heide"}},{"type":"Feature","geometry":{"type":"Point","coordinates":[10.7746504,54.2967733]},"properties":{"kind":"substation","voltage":110000,"name":"Weißenhäuser Strand"}},{"type":"Feature","geometry":{"type":"Point","coordinates":[9.950875,54.3227885]},"properties":{"kind":"substation","voltage":110000,"name":"Felde"}},{"type":"Feature","geometry":{"type":"Point","coordinates":[9.9869562,54.049697]},"properties":{"kind":"substation","voltage":110000,"name":"Neumünster/Süd"}},{"type":"Feature","geometry":{"type":"Point","coordinates":[9.9757162,54.0629698]},"properties":{"kind":"substation","voltage":110000,"name":"Neumünster/West"}},{"type":"Feature","geometry":{"type":"Point","coordinates":[9.8528472,54.1731162]},"properties":{"kind":"substation","voltage":110000,"name":"UW Nortorf"}},{"type":"Feature","geometry":{"type":"Point","coordinates":[10.8025382,53.8976397]},"properties":{"kind":"substation","voltage":380000,"name":"Umspannwerk Kraftwerk Herrenwyk"}},{"type":"Feature","geometry":{"type":"Point","coordinates":[9.4759734,54.5179735]},"properties":{"kind":"substation","voltage":110000,"name":"Schuby"}},{"type":"Feature","geometry":{"type":"Point","coordinates":[10.6211377,54.1233679]},"properties":{"kind":"substation","voltage":110000,"name":"Umspannwerk Eutin"}},{"type":"Feature","geometry":{"type":"Point","coordinates":[10.0067646,54.0846514]},"properties":{"kind":"substation","voltage":110000,"name":"Umspannwerk Ost"}},{"type":"Feature","geometry":{"type":"Point","coordinates":[10.9048305,54.2158217]},"properties":{"kind":"substation","voltage":110000,"name":"Lensahn"}},{"type":"Feature","geometry":{"type":"Point","coordinates":[10.9384456,54.2844119]},"properties":{"kind":"substation","voltage":110000,"name":"Umspannwerk Göhl"}},{"type":"Feature","geometry":{"type":"Point","coordinates":[10.9663098,54.1886257]},"properties":{"kind":"substation","voltage":110000,"name":"Cismar West"}},{"type":"Feature","geometry":{"type":"Point","coordinates":[10.7790188,54.1101581]},"properties":{"kind":"substation","voltage":110000,"name":"Umspannwerk Rogerfelde"}},{"type":"Feature","geometry":{"type":"Point","coordinates":[11.0434659,54.3617254]},"properties":{"kind":"substation","voltage":110000,"name":"Lütjenbrode"}},{"type":"Feature","geometry":{"type":"Point","coordinates":[10.9773629,54.3617037]},"properties":{"kind":"substation","voltage":110000,"name":"Heiligenhafen"}},{"type":"Feature","geometry":{"type":"Point","coordinates":[10.2326787,54.0634975]},"properties":{"kind":"substation","voltage":110000,"name":"Bornhöved"}},{"type":"Feature","geometry":{"type":"Point","coordinates":[9.409332,54.6701413]},"properties":{"kind":"substation","voltage":110000,"name":"Tarp"}},{"type":"Feature","geometry":{"type":"Point","coordinates":[9.3180705,54.7158728]},"properties":{"kind":"substation","voltage":110000,"name":"Flensburg"}},{"type":"Feature","geometry":{"type":"Point","coordinates":[9.4061402,54.7524063]},"properties":{"kind":"substation","voltage":110000,"name":"Weding"}},{"type":"Feature","geometry":{"type":"Point","coordinates":[9.161748,54.7128706]},"properties":{"kind":"substation","voltage":110000,"name":"Lindewitt"}},{"type":"Feature","geometry":{"type":"Point","coordinates":[9.2330462,54.6834945]},"properties":{"kind":"substation","voltage":110000,"name":"Schobüll"}},{"type":"Feature","geometry":{"type":"Point","coordinates":[9.0962711,54.4726572]},"properties":{"kind":"substation","voltage":110000,"name":"Rosendahl"}},{"type":"Feature","geometry":{"type":"Point","coordinates":[9.1090443,54.3733554]},"properties":{"kind":"substation","voltage":110000,"name":"Friedrichstadt"}},{"type":"Feature","geometry":{"type":"Point","coordinates":[9.6482319,54.0844018]},"properties":{"kind":"substation","voltage":110000,"name":"Hohenwestedt"}},{"type":"Feature","geometry":{"type":"Point","coordinates":[8.9983753,54.6420487]},"properties":{"kind":"substation","voltage":110000,"name":"Dörpum"}},{"type":"Feature","geometry":{"type":"Point","coordinates":[8.9417855,54.3259143]},"properties":{"kind":"substation","voltage":110000,"name":"Tönning"}},{"type":"Feature","geometry":{"type":"Point","coordinates":[9.0634779,54.0838296]},"properties":{"kind":"substation","voltage":110000,"name":"Meldorf"}},{"type":"Feature","geometry":{"type":"Point","coordinates":[8.9871599,54.6002761]},"properties":{"kind":"substation","voltage":110000,"name":"Breklum"}},{"type":"Feature","geometry":{"type":"Point","coordinates":[9.6744543,54.7553901]},"properties":{"kind":"substation","voltage":110000,"name":null}},{"type":"Feature","geometry":{"type":"Point","coordinates":[8.6546657,54.8093952]},"properties":{"kind":"substation","voltage":110000,"name":"Umspannwerk Toftum"}},{"type":"Feature","geometry":{"type":"Point","coordinates":[10.6665642,53.6226526]},"properties":{"kind":"substation","voltage":110000,"name":"Umspannwerk Mölln West"}},{"type":"Feature","geometry":{"type":"Point","coordinates":[10.2676119,53.7402842]},"properties":{"kind":"substation","voltage":110000,"name":"Umspannwerk Bargteheide"}},{"type":"Feature","geometry":{"type":"Point","coordinates":[8.8608934,54.7924043]},"properties":{"kind":"substation","voltage":110000,"name":"Niebüll"}},{"type":"Feature","geometry":{"type":"Point","coordinates":[10.7394647,54.031159]},"properties":{"kind":"substation","voltage":110000,"name":"Umspannwerk Scharbeutz"}},{"type":"Feature","geometry":{"type":"Point","coordinates":[10.4756624,54.0435494]},"properties":{"kind":"substation","voltage":110000,"name":"Umspannwerk Bahrenkrug"}},{"type":"Feature","geometry":{"type":"Point","coordinates":[9.6545127,54.3167486]},"properties":{"kind":"substation","voltage":110000,"name":"Umspannwerk Rendsburg Nord"}},{"type":"Feature","geometry":{"type":"Point","coordinates":[9.9894706,54.0818552]},"properties":{"kind":"substation","voltage":110000,"name":"Neumünster/Mitte"}},{"type":"Feature","geometry":{"type":"Point","coordinates":[10.4026476,53.8116529]},"properties":{"kind":"substation","voltage":110000,"name":"Umspannwerk Bad Oldesloe"}},{"type":"Feature","geometry":{"type":"Point","coordinates":[10.4835185,53.6855888]},"properties":{"kind":"substation","voltage":110000,"name":"Umspannwerk Sandesneben"}},{"type":"Feature","geometry":{"type":"Point","coordinates":[10.1914297,53.5671354]},"properties":{"kind":"substation","voltage":110000,"name":null}},{"type":"Feature","geometry":{"type":"Point","coordinates":[10.6664376,53.9208828]},"properties":{"kind":"substation","voltage":110000,"name":"Umspannwerk Bad Schwartau West"}},{"type":"Feature","geometry":{"type":"Point","coordinates":[10.8326697,53.9603256]},"properties":{"kind":"substation","voltage":110000,"name":"Schaltanlage Teutendorf"}},{"type":"Feature","geometry":{"type":"Point","coordinates":[9.7578649,54.6347609]},"properties":{"kind":"substation","voltage":110000,"name":"Süderbrarup"}},{"type":"Feature","geometry":{"type":"Point","coordinates":[9.643588,54.6297245]},"properties":{"kind":"substation","voltage":110000,"name":"UW Struxdorf"}},{"type":"Feature","geometry":{"type":"Point","coordinates":[10.5382919,53.3863475]},"properties":{"kind":"substation","voltage":110000,"name":"Lauenburg/Elbe"}},{"type":"Feature","geometry":{"type":"Point","coordinates":[9.038343,54.1796696]},"properties":{"kind":"substation","voltage":110000,"name":"Wöhrden"}},{"type":"Feature","geometry":{"type":"Point","coordinates":[8.6513634,54.3054931]},"properties":{"kind":"substation","voltage":110000,"name":"Umspannwerk St. Peter"}},{"type":"Feature","geometry":{"type":"Point","coordinates":[10.0585929,54.321993]},"properties":{"kind":"substation","voltage":110000,"name":"Umspannwerk Mettenhof"}},{"type":"Feature","geometry":{"type":"Point","coordinates":[10.9328179,54.2890561]},"properties":{"kind":"substation","voltage":110000,"name":"Umspannwerk Göhl Wind"}},{"type":"Feature","geometry":{"type":"Point","coordinates":[10.6229068,53.8712]},"properties":{"kind":"substation","voltage":110000,"name":"Umspannwerk Dornbreite"}},{"type":"Feature","geometry":{"type":"Point","coordinates":[10.6353246,53.7306229]},"properties":{"kind":"substation","voltage":110000,"name":"Umspannwerk Berkenthin"}},{"type":"Feature","geometry":{"type":"Point","coordinates":[10.6537805,53.8390275]},"properties":{"kind":"substation","voltage":110000,"name":"Umrichterwerk Lübeck-Genin"}},{"type":"Feature","geometry":{"type":"Point","coordinates":[10.6540767,53.8390853]},"properties":{"kind":"substation","voltage":110000,"name":null}},{"type":"Feature","geometry":{"type":"Point","coordinates":[9.9643776,53.8397048]},"properties":{"kind":"substation","voltage":110000,"name":"Kaltenkirchen Nord"}},{"type":"Feature","geometry":{"type":"Point","coordinates":[10.8628734,53.9590036]},"properties":{"kind":"substation","voltage":110000,"name":"Umspannwerk Travemünde"}},{"type":"Feature","geometry":{"type":"Point","coordinates":[9.4861942,53.9316186]},"properties":{"kind":"substation","voltage":110000,"name":"Itzehoe-Mitte"}},{"type":"Feature","geometry":{"type":"Point","coordinates":[10.683786,53.8688595]},"properties":{"kind":"substation","voltage":110000,"name":"Umspannwerk Lübeck Zentrum"}},{"type":"Feature","geometry":{"type":"Point","coordinates":[8.9616953,54.6766494]},"properties":{"kind":"substation","voltage":110000,"name":"Langenhorn"}},{"type":"Feature","geometry":{"type":"Point","coordinates":[8.646197,54.8778261]},"properties":{"kind":"substation","voltage":110000,"name":"Umspannwerk Lübke-Koog Ost"}},{"type":"Feature","geometry":{"type":"Point","coordinates":[9.0778816,54.5150479]},"properties":{"kind":"substation","voltage":110000,"name":"Horstedt"}},{"type":"Feature","geometry":{"type":"Point","coordinates":[9.1891977,53.9072951]},"properties":{"kind":"substation","voltage":110000,"name":null}},{"type":"Feature","geometry":{"type":"Point","coordinates":[10.3937568,53.4192212]},"properties":{"kind":"substation","voltage":110000,"name":null}},{"type":"Feature","geometry":{"type":"Point","coordinates":[9.1122091,53.9554426]},"properties":{"kind":"substation","voltage":110000,"name":"Dingen"}},{"type":"Feature","geometry":{"type":"Point","coordinates":[10.2816827,53.511132]},"properties":{"kind":"substation","voltage":110000,"name":null}},{"type":"Feature","geometry":{"type":"Point","coordinates":[10.6630816,53.9093314]},"properties":{"kind":"substation","voltage":110000,"name":null}},{"type":"Feature","geometry":{"type":"Point","coordinates":[9.48868,53.9605665]},"properties":{"kind":"substation","voltage":110000,"name":"Itzehoe/Nord"}},{"type":"Feature","geometry":{"type":"Point","coordinates":[11.1192784,54.4750428]},"properties":{"kind":"substation","voltage":110000,"name":"Bisdorf"}},{"type":"Feature","geometry":{"type":"Point","coordinates":[10.488655,53.5101475]},"properties":{"kind":"substation","voltage":110000,"name":"Umspannwerk Schwarzenbek"}},{"type":"Feature","geometry":{"type":"Point","coordinates":[8.6078966,54.8859816]},"properties":{"kind":"substation","voltage":110000,"name":"Umspannwerk Lübke-Koog West"}},{"type":"Feature","geometry":{"type":"Point","coordinates":[10.5967145,53.8245005]},"properties":{"kind":"substation","voltage":110000,"name":"Umspannwerk Niendorf"}},{"type":"Feature","geometry":{"type":"Point","coordinates":[10.660544,53.8359935]},"properties":{"kind":"substation","voltage":110000,"name":"Umspannwerk Genin Süd"}},{"type":"Feature","geometry":{"type":"Point","coordinates":[9.2458005,54.1505145]},"properties":{"kind":"substation","voltage":110000,"name":"UW Arkebek"}},{"type":"Feature","geometry":{"type":"Point","coordinates":[9.4433276,54.6371344]},"properties":{"kind":"substation","voltage":110000,"name":"Umspannwerk Sieverstedt"}},{"type":"Feature","geometry":{"type":"Point","coordinates":[9.3833961,54.7335171]},"properties":{"kind":"substation","voltage":110000,"name":null}},{"type":"Feature","geometry":{"type":"Point","coordinates":[10.1472262,54.2843026]},"properties":{"kind":"substation","voltage":110000,"name":null}},{"type":"Feature","geometry":{"type":"Point","coordinates":[9.0483354,54.7067402]},"properties":{"kind":"substation","voltage":110000,"name":"Umspannwerk Soholm"}},{"type":"Feature","geometry":{"type":"Point","coordinates":[8.9927459,54.5990616]},"properties":{"kind":"substation","voltage":110000,"name":"Breklum-Ost"}},{"type":"Feature","geometry":{"type":"Point","coordinates":[9.1649091,54.4532829]},"properties":{"kind":"substation","voltage":110000,"name":"Oldersbek"}},{"type":"Feature","geometry":{"type":"Point","coordinates":[9.1464199,54.6338117]},"properties":{"kind":"substation","voltage":110000,"name":"Löwenstedt"}},{"type":"Feature","geometry":{"type":"Point","coordinates":[9.0874449,54.0035977]},"properties":{"kind":"substation","voltage":110000,"name":"Barlt"}},{"type":"Feature","geometry":{"type":"Point","coordinates":[9.1097995,53.9721004]},"properties":{"kind":"substation","voltage":380000,"name":"Umspannwerk Süderdonn"}},{"type":"Feature","geometry":{"type":"Point","coordinates":[9.1161932,54.8444722]},"properties":{"kind":"substation","voltage":110000,"name":"UW Weesby"}},{"type":"Feature","geometry":{"type":"Point","coordinates":[9.1145629,54.8445082]},"properties":{"kind":"substation","voltage":110000,"name":"UW Süderlügum"}},{"type":"Feature","geometry":{"type":"Point","coordinates":[9.2993926,54.7010751]},"properties":{"kind":"substation","voltage":110000,"name":"UW Großenwiehe"}},{"type":"Feature","geometry":{"type":"Point","coordinates":[9.2148391,53.9103479]},"properties":{"kind":"substation","voltage":110000,"name":"Ostermoor/Ost"}},{"type":"Feature","geometry":{"type":"Point","coordinates":[9.7443054,54.7117196]},"properties":{"kind":"substation","voltage":110000,"name":"Schaltanlage Sterup"}},{"type":"Feature","geometry":{"type":"Point","coordinates":[10.3582589,54.1947108]},"properties":{"kind":"substation","voltage":110000,"name":"Trenter Berg"}},{"type":"Feature","geometry":{"type":"Point","coordinates":[9.062893,54.6278592]},"properties":{"kind":"substation","voltage":110000,"name":"Vollstedt"}},{"type":"Feature","geometry":{"type":"Point","coordinates":[9.5419079,53.8494219]},"properties":{"kind":"substation","voltage":110000,"name":"UW Grevenkop"}},{"type":"Feature","geometry":{"type":"Point","coordinates":[8.9337104,53.9748553]},"properties":{"kind":"substation","voltage":110000,"name":"Dieksanderkoog"}},{"type":"Feature","geometry":{"type":"Point","coordinates":[9.2894044,53.9136136]},"properties":{"kind":"substation","voltage":110000,"name":null}},{"type":"Feature","geometry":{"type":"Point","coordinates":[10.5582345,53.7548451]},"properties":{"kind":"substation","voltage":110000,"name":"Umspannwerk Kastorf"}},{"type":"Feature","geometry":{"type":"Point","coordinates":[10.5235877,53.4096368]},"properties":{"kind":"substation","voltage":110000,"name":"Umspannwerk Krüzen"}},{"type":"Feature","geometry":{"type":"Point","coordinates":[9.0778406,54.5110319]},"properties":{"kind":"substation","voltage":110000,"name":"UW Husum Nord"}},{"type":"Feature","geometry":{"type":"Point","coordinates":[8.7454516,54.8137254]},"properties":{"kind":"substation","voltage":110000,"name":"Umspannwerk Emmelsbüll Ost"}},{"type":"Feature","geometry":{"type":"Point","coordinates":[9.0512638,54.1622529]},"properties":{"kind":"substation","voltage":380000,"name":"Umspannwerk Heide-West"}},{"type":"Feature","geometry":{"type":"Point","coordinates":[8.9035553,54.1895756]},"properties":{"kind":"substation","voltage":110000,"name":null}},{"type":"Feature","geometry":{"type":"Point","coordinates":[9.8275669,54.4081705]},"properties":{"kind":"substation","voltage":110000,"name":"UW Haby"}},{"type":"Feature","geometry":{"type":"Point","coordinates":[10.4697327,53.9227064]},"properties":{"kind":"substation","voltage":110000,"name":"Umspannwerk Geschendorf"}},{"type":"Feature","geometry":{"type":"Point","coordinates":[9.4284707,54.5464052]},"properties":{"kind":"substation","voltage":110000,"name":null}},{"type":"Feature","geometry":{"type":"Point","coordinates":[8.9062449,54.614965]},"properties":{"kind":"substation","voltage":110000,"name":"UW Reußenköge"}},{"type":"Feature","geometry":{"type":"Point","coordinates":[8.9397759,54.2592264]},"properties":{"kind":"substation","voltage":110000,"name":"Umspannwerk Strübbel"}},{"type":"Feature","geometry":{"type":"Point","coordinates":[8.8744864,54.7906687]},"properties":{"kind":"substation","voltage":110000,"name":null}},{"type":"Feature","geometry":{"type":"Point","coordinates":[9.4478593,54.3921621]},"properties":{"kind":"substation","voltage":110000,"name":null}},{"type":"Feature","geometry":{"type":"Point","coordinates":[10.8157878,54.1655509]},"properties":{"kind":"substation","voltage":110000,"name":null}},{"type":"Feature","geometry":{"type":"Point","coordinates":[9.5208424,54.0530114]},"properties":{"kind":"substation","voltage":110000,"name":null}},{"type":"Feature","geometry":{"type":"Point","coordinates":[9.9835763,54.5624905]},"properties":{"kind":"substation","voltage":110000,"name":null}},{"type":"Feature","geometry":{"type":"Point","coordinates":[10.9925433,54.3549111]},"properties":{"kind":"substation","voltage":110000,"name":null}},{"type":"Feature","geometry":{"type":"Point","coordinates":[10.1472797,54.3275079]},"properties":{"kind":"substation","voltage":110000,"name":null}},{"type":"Feature","geometry":{"type":"Point","coordinates":[9.6780137,54.2170243]},"properties":{"kind":"substation","voltage":110000,"name":"Pollhorn"}},{"type":"Feature","geometry":{"type":"Point","coordinates":[10.418303,53.4121613]},"properties":{"kind":"substation","voltage":110000,"name":"Umspannwerk Krümmel"}},{"type":"Feature","geometry":{"type":"Point","coordinates":[10.1558439,53.5546934]},"properties":{"kind":"substation","voltage":110000,"name":"Umspannwerk Hamburg/Ost"}},{"type":"Feature","geometry":{"type":"Point","coordinates":[10.6422172,53.9187064]},"properties":{"kind":"substation","voltage":110000,"name":"Umspannwerk Lübeck"}},{"type":"Feature","geometry":{"type":"Point","coordinates":[9.7774329,53.6904704]},"properties":{"kind":"substation","voltage":110000,"name":"Kummerfeld"}},{"type":"Feature","geometry":{"type":"Point","coordinates":[9.9865342,53.7398271]},"properties":{"kind":"substation","voltage":110000,"name":"Hamburg Nord"}},{"type":"Feature","geometry":{"type":"Point","coordinates":[9.9886077,53.7669061]},"properties":{"kind":"substation","voltage":110000,"name":"Hamburg/Nord"}},{"type":"Feature","geometry":{"type":"Point","coordinates":[9.6541096,54.1517452]},"properties":{"kind":"substation","voltage":110000,"name":null}},{"type":"Feature","geometry":{"type":"Point","coordinates":[9.3166763,54.7275374]},"properties":{"kind":"substation","voltage":110000,"name":"Umspannwerk Handewitt"}},{"type":"Feature","geometry":{"type":"Point","coordinates":[9.1959145,54.8508758]},"properties":{"kind":"substation","voltage":110000,"name":"Jardelund"}},{"type":"Feature","geometry":{"type":"Point","coordinates":[9.4507202,53.9668186]},"properties":{"kind":"substation","voltage":110000,"name":"Itzehoe/West"}},{"type":"Feature","geometry":{"type":"Point","coordinates":[9.8999885,53.9123509]},"properties":{"kind":"substation","voltage":110000,"name":null}},{"type":"Feature","geometry":{"type":"Point","coordinates":[10.7608729,53.9096121]},"properties":{"kind":"substation","voltage":380000,"name":"Umspannwerk Siems"}},{"type":"Feature","geometry":{"type":"Point","coordinates":[9.0408072,54.4502287]},"properties":{"kind":"substation","voltage":110000,"name":null}},{"type":"Feature","geometry":{"type":"Point","coordinates":[9.4370536,54.5213577]},"properties":{"kind":"substation","voltage":110000,"name":"Schuby/West"}},{"type":"Feature","geometry":{"type":"Point","coordinates":[10.6651589,53.8733545]},"properties":{"kind":"substation","voltage":110000,"name":"Umspannwerk St. Lorenz Nord"}},{"type":"Feature","geometry":{"type":"Point","coordinates":[10.666941,53.8588024]},"properties":{"kind":"substation","voltage":110000,"name":"Umspannwerl St. Lorenz Süd"}},{"type":"Feature","geometry":{"type":"Point","coordinates":[10.7051609,53.8872183]},"properties":{"kind":"substation","voltage":110000,"name":"Umspannwerk St. Gertrud"}},{"type":"Feature","geometry":{"type":"Point","coordinates":[10.7136375,53.834849]},"properties":{"kind":"substation","voltage":110000,"name":"Umspannwerk Strecknitz"}},{"type":"Feature","geometry":{"type":"Point","coordinates":[9.9799904,53.8497556]},"properties":{"kind":"substation","voltage":110000,"name":"Kaltenkirchen Ost"}},{"type":"Feature","geometry":{"type":"Point","coordinates":[9.233897,54.6761831]},"properties":{"kind":"substation","voltage":110000,"name":null}},{"type":"Feature","geometry":{"type":"Point","coordinates":[9.9113137,53.9085838]},"properties":{"kind":"substation","voltage":110000,"name":null}},{"type":"Feature","geometry":{"type":"Point","coordinates":[10.4026194,53.7628253]},"properties":{"kind":"substation","voltage":110000,"name":"Umspannwerk Barkhorst"}},{"type":"Feature","geometry":{"type":"Point","coordinates":[9.8423242,54.2125484]},"properties":{"kind":"substation","voltage":110000,"name":"Umspannwerk Katenstedt"}},{"type":"Feature","geometry":{"type":"Point","coordinates":[9.9296301,54.1396551]},"properties":{"kind":"substation","voltage":110000,"name":null}},{"type":"Feature","geometry":{"type":"Point","coordinates":[9.9216668,54.1448331]},"properties":{"kind":"substation","voltage":110000,"name":"UW Kamp"}},{"type":"Feature","geometry":{"type":"Point","coordinates":[8.9227944,54.3939694]},"properties":{"kind":"substation","voltage":110000,"name":null}},{"type":"Feature","geometry":{"type":"Point","coordinates":[9.9615452,54.1191299]},"properties":{"kind":"substation","voltage":110000,"name":null}},{"type":"Feature","geometry":{"type":"Point","coordinates":[10.5991396,54.0984751]},"properties":{"kind":"substation","voltage":110000,"name":"Umspannwerk Gothendorf"}},{"type":"Feature","geometry":{"type":"Point","coordinates":[9.4483997,54.6252008]},"properties":{"kind":"substation","voltage":110000,"name":null}},{"type":"Feature","geometry":{"type":"Point","coordinates":[9.4497554,54.616336]},"properties":{"kind":"substation","voltage":110000,"name":null}},{"type":"Feature","geometry":{"type":"Point","coordinates":[9.3072825,54.6434053]},"properties":{"kind":"substation","voltage":110000,"name":null}},{"type":"Feature","geometry":{"type":"Point","coordinates":[9.7161179,54.3019798]},"properties":{"kind":"substation","voltage":110000,"name":"Umspannwerk Schacht"}},{"type":"Feature","geometry":{"type":"Point","coordinates":[9.4416496,54.5244474]},"properties":{"kind":"substation","voltage":110000,"name":null}},{"type":"Feature","geometry":{"type":"Point","coordinates":[9.408155,54.1170828]},"properties":{"kind":"substation","voltage":110000,"name":"Hademarschen"}},{"type":"Feature","geometry":{"type":"Point","coordinates":[10.8826905,54.2516385]},"properties":{"kind":"substation","voltage":110000,"name":null}},{"type":"Feature","geometry":{"type":"Point","coordinates":[9.8903218,54.3621982]},"properties":{"kind":"substation","voltage":110000,"name":"UW Lindau"}},{"type":"Feature","geometry":{"type":"Point","coordinates":[9.6763632,54.2058582]},"properties":{"kind":"substation","voltage":110000,"name":null}},{"type":"Feature","geometry":{"type":"Point","coordinates":[9.4746683,54.5772563]},"properties":{"kind":"substation","voltage":110000,"name":null}},{"type":"Feature","geometry":{"type":"Point","coordinates":[10.1360516,54.0603366]},"properties":{"kind":"substation","voltage":110000,"name":null}},{"type":"Feature","geometry":{"type":"Point","coordinates":[10.4031276,53.7627188]},"properties":{"kind":"substation","voltage":110000,"name":"Umspannwerk Pölitz"}},{"type":"Feature","geometry":{"type":"Point","coordinates":[10.7184531,53.8654142]},"properties":{"kind":"substation","voltage":110000,"name":"Umspannwerk Marli"}},{"type":"Feature","geometry":{"type":"Point","coordinates":[8.8673704,54.7946438]},"properties":{"kind":"substation","voltage":110000,"name":"Umspannwerk Klixbüll-Süd"}},{"type":"Feature","geometry":{"type":"Point","coordinates":[10.2697522,53.6175652]},"properties":{"kind":"substation","voltage":110000,"name":"Umspannwerk Braak"}},{"type":"Feature","geometry":{"type":"Point","coordinates":[10.6368431,53.9210151]},"properties":{"kind":"substation","voltage":110000,"name":"Umspannwerk Lübeck West"}},{"type":"Feature","geometry":{"type":"Point","coordinates":[10.5404079,54.0923346]},"properties":{"kind":"substation","voltage":110000,"name":"Umspannwerk Bosau"}},{"type":"Feature","geometry":{"type":"Point","coordinates":[9.9469185,54.1082782]},"properties":{"kind":"substation","voltage":110000,"name":null}},{"type":"Feature","geometry":{"type":"Point","coordinates":[8.9172885,54.7328441]},"properties":{"kind":"substation","voltage":110000,"name":null}},{"type":"Feature","geometry":{"type":"Point","coordinates":[10.771177,51.5190677]},"properties":{"kind":"substation","voltage":110000,"name":"Nordhausen-Salza"}},{"type":"Feature","geometry":{"type":"Point","coordinates":[11.1087307,50.6591708]},"properties":{"kind":"substation","voltage":110000,"name":"Königsee"}},{"type":"Feature","geometry":{"type":"Point","coordinates":[10.7711724,51.5190645]},"properties":{"kind":"substation","voltage":110000,"name":null}},{"type":"Feature","geometry":{"type":"Point","coordinates":[10.2224689,50.8009681]},"properties":{"kind":"substation","voltage":110000,"name":"Bad Salzungen"}},{"type":"Feature","geometry":{"type":"Point","coordinates":[10.3200177,50.7582091]},"properties":{"kind":"substation","voltage":110000,"name":"Breitungen"}},{"type":"Feature","geometry":{"type":"Point","coordinates":[10.4613934,50.7322848]},"properties":{"kind":"substation","voltage":110000,"name":"Schmalkalden"}},{"type":"Feature","geometry":{"type":"Point","coordinates":[11.5093057,51.0399644]},"properties":{"kind":"substation","voltage":110000,"name":"Apolda"}},{"type":"Feature","geometry":{"type":"Point","coordinates":[11.3437872,50.9910758]},"properties":{"kind":"substation","voltage":110000,"name":"Bahnstrom Unterwerk Weimar"}},{"type":"Feature","geometry":{"type":"Point","coordinates":[12.433433,50.9022646]},"properties":{"kind":"substation","voltage":110000,"name":"Bahnstrom Unterwerk Gößnitz"}},{"type":"Feature","geometry":{"type":"Point","coordinates":[11.376378,50.6450356]},"properties":{"kind":"substation","voltage":110000,"name":"Unterwerk Saalfeld"}},{"type":"Feature","geometry":{"type":"Point","coordinates":[10.3719972,50.9641736]},"properties":{"kind":"substation","voltage":110000,"name":"Unterwerk Eisenach"}},{"type":"Feature","geometry":{"type":"Point","coordinates":[10.204389,50.8127675]},"properties":{"kind":"substation","voltage":110000,"name":"Leimbach"}},{"type":"Feature","geometry":{"type":"Point","coordinates":[12.4124196,51.0623861]},"properties":{"kind":"substation","voltage":110000,"name":"Umspannstation Windpark Waltersdorf"}},{"type":"Feature","geometry":{"type":"Point","coordinates":[10.8941033,50.9083401]},"properties":{"kind":"substation","voltage":110000,"name":"Unterwerk Neudietendorf"}},{"type":"Feature","geometry":{"type":"Point","coordinates":[11.1197853,50.9992218]},"properties":{"kind":"substation","voltage":110000,"name":"Umspannwerk Vieselbach"}},{"type":"Feature","geometry":{"type":"Point","coordinates":[11.143021,50.5204293]},"properties":{"kind":"substation","voltage":110000,"name":"Umspannwerk Neuhaus am Rennweg"}},{"type":"Feature","geometry":{"type":"Point","coordinates":[10.7364133,51.4389073]},"properties":{"kind":"substation","voltage":110000,"name":"Schaltwerk Wolkramshausen Süd"}},{"type":"Feature","geometry":{"type":"Point","coordinates":[10.6272471,51.1106731]},"properties":{"kind":"substation","voltage":110000,"name":"Langensalza"}},{"type":"Feature","geometry":{"type":"Point","coordinates":[10.4768092,51.2265466]},"properties":{"kind":"substation","voltage":110000,"name":"Mühlhausen"}},{"type":"Feature","geometry":{"type":"Point","coordinates":[10.9977286,51.0189132]},"properties":{"kind":"substation","voltage":110000,"name":"Umspannwerk Gispersleben"}},{"type":"Feature","geometry":{"type":"Point","coordinates":[10.9077697,50.4399029]},"properties":{"kind":"substation","voltage":110000,"name":null}},{"type":"Feature","geometry":{"type":"Point","coordinates":[10.6385362,50.3741541]},"properties":{"kind":"substation","voltage":110000,"name":"Simmershausen"}},{"type":"Feature","geometry":{"type":"Point","coordinates":[11.0699406,50.9496198]},"properties":{"kind":"substation","voltage":110000,"name":"Erfurt/Melchendorf"}},{"type":"Feature","geometry":{"type":"Point","coordinates":[10.5459708,50.6841597]},"properties":{"kind":"substation","voltage":110000,"name":"Steinbach-Hallenberg"}},{"type":"Feature","geometry":{"type":"Point","coordinates":[10.6796607,50.6401324]},"properties":{"kind":"substation","voltage":110000,"name":"Suhl Nord"}},{"type":"Feature","geometry":{"type":"Point","coordinates":[11.1293177,50.9836212]},"properties":{"kind":"substation","voltage":110000,"name":"Erfurt/Hochstedt"}},{"type":"Feature","geometry":{"type":"Point","coordinates":[10.83374,51.3851787]},"properties":{"kind":"substation","voltage":110000,"name":"Sondershausen"}},{"type":"Feature","geometry":{"type":"Point","coordinates":[11.0002601,50.9785227]},"properties":{"kind":"substation","voltage":110000,"name":"Kabelendmast Röderweg"}},{"type":"Feature","geometry":{"type":"Point","coordinates":[11.0164615,50.976709]},"properties":{"kind":"substation","voltage":110000,"name":"Umspannwerk Erfurt West"}},{"type":"Feature","geometry":{"type":"Point","coordinates":[10.7268208,51.0812322]},"properties":{"kind":"substation","voltage":110000,"name":"Gräfentonna"}},{"type":"Feature","geometry":{"type":"Point","coordinates":[10.9557402,51.0697838]},"properties":{"kind":"substation","voltage":110000,"name":"Walschleben"}},{"type":"Feature","geometry":{"type":"Point","coordinates":[10.0718127,50.8108974]},"properties":{"kind":"substation","voltage":110000,"name":null}},{"type":"Feature","geometry":{"type":"Point","coordinates":[11.0499523,50.978046]},"properties":{"kind":"substation","voltage":110000,"name":"Erfurt/Iderhoffstraße"}},{"type":"Feature","geometry":{"type":"Point","coordinates":[10.734623,51.4412962]},"properties":{"kind":"substation","voltage":110000,"name":"Wolkramshausen"}},{"type":"Feature","geometry":{"type":"Point","coordinates":[10.7357838,51.4388634]},"properties":{"kind":"substation","voltage":110000,"name":"Umrichterwerk Wolkramshausen"}},{"type":"Feature","geometry":{"type":"Point","coordinates":[10.9599432,50.9702316]},"properties":{"kind":"substation","voltage":110000,"name":"Umspannwerk Erfurt Flughafen"}},{"type":"Feature","geometry":{"type":"Point","coordinates":[10.0955762,50.941998]},"properties":{"kind":"substation","voltage":110000,"name":"Herda"}},{"type":"Feature","geometry":{"type":"Point","coordinates":[10.2758661,50.9845865]},"properties":{"kind":"substation","voltage":110000,"name":null}},{"type":"Feature","geometry":{"type":"Point","coordinates":[10.3883452,50.9298302]},"properties":{"kind":"substation","voltage":110000,"name":"Farnroda"}},{"type":"Feature","geometry":{"type":"Point","coordinates":[10.3348812,50.9796365]},"properties":{"kind":"substation","voltage":110000,"name":"Eisenach/Wehr"}},{"type":"Feature","geometry":{"type":"Point","coordinates":[12.0615493,50.8340424]},"properties":{"kind":"substation","voltage":110000,"name":"Oberröppisch"}},{"type":"Feature","geometry":{"type":"Point","coordinates":[10.7283998,50.9529558]},"properties":{"kind":"substation","voltage":110000,"name":"Gotha Gleichenstraße"}},{"type":"Feature","geometry":{"type":"Point","coordinates":[11.7163793,50.5246201]},"properties":{"kind":"substation","voltage":110000,"name":"Vattenfall Wasserkraft GmbH"}},{"type":"Feature","geometry":{"type":"Point","coordinates":[10.119818,50.6756676]},"properties":{"kind":"substation","voltage":110000,"name":"Zella/Rhön"}},{"type":"Feature","geometry":{"type":"Point","coordinates":[10.7333391,50.8340583]},"properties":{"kind":"substation","voltage":110000,"name":"Ohrdruf"}},{"type":"Feature","geometry":{"type":"Point","coordinates":[10.309234,51.385075]},"properties":{"kind":"substation","voltage":110000,"name":"Leinefelde"}},{"type":"Feature","geometry":{"type":"Point","coordinates":[10.1571968,51.3828207]},"properties":{"kind":"substation","voltage":110000,"name":"Heiligenstadt"}},{"type":"Feature","geometry":{"type":"Point","coordinates":[11.3353169,50.6958013]},"properties":{"kind":"substation","voltage":110000,"name":"Umspannwerk Rudolstadt"}},{"type":"Feature","geometry":{"type":"Point","coordinates":[11.6168708,50.6959717]},"properties":{"kind":"substation","voltage":110000,"name":"Pößneck"}},{"type":"Feature","geometry":{"type":"Point","coordinates":[11.620937,50.4924038]},"properties":{"kind":"substation","voltage":110000,"name":"Friesau"}},{"type":"Feature","geometry":{"type":"Point","coordinates":[11.792866,50.5734485]},"properties":{"kind":"substation","voltage":110000,"name":"Umspannwerk Schleiz"}},{"type":"Feature","geometry":{"type":"Point","coordinates":[11.763352,50.4393395]},"properties":{"kind":"substation","voltage":110000,"name":null}},{"type":"Feature","geometry":{"type":"Point","coordinates":[11.697372,50.4053402]},"properties":{"kind":"substation","voltage":110000,"name":"Umspannwerk Blankenstein"}},{"type":"Feature","geometry":{"type":"Point","coordinates":[11.920059,50.7021023]},"properties":{"kind":"substation","voltage":110000,"name":"Umspannwerk Auma"}},{"type":"Feature","geometry":{"type":"Point","coordinates":[11.2306044,50.5305519]},"properties":{"kind":"substation","voltage":110000,"name":"Umspannwerk Taubenbach"}},{"type":"Feature","geometry":{"type":"Point","coordinates":[10.8057244,51.4811295]},"properties":{"kind":"substation","voltage":110000,"name":"Nordhausen"}},{"type":"Feature","geometry":{"type":"Point","coordinates":[11.321,50.6812674]},"properties":{"kind":"substation","voltage":110000,"name":"Schwarza"}},{"type":"Feature","geometry":{"type":"Point","coordinates":[11.5999982,50.886688]},"properties":{"kind":"substation","voltage":110000,"name":"Umspannwerk Jena-Göschwitz"}},{"type":"Feature","geometry":{"type":"Point","coordinates":[12.0752869,50.8784098]},"properties":{"kind":"substation","voltage":110000,"name":"Gera/Mitte"}},{"type":"Feature","geometry":{"type":"Point","coordinates":[11.8514672,50.8893641]},"properties":{"kind":"substation","voltage":110000,"name":"Umspannwerk Hermsdorf"}},{"type":"Feature","geometry":{"type":"Point","coordinates":[11.199463,50.3501952]},"properties":{"kind":"substation","voltage":110000,"name":"Köppelsdorf"}},{"type":"Feature","geometry":{"type":"Point","coordinates":[10.6334873,50.6056277]},"properties":{"kind":"substation","voltage":110000,"name":"Suhl/West"}},{"type":"Feature","geometry":{"type":"Point","coordinates":[10.1145236,50.8192802]},"properties":{"kind":"substation","voltage":110000,"name":null}},{"type":"Feature","geometry":{"type":"Point","coordinates":[9.9793991,50.8093162]},"properties":{"kind":"substation","voltage":110000,"name":null}},{"type":"Feature","geometry":{"type":"Point","coordinates":[11.9916998,50.6613359]},"properties":{"kind":"substation","voltage":110000,"name":"Umspannwerk Zeulenroda"}},{"type":"Feature","geometry":{"type":"Point","coordinates":[11.1190267,51.1725055]},"properties":{"kind":"substation","voltage":110000,"name":"Sömmerda"}},{"type":"Feature","geometry":{"type":"Point","coordinates":[10.9495148,51.2168439]},"properties":{"kind":"substation","voltage":110000,"name":"Greußen"}},{"type":"Feature","geometry":{"type":"Point","coordinates":[11.3312033,50.9999578]},"properties":{"kind":"substation","voltage":110000,"name":"Weimar Nord"}},{"type":"Feature","geometry":{"type":"Point","coordinates":[11.0115766,50.5218804]},"properties":{"kind":"substation","voltage":110000,"name":"Umspannwerk Katzhütte"}},{"type":"Feature","geometry":{"type":"Point","coordinates":[11.655352,51.1062177]},"properties":{"kind":"substation","voltage":110000,"name":"Unterwerk Großheringen"}},{"type":"Feature","geometry":{"type":"Point","coordinates":[10.3854883,51.0013198]},"properties":{"kind":"substation","voltage":110000,"name":"Umspannwerk Eisenach"}},{"type":"Feature","geometry":{"type":"Point","coordinates":[11.9030019,50.9846527]},"properties":{"kind":"substation","voltage":110000,"name":"Eisenberg"}},{"type":"Feature","geometry":{"type":"Point","coordinates":[11.4210103,51.1191324]},"properties":{"kind":"substation","voltage":110000,"name":"Buttstädt"}},{"type":"Feature","geometry":{"type":"Point","coordinates":[10.4274834,50.5938493]},"properties":{"kind":"substation","voltage":110000,"name":"Meiningen"}},{"type":"Feature","geometry":{"type":"Point","coordinates":[10.4694405,50.5313051]},"properties":{"kind":"substation","voltage":110000,"name":"Grimmenthal"}},{"type":"Feature","geometry":{"type":"Point","coordinates":[10.4306076,51.4893318]},"properties":{"kind":"substation","voltage":110000,"name":null}},{"type":"Feature","geometry":{"type":"Point","coordinates":[12.0431715,50.9162318]},"properties":{"kind":"substation","voltage":110000,"name":"Gera/Langenberg"}},{"type":"Feature","geometry":{"type":"Point","coordinates":[11.3790651,50.6442662]},"properties":{"kind":"substation","voltage":110000,"name":"Saalfeld"}},{"type":"Feature","geometry":{"type":"Point","coordinates":[11.488993,50.6142859]},"properties":{"kind":"substation","voltage":110000,"name":null}},{"type":"Feature","geometry":{"type":"Point","coordinates":[11.136516,50.3662407]},"properties":{"kind":"substation","voltage":110000,"name":"Mürschnitz"}},{"type":"Feature","geometry":{"type":"Point","coordinates":[10.9697093,50.8437009]},"properties":{"kind":"substation","voltage":110000,"name":"Arnstadt"}},{"type":"Feature","geometry":{"type":"Point","coordinates":[12.186437,50.6231741]},"properties":{"kind":"substation","voltage":110000,"name":null}},{"type":"Feature","geometry":{"type":"Point","coordinates":[12.1578429,50.7388499]},"properties":{"kind":"substation","voltage":110000,"name":"Berga/Elster"}},{"type":"Feature","geometry":{"type":"Point","coordinates":[11.8099962,50.9630042]},"properties":{"kind":"substation","voltage":110000,"name":null}},{"type":"Feature","geometry":{"type":"Point","coordinates":[10.9411605,50.6911734]},"properties":{"kind":"substation","voltage":110000,"name":"Umspannwerk Ilmenau"}},{"type":"Feature","geometry":{"type":"Point","coordinates":[11.1239246,51.1075389]},"properties":{"kind":"substation","voltage":110000,"name":"Schloßvippach"}},{"type":"Feature","geometry":{"type":"Point","coordinates":[11.2038151,51.1874476]},"properties":{"kind":"substation","voltage":110000,"name":null}},{"type":"Feature","geometry":{"type":"Point","coordinates":[10.9902913,51.187259]},"properties":{"kind":"substation","voltage":110000,"name":"Schilfa"}},{"type":"Feature","geometry":{"type":"Point","coordinates":[10.6206391,51.4564163]},"properties":{"kind":"substation","voltage":110000,"name":null}},{"type":"Feature","geometry":{"type":"Point","coordinates":[10.5536566,51.3116553]},"properties":{"kind":"substation","voltage":110000,"name":"Menteroda"}},{"type":"Feature","geometry":{"type":"Point","coordinates":[10.47719,51.3673844]},"properties":{"kind":"substation","voltage":110000,"name":null}},{"type":"Feature","geometry":{"type":"Point","coordinates":[11.3136575,51.3593156]},"properties":{"kind":"substation","voltage":110000,"name":"Umspannwerk Artern"}},{"type":"Feature","geometry":{"type":"Point","coordinates":[10.614255,50.8012899]},"properties":{"kind":"substation","voltage":110000,"name":"Tambach-Dietharz"}},{"type":"Feature","geometry":{"type":"Point","coordinates":[10.925719,50.8872329]},"properties":{"kind":"substation","voltage":110000,"name":"Thörey"}},{"type":"Feature","geometry":{"type":"Point","coordinates":[10.750225,50.4307197]},"properties":{"kind":"substation","voltage":110000,"name":"Hildburghausen"}},{"type":"Feature","geometry":{"type":"Point","coordinates":[11.3562515,50.9666177]},"properties":{"kind":"substation","voltage":110000,"name":"Weimar/Süd"}},{"type":"Feature","geometry":{"type":"Point","coordinates":[12.4538976,50.9880084]},"properties":{"kind":"substation","voltage":110000,"name":"Umspannwerk Altenburg"}},{"type":"Feature","geometry":{"type":"Point","coordinates":[11.5705291,50.8019102]},"properties":{"kind":"substation","voltage":110000,"name":"Kahla"}},{"type":"Feature","geometry":{"type":"Point","coordinates":[10.4478835,51.4149217]},"properties":{"kind":"substation","voltage":110000,"name":"Bernterode"}},{"type":"Feature","geometry":{"type":"Point","coordinates":[10.5615474,50.9120863]},"properties":{"kind":"substation","voltage":110000,"name":null}},{"type":"Feature","geometry":{"type":"Point","coordinates":[10.5696165,50.9098712]},"properties":{"kind":"substation","voltage":110000,"name":"Waltershausen"}},{"type":"Feature","geometry":{"type":"Point","coordinates":[11.5794045,50.8947387]},"properties":{"kind":"substation","voltage":110000,"name":null}},{"type":"Feature","geometry":{"type":"Point","coordinates":[11.58509,50.8941179]},"properties":{"kind":"substation","voltage":110000,"name":null}},{"type":"Feature","geometry":{"type":"Point","coordinates":[11.6466757,51.0075525]},"properties":{"kind":"substation","voltage":110000,"name":"Dornburg"}},{"type":"Feature","geometry":{"type":"Point","coordinates":[11.35456,50.8613674]},"properties":{"kind":"substation","voltage":110000,"name":null}},{"type":"Feature","geometry":{"type":"Point","coordinates":[10.2911187,50.9793736]},"properties":{"kind":"substation","voltage":110000,"name":"Eisenach/West"}},{"type":"Feature","geometry":{"type":"Point","coordinates":[10.763631,50.5218864]},"properties":{"kind":"substation","voltage":110000,"name":"Umspannwerk Schleusingen"}},{"type":"Feature","geometry":{"type":"Point","coordinates":[11.2495094,50.3002645]},"properties":{"kind":"substation","voltage":110000,"name":"Neuhaus-Schierschnitz"}},{"type":"Feature","geometry":{"type":"Point","coordinates":[10.7119732,50.9289739]},"properties":{"kind":"substation","voltage":110000,"name":"Gotha"}},{"type":"Feature","geometry":{"type":"Point","coordinates":[11.3353413,50.6831399]},"properties":{"kind":"substation","voltage":110000,"name":"Schwarza Papierfabrik"}},{"type":"Feature","geometry":{"type":"Point","coordinates":[12.4326332,50.8759028]},"properties":{"kind":"substation","voltage":110000,"name":"Umspannwerk Gößnitz"}},{"type":"Feature","geometry":{"type":"Point","coordinates":[11.7152411,50.5247097]},"properties":{"kind":"substation","voltage":110000,"name":null}},{"type":"Feature","geometry":{"type":"Point","coordinates":[10.7429625,51.2801441]},"properties":{"kind":"substation","voltage":110000,"name":"Ebeleben"}},{"type":"Feature","geometry":{"type":"Point","coordinates":[11.6032629,50.9434505]},"properties":{"kind":"substation","voltage":110000,"name":"Jena Nord"}},{"type":"Feature","geometry":{"type":"Point","coordinates":[10.9909397,50.6667847]},"properties":{"kind":"substation","voltage":110000,"name":"Schaltknoten Langewiesen"}},{"type":"Feature","geometry":{"type":"Point","coordinates":[11.0733345,50.7789395]},"properties":{"kind":"substation","voltage":110000,"name":"Stadtilm"}},{"type":"Feature","geometry":{"type":"Point","coordinates":[10.9913057,50.8728651]},"properties":{"kind":"substation","voltage":110000,"name":"Unterwerk Eischleben"}},{"type":"Feature","geometry":{"type":"Point","coordinates":[11.19215,51.0551125]},"properties":{"kind":"substation","voltage":110000,"name":"Unterwerk Bachstedt"}},{"type":"Feature","geometry":{"type":"Point","coordinates":[11.2021018,51.300607]},"properties":{"kind":"substation","voltage":110000,"name":"Umspannwerk Heldrungen"}},{"type":"Feature","geometry":{"type":"Point","coordinates":[12.3154822,51.0740734]},"properties":{"kind":"substation","voltage":110000,"name":"Umspannwerk Meuselwitz"}},{"type":"Feature","geometry":{"type":"Point","coordinates":[10.3849686,51.2966436]},"properties":{"kind":"substation","voltage":110000,"name":"Breitenbich"}},{"type":"Feature","geometry":{"type":"Point","coordinates":[11.5151394,50.9006649]},"properties":{"kind":"substation","voltage":110000,"name":"Coppanz"}},{"type":"Feature","geometry":{"type":"Point","coordinates":[10.9982228,50.688035]},"properties":{"kind":"substation","voltage":110000,"name":"Unterwerk Wolfsberg"}},{"type":"Feature","geometry":{"type":"Point","coordinates":[10.3351125,50.979611]},"properties":{"kind":"substation","voltage":110000,"name":null}},{"type":"Feature","geometry":{"type":"Point","coordinates":[12.1929712,50.9263931]},"properties":{"kind":"substation","voltage":110000,"name":"Bethenhausen"}},{"type":"Feature","geometry":{"type":"Point","coordinates":[12.0788658,50.8545644]},"properties":{"kind":"substation","voltage":110000,"name":"Gera/Süd"}},{"type":"Feature","geometry":{"type":"Point","coordinates":[11.0373028,50.3822445]},"properties":{"kind":"substation","voltage":110000,"name":"Unterwerk Roth"}},{"type":"Feature","geometry":{"type":"Point","coordinates":[10.8364642,51.2377142]},"properties":{"kind":"substation","voltage":110000,"name":"Großenehrich Wind"}},{"type":"Feature","geometry":{"type":"Point","coordinates":[12.2183445,50.8748249]},"properties":{"kind":"substation","voltage":110000,"name":"Beerwalde"}},{"type":"Feature","geometry":{"type":"Point","coordinates":[10.4978512,50.9693161]},"properties":{"kind":"substation","voltage":110000,"name":"Ebenheim"}},{"type":"Feature","geometry":{"type":"Point","coordinates":[12.0616251,50.9048114]},"properties":{"kind":"substation","voltage":110000,"name":"Gera/Nord"}},{"type":"Feature","geometry":{"type":"Point","coordinates":[11.1224525,51.1078455]},"properties":{"kind":"substation","voltage":110000,"name":"Schloßvippach West"}},{"type":"Feature","geometry":{"type":"Point","coordinates":[11.6231193,51.0109176]},"properties":{"kind":"substation","voltage":110000,"name":null}},{"type":"Feature","geometry":{"type":"Point","coordinates":[11.4357653,50.6540265]},"properties":{"kind":"substation","voltage":110000,"name":null}},{"type":"Feature","geometry":{"type":"Point","coordinates":[10.7157632,50.5895245]},"properties":{"kind":"substation","voltage":110000,"name":"Umspannwerk Suhl Friedberg"}},{"type":"Feature","geometry":{"type":"Point","coordinates":[12.0437515,50.7814842]},"properties":{"kind":"substation","voltage":110000,"name":"Umspannwerk Weida"}},{"type":"Feature","geometry":{"type":"Point","coordinates":[10.5267863,51.2003983]},"properties":{"kind":"substation","voltage":110000,"name":null}},{"type":"Feature","geometry":{"type":"Point","coordinates":[11.4700654,50.9306857]},"properties":{"kind":"substation","voltage":110000,"name":"Großschwabhausen"}},{"type":"Feature","geometry":{"type":"Point","coordinates":[10.9889175,50.5739717]},"properties":{"kind":"substation","voltage":110000,"name":"Umspannwerk Altenfeld"}},{"type":"Feature","geometry":{"type":"Point","coordinates":[12.2927139,50.9993744]},"properties":{"kind":"substation","voltage":110000,"name":"Umspannstation Pöhla"}},{"type":"Feature","geometry":{"type":"Point","coordinates":[11.6476709,50.5350083]},"properties":{"kind":"substation","voltage":110000,"name":"Umspannwerk Remptendorf"}},{"type":"Feature","geometry":{"type":"Point","coordinates":[11.5135837,50.9009495]},"properties":{"kind":"substation","voltage":110000,"name":null}},{"type":"Feature","geometry":{"type":"Point","coordinates":[10.3864142,51.0005372]},"properties":{"kind":"substation","voltage":110000,"name":null}},{"type":"Feature","geometry":{"type":"Point","coordinates":[12.0788821,50.8548101]},"properties":{"kind":"substation","voltage":110000,"name":"Gera/Süd"}},{"type":"Feature","geometry":{"type":"Point","coordinates":[11.89854,50.9839562]},"properties":{"kind":"substation","voltage":110000,"name":null}},{"type":"Feature","geometry":{"type":"Point","coordinates":[11.9025531,50.6708655]},"properties":{"kind":"substation","voltage":110000,"name":null}}]}